customer_id,customer_value_eur,customer_value_segment
C00001,1030.04,Low Value
C00002,779.06,Low Value
C00003,1140.86,Medium Value
C00004,1296.45,Medium Value
C00005,1067.11,Medium Value
C00006,780.89,Low Value
C00007,1201.24,Medium Value
C00008,1360.02,High Value
C00009,1016.63,Low Value
C00010,967.17,Low Value
C00011,1401.53,High Value
C00012,838.18,Low Value
C00013,802.11,Low Value
C00014,844.86,Low Value
C00015,836.65,Low Value
C00016,1297.83,Medium Value
C00017,903.0,Low Value
C00018,931.13,Low Value
C00019,1405.92,High Value
C00020,1045.92,Medium Value
C00021,857.63,Low Value
C00022,1373.05,High Value
C00023,1063.12,Medium Value
C00024,1006.18,Low Value
C00025,1047.06,Medium Value
C00026,852.24,Low Value
C00027,747.3,Low Value
C00028,855.79,Low Value
C00029,918.51,Low Value
C00030,891.81,Low Value
C00031,1358.65,Medium Value
C00032,887.88,Low Value
C00033,875.84,Low Value
C00034,1379.08,High Value
C00035,788.55,Low Value
C00036,1231.17,Medium Value
C00037,1108.77,Medium Value
C00038,1569.47,High Value
C00039,1246.14,Medium Value
C00040,699.33,Low Value
C00041,1448.72,High Value
C00042,1264.33,Medium Value
C00043,836.39,Low Value
C00044,835.39,Low Value
C00045,1018.91,Low Value
C00046,1193.31,Medium Value
C00047,881.65,Low Value
C00048,907.06,Low Value
C00049,1426.43,High Value
C00050,550.58,Low Value
C00051,1119.14,Medium Value
C00052,814.84,Low Value
C00053,1329.69,Medium Value
C00054,1116.44,Medium Value
C00055,1230.49,Medium Value
C00056,773.92,Low Value
C00057,1141.83,Medium Value
C00058,1376.56,High Value
C00059,909.84,Low Value
C00060,778.65,Low Value
C00061,1423.92,High Value
C00062,1020.97,Low Value
C00063,1075.58,Medium Value
C00064,939.33,Low Value
C00065,891.92,Low Value
C00066,1131.68,Medium Value
C00067,793.23,Low Value
C00068,1595.76,High Value
C00069,1374.35,High Value
C00070,1487.79,High Value
C00071,894.12,Low Value
C00072,741.8,Low Value
C00073,1079.04,Medium Value
C00074,816.92,Low Value
C00075,828.87,Low Value
C00076,1650.49,High Value
C00077,988.02,Low Value
C00078,922.6,Low Value
C00079,1335.23,Medium Value
C00080,1393.53,High Value
C00081,825.8,Low Value
C00082,929.92,Low Value
C00083,942.93,Low Value
C00084,1091.17,Medium Value
C00085,844.22,Low Value
C00086,804.98,Low Value
C00087,1338.85,Medium Value
C00088,1012.45,Low Value
C00089,1364.09,High Value
C00090,575.86,Low Value
C00091,1077.73,Medium Value
C00092,1439.66,High Value
C00093,371.42,Low Value
C00094,1119.44,Medium Value
C00095,836.68,Low Value
C00096,1191.68,Medium Value
C00097,760.46,Low Value
C00098,1073.83,Medium Value
C00099,1021.33,Low Value
C00100,1010.75,Low Value
C00101,886.31,Low Value
C00102,893.45,Low Value
C00103,1096.46,Medium Value
C00104,1123.53,Medium Value
C00105,866.06,Low Value
C00106,1054.41,Medium Value
C00107,696.36,Low Value
C00108,772.05,Low Value
C00109,1452.97,High Value
C00110,784.27,Low Value
C00111,817.43,Low Value
C00112,884.44,Low Value
C00113,1127.31,Medium Value
C00114,1369.77,High Value
C00115,905.76,Low Value
C00116,1023.68,Low Value
C00117,1029.17,Low Value
C00118,1015.27,Low Value
C00119,845.88,Low Value
C00120,968.13,Low Value
C00121,1125.5,Medium Value
C00122,1419.4,High Value
C00123,1442.46,High Value
C00124,954.69,Low Value
C00125,933.69,Low Value
C00126,932.23,Low Value
C00127,948.21,Low Value
C00128,969.28,Low Value
C00129,773.92,Low Value
C00130,1325.67,Medium Value
C00131,1586.42,High Value
C00132,1270.27,Medium Value
C00133,1197.44,Medium Value
C00134,843.21,Low Value
C00135,995.87,Low Value
C00136,817.45,Low Value
C00137,892.29,Low Value
C00138,947.19,Low Value
C00139,894.14,Low Value
C00140,867.9,Low Value
C00141,984.18,Low Value
C00142,1136.39,Medium Value
C00143,1072.91,Medium Value
C00144,1302.24,Medium Value
C00145,1123.37,Medium Value
C00146,855.59,Low Value
C00147,947.52,Low Value
C00148,760.86,Low Value
C00149,1124.18,Medium Value
C00150,729.3,Low Value
C00151,388.51,Low Value
C00152,1209.73,Medium Value
C00153,865.24,Low Value
C00154,1255.86,Medium Value
C00155,868.81,Low Value
C00156,1736.24,Very High Value
C00157,936.61,Low Value
C00158,763.87,Low Value
C00159,926.33,Low Value
C00160,1275.18,Medium Value
C00161,807.8,Low Value
C00162,1213.28,Medium Value
C00163,825.47,Low Value
C00164,1337.63,Medium Value
C00165,953.33,Low Value
C00166,864.05,Low Value
C00167,1053.15,Medium Value
C00168,1221.69,Medium Value
C00169,932.27,Low Value
C00170,1111.44,Medium Value
C00171,1479.47,High Value
C00172,1712.11,Very High Value
C00173,1176.07,Medium Value
C00174,823.71,Low Value
C00175,1219.18,Medium Value
C00176,1698.36,Very High Value
C00177,1322.93,Medium Value
C00178,956.63,Low Value
C00179,942.3,Low Value
C00180,881.12,Low Value
C00181,1629.84,High Value
C00182,1137.94,Medium Value
C00183,862.64,Low Value
C00184,1489.89,High Value
C00185,1411.86,High Value
C00186,758.97,Low Value
C00187,1161.87,Medium Value
C00188,1275.39,Medium Value
C00189,1003.25,Low Value
C00190,1032.47,Low Value
C00191,827.79,Low Value
C00192,920.26,Low Value
C00193,1252.37,Medium Value
C00194,1270.3,Medium Value
C00195,894.37,Low Value
C00196,1140.82,Medium Value
C00197,915.0,Low Value
C00198,414.29,Low Value
C00199,833.88,Low Value
C00200,861.45,Low Value
C00201,1222.34,Medium Value
C00202,1051.61,Medium Value
C00203,1298.4,Medium Value
C00204,1022.11,Low Value
C00205,1031.64,Low Value
C00206,777.86,Low Value
C00207,387.39,Low Value
C00208,945.62,Low Value
C00209,1212.19,Medium Value
C00210,780.56,Low Value
C00211,1100.37,Medium Value
C00212,1367.36,High Value
C00213,1184.12,Medium Value
C00214,1054.98,Medium Value
C00215,1323.42,Medium Value
C00216,956.75,Low Value
C00217,1232.08,Medium Value
C00218,975.25,Low Value
C00219,1264.93,Medium Value
C00220,608.38,Low Value
C00221,1373.18,High Value
C00222,833.41,Low Value
C00223,1489.88,High Value
C00224,923.09,Low Value
C00225,1245.46,Medium Value
C00226,861.55,Low Value
C00227,1218.64,Medium Value
C00228,743.44,Low Value
C00229,1298.69,Medium Value
C00230,824.43,Low Value
C00231,1185.31,Medium Value
C00232,1225.27,Medium Value
C00233,819.4,Low Value
C00234,985.12,Low Value
C00235,1178.61,Medium Value
C00236,998.19,Low Value
C00237,1551.13,High Value
C00238,739.03,Low Value
C00239,809.35,Low Value
C00240,1266.01,Medium Value
C00241,816.85,Low Value
C00242,1020.95,Low Value
C00243,835.75,Low Value
C00244,1283.56,Medium Value
C00245,957.32,Low Value
C00246,1240.92,Medium Value
C00247,1400.83,High Value
C00248,1180.48,Medium Value
C00249,865.0,Low Value
C00250,1067.43,Medium Value
C00251,1281.49,Medium Value
C00252,1476.28,High Value
C00253,847.81,Low Value
C00254,1012.44,Low Value
C00255,1075.93,Medium Value
C00256,1452.93,High Value
C00257,1228.71,Medium Value
C00258,1166.15,Medium Value
C00259,1389.79,High Value
C00260,1283.52,Medium Value
C00261,849.42,Low Value
C00262,974.76,Low Value
C00263,875.28,Low Value
C00264,690.04,Low Value
C00265,953.76,Low Value
C00266,1050.98,Medium Value
C00267,831.04,Low Value
C00268,1464.06,High Value
C00269,1074.84,Medium Value
C00270,1156.13,Medium Value
C00271,1083.01,Medium Value
C00272,1177.87,Medium Value
C00273,1338.06,Medium Value
C00274,1086.96,Medium Value
C00275,839.5,Low Value
C00276,858.37,Low Value
C00277,1348.84,Medium Value
C00278,1237.78,Medium Value
C00279,1189.35,Medium Value
C00280,1249.96,Medium Value
C00281,1248.64,Medium Value
C00282,1213.31,Medium Value
C00283,1089.09,Medium Value
C00284,1056.68,Medium Value
C00285,994.11,Low Value
C00286,1600.21,High Value
C00287,362.98,Low Value
C00288,1422.41,High Value
C00289,1315.93,Medium Value
C00290,1614.39,High Value
C00291,1029.41,Low Value
C00292,929.83,Low Value
C00293,680.5,Low Value
C00294,803.38,Low Value
C00295,1119.71,Medium Value
C00296,1103.48,Medium Value
C00297,1446.81,High Value
C00298,863.39,Low Value
C00299,766.99,Low Value
C00300,1105.63,Medium Value
C00301,834.19,Low Value
C00302,1186.74,Medium Value
C00303,1507.96,High Value
C00304,785.61,Low Value
C00305,842.74,Low Value
C00306,373.74,Low Value
C00307,882.04,Low Value
C00308,974.49,Low Value
C00309,1051.96,Medium Value
C00310,1113.17,Medium Value
C00311,677.98,Low Value
C00312,1004.37,Low Value
C00313,816.56,Low Value
C00314,380.45,Low Value
C00315,838.1,Low Value
C00316,905.45,Low Value
C00317,1303.84,Medium Value
C00318,1389.5,High Value
C00319,947.25,Low Value
C00320,873.5,Low Value
C00321,893.76,Low Value
C00322,1032.42,Low Value
C00323,1116.11,Medium Value
C00324,894.14,Low Value
C00325,890.04,Low Value
C00326,552.07,Low Value
C00327,933.09,Low Value
C00328,1262.21,Medium Value
C00329,820.52,Low Value
C00330,842.92,Low Value
C00331,872.36,Low Value
C00332,615.27,Low Value
C00333,1036.71,Medium Value
C00334,1409.02,High Value
C00335,1014.87,Low Value
C00336,1347.64,Medium Value
C00337,965.64,Low Value
C00338,1517.63,High Value
C00339,1132.46,Medium Value
C00340,774.76,Low Value
C00341,1280.33,Medium Value
C00342,1033.94,Low Value
C00343,892.64,Low Value
C00344,1168.97,Medium Value
C00345,759.18,Low Value
C00346,949.47,Low Value
C00347,1328.3,Medium Value
C00348,1391.26,High Value
C00349,1467.43,High Value
C00350,1111.63,Medium Value
C00351,945.94,Low Value
C00352,770.36,Low Value
C00353,1202.22,Medium Value
C00354,864.73,Low Value
C00355,1499.42,High Value
C00356,1365.94,High Value
C00357,1028.13,Low Value
C00358,816.45,Low Value
C00359,1182.73,Medium Value
C00360,878.05,Low Value
C00361,853.95,Low Value
C00362,1538.3,High Value
C00363,1187.98,Medium Value
C00364,1545.55,High Value
C00365,894.02,Low Value
C00366,835.28,Low Value
C00367,1293.58,Medium Value
C00368,1064.48,Medium Value
C00369,1685.24,High Value
C00370,844.95,Low Value
C00371,891.29,Low Value
C00372,1399.42,High Value
C00373,728.07,Low Value
C00374,869.87,Low Value
C00375,1149.0,Medium Value
C00376,852.23,Low Value
C00377,1210.69,Medium Value
C00378,1443.54,High Value
C00379,765.68,Low Value
C00380,966.62,Low Value
C00381,801.73,Low Value
C00382,876.91,Low Value
C00383,1374.89,High Value
C00384,1084.41,Medium Value
C00385,961.27,Low Value
C00386,983.19,Low Value
C00387,849.53,Low Value
C00388,828.22,Low Value
C00389,1243.86,Medium Value
C00390,816.73,Low Value
C00391,1527.28,High Value
C00392,856.93,Low Value
C00393,749.22,Low Value
C00394,1058.22,Medium Value
C00395,845.08,Low Value
C00396,774.52,Low Value
C00397,1401.07,High Value
C00398,862.65,Low Value
C00399,1037.28,Medium Value
C00400,1004.79,Low Value
C00401,939.03,Low Value
C00402,1114.37,Medium Value
C00403,1134.9,Medium Value
C00404,769.13,Low Value
C00405,1127.44,Medium Value
C00406,1702.72,Very High Value
C00407,949.43,Low Value
C00408,1148.46,Medium Value
C00409,1162.37,Medium Value
C00410,928.96,Low Value
C00411,1198.59,Medium Value
C00412,1013.73,Low Value
C00413,1000.1,Low Value
C00414,668.35,Low Value
C00415,1372.88,High Value
C00416,962.97,Low Value
C00417,1897.93,Very High Value
C00418,1363.84,High Value
C00419,947.01,Low Value
C00420,1202.96,Medium Value
C00421,1132.45,Medium Value
C00422,932.98,Low Value
C00423,1585.54,High Value
C00424,823.59,Low Value
C00425,843.34,Low Value
C00426,1403.64,High Value
C00427,1392.53,High Value
C00428,1719.74,Very High Value
C00429,1346.33,Medium Value
C00430,1047.4,Medium Value
C00431,852.63,Low Value
C00432,1530.31,High Value
C00433,1386.9,High Value
C00434,1223.33,Medium Value
C00435,1108.75,Medium Value
C00436,1119.78,Medium Value
C00437,1227.9,Medium Value
C00438,1615.29,High Value
C00439,1107.0,Medium Value
C00440,831.82,Low Value
C00441,1598.94,High Value
C00442,1316.03,Medium Value
C00443,1144.19,Medium Value
C00444,1234.81,Medium Value
C00445,1017.22,Low Value
C00446,914.36,Low Value
C00447,1482.9,High Value
C00448,788.16,Low Value
C00449,1233.12,Medium Value
C00450,946.95,Low Value
C00451,458.36,Low Value
C00452,827.34,Low Value
C00453,962.31,Low Value
C00454,903.69,Low Value
C00455,1394.73,High Value
C00456,986.7,Low Value
C00457,1180.71,Medium Value
C00458,1040.89,Medium Value
C00459,769.05,Low Value
C00460,1473.88,High Value
C00461,794.17,Low Value
C00462,1643.05,High Value
C00463,778.71,Low Value
C00464,1331.89,Medium Value
C00465,1063.15,Medium Value
C00466,983.72,Low Value
C00467,1083.88,Medium Value
C00468,1130.18,Medium Value
C00469,812.26,Low Value
C00470,1430.72,High Value
C00471,1295.93,Medium Value
C00472,1484.74,High Value
C00473,1073.56,Medium Value
C00474,882.87,Low Value
C00475,1465.28,High Value
C00476,842.51,Low Value
C00477,811.58,Low Value
C00478,1059.37,Medium Value
C00479,1292.37,Medium Value
C00480,945.99,Low Value
C00481,1198.33,Medium Value
C00482,916.36,Low Value
C00483,949.84,Low Value
C00484,840.56,Low Value
C00485,1035.4,Low Value
C00486,779.52,Low Value
C00487,803.44,Low Value
C00488,1277.92,Medium Value
C00489,1116.11,Medium Value
C00490,1088.28,Medium Value
C00491,938.89,Low Value
C00492,1088.89,Medium Value
C00493,947.04,Low Value
C00494,1385.53,High Value
C00495,820.04,Low Value
C00496,945.62,Low Value
C00497,1078.66,Medium Value
C00498,1417.74,High Value
C00499,1330.59,Medium Value
C00500,1053.97,Medium Value
C00501,1162.14,Medium Value
C00502,899.62,Low Value
C00503,1006.09,Low Value
C00504,1130.48,Medium Value
C00505,1371.3,High Value
C00506,1377.34,High Value
C00507,609.26,Low Value
C00508,1030.87,Low Value
C00509,1310.82,Medium Value
C00510,1224.98,Medium Value
C00511,1047.22,Medium Value
C00512,698.01,Low Value
C00513,1339.19,Medium Value
C00514,1390.31,High Value
C00515,834.59,Low Value
C00516,848.33,Low Value
C00517,1188.58,Medium Value
C00518,792.39,Low Value
C00519,992.94,Low Value
C00520,754.75,Low Value
C00521,1489.8,High Value
C00522,818.89,Low Value
C00523,835.33,Low Value
C00524,926.85,Low Value
C00525,1011.33,Low Value
C00526,1022.64,Low Value
C00527,1402.09,High Value
C00528,876.23,Low Value
C00529,1082.86,Medium Value
C00530,895.62,Low Value
C00531,1051.95,Medium Value
C00532,975.22,Low Value
C00533,1418.36,High Value
C00534,1039.94,Medium Value
C00535,1108.35,Medium Value
C00536,1074.62,Medium Value
C00537,1134.62,Medium Value
C00538,927.15,Low Value
C00539,1014.54,Low Value
C00540,1077.52,Medium Value
C00541,791.89,Low Value
C00542,857.12,Low Value
C00543,962.38,Low Value
C00544,844.41,Low Value
C00545,879.18,Low Value
C00546,804.02,Low Value
C00547,928.03,Low Value
C00548,924.95,Low Value
C00549,1608.79,High Value
C00550,1191.16,Medium Value
C00551,771.46,Low Value
C00552,944.46,Low Value
C00553,842.39,Low Value
C00554,1748.25,Very High Value
C00555,793.0,Low Value
C00556,1009.07,Low Value
C00557,879.53,Low Value
C00558,998.04,Low Value
C00559,1289.75,Medium Value
C00560,1472.45,High Value
C00561,879.6,Low Value
C00562,973.05,Low Value
C00563,1398.76,High Value
C00564,1144.9,Medium Value
C00565,850.44,Low Value
C00566,1053.03,Medium Value
C00567,1273.16,Medium Value
C00568,1242.36,Medium Value
C00569,1050.12,Medium Value
C00570,1292.0,Medium Value
C00571,1040.79,Medium Value
C00572,969.97,Low Value
C00573,1024.2,Low Value
C00574,1626.98,High Value
C00575,1681.66,High Value
C00576,940.43,Low Value
C00577,1032.11,Low Value
C00578,743.4,Low Value
C00579,885.69,Low Value
C00580,1525.45,High Value
C00581,1192.7,Medium Value
C00582,818.99,Low Value
C00583,1356.24,Medium Value
C00584,835.5,Low Value
C00585,1420.73,High Value
C00586,1081.29,Medium Value
C00587,815.09,Low Value
C00588,1042.91,Medium Value
C00589,1096.48,Medium Value
C00590,1540.39,High Value
C00591,930.54,Low Value
C00592,1060.83,Medium Value
C00593,1699.0,Very High Value
C00594,726.78,Low Value
C00595,1004.91,Low Value
C00596,1057.94,Medium Value
C00597,1113.14,Medium Value
C00598,1099.51,Medium Value
C00599,862.41,Low Value
C00600,1309.4,Medium Value
C00601,1467.53,High Value
C00602,893.6,Low Value
C00603,1182.74,Medium Value
C00604,770.61,Low Value
C00605,1340.95,Medium Value
C00606,1636.02,High Value
C00607,1223.19,Medium Value
C00608,936.94,Low Value
C00609,1081.41,Medium Value
C00610,897.75,Low Value
C00611,1341.98,Medium Value
C00612,1421.93,High Value
C00613,782.71,Low Value
C00614,1077.95,Medium Value
C00615,1230.14,Medium Value
C00616,856.31,Low Value
C00617,1207.35,Medium Value
C00618,704.33,Low Value
C00619,1827.39,Very High Value
C00620,1077.54,Medium Value
C00621,477.69,Low Value
C00622,1299.73,Medium Value
C00623,1507.17,High Value
C00624,716.18,Low Value
C00625,1025.62,Low Value
C00626,1046.45,Medium Value
C00627,1489.42,High Value
C00628,1073.0,Medium Value
C00629,1325.67,Medium Value
C00630,1137.63,Medium Value
C00631,875.43,Low Value
C00632,1737.73,Very High Value
C00633,439.37,Low Value
C00634,1630.03,High Value
C00635,947.17,Low Value
C00636,880.79,Low Value
C00637,1656.61,High Value
C00638,819.67,Low Value
C00639,383.1,Low Value
C00640,1648.22,High Value
C00641,802.86,Low Value
C00642,2054.33,Very High Value
C00643,1260.27,Medium Value
C00644,974.46,Low Value
C00645,818.0,Low Value
C00646,1130.23,Medium Value
C00647,1085.08,Medium Value
C00648,839.43,Low Value
C00649,1512.81,High Value
C00650,1010.37,Low Value
C00651,1143.4,Medium Value
C00652,793.71,Low Value
C00653,994.94,Low Value
C00654,982.14,Low Value
C00655,1143.33,Medium Value
C00656,964.57,Low Value
C00657,1868.05,Very High Value
C00658,1153.93,Medium Value
C00659,1541.94,High Value
C00660,1364.86,High Value
C00661,1955.95,Very High Value
C00662,932.62,Low Value
C00663,1237.33,Medium Value
C00664,1013.33,Low Value
C00665,1503.22,High Value
C00666,1202.47,Medium Value
C00667,1125.39,Medium Value
C00668,1113.04,Medium Value
C00669,1325.29,Medium Value
C00670,1169.18,Medium Value
C00671,1229.88,Medium Value
C00672,792.46,Low Value
C00673,961.41,Low Value
C00674,1883.42,Very High Value
C00675,913.53,Low Value
C00676,1259.84,Medium Value
C00677,1082.67,Medium Value
C00678,1329.24,Medium Value
C00679,1743.59,Very High Value
C00680,1019.13,Low Value
C00681,790.74,Low Value
C00682,1212.08,Medium Value
C00683,862.48,Low Value
C00684,1289.72,Medium Value
C00685,1203.95,Medium Value
C00686,822.43,Low Value
C00687,1267.07,Medium Value
C00688,1349.43,Medium Value
C00689,955.54,Low Value
C00690,1024.72,Low Value
C00691,1039.68,Medium Value
C00692,857.48,Low Value
C00693,1018.05,Low Value
C00694,1091.57,Medium Value
C00695,1762.84,Very High Value
C00696,1100.33,Medium Value
C00697,1547.42,High Value
C00698,1035.34,Low Value
C00699,1313.95,Medium Value
C00700,1190.85,Medium Value
C00701,1228.14,Medium Value
C00702,1311.17,Medium Value
C00703,1162.95,Medium Value
C00704,1073.99,Medium Value
C00705,1261.29,Medium Value
C00706,1388.88,High Value
C00707,1261.18,Medium Value
C00708,811.0,Low Value
C00709,1513.81,High Value
C00710,1622.42,High Value
C00711,1520.23,High Value
C00712,1404.41,High Value
C00713,1129.96,Medium Value
C00714,1070.26,Medium Value
C00715,885.29,Low Value
C00716,993.05,Low Value
C00717,812.11,Low Value
C00718,1161.57,Medium Value
C00719,816.16,Low Value
C00720,1626.76,High Value
C00721,1790.52,Very High Value
C00722,718.71,Low Value
C00723,1289.05,Medium Value
C00724,1224.14,Medium Value
C00725,887.15,Low Value
C00726,1177.83,Medium Value
C00727,1450.44,High Value
C00728,702.83,Low Value
C00729,1575.58,High Value
C00730,1373.53,High Value
C00731,1589.19,High Value
C00732,1153.25,Medium Value
C00733,1164.43,Medium Value
C00734,1573.68,High Value
C00735,1385.73,High Value
C00736,1075.58,Medium Value
C00737,837.52,Low Value
C00738,1242.88,Medium Value
C00739,1312.81,Medium Value
C00740,1131.39,Medium Value
C00741,799.77,Low Value
C00742,1461.19,High Value
C00743,1444.23,High Value
C00744,750.14,Low Value
C00745,826.75,Low Value
C00746,785.65,Low Value
C00747,766.99,Low Value
C00748,1503.01,High Value
C00749,1105.56,Medium Value
C00750,824.46,Low Value
C00751,999.96,Low Value
C00752,1723.4,Very High Value
C00753,1597.57,High Value
C00754,1124.78,Medium Value
C00755,1519.82,High Value
C00756,773.11,Low Value
C00757,1592.6,High Value
C00758,1387.11,High Value
C00759,1688.42,High Value
C00760,824.81,Low Value
C00761,1586.0,High Value
C00762,844.73,Low Value
C00763,1520.97,High Value
C00764,1738.49,Very High Value
C00765,942.91,Low Value
C00766,1329.32,Medium Value
C00767,882.88,Low Value
C00768,1176.58,Medium Value
C00769,1015.78,Low Value
C00770,1315.77,Medium Value
C00771,1338.77,Medium Value
C00772,947.99,Low Value
C00773,518.06,Low Value
C00774,979.04,Low Value
C00775,1517.21,High Value
C00776,1022.25,Low Value
C00777,1059.12,Medium Value
C00778,811.18,Low Value
C00779,1567.68,High Value
C00780,995.23,Low Value
C00781,792.83,Low Value
C00782,1537.92,High Value
C00783,1203.91,Medium Value
C00784,752.48,Low Value
C00785,717.06,Low Value
C00786,1689.03,High Value
C00787,659.64,Low Value
C00788,1655.53,High Value
C00789,1121.76,Medium Value
C00790,1135.11,Medium Value
C00791,904.81,Low Value
C00792,789.44,Low Value
C00793,937.11,Low Value
C00794,1254.6,Medium Value
C00795,1071.43,Medium Value
C00796,877.49,Low Value
C00797,1021.34,Low Value
C00798,1146.58,Medium Value
C00799,1136.03,Medium Value
C00800,1099.08,Medium Value
C00801,1537.1,High Value
C00802,1580.56,High Value
C00803,1052.1,Medium Value
C00804,995.48,Low Value
C00805,1140.67,Medium Value
C00806,1014.27,Low Value
C00807,1988.29,Very High Value
C00808,1031.02,Low Value
C00809,953.57,Low Value
C00810,1257.55,Medium Value
C00811,739.01,Low Value
C00812,1452.85,High Value
C00813,1195.14,Medium Value
C00814,779.91,Low Value
C00815,1632.0,High Value
C00816,1353.97,Medium Value
C00817,1616.65,High Value
C00818,780.99,Low Value
C00819,1240.72,Medium Value
C00820,974.83,Low Value
C00821,816.52,Low Value
C00822,1384.05,High Value
C00823,1605.53,High Value
C00824,1152.9,Medium Value
C00825,1530.37,High Value
C00826,1516.57,High Value
C00827,824.63,Low Value
C00828,1620.19,High Value
C00829,1016.44,Low Value
C00830,1406.92,High Value
C00831,1326.86,Medium Value
C00832,824.31,Low Value
C00833,816.74,Low Value
C00834,808.49,Low Value
C00835,741.9,Low Value
C00836,1472.37,High Value
C00837,1163.5,Medium Value
C00838,1013.12,Low Value
C00839,1035.41,Low Value
C00840,2003.46,Very High Value
C00841,991.43,Low Value
C00842,1562.05,High Value
C00843,998.45,Low Value
C00844,831.68,Low Value
C00845,1395.11,High Value
C00846,1645.54,High Value
C00847,1570.33,High Value
C00848,1874.92,Very High Value
C00849,1580.87,High Value
C00850,980.96,Low Value
C00851,912.81,Low Value
C00852,902.41,Low Value
C00853,887.82,Low Value
C00854,1104.22,Medium Value
C00855,1035.91,Low Value
C00856,1370.64,High Value
C00857,1403.11,High Value
C00858,1092.35,Medium Value
C00859,924.52,Low Value
C00860,1191.93,Medium Value
C00861,930.55,Low Value
C00862,976.58,Low Value
C00863,1377.94,High Value
C00864,1268.64,Medium Value
C00865,868.8,Low Value
C00866,1660.41,High Value
C00867,1161.34,Medium Value
C00868,1156.9,Medium Value
C00869,829.91,Low Value
C00870,878.75,Low Value
C00871,1012.26,Low Value
C00872,1022.36,Low Value
C00873,1399.62,High Value
C00874,1570.28,High Value
C00875,682.92,Low Value
C00876,805.88,Low Value
C00877,1206.26,Medium Value
C00878,502.56,Low Value
C00879,1097.31,Medium Value
C00880,1611.35,High Value
C00881,1195.21,Medium Value
C00882,1102.81,Medium Value
C00883,1574.11,High Value
C00884,1783.57,Very High Value
C00885,975.55,Low Value
C00886,1394.77,High Value
C00887,1194.32,Medium Value
C00888,912.99,Low Value
C00889,1217.76,Medium Value
C00890,1357.29,Medium Value
C00891,1395.74,High Value
C00892,1536.9,High Value
C00893,998.57,Low Value
C00894,985.97,Low Value
C00895,1194.41,Medium Value
C00896,773.06,Low Value
C00897,1122.56,Medium Value
C00898,910.51,Low Value
C00899,1033.08,Low Value
C00900,643.13,Low Value
C00901,1415.92,High Value
C00902,852.56,Low Value
C00903,1079.98,Medium Value
C00904,900.61,Low Value
C00905,946.86,Low Value
C00906,1547.32,High Value
C00907,1796.77,Very High Value
C00908,1323.47,Medium Value
C00909,1830.01,Very High Value
C00910,1247.36,Medium Value
C00911,1895.33,Very High Value
C00912,1449.0,High Value
C00913,1125.91,Medium Value
C00914,1867.37,Very High Value
C00915,1022.35,Low Value
C00916,1305.3,Medium Value
C00917,733.94,Low Value
C00918,1273.61,Medium Value
C00919,1633.93,High Value
C00920,816.09,Low Value
C00921,1203.23,Medium Value
C00922,1652.54,High Value
C00923,1189.97,Medium Value
C00924,1048.38,Medium Value
C00925,1126.47,Medium Value
C00926,1488.28,High Value
C00927,853.62,Low Value
C00928,1149.53,Medium Value
C00929,1359.79,High Value
C00930,1092.23,Medium Value
C00931,1176.08,Medium Value
C00932,1005.73,Low Value
C00933,1108.53,Medium Value
C00934,1525.33,High Value
C00935,1278.63,Medium Value
C00936,849.41,Low Value
C00937,1348.07,Medium Value
C00938,851.98,Low Value
C00939,1696.51,Very High Value
C00940,1732.84,Very High Value
C00941,1295.82,Medium Value
C00942,1339.9,Medium Value
C00943,1520.9,High Value
C00944,1163.77,Medium Value
C00945,1328.15,Medium Value
C00946,780.25,Low Value
C00947,1297.24,Medium Value
C00948,1283.57,Medium Value
C00949,1654.4,High Value
C00950,1188.32,Medium Value
C00951,1771.54,Very High Value
C00952,955.59,Low Value
C00953,937.92,Low Value
C00954,2020.04,Very High Value
C00955,697.73,Low Value
C00956,805.08,Low Value
C00957,1243.91,Medium Value
C00958,1836.56,Very High Value
C00959,823.01,Low Value
C00960,1257.59,Medium Value
C00961,1253.75,Medium Value
C00962,1052.59,Medium Value
C00963,1035.74,Low Value
C00964,1467.53,High Value
C00965,1732.98,Very High Value
C00966,1010.56,Low Value
C00967,1614.62,High Value
C00968,1056.05,Medium Value
C00969,1480.81,High Value
C00970,471.95,Low Value
C00971,1215.16,Medium Value
C00972,530.04,Low Value
C00973,872.57,Low Value
C00974,963.86,Low Value
C00975,1511.58,High Value
C00976,803.63,Low Value
C00977,1579.35,High Value
C00978,1174.85,Medium Value
C00979,1340.42,Medium Value
C00980,1363.89,High Value
C00981,935.05,Low Value
C00982,1454.47,High Value
C00983,1456.6,High Value
C00984,1321.19,Medium Value
C00985,875.19,Low Value
C00986,951.16,Low Value
C00987,852.45,Low Value
C00988,1665.86,High Value
C00989,1433.08,High Value
C00990,1146.26,Medium Value
C00991,1526.49,High Value
C00992,1448.15,High Value
C00993,1074.43,Medium Value
C00994,1042.15,Medium Value
C00995,1478.09,High Value
C00996,912.42,Low Value
C00997,1200.43,Medium Value
C00998,703.73,Low Value
C00999,1746.35,Very High Value
C01000,1157.18,Medium Value
C01001,1955.37,Very High Value
C01002,1559.81,High Value
C01003,1092.31,Medium Value
C01004,1432.06,High Value
C01005,1618.53,High Value
C01006,1159.75,Medium Value
C01007,1498.18,High Value
C01008,711.71,Low Value
C01009,918.7,Low Value
C01010,1505.86,High Value
C01011,1625.95,High Value
C01012,1777.76,Very High Value
C01013,1521.07,High Value
C01014,827.83,Low Value
C01015,591.02,Low Value
C01016,788.09,Low Value
C01017,1505.8,High Value
C01018,660.48,Low Value
C01019,1000.67,Low Value
C01020,851.35,Low Value
C01021,1080.21,Medium Value
C01022,1300.64,Medium Value
C01023,1274.76,Medium Value
C01024,873.64,Low Value
C01025,1630.29,High Value
C01026,799.84,Low Value
C01027,1180.8,Medium Value
C01028,1715.23,Very High Value
C01029,1982.32,Very High Value
C01030,1213.78,Medium Value
C01031,1593.68,High Value
C01032,934.2,Low Value
C01033,1289.03,Medium Value
C01034,810.23,Low Value
C01035,1115.87,Medium Value
C01036,1363.02,High Value
C01037,1753.07,Very High Value
C01038,869.26,Low Value
C01039,928.75,Low Value
C01040,1420.56,High Value
C01041,1030.12,Low Value
C01042,902.47,Low Value
C01043,879.41,Low Value
C01044,1621.25,High Value
C01045,683.53,Low Value
C01046,1754.15,Very High Value
C01047,1428.57,High Value
C01048,1194.27,Medium Value
C01049,975.91,Low Value
C01050,1521.86,High Value
C01051,1567.48,High Value
C01052,1632.84,High Value
C01053,708.09,Low Value
C01054,1522.44,High Value
C01055,800.85,Low Value
C01056,524.14,Low Value
C01057,834.28,Low Value
C01058,930.83,Low Value
C01059,811.06,Low Value
C01060,782.9,Low Value
C01061,913.14,Low Value
C01062,1119.44,Medium Value
C01063,542.58,Low Value
C01064,1413.75,High Value
C01065,1104.22,Medium Value
C01066,1284.45,Medium Value
C01067,1217.16,Medium Value
C01068,1022.11,Low Value
C01069,1566.23,High Value
C01070,1290.74,Medium Value
C01071,1719.57,Very High Value
C01072,902.87,Low Value
C01073,811.7,Low Value
C01074,1575.99,High Value
C01075,1178.31,Medium Value
C01076,892.93,Low Value
C01077,509.37,Low Value
C01078,1177.58,Medium Value
C01079,1442.3,High Value
C01080,1373.76,High Value
C01081,1026.41,Low Value
C01082,1319.83,Medium Value
C01083,968.87,Low Value
C01084,862.3,Low Value
C01085,1905.69,Very High Value
C01086,1575.49,High Value
C01087,989.46,Low Value
C01088,1279.0,Medium Value
C01089,1849.7,Very High Value
C01090,930.38,Low Value
C01091,1488.75,High Value
C01092,1270.6,Medium Value
C01093,1433.66,High Value
C01094,1150.07,Medium Value
C01095,1181.71,Medium Value
C01096,1332.53,Medium Value
C01097,1767.02,Very High Value
C01098,1685.4,High Value
C01099,935.98,Low Value
C01100,1127.66,Medium Value
C01101,947.16,Low Value
C01102,942.14,Low Value
C01103,1119.04,Medium Value
C01104,1735.29,Very High Value
C01105,1506.07,High Value
C01106,1109.3,Medium Value
C01107,1364.22,High Value
C01108,781.81,Low Value
C01109,1602.19,High Value
C01110,1344.48,Medium Value
C01111,1030.48,Low Value
C01112,374.0,Low Value
C01113,844.57,Low Value
C01114,1267.13,Medium Value
C01115,1416.97,High Value
C01116,1808.04,Very High Value
C01117,781.97,Low Value
C01118,1023.61,Low Value
C01119,1336.5,Medium Value
C01120,991.25,Low Value
C01121,875.57,Low Value
C01122,942.55,Low Value
C01123,1203.65,Medium Value
C01124,1597.47,High Value
C01125,1298.26,Medium Value
C01126,969.04,Low Value
C01127,1556.53,High Value
C01128,1936.26,Very High Value
C01129,1453.41,High Value
C01130,1464.09,High Value
C01131,1071.11,Medium Value
C01132,1352.71,Medium Value
C01133,1165.96,Medium Value
C01134,1218.65,Medium Value
C01135,1673.56,High Value
C01136,1563.03,High Value
C01137,681.98,Low Value
C01138,1734.19,Very High Value
C01139,1383.01,High Value
C01140,1587.42,High Value
C01141,1021.52,Low Value
C01142,977.07,Low Value
C01143,1069.25,Medium Value
C01144,704.87,Low Value
C01145,1921.74,Very High Value
C01146,526.51,Low Value
C01147,1211.38,Medium Value
C01148,812.63,Low Value
C01149,1768.34,Very High Value
C01150,2016.12,Very High Value
C01151,1718.57,Very High Value
C01152,1623.48,High Value
C01153,1024.88,Low Value
C01154,981.52,Low Value
C01155,1524.66,High Value
C01156,1537.39,High Value
C01157,1326.88,Medium Value
C01158,1079.75,Medium Value
C01159,1585.68,High Value
C01160,1189.62,Medium Value
C01161,1180.59,Medium Value
C01162,1419.09,High Value
C01163,1214.39,Medium Value
C01164,1343.65,Medium Value
C01165,1581.51,High Value
C01166,1862.39,Very High Value
C01167,913.13,Low Value
C01168,1175.56,Medium Value
C01169,1589.45,High Value
C01170,772.09,Low Value
C01171,1539.41,High Value
C01172,1733.98,Very High Value
C01173,1684.89,High Value
C01174,1351.36,Medium Value
C01175,1034.02,Low Value
C01176,667.12,Low Value
C01177,911.34,Low Value
C01178,1552.1,High Value
C01179,1193.2,Medium Value
C01180,1264.58,Medium Value
C01181,1272.09,Medium Value
C01182,1542.43,High Value
C01183,1464.0,High Value
C01184,1102.38,Medium Value
C01185,1157.89,Medium Value
C01186,1491.31,High Value
C01187,1362.45,High Value
C01188,1043.09,Medium Value
C01189,1110.44,Medium Value
C01190,1552.94,High Value
C01191,1340.16,Medium Value
C01192,1227.9,Medium Value
C01193,1052.04,Medium Value
C01194,1318.79,Medium Value
C01195,1050.76,Medium Value
C01196,775.89,Low Value
C01197,1094.98,Medium Value
C01198,1042.93,Medium Value
C01199,1444.35,High Value
C01200,1467.2,High Value
C01201,439.55,Low Value
C01202,1196.27,Medium Value
C01203,901.67,Low Value
C01204,1228.85,Medium Value
C01205,1909.51,Very High Value
C01206,1278.84,Medium Value
C01207,1177.69,Medium Value
C01208,1327.53,Medium Value
C01209,1300.41,Medium Value
C01210,830.72,Low Value
C01211,1824.12,Very High Value
C01212,1316.41,Medium Value
C01213,1144.4,Medium Value
C01214,927.46,Low Value
C01215,1302.54,Medium Value
C01216,674.08,Low Value
C01217,1565.94,High Value
C01218,994.02,Low Value
C01219,1943.19,Very High Value
C01220,1039.08,Medium Value
C01221,1273.43,Medium Value
C01222,1050.77,Medium Value
C01223,1675.7,High Value
C01224,1092.83,Medium Value
C01225,1629.54,High Value
C01226,1620.76,High Value
C01227,1516.53,High Value
C01228,861.5,Low Value
C01229,1877.6,Very High Value
C01230,1137.69,Medium Value
C01231,1058.55,Medium Value
C01232,1494.4,High Value
C01233,973.13,Low Value
C01234,1302.31,Medium Value
C01235,961.78,Low Value
C01236,1882.93,Very High Value
C01237,1745.29,Very High Value
C01238,844.11,Low Value
C01239,1414.99,High Value
C01240,1111.06,Medium Value
C01241,1231.84,Medium Value
C01242,1744.96,Very High Value
C01243,2057.54,Very High Value
C01244,1104.97,Medium Value
C01245,1991.64,Very High Value
C01246,1221.03,Medium Value
C01247,1694.53,Very High Value
C01248,1682.15,High Value
C01249,1892.07,Very High Value
C01250,1651.81,High Value
C01251,1581.31,High Value
C01252,939.77,Low Value
C01253,1002.31,Low Value
C01254,1562.91,High Value
C01255,1847.28,Very High Value
C01256,494.14,Low Value
C01257,1293.47,Medium Value
C01258,1138.89,Medium Value
C01259,1311.47,Medium Value
C01260,372.75,Low Value
C01261,1246.74,Medium Value
C01262,989.11,Low Value
C01263,900.62,Low Value
C01264,1402.12,High Value
C01265,1562.77,High Value
C01266,1150.76,Medium Value
C01267,1935.48,Very High Value
C01268,1351.78,Medium Value
C01269,1191.64,Medium Value
C01270,918.22,Low Value
C01271,1355.44,Medium Value
C01272,1598.1,High Value
C01273,1516.15,High Value
C01274,1489.55,High Value
C01275,1889.92,Very High Value
C01276,1469.43,High Value
C01277,965.93,Low Value
C01278,1352.16,Medium Value
C01279,1258.76,Medium Value
C01280,1533.05,High Value
C01281,1169.53,Medium Value
C01282,1241.86,Medium Value
C01283,1283.4,Medium Value
C01284,1677.07,High Value
C01285,1803.66,Very High Value
C01286,430.08,Low Value
C01287,1236.55,Medium Value
C01288,1382.4,High Value
C01289,809.94,Low Value
C01290,1379.99,High Value
C01291,758.2,Low Value
C01292,628.7,Low Value
C01293,1296.22,Medium Value
C01294,1200.93,Medium Value
C01295,1813.17,Very High Value
C01296,651.85,Low Value
C01297,1359.73,High Value
C01298,856.08,Low Value
C01299,1346.24,Medium Value
C01300,811.61,Low Value
C01301,1902.27,Very High Value
C01302,982.91,Low Value
C01303,1613.56,High Value
C01304,1245.9,Medium Value
C01305,1454.98,High Value
C01306,1095.81,Medium Value
C01307,1867.41,Very High Value
C01308,811.98,Low Value
C01309,918.06,Low Value
C01310,1580.09,High Value
C01311,1443.55,High Value
C01312,1919.99,Very High Value
C01313,1698.16,Very High Value
C01314,1376.39,High Value
C01315,362.79,Low Value
C01316,1149.38,Medium Value
C01317,1628.64,High Value
C01318,1140.74,Medium Value
C01319,434.66,Low Value
C01320,1724.31,Very High Value
C01321,1193.29,Medium Value
C01322,1740.34,Very High Value
C01323,1071.77,Medium Value
C01324,1850.29,Very High Value
C01325,866.72,Low Value
C01326,803.7,Low Value
C01327,1930.14,Very High Value
C01328,1051.0,Medium Value
C01329,1167.95,Medium Value
C01330,562.77,Low Value
C01331,1313.08,Medium Value
C01332,413.82,Low Value
C01333,1851.89,Very High Value
C01334,1042.44,Medium Value
C01335,1382.86,High Value
C01336,963.48,Low Value
C01337,1413.9,High Value
C01338,1160.97,Medium Value
C01339,981.04,Low Value
C01340,390.79,Low Value
C01341,1261.5,Medium Value
C01342,1442.72,High Value
C01343,983.03,Low Value
C01344,1444.86,High Value
C01345,758.77,Low Value
C01346,1515.46,High Value
C01347,878.76,Low Value
C01348,1544.79,High Value
C01349,1131.71,Medium Value
C01350,1092.77,Medium Value
C01351,1006.98,Low Value
C01352,1461.35,High Value
C01353,1391.76,High Value
C01354,2000.07,Very High Value
C01355,1738.52,Very High Value
C01356,1112.31,Medium Value
C01357,1330.52,Medium Value
C01358,1219.37,Medium Value
C01359,1044.89,Medium Value
C01360,1670.22,High Value
C01361,1684.26,High Value
C01362,1594.61,High Value
C01363,1370.84,High Value
C01364,1169.45,Medium Value
C01365,1366.95,High Value
C01366,1379.49,High Value
C01367,1192.86,Medium Value
C01368,1350.49,Medium Value
C01369,1500.6,High Value
C01370,909.52,Low Value
C01371,1165.67,Medium Value
C01372,1278.86,Medium Value
C01373,1501.82,High Value
C01374,2003.41,Very High Value
C01375,872.24,Low Value
C01376,1079.96,Medium Value
C01377,1331.59,Medium Value
C01378,1448.87,High Value
C01379,868.45,Low Value
C01380,1163.51,Medium Value
C01381,1199.69,Medium Value
C01382,1453.7,High Value
C01383,1967.66,Very High Value
C01384,1374.5,High Value
C01385,1312.54,Medium Value
C01386,1908.32,Very High Value
C01387,1316.67,Medium Value
C01388,1412.87,High Value
C01389,2016.26,Very High Value
C01390,987.71,Low Value
C01391,986.54,Low Value
C01392,1412.01,High Value
C01393,1563.64,High Value
C01394,1452.15,High Value
C01395,1499.29,High Value
C01396,1640.51,High Value
C01397,848.51,Low Value
C01398,887.27,Low Value
C01399,1141.3,Medium Value
C01400,1432.04,High Value
C01401,1088.32,Medium Value
C01402,1403.33,High Value
C01403,1016.03,Low Value
C01404,785.58,Low Value
C01405,1668.64,High Value
C01406,450.66,Low Value
C01407,1994.26,Very High Value
C01408,1830.87,Very High Value
C01409,1346.34,Medium Value
C01410,1119.58,Medium Value
C01411,1672.23,High Value
C01412,1782.64,Very High Value
C01413,1092.34,Medium Value
C01414,1645.2,High Value
C01415,1153.33,Medium Value
C01416,908.23,Low Value
C01417,957.54,Low Value
C01418,1144.73,Medium Value
C01419,943.14,Low Value
C01420,1471.55,High Value
C01421,851.88,Low Value
C01422,967.77,Low Value
C01423,1924.0,Very High Value
C01424,1597.2,High Value
C01425,970.17,Low Value
C01426,1897.78,Very High Value
C01427,1992.31,Very High Value
C01428,1437.27,High Value
C01429,1730.55,Very High Value
C01430,929.45,Low Value
C01431,969.83,Low Value
C01432,1139.66,Medium Value
C01433,1241.57,Medium Value
C01434,1036.63,Low Value
C01435,1076.97,Medium Value
C01436,1631.64,High Value
C01437,1692.12,Very High Value
C01438,1567.34,High Value
C01439,1659.65,High Value
C01440,2025.51,Very High Value
C01441,1067.11,Medium Value
C01442,1466.34,High Value
C01443,1603.02,High Value
C01444,1421.76,High Value
C01445,1678.47,High Value
C01446,1002.6,Low Value
C01447,1422.07,High Value
C01448,1406.22,High Value
C01449,1018.13,Low Value
C01450,1340.9,Medium Value
C01451,808.14,Low Value
C01452,1762.24,Very High Value
C01453,326.8,Low Value
C01454,807.02,Low Value
C01455,1261.01,Medium Value
C01456,1389.23,High Value
C01457,1937.43,Very High Value
C01458,1715.82,Very High Value
C01459,1171.61,Medium Value
C01460,1071.53,Medium Value
C01461,1161.42,Medium Value
C01462,1881.45,Very High Value
C01463,1165.79,Medium Value
C01464,1187.08,Medium Value
C01465,1452.52,High Value
C01466,1456.88,High Value
C01467,1813.47,Very High Value
C01468,1461.69,High Value
C01469,811.02,Low Value
C01470,1224.28,Medium Value
C01471,1317.19,Medium Value
C01472,1042.36,Medium Value
C01473,1242.82,Medium Value
C01474,1646.71,High Value
C01475,1222.31,Medium Value
C01476,954.28,Low Value
C01477,942.76,Low Value
C01478,928.72,Low Value
C01479,1572.61,High Value
C01480,1319.6,Medium Value
C01481,1117.39,Medium Value
C01482,982.21,Low Value
C01483,1628.05,High Value
C01484,1532.4,High Value
C01485,1535.66,High Value
C01486,1667.68,High Value
C01487,1196.89,Medium Value
C01488,1599.54,High Value
C01489,1833.0,Very High Value
C01490,1431.96,High Value
C01491,1271.44,Medium Value
C01492,1461.17,High Value
C01493,819.25,Low Value
C01494,851.08,Low Value
C01495,1745.01,Very High Value
C01496,1732.28,Very High Value
C01497,902.11,Low Value
C01498,1216.17,Medium Value
C01499,1307.75,Medium Value
C01500,1639.83,High Value
C01501,1219.52,Medium Value
C01502,1112.0,Medium Value
C01503,1129.58,Medium Value
C01504,1408.39,High Value
C01505,1319.97,Medium Value
C01506,1832.0,Very High Value
C01507,1137.43,Medium Value
C01508,1426.5,High Value
C01509,1125.66,Medium Value
C01510,1587.55,High Value
C01511,1302.38,Medium Value
C01512,892.91,Low Value
C01513,1575.54,High Value
C01514,1479.18,High Value
C01515,1185.28,Medium Value
C01516,1732.7,Very High Value
C01517,1653.07,High Value
C01518,1570.2,High Value
C01519,1557.73,High Value
C01520,922.1,Low Value
C01521,1409.06,High Value
C01522,1623.5,High Value
C01523,774.16,Low Value
C01524,1320.54,Medium Value
C01525,952.93,Low Value
C01526,1127.76,Medium Value
C01527,1161.86,Medium Value
C01528,1559.72,High Value
C01529,1392.9,High Value
C01530,999.45,Low Value
C01531,908.47,Low Value
C01532,1354.66,Medium Value
C01533,1709.12,Very High Value
C01534,975.2,Low Value
C01535,936.08,Low Value
C01536,1020.67,Low Value
C01537,1610.75,High Value
C01538,1256.47,Medium Value
C01539,1699.38,Very High Value
C01540,1513.75,High Value
C01541,976.06,Low Value
C01542,1104.29,Medium Value
C01543,1327.13,Medium Value
C01544,1844.78,Very High Value
C01545,996.62,Low Value
C01546,1369.5,High Value
C01547,1709.78,Very High Value
C01548,1651.98,High Value
C01549,1912.77,Very High Value
C01550,1763.34,Very High Value
C01551,1241.5,Medium Value
C01552,924.91,Low Value
C01553,1589.17,High Value
C01554,1388.44,High Value
C01555,1629.12,High Value
C01556,1556.4,High Value
C01557,1289.45,Medium Value
C01558,1107.48,Medium Value
C01559,1751.4,Very High Value
C01560,1789.83,Very High Value
C01561,1975.81,Very High Value
C01562,390.53,Low Value
C01563,1088.97,Medium Value
C01564,1966.77,Very High Value
C01565,1232.04,Medium Value
C01566,1245.96,Medium Value
C01567,1579.54,High Value
C01568,1970.06,Very High Value
C01569,1381.59,High Value
C01570,1331.53,Medium Value
C01571,1810.57,Very High Value
C01572,1823.14,Very High Value
C01573,1581.57,High Value
C01574,1029.0,Low Value
C01575,855.9,Low Value
C01576,1049.82,Medium Value
C01577,810.24,Low Value
C01578,1961.45,Very High Value
C01579,1466.86,High Value
C01580,692.98,Low Value
C01581,1687.28,High Value
C01582,1130.42,Medium Value
C01583,1572.86,High Value
C01584,1116.04,Medium Value
C01585,1547.67,High Value
C01586,462.12,Low Value
C01587,1896.35,Very High Value
C01588,1931.86,Very High Value
C01589,1265.01,Medium Value
C01590,1270.02,Medium Value
C01591,769.35,Low Value
C01592,780.31,Low Value
C01593,657.27,Low Value
C01594,1292.36,Medium Value
C01595,1063.34,Medium Value
C01596,1056.52,Medium Value
C01597,1788.94,Very High Value
C01598,1102.1,Medium Value
C01599,526.61,Low Value
C01600,1071.21,Medium Value
C01601,1316.75,Medium Value
C01602,1084.03,Medium Value
C01603,1245.55,Medium Value
C01604,1366.8,High Value
C01605,1734.18,Very High Value
C01606,1560.94,High Value
C01607,1554.18,High Value
C01608,1880.79,Very High Value
C01609,1515.11,High Value
C01610,966.97,Low Value
C01611,1697.61,Very High Value
C01612,1589.78,High Value
C01613,1611.39,High Value
C01614,1008.16,Low Value
C01615,1089.94,Medium Value
C01616,1458.27,High Value
C01617,1330.31,Medium Value
C01618,1747.3,Very High Value
C01619,1186.1,Medium Value
C01620,1433.65,High Value
C01621,1492.51,High Value
C01622,1515.61,High Value
C01623,1893.87,Very High Value
C01624,1015.24,Low Value
C01625,1375.83,High Value
C01626,781.43,Low Value
C01627,1337.63,Medium Value
C01628,1261.88,Medium Value
C01629,1674.64,High Value
C01630,1589.36,High Value
C01631,1706.55,Very High Value
C01632,1771.51,Very High Value
C01633,1304.66,Medium Value
C01634,1430.65,High Value
C01635,1549.89,High Value
C01636,1506.01,High Value
C01637,1518.58,High Value
C01638,1848.85,Very High Value
C01639,1142.63,Medium Value
C01640,1024.02,Low Value
C01641,1549.31,High Value
C01642,1724.68,Very High Value
C01643,1243.34,Medium Value
C01644,1846.77,Very High Value
C01645,1893.57,Very High Value
C01646,786.39,Low Value
C01647,1068.89,Medium Value
C01648,1809.05,Very High Value
C01649,1264.27,Medium Value
C01650,1608.12,High Value
C01651,1693.49,Very High Value
C01652,1093.39,Medium Value
C01653,1012.77,Low Value
C01654,1023.38,Low Value
C01655,1217.97,Medium Value
C01656,1612.09,High Value
C01657,1530.51,High Value
C01658,1928.42,Very High Value
C01659,1857.91,Very High Value
C01660,1898.18,Very High Value
C01661,1638.31,High Value
C01662,1056.35,Medium Value
C01663,857.18,Low Value
C01664,1610.86,High Value
C01665,1230.39,Medium Value
C01666,1990.17,Very High Value
C01667,1796.64,Very High Value
C01668,1902.79,Very High Value
C01669,1845.12,Very High Value
C01670,1527.45,High Value
C01671,817.14,Low Value
C01672,891.64,Low Value
C01673,787.26,Low Value
C01674,1547.68,High Value
C01675,1750.98,Very High Value
C01676,1394.49,High Value
C01677,969.25,Low Value
C01678,1747.48,Very High Value
C01679,1831.31,Very High Value
C01680,1499.9,High Value
C01681,1231.26,Medium Value
C01682,1254.3,Medium Value
C01683,851.17,Low Value
C01684,1600.84,High Value
C01685,558.64,Low Value
C01686,903.31,Low Value
C01687,864.84,Low Value
C01688,1577.0,High Value
C01689,1924.41,Very High Value
C01690,1627.2,High Value
C01691,1351.92,Medium Value
C01692,1682.15,High Value
C01693,1956.2,Very High Value
C01694,952.03,Low Value
C01695,1253.15,Medium Value
C01696,1534.91,High Value
C01697,627.26,Low Value
C01698,1952.02,Very High Value
C01699,1442.33,High Value
C01700,1695.6,Very High Value
C01701,1117.63,Medium Value
C01702,1072.76,Medium Value
C01703,1712.11,Very High Value
C01704,1260.05,Medium Value
C01705,1317.17,Medium Value
C01706,1289.42,Medium Value
C01707,1676.11,High Value
C01708,1793.45,Very High Value
C01709,1879.98,Very High Value
C01710,1326.48,Medium Value
C01711,1585.34,High Value
C01712,1687.91,High Value
C01713,1289.41,Medium Value
C01714,1182.02,Medium Value
C01715,1932.45,Very High Value
C01716,1796.13,Very High Value
C01717,1633.51,High Value
C01718,1344.6,Medium Value
C01719,843.72,Low Value
C01720,1643.08,High Value
C01721,1050.41,Medium Value
C01722,1535.37,High Value
C01723,1613.84,High Value
C01724,1326.01,Medium Value
C01725,1449.92,High Value
C01726,1061.34,Medium Value
C01727,1244.37,Medium Value
C01728,2004.11,Very High Value
C01729,1972.01,Very High Value
C01730,1706.01,Very High Value
C01731,1261.25,Medium Value
C01732,1687.82,High Value
C01733,1169.28,Medium Value
C01734,1273.66,Medium Value
C01735,1254.34,Medium Value
C01736,1421.13,High Value
C01737,1262.43,Medium Value
C01738,1282.17,Medium Value
C01739,924.91,Low Value
C01740,1624.25,High Value
C01741,1492.43,High Value
C01742,1584.19,High Value
C01743,1657.69,High Value
C01744,1502.99,High Value
C01745,991.95,Low Value
C01746,1239.06,Medium Value
C01747,1468.13,High Value
C01748,1462.51,High Value
C01749,1307.3,Medium Value
C01750,1401.26,High Value
C01751,1868.38,Very High Value
C01752,1046.34,Medium Value
C01753,1712.04,Very High Value
C01754,1274.06,Medium Value
C01755,1277.67,Medium Value
C01756,1021.86,Low Value
C01757,1735.1,Very High Value
C01758,583.16,Low Value
C01759,1601.91,High Value
C01760,1836.74,Very High Value
C01761,1699.83,Very High Value
C01762,1802.73,Very High Value
C01763,1940.76,Very High Value
C01764,1618.04,High Value
C01765,1259.02,Medium Value
C01766,1266.54,Medium Value
C01767,1764.82,Very High Value
C01768,832.94,Low Value
C01769,1058.66,Medium Value
C01770,1488.4,High Value
C01771,1348.48,Medium Value
C01772,1649.35,High Value
C01773,1894.41,Very High Value
C01774,958.84,Low Value
C01775,1631.79,High Value
C01776,1556.7,High Value
C01777,1571.75,High Value
C01778,1472.06,High Value
C01779,2016.93,Very High Value
C01780,1605.52,High Value
C01781,1702.02,Very High Value
C01782,685.77,Low Value
C01783,1032.17,Low Value
C01784,1095.9,Medium Value
C01785,1746.48,Very High Value
C01786,1683.63,High Value
C01787,1479.65,High Value
C01788,1254.24,Medium Value
C01789,1647.01,High Value
C01790,756.35,Low Value
C01791,1424.98,High Value
C01792,1946.81,Very High Value
C01793,1139.96,Medium Value
C01794,1782.02,Very High Value
C01795,1630.01,High Value
C01796,1847.98,Very High Value
C01797,1710.14,Very High Value
C01798,1127.14,Medium Value
C01799,1640.16,High Value
C01800,1967.86,Very High Value
C01801,1925.35,Very High Value
C01802,1044.09,Medium Value
C01803,842.54,Low Value
C01804,1877.58,Very High Value
C01805,1980.36,Very High Value
C01806,1422.96,High Value
C01807,1751.59,Very High Value
C01808,1980.12,Very High Value
C01809,1938.7,Very High Value
C01810,1403.57,High Value
C01811,1740.49,Very High Value
C01812,1491.74,High Value
C01813,1809.42,Very High Value
C01814,1585.18,High Value
C01815,1543.67,High Value
C01816,1088.35,Medium Value
C01817,1879.93,Very High Value
C01818,2038.5,Very High Value
C01819,1881.92,Very High Value
C01820,579.27,Low Value
C01821,1396.51,High Value
C01822,1891.78,Very High Value
C01823,1952.77,Very High Value
C01824,1833.86,Very High Value
C01825,1331.86,Medium Value
C01826,1731.41,Very High Value
C01827,1796.42,Very High Value
C01828,1030.06,Low Value
C01829,1460.32,High Value
C01830,1347.19,Medium Value
C01831,1722.92,Very High Value
C01832,1736.25,Very High Value
C01833,1333.14,Medium Value
C01834,1335.18,Medium Value
C01835,1418.09,High Value
C01836,1775.88,Very High Value
C01837,1357.19,Medium Value
C01838,1698.7,Very High Value
C01839,1016.86,Low Value
C01840,1000.78,Low Value
C01841,1298.53,Medium Value
C01842,1496.25,High Value
C01843,1975.06,Very High Value
C01844,1550.1,High Value
C01845,1450.46,High Value
C01846,1504.99,High Value
C01847,1592.08,High Value
C01848,854.89,Low Value
C01849,1429.2,High Value
C01850,1512.9,High Value
C01851,1096.35,Medium Value
C01852,1646.13,High Value
C01853,1559.21,High Value
C01854,1808.88,Very High Value
C01855,1042.69,Medium Value
C01856,1815.66,Very High Value
C01857,1273.31,Medium Value
C01858,381.21,Low Value
C01859,1871.03,Very High Value
C01860,1514.74,High Value
C01861,1479.58,High Value
C01862,1661.57,High Value
C01863,808.49,Low Value
C01864,1372.16,High Value
C01865,1336.86,Medium Value
C01866,1229.16,Medium Value
C01867,1658.21,High Value
C01868,1310.45,Medium Value
C01869,1015.29,Low Value
C01870,1537.1,High Value
C01871,920.36,Low Value
C01872,1377.35,High Value
C01873,847.19,Low Value
C01874,1653.94,High Value
C01875,1176.46,Medium Value
C01876,1791.24,Very High Value
C01877,1532.72,High Value
C01878,1288.37,Medium Value
C01879,1342.89,Medium Value
C01880,1850.85,Very High Value
C01881,1052.88,Medium Value
C01882,1567.6,High Value
C01883,1584.7,High Value
C01884,1196.89,Medium Value
C01885,1595.27,High Value
C01886,1097.91,Medium Value
C01887,1239.8,Medium Value
C01888,1306.79,Medium Value
C01889,1169.5,Medium Value
C01890,1134.3,Medium Value
C01891,1374.67,High Value
C01892,1111.7,Medium Value
C01893,1619.28,High Value
C01894,1962.03,Very High Value
C01895,818.43,Low Value
C01896,1785.52,Very High Value
C01897,1974.83,Very High Value
C01898,767.63,Low Value
C01899,1360.42,High Value
C01900,1841.87,Very High Value
C01901,1542.63,High Value
C01902,1673.36,High Value
C01903,1629.48,High Value
C01904,1899.79,Very High Value
C01905,1508.47,High Value
C01906,741.12,Low Value
C01907,1591.84,High Value
C01908,1668.24,High Value
C01909,1839.51,Very High Value
C01910,1251.78,Medium Value
C01911,1084.06,Medium Value
C01912,1106.59,Medium Value
C01913,1413.73,High Value
C01914,1464.21,High Value
C01915,488.81,Low Value
C01916,1068.73,Medium Value
C01917,1667.88,High Value
C01918,1846.83,Very High Value
C01919,1781.77,Very High Value
C01920,706.61,Low Value
C01921,1216.5,Medium Value
C01922,1686.13,High Value
C01923,1252.57,Medium Value
C01924,1641.24,High Value
C01925,1132.84,Medium Value
C01926,1536.55,High Value
C01927,1118.73,Medium Value
C01928,1020.85,Low Value
C01929,943.34,Low Value
C01930,1328.68,Medium Value
C01931,1500.29,High Value
C01932,1391.26,High Value
C01933,1365.12,High Value
C01934,1872.09,Very High Value
C01935,1725.08,Very High Value
C01936,905.66,Low Value
C01937,1889.56,Very High Value
C01938,871.36,Low Value
C01939,1061.94,Medium Value
C01940,952.0,Low Value
C01941,1322.53,Medium Value
C01942,1351.7,Medium Value
C01943,1723.37,Very High Value
C01944,1417.93,High Value
C01945,1017.26,Low Value
C01946,438.0,Low Value
C01947,852.88,Low Value
C01948,1226.72,Medium Value
C01949,1901.92,Very High Value
C01950,1676.42,High Value
C01951,1298.82,Medium Value
C01952,1174.37,Medium Value
C01953,898.11,Low Value
C01954,1431.57,High Value
C01955,1193.29,Medium Value
C01956,1014.42,Low Value
C01957,1733.34,Very High Value
C01958,916.98,Low Value
C01959,882.77,Low Value
C01960,1661.42,High Value
C01961,1317.87,Medium Value
C01962,1261.59,Medium Value
C01963,1777.94,Very High Value
C01964,1765.06,Very High Value
C01965,1858.99,Very High Value
C01966,1313.08,Medium Value
C01967,1957.31,Very High Value
C01968,2052.31,Very High Value
C01969,1962.93,Very High Value
C01970,1274.78,Medium Value
C01971,1479.84,High Value
C01972,467.85,Low Value
C01973,1399.81,High Value
C01974,907.97,Low Value
C01975,860.85,Low Value
C01976,1164.44,Medium Value
C01977,1240.63,Medium Value
C01978,410.75,Low Value
C01979,637.36,Low Value
C01980,972.6,Low Value
C01981,476.68,Low Value
C01982,1535.24,High Value
C01983,1078.92,Medium Value
C01984,2000.3,Very High Value
C01985,1466.13,High Value
C01986,1854.31,Very High Value
C01987,1099.29,Medium Value
C01988,1436.67,High Value
C01989,1474.0,High Value
C01990,636.73,Low Value
C01991,1680.17,High Value
C01992,1619.83,High Value
C01993,1053.16,Medium Value
C01994,1103.29,Medium Value
C01995,2028.27,Very High Value
C01996,1334.84,Medium Value
C01997,1437.56,High Value
C01998,1176.09,Medium Value
C01999,1253.3,Medium Value
C02000,1400.06,High Value
C02001,922.64,Low Value
C02002,1508.26,High Value
C02003,1513.48,High Value
C02004,857.63,Low Value
C02005,1779.37,Very High Value
C02006,979.66,Low Value
C02007,1250.82,Medium Value
C02008,601.87,Low Value
C02009,972.16,Low Value
C02010,1153.66,Medium Value
C02011,1452.16,High Value
C02012,1551.13,High Value
C02013,1040.58,Medium Value
C02014,1195.34,Medium Value
C02015,1241.34,Medium Value
C02016,1751.4,Very High Value
C02017,1404.19,High Value
C02018,1424.27,High Value
C02019,2056.14,Very High Value
C02020,1193.49,Medium Value
C02021,1158.66,Medium Value
C02022,1344.96,Medium Value
C02023,902.99,Low Value
C02024,1409.82,High Value
C02025,1780.4,Very High Value
C02026,1093.86,Medium Value
C02027,1845.52,Very High Value
C02028,915.84,Low Value
C02029,1482.7,High Value
C02030,1705.83,Very High Value
C02031,876.54,Low Value
C02032,1346.9,Medium Value
C02033,1830.48,Very High Value
C02034,1753.0,Very High Value
C02035,1269.72,Medium Value
C02036,1187.49,Medium Value
C02037,1208.04,Medium Value
C02038,1182.41,Medium Value
C02039,1833.03,Very High Value
C02040,1493.08,High Value
C02041,895.66,Low Value
C02042,1581.2,High Value
C02043,1469.72,High Value
C02044,1031.04,Low Value
C02045,1767.95,Very High Value
C02046,1648.48,High Value
C02047,1353.43,Medium Value
C02048,1399.76,High Value
C02049,1166.61,Medium Value
C02050,818.76,Low Value
C02051,1306.35,Medium Value
C02052,874.74,Low Value
C02053,996.16,Low Value
C02054,1434.23,High Value
C02055,1346.73,Medium Value
C02056,794.23,Low Value
C02057,870.01,Low Value
C02058,1792.19,Very High Value
C02059,1257.51,Medium Value
C02060,1295.0,Medium Value
C02061,1662.58,High Value
C02062,1808.02,Very High Value
C02063,1481.77,High Value
C02064,1070.2,Medium Value
C02065,1324.13,Medium Value
C02066,1407.03,High Value
C02067,1586.61,High Value
C02068,1336.58,Medium Value
C02069,1448.44,High Value
C02070,1509.51,High Value
C02071,835.68,Low Value
C02072,955.31,Low Value
C02073,1707.23,Very High Value
C02074,836.83,Low Value
C02075,1436.27,High Value
C02076,1374.46,High Value
C02077,982.76,Low Value
C02078,1785.79,Very High Value
C02079,944.86,Low Value
C02080,1854.13,Very High Value
C02081,1009.36,Low Value
C02082,1522.77,High Value
C02083,1697.44,Very High Value
C02084,970.76,Low Value
C02085,1423.45,High Value
C02086,1164.9,Medium Value
C02087,1574.67,High Value
C02088,1726.61,Very High Value
C02089,1607.3,High Value
C02090,1660.21,High Value
C02091,1236.79,Medium Value
C02092,1147.74,Medium Value
C02093,1804.61,Very High Value
C02094,1713.68,Very High Value
C02095,1520.26,High Value
C02096,1643.94,High Value
C02097,918.26,Low Value
C02098,1837.19,Very High Value
C02099,1255.33,Medium Value
C02100,1723.4,Very High Value
C02101,730.24,Low Value
C02102,968.3,Low Value
C02103,1820.58,Very High Value
C02104,1261.89,Medium Value
C02105,1366.31,High Value
C02106,1596.63,High Value
C02107,1075.75,Medium Value
C02108,1689.22,Very High Value
C02109,1561.24,High Value
C02110,1212.68,Medium Value
C02111,1702.97,Very High Value
C02112,1879.2,Very High Value
C02113,1761.41,Very High Value
C02114,774.09,Low Value
C02115,1659.74,High Value
C02116,1645.46,High Value
C02117,1569.65,High Value
C02118,1784.49,Very High Value
C02119,1989.19,Very High Value
C02120,1334.94,Medium Value
C02121,1785.83,Very High Value
C02122,1411.49,High Value
C02123,1510.04,High Value
C02124,1507.98,High Value
C02125,1082.93,Medium Value
C02126,1851.08,Very High Value
C02127,1517.18,High Value
C02128,1396.9,High Value
C02129,1476.49,High Value
C02130,1795.08,Very High Value
C02131,1900.89,Very High Value
C02132,905.79,Low Value
C02133,1070.63,Medium Value
C02134,1069.06,Medium Value
C02135,1914.74,Very High Value
C02136,1226.46,Medium Value
C02137,1398.27,High Value
C02138,1843.74,Very High Value
C02139,1522.89,High Value
C02140,1599.0,High Value
C02141,1538.33,High Value
C02142,972.42,Low Value
C02143,1150.26,Medium Value
C02144,1298.08,Medium Value
C02145,1826.55,Very High Value
C02146,1735.35,Very High Value
C02147,1226.01,Medium Value
C02148,1389.0,High Value
C02149,1842.4,Very High Value
C02150,1648.2,High Value
C02151,1024.06,Low Value
C02152,1813.07,Very High Value
C02153,1179.07,Medium Value
C02154,981.31,Low Value
C02155,1880.12,Very High Value
C02156,611.67,Low Value
C02157,1121.59,Medium Value
C02158,1266.05,Medium Value
C02159,1210.45,Medium Value
C02160,1220.64,Medium Value
C02161,1425.12,High Value
C02162,1175.42,Medium Value
C02163,1984.63,Very High Value
C02164,1827.38,Very High Value
C02165,1943.83,Very High Value
C02166,1486.36,High Value
C02167,893.39,Low Value
C02168,1496.61,High Value
C02169,1506.45,High Value
C02170,1506.76,High Value
C02171,1828.01,Very High Value
C02172,1089.23,Medium Value
C02173,1926.04,Very High Value
C02174,1321.86,Medium Value
C02175,1592.3,High Value
C02176,1594.82,High Value
C02177,1575.51,High Value
C02178,1551.93,High Value
C02179,1705.48,Very High Value
C02180,1132.06,Medium Value
C02181,1536.33,High Value
C02182,1458.55,High Value
C02183,1387.25,High Value
C02184,1148.05,Medium Value
C02185,1424.15,High Value
C02186,1331.02,Medium Value
C02187,1615.7,High Value
C02188,2010.19,Very High Value
C02189,1722.3,Very High Value
C02190,1577.92,High Value
C02191,1829.48,Very High Value
C02192,1817.79,Very High Value
C02193,1643.67,High Value
C02194,1561.13,High Value
C02195,1574.88,High Value
C02196,1014.86,Low Value
C02197,1350.44,Medium Value
C02198,1720.88,Very High Value
C02199,1371.71,High Value
C02200,1825.86,Very High Value
C02201,1521.35,High Value
C02202,940.2,Low Value
C02203,1223.6,Medium Value
C02204,1661.28,High Value
C02205,1346.42,Medium Value
C02206,1076.41,Medium Value
C02207,1507.9,High Value
C02208,1098.22,Medium Value
C02209,1640.44,High Value
C02210,1414.42,High Value
C02211,1885.71,Very High Value
C02212,1143.01,Medium Value
C02213,1480.42,High Value
C02214,1454.44,High Value
C02215,1853.37,Very High Value
C02216,2004.35,Very High Value
C02217,1214.56,Medium Value
C02218,535.77,Low Value
C02219,1668.53,High Value
C02220,1264.12,Medium Value
C02221,1447.98,High Value
C02222,1909.07,Very High Value
C02223,953.62,Low Value
C02224,1648.45,High Value
C02225,1630.14,High Value
C02226,1686.83,High Value
C02227,1040.6,Medium Value
C02228,1416.46,High Value
C02229,1713.07,Very High Value
C02230,1615.52,High Value
C02231,1840.38,Very High Value
C02232,1260.66,Medium Value
C02233,953.8,Low Value
C02234,1167.06,Medium Value
C02235,970.77,Low Value
C02236,1028.47,Low Value
C02237,982.52,Low Value
C02238,1552.55,High Value
C02239,1769.66,Very High Value
C02240,1974.86,Very High Value
C02241,1825.15,Very High Value
C02242,1713.36,Very High Value
C02243,1337.3,Medium Value
C02244,1062.19,Medium Value
C02245,1675.44,High Value
C02246,1349.42,Medium Value
C02247,639.64,Low Value
C02248,1912.88,Very High Value
C02249,835.04,Low Value
C02250,1913.14,Very High Value
C02251,1746.88,Very High Value
C02252,1813.31,Very High Value
C02253,532.03,Low Value
C02254,1361.05,High Value
C02255,1551.59,High Value
C02256,1680.07,High Value
C02257,1018.21,Low Value
C02258,1320.42,Medium Value
C02259,946.37,Low Value
C02260,1388.99,High Value
C02261,1794.65,Very High Value
C02262,1972.42,Very High Value
C02263,1905.47,Very High Value
C02264,1925.62,Very High Value
C02265,2038.43,Very High Value
C02266,1647.48,High Value
C02267,1093.76,Medium Value
C02268,451.86,Low Value
C02269,1869.99,Very High Value
C02270,1722.61,Very High Value
C02271,1820.11,Very High Value
C02272,972.92,Low Value
C02273,1730.14,Very High Value
C02274,1981.72,Very High Value
C02275,1497.65,High Value
C02276,1884.9,Very High Value
C02277,820.07,Low Value
C02278,1306.85,Medium Value
C02279,1720.63,Very High Value
C02280,949.57,Low Value
C02281,1388.59,High Value
C02282,1400.83,High Value
C02283,1160.05,Medium Value
C02284,1911.39,Very High Value
C02285,1605.26,High Value
C02286,439.5,Low Value
C02287,1317.07,Medium Value
C02288,1177.38,Medium Value
C02289,1365.76,High Value
C02290,1886.44,Very High Value
C02291,1487.86,High Value
C02292,1985.41,Very High Value
C02293,1217.95,Medium Value
C02294,1043.16,Medium Value
C02295,1798.1,Very High Value
C02296,974.52,Low Value
C02297,1771.34,Very High Value
C02298,1782.89,Very High Value
C02299,1168.12,Medium Value
C02300,1277.64,Medium Value
C02301,1791.6,Very High Value
C02302,1696.29,Very High Value
C02303,1535.16,High Value
C02304,1595.56,High Value
C02305,1115.42,Medium Value
C02306,1474.53,High Value
C02307,1025.88,Low Value
C02308,944.45,Low Value
C02309,1149.86,Medium Value
C02310,678.17,Low Value
C02311,1784.75,Very High Value
C02312,1113.29,Medium Value
C02313,542.91,Low Value
C02314,1674.75,High Value
C02315,1771.36,Very High Value
C02316,941.76,Low Value
C02317,1355.37,Medium Value
C02318,1321.08,Medium Value
C02319,1025.32,Low Value
C02320,1656.52,High Value
C02321,1405.21,High Value
C02322,1690.76,Very High Value
C02323,566.22,Low Value
C02324,1736.5,Very High Value
C02325,1667.26,High Value
C02326,523.94,Low Value
C02327,1795.95,Very High Value
C02328,1569.73,High Value
C02329,1875.08,Very High Value
C02330,1536.58,High Value
C02331,1552.75,High Value
C02332,1839.98,Very High Value
C02333,883.97,Low Value
C02334,1424.22,High Value
C02335,1746.37,Very High Value
C02336,1345.08,Medium Value
C02337,1453.09,High Value
C02338,1484.37,High Value
C02339,1701.41,Very High Value
C02340,1527.64,High Value
C02341,1540.27,High Value
C02342,1992.66,Very High Value
C02343,1694.59,Very High Value
C02344,716.64,Low Value
C02345,1917.76,Very High Value
C02346,1559.21,High Value
C02347,1039.33,Medium Value
C02348,1833.66,Very High Value
C02349,1848.76,Very High Value
C02350,1242.53,Medium Value
C02351,1302.05,Medium Value
C02352,1751.98,Very High Value
C02353,1270.67,Medium Value
C02354,1727.66,Very High Value
C02355,875.32,Low Value
C02356,1730.9,Very High Value
C02357,1515.22,High Value
C02358,1461.25,High Value
C02359,1479.52,High Value
C02360,1611.05,High Value
C02361,1775.57,Very High Value
C02362,1882.45,Very High Value
C02363,1636.12,High Value
C02364,1841.64,Very High Value
C02365,1210.82,Medium Value
C02366,1444.49,High Value
C02367,1587.04,High Value
C02368,1560.42,High Value
C02369,1469.55,High Value
C02370,1645.74,High Value
C02371,1784.88,Very High Value
C02372,1399.28,High Value
C02373,1434.88,High Value
C02374,1534.78,High Value
C02375,1720.6,Very High Value
C02376,895.73,Low Value
C02377,1110.95,Medium Value
C02378,1187.85,Medium Value
C02379,1816.97,Very High Value
C02380,1538.06,High Value
C02381,1719.41,Very High Value
C02382,1561.35,High Value
C02383,1083.51,Medium Value
C02384,1664.69,High Value
C02385,1702.69,Very High Value
C02386,1833.23,Very High Value
C02387,1728.71,Very High Value
C02388,1547.88,High Value
C02389,1872.75,Very High Value
C02390,1662.56,High Value
C02391,1668.23,High Value
C02392,1706.86,Very High Value
C02393,1776.71,Very High Value
C02394,1059.69,Medium Value
C02395,1787.17,Very High Value
C02396,1417.62,High Value
C02397,1500.41,High Value
C02398,1733.81,Very High Value
C02399,857.72,Low Value
C02400,1992.65,Very High Value
C02401,1624.75,High Value
C02402,1828.03,Very High Value
C02403,1500.63,High Value
C02404,946.74,Low Value
C02405,1899.91,Very High Value
C02406,1669.82,High Value
C02407,1845.27,Very High Value
C02408,1519.76,High Value
C02409,796.24,Low Value
C02410,1670.23,High Value
C02411,1672.66,High Value
C02412,1299.28,Medium Value
C02413,1613.44,High Value
C02414,1213.15,Medium Value
C02415,1557.4,High Value
C02416,1782.4,Very High Value
C02417,1248.11,Medium Value
C02418,1529.75,High Value
C02419,1138.12,Medium Value
C02420,1512.49,High Value
C02421,1475.83,High Value
C02422,1884.59,Very High Value
C02423,1648.58,High Value
C02424,1408.74,High Value
C02425,2056.52,Very High Value
C02426,1539.77,High Value
C02427,504.4,Low Value
C02428,1630.54,High Value
C02429,1020.57,Low Value
C02430,1416.36,High Value
C02431,1309.04,Medium Value
C02432,1029.73,Low Value
C02433,1676.19,High Value
C02434,1599.12,High Value
C02435,1956.31,Very High Value
C02436,778.22,Low Value
C02437,1409.5,High Value
C02438,1812.71,Very High Value
C02439,1823.72,Very High Value
C02440,1448.07,High Value
C02441,1508.49,High Value
C02442,1576.87,High Value
C02443,1653.49,High Value
C02444,1797.94,Very High Value
C02445,1117.73,Medium Value
C02446,1508.18,High Value
C02447,1586.45,High Value
C02448,1552.87,High Value
C02449,645.0,Low Value
C02450,1588.24,High Value
C02451,1462.53,High Value
C02452,1025.75,Low Value
C02453,1661.02,High Value
C02454,1576.11,High Value
C02455,1217.67,Medium Value
C02456,1332.82,Medium Value
C02457,943.87,Low Value
C02458,1730.53,Very High Value
C02459,840.39,Low Value
C02460,1356.8,Medium Value
C02461,1758.62,Very High Value
C02462,1766.26,Very High Value
C02463,1782.52,Very High Value
C02464,1759.8,Very High Value
C02465,1507.41,High Value
C02466,1129.05,Medium Value
C02467,1100.83,Medium Value
C02468,1584.95,High Value
C02469,1852.99,Very High Value
C02470,1220.67,Medium Value
C02471,1804.3,Very High Value
C02472,1763.91,Very High Value
C02473,1797.71,Very High Value
C02474,1315.29,Medium Value
C02475,1045.48,Medium Value
C02476,1703.34,Very High Value
C02477,1754.44,Very High Value
C02478,1521.56,High Value
C02479,1448.37,High Value
C02480,1599.08,High Value
C02481,517.1,Low Value
C02482,849.5,Low Value
C02483,1394.99,High Value
C02484,1638.08,High Value
C02485,1345.55,Medium Value
C02486,829.44,Low Value
C02487,846.25,Low Value
C02488,1503.27,High Value
C02489,1357.93,Medium Value
C02490,1154.99,Medium Value
C02491,1483.07,High Value
C02492,1645.95,High Value
C02493,1792.36,Very High Value
C02494,1455.98,High Value
C02495,1935.9,Very High Value
C02496,1334.27,Medium Value
C02497,1820.11,Very High Value
C02498,1786.48,Very High Value
C02499,1910.5,Very High Value
C02500,1053.35,Medium Value
C02501,1452.34,High Value
C02502,1911.22,Very High Value
C02503,1665.34,High Value
C02504,1830.16,Very High Value
C02505,1975.5,Very High Value
C02506,1650.99,High Value
C02507,1651.5,High Value
C02508,1985.13,Very High Value
C02509,486.58,Low Value
C02510,1614.73,High Value
C02511,1485.28,High Value
C02512,1855.86,Very High Value
C02513,1633.81,High Value
C02514,986.32,Low Value
C02515,1341.09,Medium Value
C02516,1326.38,Medium Value
C02517,1415.68,High Value
C02518,1815.32,Very High Value
C02519,1500.07,High Value
C02520,1674.7,High Value
C02521,1911.43,Very High Value
C02522,1489.14,High Value
C02523,1370.86,High Value
C02524,1566.35,High Value
C02525,1530.82,High Value
C02526,1687.75,High Value
C02527,1729.3,Very High Value
C02528,2001.99,Very High Value
C02529,1531.61,High Value
C02530,983.26,Low Value
C02531,1166.01,Medium Value
C02532,1398.04,High Value
C02533,1767.28,Very High Value
C02534,1667.1,High Value
C02535,1510.32,High Value
C02536,2049.68,Very High Value
C02537,1382.1,High Value
C02538,1346.5,Medium Value
C02539,1452.1,High Value
C02540,1233.63,Medium Value
C02541,1412.16,High Value
C02542,1866.86,Very High Value
C02543,1594.69,High Value
C02544,1200.55,Medium Value
C02545,1621.06,High Value
C02546,1507.93,High Value
C02547,1476.75,High Value
C02548,1396.2,High Value
C02549,1582.12,High Value
C02550,1588.05,High Value
C02551,1848.96,Very High Value
C02552,1452.25,High Value
C02553,1686.3,High Value
C02554,1590.58,High Value
C02555,1708.67,Very High Value
C02556,652.1,Low Value
C02557,1583.53,High Value
C02558,1777.99,Very High Value
C02559,1267.4,Medium Value
C02560,1226.36,Medium Value
C02561,1162.84,Medium Value
C02562,1823.94,Very High Value
C02563,1157.7,Medium Value
C02564,1495.74,High Value
C02565,1306.26,Medium Value
C02566,1816.13,Very High Value
C02567,1470.95,High Value
C02568,1587.31,High Value
C02569,1065.08,Medium Value
C02570,838.62,Low Value
C02571,1616.8,High Value
C02572,1385.47,High Value
C02573,1673.99,High Value
C02574,1589.31,High Value
C02575,1663.9,High Value
C02576,1580.37,High Value
C02577,1142.39,Medium Value
C02578,1697.43,Very High Value
C02579,1643.72,High Value
C02580,1412.77,High Value
C02581,535.5,Low Value
C02582,797.37,Low Value
C02583,1606.11,High Value
C02584,909.27,Low Value
C02585,1875.63,Very High Value
C02586,1153.26,Medium Value
C02587,977.18,Low Value
C02588,1432.81,High Value
C02589,1418.6,High Value
C02590,1543.77,High Value
C02591,1230.24,Medium Value
C02592,1563.1,High Value
C02593,1868.25,Very High Value
C02594,1208.4,Medium Value
C02595,1577.52,High Value
C02596,1607.88,High Value
C02597,959.69,Low Value
C02598,1786.83,Very High Value
C02599,1812.75,Very High Value
C02600,981.01,Low Value
C02601,1739.01,Very High Value
C02602,1895.18,Very High Value
C02603,1646.86,High Value
C02604,1946.3,Very High Value
C02605,1034.77,Low Value
C02606,1420.88,High Value
C02607,1120.46,Medium Value
C02608,1075.07,Medium Value
C02609,1223.01,Medium Value
C02610,1380.62,High Value
C02611,1601.89,High Value
C02612,1697.36,Very High Value
C02613,1774.38,Very High Value
C02614,1701.43,Very High Value
C02615,1198.49,Medium Value
C02616,1303.28,Medium Value
C02617,1617.98,High Value
C02618,1925.16,Very High Value
C02619,1817.66,Very High Value
C02620,1834.9,Very High Value
C02621,1320.82,Medium Value
C02622,978.56,Low Value
C02623,997.06,Low Value
C02624,1366.94,High Value
C02625,1867.88,Very High Value
C02626,1350.1,Medium Value
C02627,1816.93,Very High Value
C02628,1412.08,High Value
C02629,1647.01,High Value
C02630,1658.0,High Value
C02631,1656.33,High Value
C02632,1534.97,High Value
C02633,1728.19,Very High Value
C02634,765.81,Low Value
C02635,1744.66,Very High Value
C02636,1168.46,Medium Value
C02637,1321.19,Medium Value
C02638,1570.29,High Value
C02639,1664.53,High Value
C02640,753.37,Low Value
C02641,1045.27,Medium Value
C02642,1879.08,Very High Value
C02643,1855.03,Very High Value
C02644,1293.64,Medium Value
C02645,1100.25,Medium Value
C02646,1601.02,High Value
C02647,1876.09,Very High Value
C02648,1744.22,Very High Value
C02649,1346.46,Medium Value
C02650,1897.64,Very High Value
C02651,1951.61,Very High Value
C02652,1557.16,High Value
C02653,1215.15,Medium Value
C02654,1822.21,Very High Value
C02655,1851.99,Very High Value
C02656,1772.5,Very High Value
C02657,1306.55,Medium Value
C02658,1277.05,Medium Value
C02659,1546.38,High Value
C02660,1608.68,High Value
C02661,1748.7,Very High Value
C02662,1248.1,Medium Value
C02663,1238.94,Medium Value
C02664,2060.89,Very High Value
C02665,1326.6,Medium Value
C02666,1695.2,Very High Value
C02667,1310.29,Medium Value
C02668,1446.34,High Value
C02669,1365.39,High Value
C02670,1110.62,Medium Value
C02671,1721.62,Very High Value
C02672,1557.59,High Value
C02673,1843.0,Very High Value
C02674,810.8,Low Value
C02675,1490.15,High Value
C02676,1732.64,Very High Value
C02677,1090.02,Medium Value
C02678,1642.41,High Value
C02679,1755.05,Very High Value
C02680,1678.12,High Value
C02681,1812.27,Very High Value
C02682,1626.1,High Value
C02683,1778.04,Very High Value
C02684,1213.31,Medium Value
C02685,1064.8,Medium Value
C02686,1567.43,High Value
C02687,1536.99,High Value
C02688,1574.08,High Value
C02689,1656.45,High Value
C02690,1338.93,Medium Value
C02691,1694.22,Very High Value
C02692,1395.8,High Value
C02693,1658.66,High Value
C02694,1789.83,Very High Value
C02695,1901.6,Very High Value
C02696,1058.86,Medium Value
C02697,1636.22,High Value
C02698,1855.76,Very High Value
C02699,1731.03,Very High Value
C02700,1719.15,Very High Value
C02701,893.2,Low Value
C02702,946.82,Low Value
C02703,1046.93,Medium Value
C02704,2018.08,Very High Value
C02705,1674.36,High Value
C02706,1792.23,Very High Value
C02707,1546.05,High Value
C02708,1971.65,Very High Value
C02709,1524.84,High Value
C02710,1437.08,High Value
C02711,1299.13,Medium Value
C02712,1593.79,High Value
C02713,1409.32,High Value
C02714,1847.5,Very High Value
C02715,1615.49,High Value
C02716,584.67,Low Value
C02717,1957.53,Very High Value
C02718,1447.98,High Value
C02719,1613.83,High Value
C02720,864.51,Low Value
C02721,1450.46,High Value
C02722,1526.13,High Value
C02723,1571.68,High Value
C02724,595.21,Low Value
C02725,1692.44,Very High Value
C02726,1671.45,High Value
C02727,1625.84,High Value
C02728,1458.0,High Value
C02729,1680.68,High Value
C02730,1606.49,High Value
C02731,1611.29,High Value
C02732,1346.48,Medium Value
C02733,1370.87,High Value
C02734,1394.52,High Value
C02735,1545.63,High Value
C02736,1703.25,Very High Value
C02737,1651.98,High Value
C02738,735.28,Low Value
C02739,1035.36,Low Value
C02740,1738.5,Very High Value
C02741,1450.05,High Value
C02742,1590.78,High Value
C02743,1285.95,Medium Value
C02744,904.38,Low Value
C02745,1771.05,Very High Value
C02746,1843.93,Very High Value
C02747,1326.82,Medium Value
C02748,1734.38,Very High Value
C02749,1357.75,Medium Value
C02750,649.72,Low Value
C02751,1471.56,High Value
C02752,1436.12,High Value
C02753,1565.59,High Value
C02754,1399.31,High Value
C02755,1630.56,High Value
C02756,918.96,Low Value
C02757,1069.41,Medium Value
C02758,1985.36,Very High Value
C02759,1348.41,Medium Value
C02760,1413.73,High Value
C02761,1400.1,High Value
C02762,1556.52,High Value
C02763,2055.86,Very High Value
C02764,1674.78,High Value
C02765,1415.15,High Value
C02766,1620.49,High Value
C02767,1986.13,Very High Value
C02768,1594.14,High Value
C02769,1155.34,Medium Value
C02770,2055.87,Very High Value
C02771,1108.12,Medium Value
C02772,1449.71,High Value
C02773,1460.82,High Value
C02774,1670.03,High Value
C02775,772.81,Low Value
C02776,1618.43,High Value
C02777,1101.08,Medium Value
C02778,1510.45,High Value
C02779,1511.88,High Value
C02780,1794.82,Very High Value
C02781,1253.4,Medium Value
C02782,838.82,Low Value
C02783,1925.55,Very High Value
C02784,1676.02,High Value
C02785,2006.99,Very High Value
C02786,1721.81,Very High Value
C02787,1742.25,Very High Value
C02788,1235.89,Medium Value
C02789,1650.55,High Value
C02790,1380.8,High Value
C02791,1777.18,Very High Value
C02792,1125.37,Medium Value
C02793,1174.27,Medium Value
C02794,1782.19,Very High Value
C02795,1444.33,High Value
C02796,922.91,Low Value
C02797,1851.13,Very High Value
C02798,1594.81,High Value
C02799,1562.31,High Value
C02800,1848.17,Very High Value
C02801,1793.33,Very High Value
C02802,1844.68,Very High Value
C02803,1352.52,Medium Value
C02804,1149.62,Medium Value
C02805,1366.33,High Value
C02806,1804.45,Very High Value
C02807,1040.61,Medium Value
C02808,1449.33,High Value
C02809,1783.21,Very High Value
C02810,1623.29,High Value
C02811,1690.4,Very High Value
C02812,1625.35,High Value
C02813,1501.5,High Value
C02814,979.96,Low Value
C02815,1328.68,Medium Value
C02816,1790.33,Very High Value
C02817,1682.91,High Value
C02818,1870.42,Very High Value
C02819,1946.38,Very High Value
C02820,1611.98,High Value
C02821,1375.14,High Value
C02822,1977.0,Very High Value
C02823,1780.32,Very High Value
C02824,1489.89,High Value
C02825,1694.24,Very High Value
C02826,1299.76,Medium Value
C02827,1756.95,Very High Value
C02828,1822.6,Very High Value
C02829,1815.56,Very High Value
C02830,1500.26,High Value
C02831,1368.65,High Value
C02832,1641.22,High Value
C02833,1845.9,Very High Value
C02834,1838.33,Very High Value
C02835,893.0,Low Value
C02836,1333.23,Medium Value
C02837,1791.54,Very High Value
C02838,1073.57,Medium Value
C02839,1611.43,High Value
C02840,910.17,Low Value
C02841,1437.73,High Value
C02842,977.85,Low Value
C02843,1573.96,High Value
C02844,1326.18,Medium Value
C02845,1324.24,Medium Value
C02846,1007.77,Low Value
C02847,1617.92,High Value
C02848,1870.69,Very High Value
C02849,801.42,Low Value
C02850,1968.18,Very High Value
C02851,1331.82,Medium Value
C02852,1875.21,Very High Value
C02853,1715.73,Very High Value
C02854,1497.59,High Value
C02855,1732.1,Very High Value
C02856,1554.24,High Value
C02857,1538.62,High Value
C02858,1030.44,Low Value
C02859,1842.83,Very High Value
C02860,1905.44,Very High Value
C02861,1970.14,Very High Value
C02862,1740.25,Very High Value
C02863,1539.26,High Value
C02864,1826.4,Very High Value
C02865,1416.27,High Value
C02866,1571.56,High Value
C02867,1690.49,Very High Value
C02868,1828.61,Very High Value
C02869,1739.65,Very High Value
C02870,1461.8,High Value
C02871,1589.52,High Value
C02872,1778.95,Very High Value
C02873,798.42,Low Value
C02874,1375.5,High Value
C02875,1550.27,High Value
C02876,1497.8,High Value
C02877,1524.19,High Value
C02878,1552.76,High Value
C02879,1756.32,Very High Value
C02880,1874.9,Very High Value
C02881,1123.99,Medium Value
C02882,1607.0,High Value
C02883,795.87,Low Value
C02884,887.86,Low Value
C02885,1540.53,High Value
C02886,701.79,Low Value
C02887,1022.63,Low Value
C02888,920.04,Low Value
C02889,1573.01,High Value
C02890,1675.44,High Value
C02891,1522.7,High Value
C02892,1544.03,High Value
C02893,1655.75,High Value
C02894,1388.08,High Value
C02895,1919.04,Very High Value
C02896,1221.4,Medium Value
C02897,1408.55,High Value
C02898,1243.66,Medium Value
C02899,1376.03,High Value
C02900,1471.86,High Value
C02901,998.94,Low Value
C02902,1522.71,High Value
C02903,1205.89,Medium Value
C02904,1455.61,High Value
C02905,1433.3,High Value
C02906,1665.7,High Value
C02907,1773.86,Very High Value
C02908,1117.92,Medium Value
C02909,1161.72,Medium Value
C02910,1779.68,Very High Value
C02911,1584.33,High Value
C02912,1657.27,High Value
C02913,1632.88,High Value
C02914,703.08,Low Value
C02915,1845.24,Very High Value
C02916,1337.59,Medium Value
C02917,2052.15,Very High Value
C02918,1453.03,High Value
C02919,1853.93,Very High Value
C02920,1984.19,Very High Value
C02921,894.06,Low Value
C02922,1332.01,Medium Value
C02923,1576.29,High Value
C02924,975.22,Low Value
C02925,1811.13,Very High Value
C02926,1385.81,High Value
C02927,1892.67,Very High Value
C02928,1655.84,High Value
C02929,1881.3,Very High Value
C02930,1669.6,High Value
C02931,1348.58,Medium Value
C02932,1145.16,Medium Value
C02933,1680.42,High Value
C02934,1410.79,High Value
C02935,1216.94,Medium Value
C02936,1565.27,High Value
C02937,1460.02,High Value
C02938,1547.59,High Value
C02939,1462.56,High Value
C02940,1760.49,Very High Value
C02941,1431.15,High Value
C02942,726.19,Low Value
C02943,1485.49,High Value
C02944,1771.73,Very High Value
C02945,1740.41,Very High Value
C02946,1463.16,High Value
C02947,1522.16,High Value
C02948,1824.48,Very High Value
C02949,712.32,Low Value
C02950,1693.08,Very High Value
C02951,1202.53,Medium Value
C02952,1912.96,Very High Value
C02953,1604.1,High Value
C02954,745.87,Low Value
C02955,1147.98,Medium Value
C02956,1713.94,Very High Value
C02957,871.61,Low Value
C02958,1943.27,Very High Value
C02959,1403.69,High Value
C02960,1596.21,High Value
C02961,1381.62,High Value
C02962,1669.62,High Value
C02963,1765.88,Very High Value
C02964,1917.89,Very High Value
C02965,1919.64,Very High Value
C02966,791.24,Low Value
C02967,829.65,Low Value
C02968,1846.9,Very High Value
C02969,1583.51,High Value
C02970,1428.01,High Value
C02971,1533.5,High Value
C02972,1369.65,High Value
C02973,1653.1,High Value
C02974,1415.94,High Value
C02975,1783.5,Very High Value
C02976,1429.52,High Value
C02977,1782.73,Very High Value
C02978,961.91,Low Value
C02979,702.46,Low Value
C02980,1901.28,Very High Value
C02981,1632.45,High Value
C02982,1518.62,High Value
C02983,650.44,Low Value
C02984,1710.48,Very High Value
C02985,1538.86,High Value
C02986,1342.62,Medium Value
C02987,1907.39,Very High Value
C02988,1825.11,Very High Value
C02989,1782.75,Very High Value
C02990,1976.13,Very High Value
C02991,1867.79,Very High Value
C02992,1879.92,Very High Value
C02993,1626.64,High Value
C02994,1531.69,High Value
C02995,1500.45,High Value
C02996,1412.67,High Value
C02997,1587.72,High Value
C02998,1583.47,High Value
C02999,1323.4,Medium Value
C03000,607.78,Low Value
C03001,1725.6,Very High Value
C03002,1814.87,Very High Value
C03003,1829.9,Very High Value
C03004,1983.68,Very High Value
C03005,1517.61,High Value
C03006,823.39,Low Value
C03007,1674.78,High Value
C03008,1561.29,High Value
C03009,1886.96,Very High Value
C03010,1706.74,Very High Value
C03011,1111.56,Medium Value
C03012,1952.81,Very High Value
C03013,1939.17,Very High Value
C03014,1424.89,High Value
C03015,1814.1,Very High Value
C03016,1586.81,High Value
C03017,2045.18,Very High Value
C03018,1483.92,High Value
C03019,1652.57,High Value
C03020,1520.03,High Value
C03021,1882.19,Very High Value
C03022,1597.03,High Value
C03023,1869.29,Very High Value
C03024,1221.69,Medium Value
C03025,1587.95,High Value
C03026,2023.42,Very High Value
C03027,1234.3,Medium Value
C03028,1768.42,Very High Value
C03029,1203.3,Medium Value
C03030,1522.1,High Value
C03031,1799.37,Very High Value
C03032,1356.97,Medium Value
C03033,1327.64,Medium Value
C03034,1263.25,Medium Value
C03035,1288.55,Medium Value
C03036,1961.4,Very High Value
C03037,1643.59,High Value
C03038,1613.47,High Value
C03039,1481.11,High Value
C03040,1626.03,High Value
C03041,1542.67,High Value
C03042,1896.45,Very High Value
C03043,1984.96,Very High Value
C03044,1741.39,Very High Value
C03045,1023.95,Low Value
C03046,1653.67,High Value
C03047,1585.5,High Value
C03048,1901.99,Very High Value
C03049,1949.64,Very High Value
C03050,1298.12,Medium Value
C03051,1433.76,High Value
C03052,936.27,Low Value
C03053,1402.5,High Value
C03054,1384.21,High Value
C03055,1700.01,Very High Value
C03056,1729.89,Very High Value
C03057,1628.81,High Value
C03058,1348.44,Medium Value
C03059,1305.16,Medium Value
C03060,1345.9,Medium Value
C03061,1491.13,High Value
C03062,1467.67,High Value
C03063,1597.8,High Value
C03064,814.84,Low Value
C03065,1534.64,High Value
C03066,1538.69,High Value
C03067,1448.65,High Value
C03068,2075.59,Very High Value
C03069,1766.69,Very High Value
C03070,709.65,Low Value
C03071,1585.07,High Value
C03072,1594.09,High Value
C03073,1725.85,Very High Value
C03074,1756.66,Very High Value
C03075,1327.32,Medium Value
C03076,1849.23,Very High Value
C03077,1980.21,Very High Value
C03078,1762.35,Very High Value
C03079,2057.25,Very High Value
C03080,1807.57,Very High Value
C03081,1791.72,Very High Value
C03082,932.05,Low Value
C03083,1725.65,Very High Value
C03084,1724.41,Very High Value
C03085,637.77,Low Value
C03086,1312.36,Medium Value
C03087,781.45,Low Value
C03088,1510.07,High Value
C03089,1541.84,High Value
C03090,1293.22,Medium Value
C03091,1679.17,High Value
C03092,1715.44,Very High Value
C03093,1685.9,High Value
C03094,1224.02,Medium Value
C03095,1840.59,Very High Value
C03096,1721.36,Very High Value
C03097,1721.45,Very High Value
C03098,1399.67,High Value
C03099,1798.8,Very High Value
C03100,1577.5,High Value
C03101,856.9,Low Value
C03102,1828.48,Very High Value
C03103,1583.56,High Value
C03104,1731.5,Very High Value
C03105,633.28,Low Value
C03106,1293.07,Medium Value
C03107,1117.92,Medium Value
C03108,1569.91,High Value
C03109,1321.39,Medium Value
C03110,1819.7,Very High Value
C03111,1155.72,Medium Value
C03112,1193.35,Medium Value
C03113,1658.11,High Value
C03114,1901.65,Very High Value
C03115,1810.75,Very High Value
C03116,1995.63,Very High Value
C03117,1630.03,High Value
C03118,1796.33,Very High Value
C03119,2003.34,Very High Value
C03120,1655.65,High Value
C03121,832.88,Low Value
C03122,1588.96,High Value
C03123,1251.35,Medium Value
C03124,1853.45,Very High Value
C03125,1766.61,Very High Value
C03126,1266.28,Medium Value
C03127,1517.14,High Value
C03128,1607.82,High Value
C03129,1791.22,Very High Value
C03130,872.87,Low Value
C03131,1912.37,Very High Value
C03132,1570.31,High Value
C03133,1605.83,High Value
C03134,1889.99,Very High Value
C03135,1365.77,High Value
C03136,1335.19,Medium Value
C03137,1310.49,Medium Value
C03138,1296.87,Medium Value
C03139,1093.76,Medium Value
C03140,1711.17,Very High Value
C03141,1976.53,Very High Value
C03142,1906.2,Very High Value
C03143,1316.75,Medium Value
C03144,1336.71,Medium Value
C03145,2001.6,Very High Value
C03146,1431.37,High Value
C03147,1670.7,High Value
C03148,681.11,Low Value
C03149,1801.19,Very High Value
C03150,1683.64,High Value
C03151,1912.74,Very High Value
C03152,1807.94,Very High Value
C03153,1680.59,High Value
C03154,1944.84,Very High Value
C03155,1461.86,High Value
C03156,1083.0,Medium Value
C03157,1861.13,Very High Value
C03158,1652.43,High Value
C03159,1493.2,High Value
C03160,1380.52,High Value
C03161,1782.28,Very High Value
C03162,1236.7,Medium Value
C03163,1572.4,High Value
C03164,1801.27,Very High Value
C03165,1933.62,Very High Value
C03166,1716.16,Very High Value
C03167,1069.59,Medium Value
C03168,1321.98,Medium Value
C03169,1658.57,High Value
C03170,1551.88,High Value
C03171,1565.42,High Value
C03172,1620.51,High Value
C03173,1217.3,Medium Value
C03174,1836.05,Very High Value
C03175,708.89,Low Value
C03176,1591.08,High Value
C03177,1911.28,Very High Value
C03178,1886.04,Very High Value
C03179,1646.12,High Value
C03180,1518.5,High Value
C03181,807.57,Low Value
C03182,2022.12,Very High Value
C03183,2004.36,Very High Value
C03184,1615.47,High Value
C03185,1561.58,High Value
C03186,1750.37,Very High Value
C03187,1291.94,Medium Value
C03188,1873.39,Very High Value
C03189,1850.9,Very High Value
C03190,1431.73,High Value
C03191,1871.88,Very High Value
C03192,2018.39,Very High Value
C03193,1966.91,Very High Value
C03194,1786.02,Very High Value
C03195,1856.37,Very High Value
C03196,1626.19,High Value
C03197,1816.95,Very High Value
C03198,1737.1,Very High Value
C03199,1764.0,Very High Value
C03200,1607.55,High Value
C03201,1693.86,Very High Value
C03202,1873.8,Very High Value
C03203,1699.91,Very High Value
C03204,1847.35,Very High Value
C03205,1748.79,Very High Value
C03206,1825.53,Very High Value
C03207,1699.3,Very High Value
C03208,1642.09,High Value
C03209,1904.84,Very High Value
C03210,2037.09,Very High Value
C03211,2006.55,Very High Value
C03212,1910.21,Very High Value
C03213,1809.22,Very High Value
C03214,1929.46,Very High Value
C03215,1941.68,Very High Value
C03216,1998.77,Very High Value
C03217,1628.53,High Value
C03218,1555.11,High Value
C03219,1526.72,High Value
C03220,1792.11,Very High Value
C03221,1917.23,Very High Value
C03222,2016.19,Very High Value
C03223,1586.44,High Value
C03224,1830.15,Very High Value
C03225,1945.55,Very High Value
C03226,1976.51,Very High Value
C03227,1677.29,High Value
C03228,1776.6,Very High Value
C03229,1555.62,High Value
C03230,1774.66,Very High Value
C03231,1963.26,Very High Value
C03232,2034.47,Very High Value
C03233,1673.62,High Value
C03234,1837.77,Very High Value
C03235,1736.52,Very High Value
C03236,1630.08,High Value
C03237,1997.69,Very High Value
C03238,1758.71,Very High Value
C03239,1747.85,Very High Value
C03240,1422.93,High Value
C03241,1768.2,Very High Value
C03242,1739.9,Very High Value
C03243,1945.01,Very High Value
C03244,1794.27,Very High Value
C03245,1360.38,High Value
C03246,1714.29,Very High Value
C03247,710.03,Low Value
C03248,1946.59,Very High Value
C03249,1771.34,Very High Value
C03250,1769.91,Very High Value
C03251,1427.98,High Value
C03252,1933.83,Very High Value
C03253,1652.45,High Value
C03254,1716.38,Very High Value
C03255,2017.3,Very High Value
C03256,1887.11,Very High Value
C03257,1725.41,Very High Value
C03258,2003.28,Very High Value
C03259,1880.67,Very High Value
C03260,1683.25,High Value
C03261,1836.53,Very High Value
C03262,1258.33,Medium Value
C03263,814.31,Low Value
C03264,1876.9,Very High Value
C03265,1726.06,Very High Value
C03266,1718.08,Very High Value
C03267,2028.68,Very High Value
C03268,1997.52,Very High Value
C03269,1957.27,Very High Value
C03270,1611.5,High Value
C03271,1826.34,Very High Value
C03272,1758.47,Very High Value
C03273,1917.88,Very High Value
C03274,1806.07,Very High Value
C03275,1774.69,Very High Value
C03276,1605.67,High Value
C03277,1708.36,Very High Value
C03278,1621.73,High Value
C03279,1685.68,High Value
C03280,1761.0,Very High Value
C03281,1932.24,Very High Value
C03282,1931.78,Very High Value
C03283,748.13,Low Value
C03284,1642.03,High Value
C03285,1950.2,Very High Value
C03286,1414.59,High Value
C03287,1726.9,Very High Value
C03288,1970.47,Very High Value
C03289,1843.7,Very High Value
C03290,2049.84,Very High Value
C03291,1546.18,High Value
C03292,1946.22,Very High Value
C03293,1937.88,Very High Value
C03294,1848.11,Very High Value
C03295,2002.88,Very High Value
C03296,1678.77,High Value
C03297,1785.33,Very High Value
C03298,1877.59,Very High Value
C03299,1812.6,Very High Value
C03300,1346.16,Medium Value
C03301,1900.54,Very High Value
C03302,1563.34,High Value
C03303,1092.63,Medium Value
C03304,1796.41,Very High Value
C03305,1604.04,High Value
C03306,1756.31,Very High Value
C03307,1858.14,Very High Value
C03308,1786.09,Very High Value
C03309,1808.18,Very High Value
C03310,1741.96,Very High Value
C03311,1992.63,Very High Value
C03312,1737.26,Very High Value
C03313,688.94,Low Value
C03314,1781.05,Very High Value
C03315,803.78,Low Value
C03316,2009.81,Very High Value
C03317,1532.92,High Value
C03318,1939.47,Very High Value
C03319,1437.14,High Value
C03320,1776.56,Very High Value
C03321,1839.07,Very High Value
C03322,1990.12,Very High Value
C03323,1977.59,Very High Value
C03324,1481.41,High Value
C03325,2003.7,Very High Value
C03326,746.62,Low Value
C03327,1651.9,High Value
C03328,1812.33,Very High Value
C03329,1532.85,High Value
C03330,782.26,Low Value
C03331,2052.52,Very High Value
C03332,1922.75,Very High Value
C03333,1813.38,Very High Value
C03334,1445.98,High Value
C03335,1822.18,Very High Value
C03336,1629.64,High Value
C03337,1902.26,Very High Value
C03338,783.65,Low Value
C03339,1694.92,Very High Value
C03340,1783.39,Very High Value
C03341,1961.5,Very High Value
C03342,1599.93,High Value
C03343,851.02,Low Value
C03344,1658.32,High Value
C03345,1877.37,Very High Value
C03346,1717.36,Very High Value
C03347,1827.47,Very High Value
C03348,1272.08,Medium Value
C03349,1598.61,High Value
C03350,1586.1,High Value
C03351,1798.01,Very High Value
C03352,1962.55,Very High Value
C03353,1581.81,High Value
C03354,1757.14,Very High Value
C03355,1739.81,Very High Value
C03356,1902.34,Very High Value
C03357,1441.28,High Value
C03358,1705.21,Very High Value
C03359,1924.02,Very High Value
C03360,1620.62,High Value
C03361,1781.68,Very High Value
C03362,1784.45,Very High Value
C03363,2087.84,Very High Value
C03364,1876.51,Very High Value
C03365,1883.96,Very High Value
C03366,1507.76,High Value
C03367,2018.72,Very High Value
C03368,1625.87,High Value
C03369,1700.08,Very High Value
C03370,1790.62,Very High Value
C03371,1727.37,Very High Value
C03372,1933.79,Very High Value
C03373,1669.75,High Value
C03374,1920.64,Very High Value
C03375,1920.28,Very High Value
C03376,1823.21,Very High Value
C03377,1791.36,Very High Value
C03378,1711.53,Very High Value
C03379,1675.1,High Value
C03380,1670.12,High Value
C03381,1742.29,Very High Value
C03382,1827.17,Very High Value
C03383,1934.3,Very High Value
C03384,1780.67,Very High Value
C03385,1907.03,Very High Value
C03386,1447.97,High Value
C03387,1601.28,High Value
C03388,1755.22,Very High Value
C03389,1698.96,Very High Value
C03390,1727.16,Very High Value
C03391,1713.94,Very High Value
C03392,1849.37,Very High Value
C03393,1737.66,Very High Value
C03394,1657.7,High Value
C03395,793.28,Low Value
C03396,1581.65,High Value
C03397,1999.15,Very High Value
C03398,1754.39,Very High Value
C03399,1875.6,Very High Value
C03400,1956.61,Very High Value
C03401,1733.91,Very High Value
C03402,1352.95,Medium Value
C03403,1759.85,Very High Value
C03404,1604.14,High Value
C03405,860.52,Low Value
C03406,1642.58,High Value
C03407,1737.88,Very High Value
C03408,1630.29,High Value
C03409,1353.14,Medium Value
C03410,2027.38,Very High Value
C03411,1774.3,Very High Value
C03412,2002.71,Very High Value
C03413,1445.13,High Value
C03414,1554.66,High Value
C03415,1958.07,Very High Value
C03416,1763.14,Very High Value
C03417,1980.67,Very High Value
C03418,1758.42,Very High Value
C03419,1736.17,Very High Value
C03420,1947.56,Very High Value
C03421,1616.65,High Value
C03422,1894.95,Very High Value
C03423,1707.03,Very High Value
C03424,1856.44,Very High Value
C03425,1829.17,Very High Value
C03426,1775.44,Very High Value
C03427,1651.92,High Value
C03428,1669.6,High Value
C03429,1779.11,Very High Value
C03430,1619.63,High Value
C03431,914.95,Low Value
C03432,1834.6,Very High Value
C03433,1897.9,Very High Value
C03434,1939.43,Very High Value
C03435,1403.86,High Value
C03436,1874.48,Very High Value
C03437,1605.05,High Value
C03438,1975.1,Very High Value
C03439,1672.55,High Value
C03440,1937.82,Very High Value
C03441,811.8,Low Value
C03442,1299.28,Medium Value
C03443,1770.77,Very High Value
C03444,668.89,Low Value
C03445,1843.48,Very High Value
C03446,1341.79,Medium Value
C03447,1624.24,High Value
C03448,1589.53,High Value
C03449,1636.95,High Value
C03450,1843.08,Very High Value
C03451,1011.02,Low Value
C03452,1686.81,High Value
C03453,1220.98,Medium Value
C03454,1798.9,Very High Value
C03455,1595.9,High Value
C03456,1660.24,High Value
C03457,1708.83,Very High Value
C03458,1971.06,Very High Value
C03459,1695.93,Very High Value
C03460,1829.21,Very High Value
C03461,1999.59,Very High Value
C03462,1754.22,Very High Value
C03463,1898.47,Very High Value
C03464,1839.9,Very High Value
C03465,1632.42,High Value
C03466,1352.27,Medium Value
C03467,1711.81,Very High Value
C03468,1678.83,High Value
C03469,1842.07,Very High Value
C03470,1607.96,High Value
C03471,2010.95,Very High Value
C03472,1743.54,Very High Value
C03473,1782.48,Very High Value
C03474,1908.48,Very High Value
C03475,1518.17,High Value
C03476,1984.89,Very High Value
C03477,1664.17,High Value
C03478,1882.93,Very High Value
C03479,1002.0,Low Value
C03480,1254.47,Medium Value
C03481,1103.85,Medium Value
C03482,776.19,Low Value
C03483,1258.62,Medium Value
C03484,1175.31,Medium Value
C03485,1099.85,Medium Value
C03486,765.21,Low Value
C03487,1402.23,High Value
C03488,819.14,Low Value
C03489,1084.57,Medium Value
C03490,1375.52,High Value
C03491,1083.63,Medium Value
C03492,1313.14,Medium Value
C03493,826.68,Low Value
C03494,1045.43,Medium Value
C03495,1758.26,Very High Value
C03496,1105.55,Medium Value
C03497,412.98,Low Value
C03498,997.13,Low Value
C03499,1110.13,Medium Value
C03500,942.61,Low Value
C03501,1168.97,Medium Value
C03502,1276.68,Medium Value
C03503,1025.71,Low Value
C03504,1319.35,Medium Value
C03505,1101.96,Medium Value
C03506,1035.42,Low Value
C03507,1172.88,Medium Value
C03508,1091.51,Medium Value
C03509,1579.29,High Value
C03510,1400.91,High Value
C03511,861.14,Low Value
C03512,928.89,Low Value
C03513,1472.96,High Value
C03514,1022.3,Low Value
C03515,744.8,Low Value
C03516,1111.09,Medium Value
C03517,941.25,Low Value
C03518,959.96,Low Value
C03519,1366.53,High Value
C03520,1101.67,Medium Value
C03521,1408.45,High Value
C03522,1402.92,High Value
C03523,1320.57,Medium Value
C03524,1965.96,Very High Value
C03525,1285.99,Medium Value
C03526,1161.98,Medium Value
C03527,1281.0,Medium Value
C03528,1043.38,Medium Value
C03529,1187.29,Medium Value
C03530,1256.47,Medium Value
C03531,1039.68,Medium Value
C03532,1521.01,High Value
C03533,824.57,Low Value
C03534,1429.18,High Value
C03535,922.15,Low Value
C03536,997.67,Low Value
C03537,1179.43,Medium Value
C03538,1701.07,Very High Value
C03539,1210.52,Medium Value
C03540,1084.11,Medium Value
C03541,1260.02,Medium Value
C03542,1516.21,High Value
C03543,1013.75,Low Value
C03544,987.53,Low Value
C03545,1702.26,Very High Value
C03546,1087.46,Medium Value
C03547,1158.67,Medium Value
C03548,1425.58,High Value
C03549,860.02,Low Value
C03550,1294.85,Medium Value
C03551,1275.69,Medium Value
C03552,1321.58,Medium Value
C03553,1511.46,High Value
C03554,953.57,Low Value
C03555,867.21,Low Value
C03556,1279.92,Medium Value
C03557,1002.89,Low Value
C03558,1392.0,High Value
C03559,871.39,Low Value
C03560,1315.23,Medium Value
C03561,931.77,Low Value
C03562,1276.47,Medium Value
C03563,1584.03,High Value
C03564,972.59,Low Value
C03565,1383.66,High Value
C03566,1450.38,High Value
C03567,857.41,Low Value
C03568,1056.39,Medium Value
C03569,1125.21,Medium Value
C03570,975.92,Low Value
C03571,802.17,Low Value
C03572,916.9,Low Value
C03573,1417.03,High Value
C03574,1275.51,Medium Value
C03575,1250.5,Medium Value
C03576,1331.48,Medium Value
C03577,870.63,Low Value
C03578,771.25,Low Value
C03579,1329.37,Medium Value
C03580,1570.88,High Value
C03581,1310.9,Medium Value
C03582,994.1,Low Value
C03583,1538.41,High Value
C03584,1018.82,Low Value
C03585,1030.83,Low Value
C03586,1498.28,High Value
C03587,1648.23,High Value
C03588,812.2,Low Value
C03589,848.86,Low Value
C03590,2048.86,Very High Value
C03591,1437.51,High Value
C03592,1115.4,Medium Value
C03593,1749.78,Very High Value
C03594,1003.37,Low Value
C03595,1225.52,Medium Value
C03596,862.63,Low Value
C03597,975.01,Low Value
C03598,1565.27,High Value
C03599,988.94,Low Value
C03600,1594.16,High Value
C03601,1287.19,Medium Value
C03602,1254.24,Medium Value
C03603,1093.43,Medium Value
C03604,1205.0,Medium Value
C03605,897.23,Low Value
C03606,1052.88,Medium Value
C03607,868.55,Low Value
C03608,904.83,Low Value
C03609,784.74,Low Value
C03610,1266.49,Medium Value
C03611,1696.69,Very High Value
C03612,1236.66,Medium Value
C03613,1193.07,Medium Value
C03614,977.3,Low Value
C03615,776.45,Low Value
C03616,1159.59,Medium Value
C03617,1033.2,Low Value
C03618,1227.11,Medium Value
C03619,1353.72,Medium Value
C03620,1267.42,Medium Value
C03621,1127.09,Medium Value
C03622,1282.48,Medium Value
C03623,1137.41,Medium Value
C03624,1628.94,High Value
C03625,1350.46,Medium Value
C03626,1447.69,High Value
C03627,1934.48,Very High Value
C03628,953.11,Low Value
C03629,1195.53,Medium Value
C03630,1400.83,High Value
C03631,1332.31,Medium Value
C03632,1563.72,High Value
C03633,1201.33,Medium Value
C03634,924.4,Low Value
C03635,1828.88,Very High Value
C03636,803.47,Low Value
C03637,1161.82,Medium Value
C03638,1640.7,High Value
C03639,1387.6,High Value
C03640,1426.61,High Value
C03641,995.75,Low Value
C03642,1005.78,Low Value
C03643,1259.41,Medium Value
C03644,1193.86,Medium Value
C03645,819.11,Low Value
C03646,991.14,Low Value
C03647,1547.86,High Value
C03648,1374.54,High Value
C03649,1255.17,Medium Value
C03650,770.88,Low Value
C03651,1175.95,Medium Value
C03652,1119.12,Medium Value
C03653,1063.82,Medium Value
C03654,1269.29,Medium Value
C03655,1064.28,Medium Value
C03656,1341.51,Medium Value
C03657,438.04,Low Value
C03658,989.06,Low Value
C03659,1096.37,Medium Value
C03660,1271.48,Medium Value
C03661,1333.03,Medium Value
C03662,357.32,Low Value
C03663,1379.17,High Value
C03664,1351.81,Medium Value
C03665,1574.75,High Value
C03666,1544.51,High Value
C03667,911.83,Low Value
C03668,1898.11,Very High Value
C03669,998.4,Low Value
C03670,1063.05,Medium Value
C03671,1056.74,Medium Value
C03672,939.53,Low Value
C03673,1052.93,Medium Value
C03674,735.11,Low Value
C03675,1245.34,Medium Value
C03676,897.94,Low Value
C03677,1108.75,Medium Value
C03678,818.96,Low Value
C03679,1211.29,Medium Value
C03680,1318.89,Medium Value
C03681,1014.96,Low Value
C03682,791.74,Low Value
C03683,1476.35,High Value
C03684,1136.86,Medium Value
C03685,856.62,Low Value
C03686,897.56,Low Value
C03687,766.7,Low Value
C03688,1446.1,High Value
C03689,756.26,Low Value
C03690,1300.56,Medium Value
C03691,847.83,Low Value
C03692,1391.01,High Value
C03693,1054.23,Medium Value
C03694,966.32,Low Value
C03695,1020.14,Low Value
C03696,1079.21,Medium Value
C03697,1448.11,High Value
C03698,1208.53,Medium Value
C03699,1775.55,Very High Value
C03700,975.77,Low Value
C03701,1221.75,Medium Value
C03702,1051.27,Medium Value
C03703,1501.4,High Value
C03704,884.5,Low Value
C03705,1366.15,High Value
C03706,1081.09,Medium Value
C03707,1325.71,Medium Value
C03708,1371.59,High Value
C03709,840.41,Low Value
C03710,1139.44,Medium Value
C03711,1472.47,High Value
C03712,787.34,Low Value
C03713,1234.04,Medium Value
C03714,848.65,Low Value
C03715,946.67,Low Value
C03716,1018.46,Low Value
C03717,1214.64,Medium Value
C03718,879.34,Low Value
C03719,774.08,Low Value
C03720,1153.6,Medium Value
C03721,790.57,Low Value
C03722,831.67,Low Value
C03723,808.15,Low Value
C03724,1310.13,Medium Value
C03725,1041.66,Medium Value
C03726,1300.42,Medium Value
C03727,558.32,Low Value
C03728,1325.45,Medium Value
C03729,1452.41,High Value
C03730,920.8,Low Value
C03731,805.0,Low Value
C03732,939.36,Low Value
C03733,1568.86,High Value
C03734,1210.38,Medium Value
C03735,896.91,Low Value
C03736,1000.58,Low Value
C03737,1123.9,Medium Value
C03738,1422.17,High Value
C03739,1051.78,Medium Value
C03740,1451.61,High Value
C03741,1006.94,Low Value
C03742,1331.2,Medium Value
C03743,1166.25,Medium Value
C03744,1511.01,High Value
C03745,1302.47,Medium Value
C03746,970.36,Low Value
C03747,1456.82,High Value
C03748,1110.57,Medium Value
C03749,1719.97,Very High Value
C03750,1404.62,High Value
C03751,1085.57,Medium Value
C03752,1376.83,High Value
C03753,1199.66,Medium Value
C03754,824.38,Low Value
C03755,947.08,Low Value
C03756,916.52,Low Value
C03757,765.85,Low Value
C03758,1062.11,Medium Value
C03759,1120.53,Medium Value
C03760,1202.35,Medium Value
C03761,1173.37,Medium Value
C03762,1298.87,Medium Value
C03763,899.54,Low Value
C03764,1371.66,High Value
C03765,1539.21,High Value
C03766,1187.38,Medium Value
C03767,1541.86,High Value
C03768,1595.17,High Value
C03769,1121.92,Medium Value
C03770,1169.09,Medium Value
C03771,1493.98,High Value
C03772,412.74,Low Value
C03773,1133.72,Medium Value
C03774,1630.48,High Value
C03775,1063.96,Medium Value
C03776,894.22,Low Value
C03777,1258.18,Medium Value
C03778,1661.98,High Value
C03779,1509.11,High Value
C03780,1342.07,Medium Value
C03781,1377.25,High Value
C03782,1074.68,Medium Value
C03783,792.74,Low Value
C03784,1228.47,Medium Value
C03785,1319.2,Medium Value
C03786,1771.1,Very High Value
C03787,1234.27,Medium Value
C03788,1451.2,High Value
C03789,1547.33,High Value
C03790,1400.82,High Value
C03791,911.09,Low Value
C03792,823.24,Low Value
C03793,1095.13,Medium Value
C03794,983.12,Low Value
C03795,1088.07,Medium Value
C03796,1289.84,Medium Value
C03797,1941.98,Very High Value
C03798,1600.61,High Value
C03799,805.69,Low Value
C03800,933.38,Low Value
C03801,995.07,Low Value
C03802,877.92,Low Value
C03803,811.24,Low Value
C03804,1155.26,Medium Value
C03805,794.49,Low Value
C03806,1029.62,Low Value
C03807,805.19,Low Value
C03808,806.6,Low Value
C03809,809.78,Low Value
C03810,952.85,Low Value
C03811,1086.2,Medium Value
C03812,1395.34,High Value
C03813,1223.69,Medium Value
C03814,863.19,Low Value
C03815,837.31,Low Value
C03816,1438.56,High Value
C03817,1091.9,Medium Value
C03818,958.34,Low Value
C03819,1036.3,Low Value
C03820,1351.06,Medium Value
C03821,1087.42,Medium Value
C03822,1293.11,Medium Value
C03823,1343.67,Medium Value
C03824,1548.38,High Value
C03825,1250.21,Medium Value
C03826,967.38,Low Value
C03827,1553.25,High Value
C03828,543.72,Low Value
C03829,1158.56,Medium Value
C03830,914.19,Low Value
C03831,1480.76,High Value
C03832,1585.9,High Value
C03833,1133.18,Medium Value
C03834,967.6,Low Value
C03835,855.47,Low Value
C03836,1022.56,Low Value
C03837,1302.26,Medium Value
C03838,902.17,Low Value
C03839,872.48,Low Value
C03840,760.82,Low Value
C03841,1645.45,High Value
C03842,903.87,Low Value
C03843,1329.25,Medium Value
C03844,897.25,Low Value
C03845,906.05,Low Value
C03846,1310.64,Medium Value
C03847,1108.89,Medium Value
C03848,652.08,Low Value
C03849,915.65,Low Value
C03850,967.06,Low Value
C03851,881.16,Low Value
C03852,930.26,Low Value
C03853,960.33,Low Value
C03854,769.3,Low Value
C03855,1375.51,High Value
C03856,1291.35,Medium Value
C03857,1141.2,Medium Value
C03858,1760.88,Very High Value
C03859,1695.61,Very High Value
C03860,913.69,Low Value
C03861,804.65,Low Value
C03862,1364.95,High Value
C03863,791.72,Low Value
C03864,852.0,Low Value
C03865,824.66,Low Value
C03866,788.22,Low Value
C03867,1014.16,Low Value
C03868,768.04,Low Value
C03869,895.82,Low Value
C03870,757.26,Low Value
C03871,1527.53,High Value
C03872,895.47,Low Value
C03873,815.2,Low Value
C03874,991.38,Low Value
C03875,794.36,Low Value
C03876,1256.23,Medium Value
C03877,1009.16,Low Value
C03878,1205.96,Medium Value
C03879,882.31,Low Value
C03880,1004.46,Low Value
C03881,1229.93,Medium Value
C03882,1328.0,Medium Value
C03883,1577.82,High Value
C03884,1196.08,Medium Value
C03885,1300.28,Medium Value
C03886,1032.88,Low Value
C03887,744.59,Low Value
C03888,883.33,Low Value
C03889,1092.29,Medium Value
C03890,1254.63,Medium Value
C03891,1164.49,Medium Value
C03892,1394.45,High Value
C03893,912.47,Low Value
C03894,1457.53,High Value
C03895,933.77,Low Value
C03896,1198.94,Medium Value
C03897,874.84,Low Value
C03898,1444.86,High Value
C03899,827.5,Low Value
C03900,1546.78,High Value
C03901,1482.12,High Value
C03902,841.27,Low Value
C03903,1159.9,Medium Value
C03904,1415.21,High Value
C03905,1144.08,Medium Value
C03906,853.71,Low Value
C03907,1356.56,Medium Value
C03908,905.92,Low Value
C03909,1193.89,Medium Value
C03910,1194.76,Medium Value
C03911,1201.61,Medium Value
C03912,1325.86,Medium Value
C03913,501.4,Low Value
C03914,1871.51,Very High Value
C03915,1488.36,High Value
C03916,1310.17,Medium Value
C03917,1239.21,Medium Value
C03918,1200.64,Medium Value
C03919,1122.83,Medium Value
C03920,873.38,Low Value
C03921,836.73,Low Value
C03922,1002.45,Low Value
C03923,1493.85,High Value
C03924,983.05,Low Value
C03925,1049.4,Medium Value
C03926,1157.93,Medium Value
C03927,883.27,Low Value
C03928,773.71,Low Value
C03929,852.23,Low Value
C03930,882.96,Low Value
C03931,1169.5,Medium Value
C03932,768.75,Low Value
C03933,1675.29,High Value
C03934,1511.33,High Value
C03935,990.57,Low Value
C03936,1244.55,Medium Value
C03937,995.42,Low Value
C03938,1183.86,Medium Value
C03939,832.32,Low Value
C03940,1482.81,High Value
C03941,1223.53,Medium Value
C03942,1396.38,High Value
C03943,1254.21,Medium Value
C03944,1119.7,Medium Value
C03945,833.68,Low Value
C03946,955.07,Low Value
C03947,1066.09,Medium Value
C03948,1194.1,Medium Value
C03949,1040.85,Medium Value
C03950,1373.57,High Value
C03951,1416.4,High Value
C03952,424.14,Low Value
C03953,1822.19,Very High Value
C03954,1417.69,High Value
C03955,1014.78,Low Value
C03956,1431.39,High Value
C03957,899.03,Low Value
C03958,1118.55,Medium Value
C03959,1387.05,High Value
C03960,1284.57,Medium Value
C03961,834.09,Low Value
C03962,1720.93,Very High Value
C03963,1134.03,Medium Value
C03964,854.49,Low Value
C03965,793.58,Low Value
C03966,963.05,Low Value
C03967,861.02,Low Value
C03968,1255.98,Medium Value
C03969,1077.67,Medium Value
C03970,1133.12,Medium Value
C03971,908.24,Low Value
C03972,785.5,Low Value
C03973,1305.93,Medium Value
C03974,972.4,Low Value
C03975,790.76,Low Value
C03976,933.56,Low Value
C03977,1458.6,High Value
C03978,777.1,Low Value
C03979,952.27,Low Value
C03980,1147.81,Medium Value
C03981,1218.49,Medium Value
C03982,1076.7,Medium Value
C03983,936.51,Low Value
C03984,871.48,Low Value
C03985,1266.86,Medium Value
C03986,1160.31,Medium Value
C03987,1393.1,High Value
C03988,931.82,Low Value
C03989,786.24,Low Value
C03990,993.16,Low Value
C03991,887.44,Low Value
C03992,1470.03,High Value
C03993,1258.36,Medium Value
C03994,1198.98,Medium Value
C03995,1082.65,Medium Value
C03996,1541.83,High Value
C03997,1653.41,High Value
C03998,1213.22,Medium Value
C03999,1576.27,High Value
C04000,1156.74,Medium Value
C04001,1758.12,Very High Value
C04002,1122.81,Medium Value
C04003,887.12,Low Value
C04004,1930.48,Very High Value
C04005,855.83,Low Value
C04006,1629.33,High Value
C04007,1523.28,High Value
C04008,734.63,Low Value
C04009,892.07,Low Value
C04010,1601.82,High Value
C04011,1008.82,Low Value
C04012,843.82,Low Value
C04013,1259.96,Medium Value
C04014,863.75,Low Value
C04015,1865.37,Very High Value
C04016,1581.78,High Value
C04017,841.08,Low Value
C04018,762.23,Low Value
C04019,864.2,Low Value
C04020,1348.71,Medium Value
C04021,910.27,Low Value
C04022,1025.86,Low Value
C04023,1266.82,Medium Value
C04024,1765.27,Very High Value
C04025,1288.53,Medium Value
C04026,1401.6,High Value
C04027,1376.74,High Value
C04028,1049.52,Medium Value
C04029,1210.1,Medium Value
C04030,798.51,Low Value
C04031,1254.19,Medium Value
C04032,1673.37,High Value
C04033,1372.89,High Value
C04034,1297.79,Medium Value
C04035,1290.12,Medium Value
C04036,1138.1,Medium Value
C04037,1189.0,Medium Value
C04038,935.34,Low Value
C04039,960.86,Low Value
C04040,1031.51,Low Value
C04041,1557.53,High Value
C04042,898.48,Low Value
C04043,1250.53,Medium Value
C04044,1064.71,Medium Value
C04045,1845.65,Very High Value
C04046,1186.38,Medium Value
C04047,852.79,Low Value
C04048,1008.65,Low Value
C04049,1431.5,High Value
C04050,1469.55,High Value
C04051,1351.95,Medium Value
C04052,1326.5,Medium Value
C04053,1399.78,High Value
C04054,1161.45,Medium Value
C04055,1026.03,Low Value
C04056,398.55,Low Value
C04057,896.78,Low Value
C04058,1199.92,Medium Value
C04059,1250.96,Medium Value
C04060,1108.82,Medium Value
C04061,1325.04,Medium Value
C04062,1230.03,Medium Value
C04063,813.08,Low Value
C04064,1047.87,Medium Value
C04065,1573.26,High Value
C04066,832.99,Low Value
C04067,446.7,Low Value
C04068,1099.45,Medium Value
C04069,928.08,Low Value
C04070,1215.81,Medium Value
C04071,934.17,Low Value
C04072,1342.45,Medium Value
C04073,978.71,Low Value
C04074,761.58,Low Value
C04075,1349.59,Medium Value
C04076,756.79,Low Value
C04077,884.13,Low Value
C04078,1161.98,Medium Value
C04079,1139.67,Medium Value
C04080,1433.56,High Value
C04081,1109.5,Medium Value
C04082,777.23,Low Value
C04083,1233.34,Medium Value
C04084,854.24,Low Value
C04085,942.31,Low Value
C04086,1315.73,Medium Value
C04087,1345.5,Medium Value
C04088,405.34,Low Value
C04089,1433.87,High Value
C04090,670.47,Low Value
C04091,889.89,Low Value
C04092,776.79,Low Value
C04093,1026.21,Low Value
C04094,1063.31,Medium Value
C04095,1455.35,High Value
C04096,1105.83,Medium Value
C04097,896.67,Low Value
C04098,1405.68,High Value
C04099,757.84,Low Value
C04100,931.88,Low Value
C04101,850.7,Low Value
C04102,1177.25,Medium Value
C04103,1234.98,Medium Value
C04104,1054.55,Medium Value
C04105,1414.98,High Value
C04106,915.13,Low Value
C04107,1402.52,High Value
C04108,1447.93,High Value
C04109,1074.12,Medium Value
C04110,1071.16,Medium Value
C04111,1232.61,Medium Value
C04112,1487.37,High Value
C04113,1143.13,Medium Value
C04114,1019.98,Low Value
C04115,1081.53,Medium Value
C04116,1443.75,High Value
C04117,1360.46,High Value
C04118,374.33,Low Value
C04119,1169.47,Medium Value
C04120,1731.55,Very High Value
C04121,913.01,Low Value
C04122,1127.64,Medium Value
C04123,810.87,Low Value
C04124,1568.18,High Value
C04125,826.74,Low Value
C04126,1856.57,Very High Value
C04127,1263.5,Medium Value
C04128,1379.99,High Value
C04129,1166.13,Medium Value
C04130,1303.32,Medium Value
C04131,754.76,Low Value
C04132,973.76,Low Value
C04133,753.99,Low Value
C04134,1887.94,Very High Value
C04135,827.49,Low Value
C04136,1457.37,High Value
C04137,1262.22,Medium Value
C04138,1173.61,Medium Value
C04139,1256.4,Medium Value
C04140,1179.81,Medium Value
C04141,822.26,Low Value
C04142,781.57,Low Value
C04143,1055.48,Medium Value
C04144,1131.13,Medium Value
C04145,775.24,Low Value
C04146,1194.36,Medium Value
C04147,1194.2,Medium Value
C04148,1167.99,Medium Value
C04149,1236.86,Medium Value
C04150,1094.13,Medium Value
C04151,986.66,Low Value
C04152,963.62,Low Value
C04153,1321.39,Medium Value
C04154,1139.19,Medium Value
C04155,1210.0,Medium Value
C04156,778.75,Low Value
C04157,1230.44,Medium Value
C04158,939.14,Low Value
C04159,1003.49,Low Value
C04160,1064.42,Medium Value
C04161,761.07,Low Value
C04162,874.24,Low Value
C04163,987.78,Low Value
C04164,1230.42,Medium Value
C04165,1366.05,High Value
C04166,1060.59,Medium Value
C04167,1372.2,High Value
C04168,1028.59,Low Value
C04169,1557.27,High Value
C04170,935.19,Low Value
C04171,982.26,Low Value
C04172,1624.22,High Value
C04173,861.79,Low Value
C04174,1257.02,Medium Value
C04175,961.88,Low Value
C04176,764.88,Low Value
C04177,1596.89,High Value
C04178,1004.05,Low Value
C04179,982.23,Low Value
C04180,1634.71,High Value
C04181,1160.68,Medium Value
C04182,863.73,Low Value
C04183,899.75,Low Value
C04184,1394.07,High Value
C04185,838.58,Low Value
C04186,770.69,Low Value
C04187,1363.03,High Value
C04188,887.88,Low Value
C04189,896.27,Low Value
C04190,1465.67,High Value
C04191,1087.14,Medium Value
C04192,842.46,Low Value
C04193,1281.1,Medium Value
C04194,1382.29,High Value
C04195,1368.95,High Value
C04196,1707.32,Very High Value
C04197,1099.35,Medium Value
C04198,842.03,Low Value
C04199,1010.17,Low Value
C04200,1011.43,Low Value
C04201,949.94,Low Value
C04202,1063.38,Medium Value
C04203,805.37,Low Value
C04204,838.83,Low Value
C04205,852.27,Low Value
C04206,1215.24,Medium Value
C04207,1048.68,Medium Value
C04208,1681.89,High Value
C04209,1455.37,High Value
C04210,1037.8,Medium Value
C04211,977.78,Low Value
C04212,1539.37,High Value
C04213,1190.04,Medium Value
C04214,1254.06,Medium Value
C04215,783.74,Low Value
C04216,1310.36,Medium Value
C04217,911.79,Low Value
C04218,928.85,Low Value
C04219,1359.31,Medium Value
C04220,1434.58,High Value
C04221,1315.28,Medium Value
C04222,893.52,Low Value
C04223,1438.58,High Value
C04224,765.31,Low Value
C04225,951.84,Low Value
C04226,1041.12,Medium Value
C04227,748.26,Low Value
C04228,1124.22,Medium Value
C04229,1284.44,Medium Value
C04230,1365.14,High Value
C04231,930.4,Low Value
C04232,741.94,Low Value
C04233,1413.95,High Value
C04234,1434.14,High Value
C04235,1134.55,Medium Value
C04236,1329.18,Medium Value
C04237,1412.0,High Value
C04238,980.95,Low Value
C04239,961.37,Low Value
C04240,1215.56,Medium Value
C04241,729.58,Low Value
C04242,1212.29,Medium Value
C04243,1795.86,Very High Value
C04244,836.11,Low Value
C04245,840.63,Low Value
C04246,737.65,Low Value
C04247,870.11,Low Value
C04248,762.44,Low Value
C04249,1602.82,High Value
C04250,1043.93,Medium Value
C04251,1069.22,Medium Value
C04252,1165.13,Medium Value
C04253,1981.95,Very High Value
C04254,868.83,Low Value
C04255,1209.67,Medium Value
C04256,895.99,Low Value
C04257,1364.42,High Value
C04258,1425.99,High Value
C04259,1103.77,Medium Value
C04260,1169.1,Medium Value
C04261,870.56,Low Value
C04262,1195.19,Medium Value
C04263,1382.55,High Value
C04264,1039.03,Medium Value
C04265,825.2,Low Value
C04266,1098.16,Medium Value
C04267,825.86,Low Value
C04268,1247.09,Medium Value
C04269,1048.55,Medium Value
C04270,740.44,Low Value
C04271,1025.35,Low Value
C04272,1383.78,High Value
C04273,828.99,Low Value
C04274,888.4,Low Value
C04275,1493.02,High Value
C04276,1178.76,Medium Value
C04277,1277.37,Medium Value
C04278,1104.93,Medium Value
C04279,1332.96,Medium Value
C04280,905.95,Low Value
C04281,797.22,Low Value
C04282,912.92,Low Value
C04283,1032.13,Low Value
C04284,938.84,Low Value
C04285,1421.36,High Value
C04286,865.05,Low Value
C04287,1179.73,Medium Value
C04288,1378.62,High Value
C04289,1452.06,High Value
C04290,847.1,Low Value
C04291,1119.8,Medium Value
C04292,977.58,Low Value
C04293,1109.11,Medium Value
C04294,929.07,Low Value
C04295,1613.01,High Value
C04296,1084.54,Medium Value
C04297,1358.95,Medium Value
C04298,1413.52,High Value
C04299,1050.56,Medium Value
C04300,995.2,Low Value
C04301,983.33,Low Value
C04302,383.14,Low Value
C04303,960.61,Low Value
C04304,1249.79,Medium Value
C04305,1176.76,Medium Value
C04306,1657.73,High Value
C04307,1154.98,Medium Value
C04308,814.7,Low Value
C04309,987.25,Low Value
C04310,917.52,Low Value
C04311,1465.37,High Value
C04312,1035.02,Low Value
C04313,769.85,Low Value
C04314,914.81,Low Value
C04315,1025.83,Low Value
C04316,943.37,Low Value
C04317,977.57,Low Value
C04318,1416.6,High Value
C04319,1086.76,Medium Value
C04320,905.0,Low Value
C04321,1463.8,High Value
C04322,739.23,Low Value
C04323,777.26,Low Value
C04324,1582.35,High Value
C04325,1410.95,High Value
C04326,1274.59,Medium Value
C04327,1249.06,Medium Value
C04328,852.58,Low Value
C04329,1008.58,Low Value
C04330,343.55,Low Value
C04331,1503.61,High Value
C04332,1539.46,High Value
C04333,1182.22,Medium Value
C04334,1677.42,High Value
C04335,1823.2,Very High Value
C04336,1127.33,Medium Value
C04337,1701.04,Very High Value
C04338,1344.45,Medium Value
C04339,1235.47,Medium Value
C04340,1060.73,Medium Value
C04341,1061.69,Medium Value
C04342,1010.41,Low Value
C04343,764.37,Low Value
C04344,1124.43,Medium Value
C04345,1110.17,Medium Value
C04346,844.29,Low Value
C04347,1172.58,Medium Value
C04348,1419.88,High Value
C04349,819.43,Low Value
C04350,1195.14,Medium Value
C04351,834.16,Low Value
C04352,814.68,Low Value
C04353,944.79,Low Value
C04354,1698.49,Very High Value
C04355,1481.61,High Value
C04356,1660.19,High Value
C04357,1028.96,Low Value
C04358,1326.0,Medium Value
C04359,1366.98,High Value
C04360,637.51,Low Value
C04361,873.75,Low Value
C04362,807.16,Low Value
C04363,1273.35,Medium Value
C04364,823.84,Low Value
C04365,1117.05,Medium Value
C04366,1143.4,Medium Value
C04367,1234.96,Medium Value
C04368,1448.7,High Value
C04369,880.96,Low Value
C04370,802.0,Low Value
C04371,854.23,Low Value
C04372,1217.27,Medium Value
C04373,1122.18,Medium Value
C04374,943.44,Low Value
C04375,1857.2,Very High Value
C04376,1310.3,Medium Value
C04377,861.18,Low Value
C04378,1001.64,Low Value
C04379,1156.26,Medium Value
C04380,958.58,Low Value
C04381,784.25,Low Value
C04382,1655.52,High Value
C04383,982.67,Low Value
C04384,818.08,Low Value
C04385,836.2,Low Value
C04386,803.0,Low Value
C04387,794.81,Low Value
C04388,1023.8,Low Value
C04389,921.88,Low Value
C04390,1222.15,Medium Value
C04391,921.38,Low Value
C04392,1234.84,Medium Value
C04393,1516.37,High Value
C04394,748.01,Low Value
C04395,1022.97,Low Value
C04396,1426.0,High Value
C04397,1121.41,Medium Value
C04398,1395.57,High Value
C04399,1305.28,Medium Value
C04400,1139.44,Medium Value
C04401,891.53,Low Value
C04402,946.54,Low Value
C04403,1587.76,High Value
C04404,1242.42,Medium Value
C04405,1660.59,High Value
C04406,1597.22,High Value
C04407,1199.59,Medium Value
C04408,1233.36,Medium Value
C04409,1406.74,High Value
C04410,1017.51,Low Value
C04411,1597.65,High Value
C04412,1575.96,High Value
C04413,1220.13,Medium Value
C04414,1163.22,Medium Value
C04415,932.48,Low Value
C04416,1245.65,Medium Value
C04417,1532.77,High Value
C04418,1099.24,Medium Value
C04419,1478.7,High Value
C04420,991.6,Low Value
C04421,1352.23,Medium Value
C04422,1476.23,High Value
C04423,1216.66,Medium Value
C04424,1626.54,High Value
C04425,1298.66,Medium Value
C04426,1525.46,High Value
C04427,784.88,Low Value
C04428,1376.18,High Value
C04429,838.8,Low Value
C04430,1174.3,Medium Value
C04431,1209.09,Medium Value
C04432,1426.45,High Value
C04433,1252.38,Medium Value
C04434,1218.8,Medium Value
C04435,867.21,Low Value
C04436,1251.2,Medium Value
C04437,818.21,Low Value
C04438,1093.97,Medium Value
C04439,1548.82,High Value
C04440,992.23,Low Value
C04441,946.33,Low Value
C04442,829.01,Low Value
C04443,1202.5,Medium Value
C04444,1185.73,Medium Value
C04445,1329.21,Medium Value
C04446,1474.42,High Value
C04447,1116.66,Medium Value
C04448,1389.38,High Value
C04449,1096.54,Medium Value
C04450,1827.25,Very High Value
C04451,1268.17,Medium Value
C04452,1499.28,High Value
C04453,1056.22,Medium Value
C04454,924.34,Low Value
C04455,1487.33,High Value
C04456,1175.38,Medium Value
C04457,1105.51,Medium Value
C04458,1151.23,Medium Value
C04459,918.69,Low Value
C04460,828.88,Low Value
C04461,1172.88,Medium Value
C04462,1154.04,Medium Value
C04463,1302.68,Medium Value
C04464,1456.57,High Value
C04465,1156.04,Medium Value
C04466,753.24,Low Value
C04467,1346.93,Medium Value
C04468,1797.12,Very High Value
C04469,1257.57,Medium Value
C04470,810.99,Low Value
C04471,1447.61,High Value
C04472,881.13,Low Value
C04473,909.09,Low Value
C04474,1171.87,Medium Value
C04475,859.19,Low Value
C04476,919.84,Low Value
C04477,1290.93,Medium Value
C04478,810.15,Low Value
C04479,1420.37,High Value
C04480,1135.55,Medium Value
C04481,1181.36,Medium Value
C04482,1222.03,Medium Value
C04483,1176.36,Medium Value
C04484,1265.22,Medium Value
C04485,1295.37,Medium Value
C04486,793.37,Low Value
C04487,1090.54,Medium Value
C04488,1159.46,Medium Value
C04489,934.67,Low Value
C04490,987.84,Low Value
C04491,1594.09,High Value
C04492,875.49,Low Value
C04493,1218.7,Medium Value
C04494,789.21,Low Value
C04495,908.67,Low Value
C04496,1007.02,Low Value
C04497,1361.96,High Value
C04498,1276.38,Medium Value
C04499,576.87,Low Value
C04500,903.06,Low Value
C04501,1581.17,High Value
C04502,1118.96,Medium Value
C04503,538.61,Low Value
C04504,1594.43,High Value
C04505,1616.15,High Value
C04506,1739.78,Very High Value
C04507,825.6,Low Value
C04508,1841.61,Very High Value
C04509,1190.49,Medium Value
C04510,920.6,Low Value
C04511,885.94,Low Value
C04512,517.89,Low Value
C04513,1606.47,High Value
C04514,1142.61,Medium Value
C04515,1658.98,High Value
C04516,1199.04,Medium Value
C04517,1060.67,Medium Value
C04518,1012.44,Low Value
C04519,1001.76,Low Value
C04520,1639.42,High Value
C04521,1483.48,High Value
C04522,1631.36,High Value
C04523,1469.75,High Value
C04524,925.28,Low Value
C04525,951.12,Low Value
C04526,843.93,Low Value
C04527,1137.68,Medium Value
C04528,1088.24,Medium Value
C04529,1294.02,Medium Value
C04530,1186.26,Medium Value
C04531,767.48,Low Value
C04532,1420.96,High Value
C04533,1229.33,Medium Value
C04534,1248.8,Medium Value
C04535,1400.93,High Value
C04536,973.73,Low Value
C04537,1340.89,Medium Value
C04538,1214.15,Medium Value
C04539,1130.61,Medium Value
C04540,1822.3,Very High Value
C04541,852.35,Low Value
C04542,1203.43,Medium Value
C04543,1656.26,High Value
C04544,780.45,Low Value
C04545,1003.25,Low Value
C04546,1459.14,High Value
C04547,2018.33,Very High Value
C04548,1154.63,Medium Value
C04549,922.3,Low Value
C04550,1356.85,Medium Value
C04551,1401.41,High Value
C04552,857.61,Low Value
C04553,1004.48,Low Value
C04554,1409.83,High Value
C04555,990.07,Low Value
C04556,1200.32,Medium Value
C04557,1051.36,Medium Value
C04558,1017.0,Low Value
C04559,1112.62,Medium Value
C04560,1447.56,High Value
C04561,1182.78,Medium Value
C04562,1241.36,Medium Value
C04563,1056.36,Medium Value
C04564,927.95,Low Value
C04565,996.12,Low Value
C04566,1152.2,Medium Value
C04567,998.5,Low Value
C04568,1119.71,Medium Value
C04569,1125.09,Medium Value
C04570,1174.18,Medium Value
C04571,1085.84,Medium Value
C04572,902.08,Low Value
C04573,861.45,Low Value
C04574,976.34,Low Value
C04575,1753.14,Very High Value
C04576,1308.92,Medium Value
C04577,1064.7,Medium Value
C04578,1181.42,Medium Value
C04579,871.56,Low Value
C04580,1968.17,Very High Value
C04581,1610.36,High Value
C04582,982.24,Low Value
C04583,832.04,Low Value
C04584,911.79,Low Value
C04585,1354.8,Medium Value
C04586,1369.55,High Value
C04587,1594.04,High Value
C04588,1064.3,Medium Value
C04589,1354.09,Medium Value
C04590,1216.31,Medium Value
C04591,1363.48,High Value
C04592,1802.73,Very High Value
C04593,1389.57,High Value
C04594,826.87,Low Value
C04595,952.97,Low Value
C04596,1161.99,Medium Value
C04597,1062.47,Medium Value
C04598,1061.7,Medium Value
C04599,1102.13,Medium Value
C04600,1238.39,Medium Value
C04601,1335.8,Medium Value
C04602,1615.02,High Value
C04603,945.82,Low Value
C04604,1386.96,High Value
C04605,705.33,Low Value
C04606,1083.65,Medium Value
C04607,1441.3,High Value
C04608,975.59,Low Value
C04609,1211.19,Medium Value
C04610,998.02,Low Value
C04611,1490.89,High Value
C04612,798.55,Low Value
C04613,1242.48,Medium Value
C04614,1400.5,High Value
C04615,1689.87,Very High Value
C04616,1115.42,Medium Value
C04617,1856.76,Very High Value
C04618,1908.29,Very High Value
C04619,913.95,Low Value
C04620,1141.2,Medium Value
C04621,596.56,Low Value
C04622,1311.99,Medium Value
C04623,1470.4,High Value
C04624,784.61,Low Value
C04625,1456.93,High Value
C04626,959.57,Low Value
C04627,827.33,Low Value
C04628,1631.77,High Value
C04629,1095.12,Medium Value
C04630,815.46,Low Value
C04631,1702.19,Very High Value
C04632,773.29,Low Value
C04633,623.2,Low Value
C04634,1522.47,High Value
C04635,1261.08,Medium Value
C04636,1150.41,Medium Value
C04637,643.52,Low Value
C04638,791.18,Low Value
C04639,1233.64,Medium Value
C04640,1122.3,Medium Value
C04641,926.33,Low Value
C04642,728.66,Low Value
C04643,871.04,Low Value
C04644,1130.2,Medium Value
C04645,1591.92,High Value
C04646,807.16,Low Value
C04647,1440.88,High Value
C04648,1554.18,High Value
C04649,941.4,Low Value
C04650,663.74,Low Value
C04651,1387.64,High Value
C04652,1878.83,Very High Value
C04653,1547.7,High Value
C04654,1426.85,High Value
C04655,1004.25,Low Value
C04656,886.4,Low Value
C04657,792.49,Low Value
C04658,1101.53,Medium Value
C04659,1742.59,Very High Value
C04660,403.47,Low Value
C04661,1319.09,Medium Value
C04662,1333.82,Medium Value
C04663,1054.48,Medium Value
C04664,993.91,Low Value
C04665,987.82,Low Value
C04666,1184.72,Medium Value
C04667,1039.04,Medium Value
C04668,1993.22,Very High Value
C04669,912.78,Low Value
C04670,1269.92,Medium Value
C04671,1386.99,High Value
C04672,1062.81,Medium Value
C04673,1361.12,High Value
C04674,1229.81,Medium Value
C04675,1525.88,High Value
C04676,1535.83,High Value
C04677,1632.88,High Value
C04678,1368.6,High Value
C04679,1056.89,Medium Value
C04680,863.29,Low Value
C04681,1178.63,Medium Value
C04682,1653.63,High Value
C04683,1507.41,High Value
C04684,875.05,Low Value
C04685,1221.01,Medium Value
C04686,1396.11,High Value
C04687,1096.21,Medium Value
C04688,1720.85,Very High Value
C04689,864.89,Low Value
C04690,889.34,Low Value
C04691,1581.1,High Value
C04692,1473.67,High Value
C04693,1036.73,Medium Value
C04694,1177.25,Medium Value
C04695,896.07,Low Value
C04696,1024.72,Low Value
C04697,1129.28,Medium Value
C04698,1367.56,High Value
C04699,1381.5,High Value
C04700,1257.39,Medium Value
C04701,1452.43,High Value
C04702,776.33,Low Value
C04703,900.63,Low Value
C04704,916.25,Low Value
C04705,1226.11,Medium Value
C04706,971.43,Low Value
C04707,1400.65,High Value
C04708,1202.36,Medium Value
C04709,1053.53,Medium Value
C04710,1280.08,Medium Value
C04711,1075.89,Medium Value
C04712,1470.4,High Value
C04713,1340.48,Medium Value
C04714,1019.81,Low Value
C04715,1440.4,High Value
C04716,815.19,Low Value
C04717,1445.78,High Value
C04718,1498.11,High Value
C04719,1220.68,Medium Value
C04720,1597.69,High Value
C04721,994.19,Low Value
C04722,1490.58,High Value
C04723,1515.32,High Value
C04724,926.04,Low Value
C04725,1110.55,Medium Value
C04726,1392.63,High Value
C04727,1357.96,Medium Value
C04728,742.34,Low Value
C04729,1152.39,Medium Value
C04730,941.2,Low Value
C04731,1228.69,Medium Value
C04732,1068.09,Medium Value
C04733,1799.52,Very High Value
C04734,1102.37,Medium Value
C04735,1867.89,Very High Value
C04736,1699.79,Very High Value
C04737,1087.59,Medium Value
C04738,1480.08,High Value
C04739,1056.74,Medium Value
C04740,920.55,Low Value
C04741,1045.45,Medium Value
C04742,1719.05,Very High Value
C04743,1273.31,Medium Value
C04744,1797.92,Very High Value
C04745,1854.17,Very High Value
C04746,1407.05,High Value
C04747,875.73,Low Value
C04748,1263.8,Medium Value
C04749,954.83,Low Value
C04750,1183.64,Medium Value
C04751,1171.19,Medium Value
C04752,1270.56,Medium Value
C04753,1117.65,Medium Value
C04754,1658.55,High Value
C04755,950.37,Low Value
C04756,1544.96,High Value
C04757,1370.46,High Value
C04758,1300.01,Medium Value
C04759,1457.38,High Value
C04760,1408.47,High Value
C04761,1113.39,Medium Value
C04762,1293.29,Medium Value
C04763,1370.99,High Value
C04764,1785.07,Very High Value
C04765,1120.35,Medium Value
C04766,1020.59,Low Value
C04767,1030.07,Low Value
C04768,1374.77,High Value
C04769,1338.22,Medium Value
C04770,1261.22,Medium Value
C04771,1139.86,Medium Value
C04772,891.18,Low Value
C04773,742.77,Low Value
C04774,1388.55,High Value
C04775,753.5,Low Value
C04776,1255.63,Medium Value
C04777,1296.4,Medium Value
C04778,1438.57,High Value
C04779,1717.13,Very High Value
C04780,1565.16,High Value
C04781,1185.93,Medium Value
C04782,1224.7,Medium Value
C04783,1074.78,Medium Value
C04784,1368.38,High Value
C04785,1363.73,High Value
C04786,1226.39,Medium Value
C04787,1671.94,High Value
C04788,1898.55,Very High Value
C04789,1019.9,Low Value
C04790,1042.82,Medium Value
C04791,1249.68,Medium Value
C04792,814.78,Low Value
C04793,1121.52,Medium Value
C04794,1486.06,High Value
C04795,1472.25,High Value
C04796,874.3,Low Value
C04797,999.41,Low Value
C04798,1153.93,Medium Value
C04799,794.29,Low Value
C04800,1172.73,Medium Value
C04801,1046.92,Medium Value
C04802,1098.0,Medium Value
C04803,1110.94,Medium Value
C04804,1524.16,High Value
C04805,1485.73,High Value
C04806,1325.83,Medium Value
C04807,951.06,Low Value
C04808,1002.62,Low Value
C04809,1054.64,Medium Value
C04810,1774.83,Very High Value
C04811,1029.72,Low Value
C04812,832.11,Low Value
C04813,1707.98,Very High Value
C04814,1218.27,Medium Value
C04815,1825.64,Very High Value
C04816,1442.45,High Value
C04817,1097.05,Medium Value
C04818,1038.64,Medium Value
C04819,1346.24,Medium Value
C04820,478.59,Low Value
C04821,1009.95,Low Value
C04822,1317.18,Medium Value
C04823,885.08,Low Value
C04824,1453.03,High Value
C04825,872.56,Low Value
C04826,1564.73,High Value
C04827,1272.08,Medium Value
C04828,1544.2,High Value
C04829,1236.91,Medium Value
C04830,1087.81,Medium Value
C04831,1904.31,Very High Value
C04832,896.1,Low Value
C04833,1364.35,High Value
C04834,1017.1,Low Value
C04835,948.05,Low Value
C04836,1422.24,High Value
C04837,852.83,Low Value
C04838,1574.75,High Value
C04839,1293.64,Medium Value
C04840,887.55,Low Value
C04841,1152.51,Medium Value
C04842,1139.76,Medium Value
C04843,989.92,Low Value
C04844,1152.51,Medium Value
C04845,1381.0,High Value
C04846,1452.05,High Value
C04847,1085.25,Medium Value
C04848,1152.74,Medium Value
C04849,1034.03,Low Value
C04850,1114.84,Medium Value
C04851,998.86,Low Value
C04852,1221.02,Medium Value
C04853,841.68,Low Value
C04854,1158.29,Medium Value
C04855,1106.54,Medium Value
C04856,911.69,Low Value
C04857,1583.87,High Value
C04858,1177.11,Medium Value
C04859,1484.1,High Value
C04860,1678.1,High Value
C04861,1418.39,High Value
C04862,1456.04,High Value
C04863,1596.24,High Value
C04864,1108.92,Medium Value
C04865,977.64,Low Value
C04866,1107.85,Medium Value
C04867,1375.68,High Value
C04868,1120.51,Medium Value
C04869,860.83,Low Value
C04870,924.33,Low Value
C04871,1710.1,Very High Value
C04872,960.99,Low Value
C04873,794.53,Low Value
C04874,1527.63,High Value
C04875,974.52,Low Value
C04876,1829.12,Very High Value
C04877,1127.09,Medium Value
C04878,1443.41,High Value
C04879,1424.62,High Value
C04880,1323.03,Medium Value
C04881,1280.39,Medium Value
C04882,958.61,Low Value
C04883,1235.39,Medium Value
C04884,1490.65,High Value
C04885,1291.14,Medium Value
C04886,962.29,Low Value
C04887,1492.34,High Value
C04888,1660.03,High Value
C04889,1944.29,Very High Value
C04890,1049.24,Medium Value
C04891,1222.72,Medium Value
C04892,1348.47,Medium Value
C04893,854.0,Low Value
C04894,1206.75,Medium Value
C04895,1889.1,Very High Value
C04896,1051.14,Medium Value
C04897,1755.19,Very High Value
C04898,1290.83,Medium Value
C04899,953.15,Low Value
C04900,1309.94,Medium Value
C04901,1649.09,High Value
C04902,1429.7,High Value
C04903,1453.79,High Value
C04904,1753.37,Very High Value
C04905,1176.23,Medium Value
C04906,1544.92,High Value
C04907,1638.47,High Value
C04908,1399.36,High Value
C04909,1324.62,Medium Value
C04910,1836.64,Very High Value
C04911,975.91,Low Value
C04912,1573.45,High Value
C04913,1391.4,High Value
C04914,1831.26,Very High Value
C04915,1325.32,Medium Value
C04916,1016.99,Low Value
C04917,1346.96,Medium Value
C04918,1057.95,Medium Value
C04919,1146.1,Medium Value
C04920,1991.33,Very High Value
C04921,1183.12,Medium Value
C04922,1759.14,Very High Value
C04923,1038.27,Medium Value
C04924,825.55,Low Value
C04925,1447.44,High Value
C04926,1560.16,High Value
C04927,1182.12,Medium Value
C04928,1701.26,Very High Value
C04929,1233.03,Medium Value
C04930,1688.63,High Value
C04931,1408.56,High Value
C04932,1102.81,Medium Value
C04933,1422.21,High Value
C04934,1446.7,High Value
C04935,1366.66,High Value
C04936,1024.06,Low Value
C04937,1067.08,Medium Value
C04938,792.51,Low Value
C04939,1309.05,Medium Value
C04940,1724.04,Very High Value
C04941,1089.34,Medium Value
C04942,681.05,Low Value
C04943,936.7,Low Value
C04944,1164.57,Medium Value
C04945,1265.35,Medium Value
C04946,915.16,Low Value
C04947,1102.06,Medium Value
C04948,1524.15,High Value
C04949,1026.38,Low Value
C04950,1218.44,Medium Value
C04951,969.02,Low Value
C04952,1284.14,Medium Value
C04953,1026.45,Low Value
C04954,1478.88,High Value
C04955,1540.12,High Value
C04956,1226.31,Medium Value
C04957,1058.3,Medium Value
C04958,967.36,Low Value
C04959,1628.97,High Value
C04960,1133.64,Medium Value
C04961,1135.12,Medium Value
C04962,1856.84,Very High Value
C04963,1826.12,Very High Value
C04964,1294.1,Medium Value
C04965,1747.2,Very High Value
C04966,1182.71,Medium Value
C04967,1059.36,Medium Value
C04968,1326.68,Medium Value
C04969,1897.45,Very High Value
C04970,844.02,Low Value
C04971,998.88,Low Value
C04972,1420.92,High Value
C04973,1442.09,High Value
C04974,1201.59,Medium Value
C04975,1347.44,Medium Value
C04976,1561.28,High Value
C04977,813.17,Low Value
C04978,857.29,Low Value
C04979,874.58,Low Value
C04980,1691.76,Very High Value
C04981,1276.12,Medium Value
C04982,1666.11,High Value
C04983,1484.43,High Value
C04984,1300.81,Medium Value
C04985,1526.58,High Value
C04986,1444.74,High Value
C04987,1328.77,Medium Value
C04988,968.83,Low Value
C04989,1586.88,High Value
C04990,1213.98,Medium Value
C04991,1423.75,High Value
C04992,1392.66,High Value
C04993,1407.83,High Value
C04994,1206.61,Medium Value
C04995,1257.66,Medium Value
C04996,1709.12,Very High Value
C04997,1633.81,High Value
C04998,1537.68,High Value
C04999,752.69,Low Value
C05000,1532.75,High Value
C05001,1161.16,Medium Value
C05002,1895.14,Very High Value
C05003,1316.97,Medium Value
C05004,1120.47,Medium Value
C05005,923.9,Low Value
C05006,1079.69,Medium Value
C05007,964.16,Low Value
C05008,789.33,Low Value
C05009,1090.18,Medium Value
C05010,921.42,Low Value
C05011,1473.36,High Value
C05012,1357.83,Medium Value
C05013,1168.39,Medium Value
C05014,1275.87,Medium Value
C05015,1289.75,Medium Value
C05016,1337.29,Medium Value
C05017,1342.82,Medium Value
C05018,1109.97,Medium Value
C05019,1538.63,High Value
C05020,893.14,Low Value
C05021,1231.22,Medium Value
C05022,930.49,Low Value
C05023,573.91,Low Value
C05024,1318.29,Medium Value
C05025,1157.22,Medium Value
C05026,1642.13,High Value
C05027,1654.82,High Value
C05028,1726.38,Very High Value
C05029,1255.7,Medium Value
C05030,1317.01,Medium Value
C05031,1574.84,High Value
C05032,1801.58,Very High Value
C05033,1421.66,High Value
C05034,1074.57,Medium Value
C05035,1083.19,Medium Value
C05036,1328.4,Medium Value
C05037,878.5,Low Value
C05038,1079.96,Medium Value
C05039,1496.84,High Value
C05040,1125.17,Medium Value
C05041,1149.52,Medium Value
C05042,1295.7,Medium Value
C05043,1589.56,High Value
C05044,945.34,Low Value
C05045,1039.86,Medium Value
C05046,1228.63,Medium Value
C05047,1241.14,Medium Value
C05048,1487.89,High Value
C05049,1194.03,Medium Value
C05050,1154.83,Medium Value
C05051,823.53,Low Value
C05052,986.69,Low Value
C05053,1256.37,Medium Value
C05054,1076.6,Medium Value
C05055,1691.45,Very High Value
C05056,1097.02,Medium Value
C05057,1542.56,High Value
C05058,1991.77,Very High Value
C05059,1423.53,High Value
C05060,1053.43,Medium Value
C05061,1641.44,High Value
C05062,1179.6,Medium Value
C05063,1340.53,Medium Value
C05064,1626.77,High Value
C05065,1268.15,Medium Value
C05066,1021.48,Low Value
C05067,978.08,Low Value
C05068,1136.95,Medium Value
C05069,1272.38,Medium Value
C05070,1377.96,High Value
C05071,1055.67,Medium Value
C05072,1207.73,Medium Value
C05073,1457.49,High Value
C05074,1056.51,Medium Value
C05075,1408.81,High Value
C05076,910.73,Low Value
C05077,2041.05,Very High Value
C05078,1039.54,Medium Value
C05079,1056.73,Medium Value
C05080,1322.1,Medium Value
C05081,1068.48,Medium Value
C05082,758.99,Low Value
C05083,1347.62,Medium Value
C05084,1202.1,Medium Value
C05085,749.73,Low Value
C05086,1078.38,Medium Value
C05087,1273.76,Medium Value
C05088,1170.57,Medium Value
C05089,913.44,Low Value
C05090,1837.23,Very High Value
C05091,1575.92,High Value
C05092,1169.12,Medium Value
C05093,965.7,Low Value
C05094,1917.06,Very High Value
C05095,1162.96,Medium Value
C05096,1113.09,Medium Value
C05097,1409.67,High Value
C05098,1065.51,Medium Value
C05099,1253.03,Medium Value
C05100,942.84,Low Value
C05101,1110.73,Medium Value
C05102,1094.98,Medium Value
C05103,1156.39,Medium Value
C05104,1529.17,High Value
C05105,1667.24,High Value
C05106,1366.01,High Value
C05107,1520.39,High Value
C05108,1534.75,High Value
C05109,1774.64,Very High Value
C05110,1382.67,High Value
C05111,843.67,Low Value
C05112,1125.75,Medium Value
C05113,1267.71,Medium Value
C05114,1707.22,Very High Value
C05115,1411.54,High Value
C05116,1198.91,Medium Value
C05117,1314.39,Medium Value
C05118,751.29,Low Value
C05119,1865.8,Very High Value
C05120,1666.81,High Value
C05121,1992.42,Very High Value
C05122,1506.02,High Value
C05123,1378.04,High Value
C05124,1336.65,Medium Value
C05125,857.83,Low Value
C05126,1250.76,Medium Value
C05127,1170.55,Medium Value
C05128,1024.32,Low Value
C05129,1319.92,Medium Value
C05130,1091.33,Medium Value
C05131,1150.55,Medium Value
C05132,1127.88,Medium Value
C05133,880.76,Low Value
C05134,989.86,Low Value
C05135,1166.71,Medium Value
C05136,903.04,Low Value
C05137,824.67,Low Value
C05138,1027.16,Low Value
C05139,1801.76,Very High Value
C05140,1000.42,Low Value
C05141,688.16,Low Value
C05142,1318.72,Medium Value
C05143,1270.46,Medium Value
C05144,1404.49,High Value
C05145,1426.99,High Value
C05146,1464.86,High Value
C05147,1341.91,Medium Value
C05148,1021.11,Low Value
C05149,1465.53,High Value
C05150,1279.44,Medium Value
C05151,891.26,Low Value
C05152,1566.81,High Value
C05153,1333.12,Medium Value
C05154,1565.73,High Value
C05155,1110.08,Medium Value
C05156,1196.42,Medium Value
C05157,1346.98,Medium Value
C05158,1680.51,High Value
C05159,1199.31,Medium Value
C05160,1830.69,Very High Value
C05161,1135.09,Medium Value
C05162,1470.87,High Value
C05163,1701.8,Very High Value
C05164,1164.29,Medium Value
C05165,1528.6,High Value
C05166,977.86,Low Value
C05167,948.67,Low Value
C05168,1669.57,High Value
C05169,1143.11,Medium Value
C05170,1044.94,Medium Value
C05171,1382.32,High Value
C05172,1700.7,Very High Value
C05173,1468.56,High Value
C05174,1412.12,High Value
C05175,1628.38,High Value
C05176,481.85,Low Value
C05177,2031.0,Very High Value
C05178,1643.66,High Value
C05179,1863.63,Very High Value
C05180,930.6,Low Value
C05181,774.33,Low Value
C05182,1344.58,Medium Value
C05183,1555.85,High Value
C05184,1448.06,High Value
C05185,1548.94,High Value
C05186,746.55,Low Value
C05187,983.09,Low Value
C05188,1824.54,Very High Value
C05189,1328.48,Medium Value
C05190,1635.54,High Value
C05191,1249.3,Medium Value
C05192,1082.12,Medium Value
C05193,398.99,Low Value
C05194,1465.6,High Value
C05195,823.08,Low Value
C05196,1050.97,Medium Value
C05197,1149.83,Medium Value
C05198,1911.4,Very High Value
C05199,1445.83,High Value
C05200,1235.55,Medium Value
C05201,793.21,Low Value
C05202,1803.49,Very High Value
C05203,1801.08,Very High Value
C05204,1371.92,High Value
C05205,606.62,Low Value
C05206,1267.63,Medium Value
C05207,1095.33,Medium Value
C05208,1098.79,Medium Value
C05209,1654.06,High Value
C05210,1071.83,Medium Value
C05211,1250.29,Medium Value
C05212,1880.43,Very High Value
C05213,1730.69,Very High Value
C05214,1358.61,Medium Value
C05215,1127.3,Medium Value
C05216,1270.62,Medium Value
C05217,1262.13,Medium Value
C05218,1240.35,Medium Value
C05219,1304.14,Medium Value
C05220,807.84,Low Value
C05221,1312.46,Medium Value
C05222,1619.79,High Value
C05223,1406.85,High Value
C05224,883.13,Low Value
C05225,2033.06,Very High Value
C05226,1208.88,Medium Value
C05227,1234.61,Medium Value
C05228,864.58,Low Value
C05229,1527.24,High Value
C05230,1355.56,Medium Value
C05231,1724.79,Very High Value
C05232,922.42,Low Value
C05233,1081.8,Medium Value
C05234,1698.28,Very High Value
C05235,898.13,Low Value
C05236,1204.7,Medium Value
C05237,1941.52,Very High Value
C05238,1769.48,Very High Value
C05239,1453.27,High Value
C05240,1702.5,Very High Value
C05241,1573.81,High Value
C05242,1521.77,High Value
C05243,1953.61,Very High Value
C05244,1507.67,High Value
C05245,1432.75,High Value
C05246,1218.64,Medium Value
C05247,2054.32,Very High Value
C05248,1242.26,Medium Value
C05249,1165.56,Medium Value
C05250,1829.37,Very High Value
C05251,1337.35,Medium Value
C05252,1561.15,High Value
C05253,1456.45,High Value
C05254,1610.55,High Value
C05255,1542.42,High Value
C05256,1432.03,High Value
C05257,833.38,Low Value
C05258,1201.75,Medium Value
C05259,1206.32,Medium Value
C05260,1669.53,High Value
C05261,855.84,Low Value
C05262,1000.58,Low Value
C05263,819.96,Low Value
C05264,982.76,Low Value
C05265,812.2,Low Value
C05266,1095.3,Medium Value
C05267,1030.91,Low Value
C05268,881.78,Low Value
C05269,1688.55,High Value
C05270,1562.82,High Value
C05271,961.17,Low Value
C05272,845.4,Low Value
C05273,1961.41,Very High Value
C05274,1088.09,Medium Value
C05275,1315.23,Medium Value
C05276,1304.3,Medium Value
C05277,1409.86,High Value
C05278,702.17,Low Value
C05279,1617.92,High Value
C05280,1034.58,Low Value
C05281,1071.85,Medium Value
C05282,1068.51,Medium Value
C05283,912.17,Low Value
C05284,1162.39,Medium Value
C05285,1909.18,Very High Value
C05286,1463.9,High Value
C05287,825.82,Low Value
C05288,1191.42,Medium Value
C05289,1531.46,High Value
C05290,1400.23,High Value
C05291,1271.06,Medium Value
C05292,1356.13,Medium Value
C05293,761.7,Low Value
C05294,1905.24,Very High Value
C05295,1259.49,Medium Value
C05296,1048.01,Medium Value
C05297,1056.96,Medium Value
C05298,1844.18,Very High Value
C05299,891.49,Low Value
C05300,1202.18,Medium Value
C05301,853.34,Low Value
C05302,1241.44,Medium Value
C05303,1329.41,Medium Value
C05304,1115.85,Medium Value
C05305,1574.11,High Value
C05306,1161.5,Medium Value
C05307,1456.59,High Value
C05308,902.66,Low Value
C05309,1178.45,Medium Value
C05310,1637.05,High Value
C05311,789.97,Low Value
C05312,791.87,Low Value
C05313,892.47,Low Value
C05314,1906.33,Very High Value
C05315,1641.57,High Value
C05316,1206.97,Medium Value
C05317,1228.67,Medium Value
C05318,1271.51,Medium Value
C05319,794.71,Low Value
C05320,1088.24,Medium Value
C05321,1326.74,Medium Value
C05322,1130.48,Medium Value
C05323,1797.54,Very High Value
C05324,1062.81,Medium Value
C05325,1582.97,High Value
C05326,1078.13,Medium Value
C05327,1626.11,High Value
C05328,1853.48,Very High Value
C05329,951.33,Low Value
C05330,1640.66,High Value
C05331,1276.83,Medium Value
C05332,1175.68,Medium Value
C05333,1530.17,High Value
C05334,1750.42,Very High Value
C05335,1025.68,Low Value
C05336,1286.03,Medium Value
C05337,828.33,Low Value
C05338,1713.88,Very High Value
C05339,740.96,Low Value
C05340,1225.63,Medium Value
C05341,1922.78,Very High Value
C05342,1620.38,High Value
C05343,1451.53,High Value
C05344,997.37,Low Value
C05345,1325.93,Medium Value
C05346,1438.24,High Value
C05347,1347.37,Medium Value
C05348,1408.22,High Value
C05349,1711.62,Very High Value
C05350,1088.92,Medium Value
C05351,1255.83,Medium Value
C05352,1749.81,Very High Value
C05353,2034.92,Very High Value
C05354,1003.78,Low Value
C05355,1130.9,Medium Value
C05356,1280.19,Medium Value
C05357,1678.38,High Value
C05358,981.17,Low Value
C05359,1322.13,Medium Value
C05360,1871.82,Very High Value
C05361,1194.19,Medium Value
C05362,1611.27,High Value
C05363,1553.39,High Value
C05364,892.47,Low Value
C05365,1266.51,Medium Value
C05366,1733.07,Very High Value
C05367,1079.86,Medium Value
C05368,1038.03,Medium Value
C05369,1184.68,Medium Value
C05370,1429.17,High Value
C05371,1698.26,Very High Value
C05372,1184.98,Medium Value
C05373,1231.7,Medium Value
C05374,1075.65,Medium Value
C05375,1050.78,Medium Value
C05376,540.11,Low Value
C05377,1117.08,Medium Value
C05378,911.14,Low Value
C05379,829.84,Low Value
C05380,1023.65,Low Value
C05381,1061.15,Medium Value
C05382,1492.77,High Value
C05383,1251.93,Medium Value
C05384,1161.01,Medium Value
C05385,1099.03,Medium Value
C05386,495.31,Low Value
C05387,1921.23,Very High Value
C05388,1127.96,Medium Value
C05389,1518.38,High Value
C05390,1933.73,Very High Value
C05391,1577.58,High Value
C05392,1583.65,High Value
C05393,1383.57,High Value
C05394,985.66,Low Value
C05395,1794.38,Very High Value
C05396,698.25,Low Value
C05397,1008.46,Low Value
C05398,1301.25,Medium Value
C05399,1350.07,Medium Value
C05400,1060.59,Medium Value
C05401,364.15,Low Value
C05402,1607.25,High Value
C05403,1370.96,High Value
C05404,980.45,Low Value
C05405,905.05,Low Value
C05406,1088.11,Medium Value
C05407,1142.52,Medium Value
C05408,883.61,Low Value
C05409,1193.8,Medium Value
C05410,1910.75,Very High Value
C05411,873.13,Low Value
C05412,1602.55,High Value
C05413,600.03,Low Value
C05414,1096.25,Medium Value
C05415,1455.7,High Value
C05416,1631.74,High Value
C05417,1782.21,Very High Value
C05418,1196.71,Medium Value
C05419,882.83,Low Value
C05420,839.89,Low Value
C05421,1482.6,High Value
C05422,1290.56,Medium Value
C05423,1280.27,Medium Value
C05424,895.96,Low Value
C05425,1028.38,Low Value
C05426,1552.24,High Value
C05427,1172.54,Medium Value
C05428,1185.96,Medium Value
C05429,1445.18,High Value
C05430,1634.78,High Value
C05431,1499.97,High Value
C05432,1723.79,Very High Value
C05433,896.31,Low Value
C05434,1662.07,High Value
C05435,721.69,Low Value
C05436,1288.56,Medium Value
C05437,797.91,Low Value
C05438,1466.93,High Value
C05439,849.69,Low Value
C05440,863.75,Low Value
C05441,1314.35,Medium Value
C05442,1052.07,Medium Value
C05443,1637.46,High Value
C05444,1336.0,Medium Value
C05445,1068.79,Medium Value
C05446,1419.81,High Value
C05447,1513.94,High Value
C05448,1043.26,Medium Value
C05449,1733.24,Very High Value
C05450,1319.63,Medium Value
C05451,1690.93,Very High Value
C05452,1179.23,Medium Value
C05453,1056.34,Medium Value
C05454,829.12,Low Value
C05455,1384.2,High Value
C05456,1419.7,High Value
C05457,1599.19,High Value
C05458,1353.24,Medium Value
C05459,1553.73,High Value
C05460,834.95,Low Value
C05461,1534.84,High Value
C05462,1562.3,High Value
C05463,1648.66,High Value
C05464,1430.88,High Value
C05465,1737.09,Very High Value
C05466,1215.55,Medium Value
C05467,1795.82,Very High Value
C05468,1186.16,Medium Value
C05469,2052.11,Very High Value
C05470,1741.08,Very High Value
C05471,1520.33,High Value
C05472,1576.84,High Value
C05473,1767.21,Very High Value
C05474,2073.11,Very High Value
C05475,2013.23,Very High Value
C05476,1312.63,Medium Value
C05477,1635.71,High Value
C05478,1166.69,Medium Value
C05479,980.25,Low Value
C05480,1173.57,Medium Value
C05481,1511.62,High Value
C05482,811.65,Low Value
C05483,1931.97,Very High Value
C05484,1020.46,Low Value
C05485,1128.78,Medium Value
C05486,1652.7,High Value
C05487,2081.13,Very High Value
C05488,1283.79,Medium Value
C05489,1284.02,Medium Value
C05490,1459.71,High Value
C05491,1531.7,High Value
C05492,1082.61,Medium Value
C05493,984.27,Low Value
C05494,1667.17,High Value
C05495,968.53,Low Value
C05496,1573.47,High Value
C05497,1553.15,High Value
C05498,1014.76,Low Value
C05499,1541.03,High Value
C05500,1350.16,Medium Value
C05501,795.62,Low Value
C05502,1845.98,Very High Value
C05503,394.97,Low Value
C05504,2056.65,Very High Value
C05505,1350.7,Medium Value
C05506,1729.1,Very High Value
C05507,1937.91,Very High Value
C05508,1923.04,Very High Value
C05509,1474.11,High Value
C05510,1192.91,Medium Value
C05511,1750.23,Very High Value
C05512,1324.29,Medium Value
C05513,959.93,Low Value
C05514,1121.35,Medium Value
C05515,1091.62,Medium Value
C05516,1134.77,Medium Value
C05517,1265.69,Medium Value
C05518,1861.15,Very High Value
C05519,1530.77,High Value
C05520,1920.03,Very High Value
C05521,1953.59,Very High Value
C05522,1630.92,High Value
C05523,1420.4,High Value
C05524,1354.91,Medium Value
C05525,1867.35,Very High Value
C05526,1645.58,High Value
C05527,1126.23,Medium Value
C05528,907.71,Low Value
C05529,1501.52,High Value
C05530,1748.27,Very High Value
C05531,1081.24,Medium Value
C05532,1221.74,Medium Value
C05533,1703.51,Very High Value
C05534,1773.7,Very High Value
C05535,1249.58,Medium Value
C05536,830.54,Low Value
C05537,1392.33,High Value
C05538,926.11,Low Value
C05539,1597.32,High Value
C05540,1767.34,Very High Value
C05541,1854.22,Very High Value
C05542,1356.14,Medium Value
C05543,1233.22,Medium Value
C05544,965.08,Low Value
C05545,1714.74,Very High Value
C05546,1093.23,Medium Value
C05547,1410.04,High Value
C05548,1738.44,Very High Value
C05549,513.79,Low Value
C05550,899.05,Low Value
C05551,1906.54,Very High Value
C05552,1468.7,High Value
C05553,824.79,Low Value
C05554,1882.35,Very High Value
C05555,693.3,Low Value
C05556,1296.78,Medium Value
C05557,983.18,Low Value
C05558,1624.62,High Value
C05559,1479.54,High Value
C05560,1323.98,Medium Value
C05561,1612.18,High Value
C05562,1559.36,High Value
C05563,1301.68,Medium Value
C05564,1341.34,Medium Value
C05565,2061.13,Very High Value
C05566,1921.61,Very High Value
C05567,2001.35,Very High Value
C05568,1364.54,High Value
C05569,707.15,Low Value
C05570,1334.61,Medium Value
C05571,1491.65,High Value
C05572,1394.76,High Value
C05573,1588.36,High Value
C05574,1426.38,High Value
C05575,1487.26,High Value
C05576,1033.78,Low Value
C05577,1351.11,Medium Value
C05578,1600.87,High Value
C05579,1034.4,Low Value
C05580,1478.69,High Value
C05581,1270.11,Medium Value
C05582,1213.62,Medium Value
C05583,1176.8,Medium Value
C05584,1784.5,Very High Value
C05585,832.6,Low Value
C05586,831.95,Low Value
C05587,2004.82,Very High Value
C05588,833.24,Low Value
C05589,1006.78,Low Value
C05590,1740.44,Very High Value
C05591,1564.32,High Value
C05592,1239.32,Medium Value
C05593,1302.26,Medium Value
C05594,1675.66,High Value
C05595,1549.76,High Value
C05596,1251.2,Medium Value
C05597,744.64,Low Value
C05598,1654.88,High Value
C05599,1143.49,Medium Value
C05600,1549.7,High Value
C05601,1373.43,High Value
C05602,1523.53,High Value
C05603,1833.22,Very High Value
C05604,1428.55,High Value
C05605,1441.67,High Value
C05606,1640.36,High Value
C05607,1566.78,High Value
C05608,1116.19,Medium Value
C05609,864.68,Low Value
C05610,2062.44,Very High Value
C05611,1554.42,High Value
C05612,1908.77,Very High Value
C05613,1649.84,High Value
C05614,1230.51,Medium Value
C05615,927.82,Low Value
C05616,1550.19,High Value
C05617,697.94,Low Value
C05618,1584.77,High Value
C05619,1059.29,Medium Value
C05620,1937.72,Very High Value
C05621,475.33,Low Value
C05622,1501.42,High Value
C05623,1284.7,Medium Value
C05624,1464.0,High Value
C05625,1118.27,Medium Value
C05626,1008.13,Low Value
C05627,1000.25,Low Value
C05628,1682.07,High Value
C05629,1238.82,Medium Value
C05630,1846.39,Very High Value
C05631,1407.15,High Value
C05632,924.32,Low Value
C05633,1106.86,Medium Value
C05634,1897.92,Very High Value
C05635,2089.38,Very High Value
C05636,1427.99,High Value
C05637,1597.87,High Value
C05638,1035.33,Low Value
C05639,798.26,Low Value
C05640,1230.47,Medium Value
C05641,1950.71,Very High Value
C05642,1011.15,Low Value
C05643,982.11,Low Value
C05644,1306.58,Medium Value
C05645,1137.19,Medium Value
C05646,1457.57,High Value
C05647,2065.28,Very High Value
C05648,1182.02,Medium Value
C05649,1391.49,High Value
C05650,931.99,Low Value
C05651,1743.05,Very High Value
C05652,901.54,Low Value
C05653,989.52,Low Value
C05654,1514.05,High Value
C05655,1883.35,Very High Value
C05656,1697.32,Very High Value
C05657,1833.76,Very High Value
C05658,926.72,Low Value
C05659,2074.89,Very High Value
C05660,1726.56,Very High Value
C05661,1437.59,High Value
C05662,794.49,Low Value
C05663,1083.1,Medium Value
C05664,1138.59,Medium Value
C05665,1584.58,High Value
C05666,1262.14,Medium Value
C05667,855.05,Low Value
C05668,945.03,Low Value
C05669,1467.41,High Value
C05670,1311.7,Medium Value
C05671,1160.77,Medium Value
C05672,1052.51,Medium Value
C05673,1085.94,Medium Value
C05674,1245.85,Medium Value
C05675,1593.89,High Value
C05676,1796.12,Very High Value
C05677,964.83,Low Value
C05678,1423.15,High Value
C05679,1248.29,Medium Value
C05680,1971.62,Very High Value
C05681,1594.01,High Value
C05682,1362.08,High Value
C05683,1428.08,High Value
C05684,1878.02,Very High Value
C05685,1546.93,High Value
C05686,2001.86,Very High Value
C05687,1729.89,Very High Value
C05688,1818.7,Very High Value
C05689,1079.95,Medium Value
C05690,1026.16,Low Value
C05691,1347.68,Medium Value
C05692,2003.08,Very High Value
C05693,1391.27,High Value
C05694,2023.74,Very High Value
C05695,1566.85,High Value
C05696,1728.79,Very High Value
C05697,869.2,Low Value
C05698,1577.2,High Value
C05699,1874.89,Very High Value
C05700,1280.52,Medium Value
C05701,1701.09,Very High Value
C05702,1957.41,Very High Value
C05703,1236.89,Medium Value
C05704,1299.0,Medium Value
C05705,1354.97,Medium Value
C05706,1968.03,Very High Value
C05707,1240.45,Medium Value
C05708,1554.67,High Value
C05709,1390.67,High Value
C05710,1297.17,Medium Value
C05711,1777.24,Very High Value
C05712,1072.65,Medium Value
C05713,947.86,Low Value
C05714,1167.29,Medium Value
C05715,1953.28,Very High Value
C05716,1213.74,Medium Value
C05717,1739.98,Very High Value
C05718,1556.66,High Value
C05719,1253.86,Medium Value
C05720,1280.87,Medium Value
C05721,1839.17,Very High Value
C05722,1320.28,Medium Value
C05723,1153.12,Medium Value
C05724,1819.09,Very High Value
C05725,1812.63,Very High Value
C05726,1888.5,Very High Value
C05727,1613.0,High Value
C05728,1842.51,Very High Value
C05729,1134.07,Medium Value
C05730,1624.17,High Value
C05731,1049.23,Medium Value
C05732,1341.29,Medium Value
C05733,802.34,Low Value
C05734,1849.01,Very High Value
C05735,869.4,Low Value
C05736,1641.34,High Value
C05737,1547.45,High Value
C05738,1745.28,Very High Value
C05739,1864.03,Very High Value
C05740,1760.21,Very High Value
C05741,1949.97,Very High Value
C05742,677.93,Low Value
C05743,1052.97,Medium Value
C05744,1492.75,High Value
C05745,1115.11,Medium Value
C05746,1331.46,Medium Value
C05747,1349.15,Medium Value
C05748,814.94,Low Value
C05749,1976.07,Very High Value
C05750,1124.25,Medium Value
C05751,1499.65,High Value
C05752,1950.04,Very High Value
C05753,1256.91,Medium Value
C05754,1812.08,Very High Value
C05755,1685.07,High Value
C05756,687.2,Low Value
C05757,1281.38,Medium Value
C05758,1962.81,Very High Value
C05759,1182.04,Medium Value
C05760,1131.27,Medium Value
C05761,1986.16,Very High Value
C05762,2072.88,Very High Value
C05763,1351.13,Medium Value
C05764,2004.96,Very High Value
C05765,1850.09,Very High Value
C05766,1990.67,Very High Value
C05767,1851.59,Very High Value
C05768,784.8,Low Value
C05769,1494.19,High Value
C05770,1052.02,Medium Value
C05771,1084.56,Medium Value
C05772,1983.32,Very High Value
C05773,1488.13,High Value
C05774,2004.29,Very High Value
C05775,1284.47,Medium Value
C05776,1562.56,High Value
C05777,2093.55,Very High Value
C05778,1615.29,High Value
C05779,1543.86,High Value
C05780,1740.28,Very High Value
C05781,1902.96,Very High Value
C05782,1153.61,Medium Value
C05783,1512.74,High Value
C05784,1123.91,Medium Value
C05785,2000.66,Very High Value
C05786,573.72,Low Value
C05787,1852.62,Very High Value
C05788,2031.73,Very High Value
C05789,1851.4,Very High Value
C05790,1938.65,Very High Value
C05791,1539.97,High Value
C05792,629.96,Low Value
C05793,1072.32,Medium Value
C05794,1637.05,High Value
C05795,1961.35,Very High Value
C05796,1271.81,Medium Value
C05797,2045.81,Very High Value
C05798,1774.21,Very High Value
C05799,1725.3,Very High Value
C05800,1068.62,Medium Value
C05801,1314.33,Medium Value
C05802,1329.91,Medium Value
C05803,1591.03,High Value
C05804,1740.14,Very High Value
C05805,1664.98,High Value
C05806,1634.09,High Value
C05807,1891.29,Very High Value
C05808,1733.42,Very High Value
C05809,802.46,Low Value
C05810,1123.76,Medium Value
C05811,1307.14,Medium Value
C05812,1407.3,High Value
C05813,2082.02,Very High Value
C05814,1548.85,High Value
C05815,1799.7,Very High Value
C05816,948.16,Low Value
C05817,1025.13,Low Value
C05818,1324.9,Medium Value
C05819,1211.78,Medium Value
C05820,1151.29,Medium Value
C05821,1832.67,Very High Value
C05822,2065.47,Very High Value
C05823,1898.5,Very High Value
C05824,1931.63,Very High Value
C05825,901.4,Low Value
C05826,636.41,Low Value
C05827,756.89,Low Value
C05828,1996.09,Very High Value
C05829,1522.16,High Value
C05830,1522.76,High Value
C05831,1563.82,High Value
C05832,723.53,Low Value
C05833,1389.98,High Value
C05834,1311.08,Medium Value
C05835,858.7,Low Value
C05836,1488.89,High Value
C05837,935.48,Low Value
C05838,1066.41,Medium Value
C05839,1019.63,Low Value
C05840,1358.46,Medium Value
C05841,1511.8,High Value
C05842,1307.48,Medium Value
C05843,2024.3,Very High Value
C05844,1416.31,High Value
C05845,957.97,Low Value
C05846,1922.04,Very High Value
C05847,932.12,Low Value
C05848,1981.78,Very High Value
C05849,2073.05,Very High Value
C05850,2031.99,Very High Value
C05851,1519.71,High Value
C05852,1728.57,Very High Value
C05853,732.99,Low Value
C05854,1185.33,Medium Value
C05855,1996.94,Very High Value
C05856,1472.41,High Value
C05857,1538.61,High Value
C05858,2027.27,Very High Value
C05859,1858.18,Very High Value
C05860,1383.87,High Value
C05861,566.76,Low Value
C05862,2029.84,Very High Value
C05863,2073.03,Very High Value
C05864,1117.1,Medium Value
C05865,1142.17,Medium Value
C05866,1784.65,Very High Value
C05867,977.12,Low Value
C05868,1945.26,Very High Value
C05869,1718.62,Very High Value
C05870,1619.14,High Value
C05871,1572.87,High Value
C05872,1694.85,Very High Value
C05873,1458.15,High Value
C05874,1286.14,Medium Value
C05875,1309.35,Medium Value
C05876,541.03,Low Value
C05877,1780.46,Very High Value
C05878,1732.59,Very High Value
C05879,1819.4,Very High Value
C05880,1685.4,High Value
C05881,1504.26,High Value
C05882,764.75,Low Value
C05883,1222.03,Medium Value
C05884,1874.65,Very High Value
C05885,2038.63,Very High Value
C05886,1536.29,High Value
C05887,922.35,Low Value
C05888,1129.63,Medium Value
C05889,1756.42,Very High Value
C05890,1793.44,Very High Value
C05891,893.63,Low Value
C05892,1628.18,High Value
C05893,783.27,Low Value
C05894,1624.7,High Value
C05895,1790.18,Very High Value
C05896,1950.7,Very High Value
C05897,1123.5,Medium Value
C05898,1370.71,High Value
C05899,1896.18,Very High Value
C05900,1843.81,Very High Value
C05901,1680.87,High Value
C05902,1571.89,High Value
C05903,1713.33,Very High Value
C05904,1473.19,High Value
C05905,1798.47,Very High Value
C05906,1251.95,Medium Value
C05907,1629.11,High Value
C05908,1756.42,Very High Value
C05909,1717.6,Very High Value
C05910,2031.21,Very High Value
C05911,1326.53,Medium Value
C05912,1397.07,High Value
C05913,1464.03,High Value
C05914,1904.07,Very High Value
C05915,806.57,Low Value
C05916,1360.08,High Value
C05917,1695.33,Very High Value
C05918,2022.29,Very High Value
C05919,1712.74,Very High Value
C05920,605.76,Low Value
C05921,1948.9,Very High Value
C05922,1374.33,High Value
C05923,1845.4,Very High Value
C05924,1953.45,Very High Value
C05925,1365.14,High Value
C05926,1377.23,High Value
C05927,1895.1,Very High Value
C05928,1572.77,High Value
C05929,1896.87,Very High Value
C05930,1676.15,High Value
C05931,1707.03,Very High Value
C05932,599.5,Low Value
C05933,1864.65,Very High Value
C05934,1820.15,Very High Value
C05935,1834.15,Very High Value
C05936,1379.29,High Value
C05937,1521.07,High Value
C05938,2053.79,Very High Value
C05939,852.03,Low Value
C05940,1661.45,High Value
C05941,1806.1,Very High Value
C05942,1732.42,Very High Value
C05943,2000.81,Very High Value
C05944,869.87,Low Value
C05945,910.05,Low Value
C05946,877.32,Low Value
C05947,1729.95,Very High Value
C05948,1207.85,Medium Value
C05949,1341.32,Medium Value
C05950,601.73,Low Value
C05951,1194.32,Medium Value
C05952,1657.44,High Value
C05953,995.57,Low Value
C05954,1006.37,Low Value
C05955,1227.66,Medium Value
C05956,1752.22,Very High Value
C05957,1359.58,High Value
C05958,1265.69,Medium Value
C05959,1065.2,Medium Value
C05960,777.13,Low Value
C05961,1396.3,High Value
C05962,1223.11,Medium Value
C05963,737.07,Low Value
C05964,801.13,Low Value
C05965,1395.89,High Value
C05966,1129.17,Medium Value
C05967,1092.58,Medium Value
C05968,829.02,Low Value
C05969,1319.07,Medium Value
C05970,1245.57,Medium Value
C05971,1739.36,Very High Value
C05972,1216.31,Medium Value
C05973,917.17,Low Value
C05974,1067.19,Medium Value
C05975,1302.76,Medium Value
C05976,819.55,Low Value
C05977,619.58,Low Value
C05978,1169.26,Medium Value
C05979,1167.15,Medium Value
C05980,1187.23,Medium Value
C05981,888.55,Low Value
C05982,1119.45,Medium Value
C05983,980.47,Low Value
C05984,1131.93,Medium Value
C05985,745.48,Low Value
C05986,1382.16,High Value
C05987,1515.62,High Value
C05988,1388.77,High Value
C05989,1148.1,Medium Value
C05990,1524.21,High Value
C05991,920.24,Low Value
C05992,848.45,Low Value
C05993,1207.54,Medium Value
C05994,923.7,Low Value
C05995,888.64,Low Value
C05996,860.36,Low Value
C05997,1083.98,Medium Value
C05998,1065.42,Medium Value
C05999,1465.08,High Value
C06000,1493.3,High Value
C06001,939.39,Low Value
C06002,1455.72,High Value
C06003,1325.76,Medium Value
C06004,1026.0,Low Value
C06005,1456.82,High Value
C06006,1666.59,High Value
C06007,963.25,Low Value
C06008,1723.16,Very High Value
C06009,1236.21,Medium Value
C06010,411.1,Low Value
C06011,1132.01,Medium Value
C06012,1566.54,High Value
C06013,1177.94,Medium Value
C06014,1377.01,High Value
C06015,1474.7,High Value
C06016,1123.87,Medium Value
C06017,1432.63,High Value
C06018,1927.53,Very High Value
C06019,1292.96,Medium Value
C06020,926.0,Low Value
C06021,1630.59,High Value
C06022,755.81,Low Value
C06023,1478.15,High Value
C06024,938.94,Low Value
C06025,1155.63,Medium Value
C06026,795.94,Low Value
C06027,828.02,Low Value
C06028,1279.3,Medium Value
C06029,1055.44,Medium Value
C06030,825.84,Low Value
C06031,1232.9,Medium Value
C06032,774.47,Low Value
C06033,1019.61,Low Value
C06034,1073.61,Medium Value
C06035,770.3,Low Value
C06036,1503.11,High Value
C06037,969.35,Low Value
C06038,1511.05,High Value
C06039,917.11,Low Value
C06040,801.39,Low Value
C06041,833.2,Low Value
C06042,929.34,Low Value
C06043,1439.31,High Value
C06044,1495.52,High Value
C06045,1384.7,High Value
C06046,1556.08,High Value
C06047,1071.29,Medium Value
C06048,1011.67,Low Value
C06049,1219.12,Medium Value
C06050,984.87,Low Value
C06051,846.74,Low Value
C06052,1493.57,High Value
C06053,762.3,Low Value
C06054,1817.59,Very High Value
C06055,397.78,Low Value
C06056,1322.87,Medium Value
C06057,1068.09,Medium Value
C06058,1116.15,Medium Value
C06059,1319.06,Medium Value
C06060,783.68,Low Value
C06061,1229.74,Medium Value
C06062,1249.85,Medium Value
C06063,936.72,Low Value
C06064,1083.72,Medium Value
C06065,806.59,Low Value
C06066,1739.61,Very High Value
C06067,1290.47,Medium Value
C06068,817.86,Low Value
C06069,1150.67,Medium Value
C06070,801.11,Low Value
C06071,1222.74,Medium Value
C06072,985.15,Low Value
C06073,1059.94,Medium Value
C06074,780.75,Low Value
C06075,821.99,Low Value
C06076,825.76,Low Value
C06077,1704.9,Very High Value
C06078,1508.37,High Value
C06079,858.75,Low Value
C06080,750.67,Low Value
C06081,1756.66,Very High Value
C06082,1833.87,Very High Value
C06083,1535.63,High Value
C06084,770.25,Low Value
C06085,880.32,Low Value
C06086,1101.08,Medium Value
C06087,790.17,Low Value
C06088,1370.2,High Value
C06089,1025.24,Low Value
C06090,800.57,Low Value
C06091,959.98,Low Value
C06092,1086.64,Medium Value
C06093,766.95,Low Value
C06094,808.93,Low Value
C06095,952.18,Low Value
C06096,970.86,Low Value
C06097,1034.57,Low Value
C06098,941.26,Low Value
C06099,1317.17,Medium Value
C06100,637.22,Low Value
C06101,1446.4,High Value
C06102,1015.76,Low Value
C06103,799.56,Low Value
C06104,1551.61,High Value
C06105,1500.75,High Value
C06106,869.95,Low Value
C06107,745.12,Low Value
C06108,922.97,Low Value
C06109,754.16,Low Value
C06110,913.44,Low Value
C06111,1106.32,Medium Value
C06112,1168.9,Medium Value
C06113,954.99,Low Value
C06114,1151.48,Medium Value
C06115,1628.72,High Value
C06116,818.46,Low Value
C06117,991.01,Low Value
C06118,1262.9,Medium Value
C06119,1097.29,Medium Value
C06120,891.81,Low Value
C06121,935.06,Low Value
C06122,1204.87,Medium Value
C06123,799.18,Low Value
C06124,471.21,Low Value
C06125,715.54,Low Value
C06126,934.15,Low Value
C06127,1159.7,Medium Value
C06128,1370.34,High Value
C06129,1115.71,Medium Value
C06130,1236.46,Medium Value
C06131,866.62,Low Value
C06132,1483.07,High Value
C06133,1042.29,Medium Value
C06134,1050.98,Medium Value
C06135,1299.88,Medium Value
C06136,692.69,Low Value
C06137,1555.87,High Value
C06138,1219.09,Medium Value
C06139,814.68,Low Value
C06140,964.98,Low Value
C06141,1229.51,Medium Value
C06142,1284.16,Medium Value
C06143,1724.73,Very High Value
C06144,1006.27,Low Value
C06145,966.95,Low Value
C06146,927.5,Low Value
C06147,1804.6,Very High Value
C06148,1159.79,Medium Value
C06149,1159.74,Medium Value
C06150,1355.16,Medium Value
C06151,1532.11,High Value
C06152,1170.68,Medium Value
C06153,1348.69,Medium Value
C06154,1097.58,Medium Value
C06155,1010.13,Low Value
C06156,989.24,Low Value
C06157,979.38,Low Value
C06158,799.77,Low Value
C06159,1162.69,Medium Value
C06160,1712.69,Very High Value
C06161,1678.16,High Value
C06162,1389.92,High Value
C06163,1045.41,Medium Value
C06164,741.75,Low Value
C06165,965.58,Low Value
C06166,849.63,Low Value
C06167,909.16,Low Value
C06168,995.02,Low Value
C06169,1009.98,Low Value
C06170,764.81,Low Value
C06171,849.99,Low Value
C06172,1835.21,Very High Value
C06173,1038.99,Medium Value
C06174,716.56,Low Value
C06175,986.22,Low Value
C06176,971.38,Low Value
C06177,1005.98,Low Value
C06178,1181.36,Medium Value
C06179,1611.55,High Value
C06180,777.47,Low Value
C06181,999.68,Low Value
C06182,805.39,Low Value
C06183,835.64,Low Value
C06184,782.93,Low Value
C06185,1436.11,High Value
C06186,789.73,Low Value
C06187,1082.92,Medium Value
C06188,1047.48,Medium Value
C06189,778.09,Low Value
C06190,1163.52,Medium Value
C06191,864.19,Low Value
C06192,979.16,Low Value
C06193,894.26,Low Value
C06194,1318.37,Medium Value
C06195,825.84,Low Value
C06196,880.01,Low Value
C06197,1152.18,Medium Value
C06198,1162.21,Medium Value
C06199,1010.85,Low Value
C06200,1082.49,Medium Value
C06201,1044.1,Medium Value
C06202,850.09,Low Value
C06203,1422.74,High Value
C06204,942.61,Low Value
C06205,991.97,Low Value
C06206,973.72,Low Value
C06207,1546.66,High Value
C06208,1214.07,Medium Value
C06209,1111.4,Medium Value
C06210,1423.19,High Value
C06211,1276.74,Medium Value
C06212,962.23,Low Value
C06213,868.92,Low Value
C06214,1292.46,Medium Value
C06215,1303.51,Medium Value
C06216,1130.47,Medium Value
C06217,1499.03,High Value
C06218,775.21,Low Value
C06219,852.17,Low Value
C06220,984.03,Low Value
C06221,987.58,Low Value
C06222,1334.7,Medium Value
C06223,1342.15,Medium Value
C06224,1051.97,Medium Value
C06225,1417.33,High Value
C06226,1323.24,Medium Value
C06227,870.66,Low Value
C06228,910.06,Low Value
C06229,877.84,Low Value
C06230,1105.56,Medium Value
C06231,816.0,Low Value
C06232,668.6,Low Value
C06233,810.78,Low Value
C06234,1697.66,Very High Value
C06235,763.9,Low Value
C06236,1202.97,Medium Value
C06237,1165.22,Medium Value
C06238,1815.45,Very High Value
C06239,884.21,Low Value
C06240,1542.98,High Value
C06241,816.7,Low Value
C06242,908.47,Low Value
C06243,993.45,Low Value
C06244,852.8,Low Value
C06245,1397.85,High Value
C06246,934.83,Low Value
C06247,837.83,Low Value
C06248,760.55,Low Value
C06249,1372.86,High Value
C06250,1196.63,Medium Value
C06251,349.75,Low Value
C06252,1083.11,Medium Value
C06253,1072.64,Medium Value
C06254,797.59,Low Value
C06255,979.53,Low Value
C06256,987.17,Low Value
C06257,935.55,Low Value
C06258,1082.08,Medium Value
C06259,909.95,Low Value
C06260,1255.19,Medium Value
C06261,1598.5,High Value
C06262,768.12,Low Value
C06263,742.95,Low Value
C06264,1053.0,Medium Value
C06265,959.3,Low Value
C06266,1070.58,Medium Value
C06267,1263.73,Medium Value
C06268,1004.94,Low Value
C06269,917.57,Low Value
C06270,1166.64,Medium Value
C06271,812.53,Low Value
C06272,1008.22,Low Value
C06273,878.07,Low Value
C06274,811.37,Low Value
C06275,704.35,Low Value
C06276,1237.47,Medium Value
C06277,779.16,Low Value
C06278,1339.33,Medium Value
C06279,1539.09,High Value
C06280,1334.86,Medium Value
C06281,1348.22,Medium Value
C06282,744.39,Low Value
C06283,678.48,Low Value
C06284,1130.0,Medium Value
C06285,1098.79,Medium Value
C06286,885.44,Low Value
C06287,1641.69,High Value
C06288,1543.51,High Value
C06289,1196.18,Medium Value
C06290,769.37,Low Value
C06291,826.93,Low Value
C06292,1636.36,High Value
C06293,1076.76,Medium Value
C06294,959.12,Low Value
C06295,1068.1,Medium Value
C06296,1033.63,Low Value
C06297,1138.71,Medium Value
C06298,792.2,Low Value
C06299,827.21,Low Value
C06300,1326.55,Medium Value
C06301,1224.27,Medium Value
C06302,1145.88,Medium Value
C06303,1108.89,Medium Value
C06304,1096.25,Medium Value
C06305,865.7,Low Value
C06306,1255.62,Medium Value
C06307,1050.81,Medium Value
C06308,980.64,Low Value
C06309,1437.48,High Value
C06310,999.38,Low Value
C06311,1123.41,Medium Value
C06312,770.88,Low Value
C06313,1448.39,High Value
C06314,1353.78,Medium Value
C06315,794.78,Low Value
C06316,1151.63,Medium Value
C06317,1283.1,Medium Value
C06318,1055.72,Medium Value
C06319,674.08,Low Value
C06320,1089.15,Medium Value
C06321,879.46,Low Value
C06322,854.98,Low Value
C06323,1135.5,Medium Value
C06324,1351.7,Medium Value
C06325,1704.2,Very High Value
C06326,1433.22,High Value
C06327,997.52,Low Value
C06328,874.84,Low Value
C06329,1705.32,Very High Value
C06330,868.42,Low Value
C06331,883.21,Low Value
C06332,802.51,Low Value
C06333,895.39,Low Value
C06334,878.3,Low Value
C06335,1132.04,Medium Value
C06336,1398.4,High Value
C06337,1020.65,Low Value
C06338,1050.3,Medium Value
C06339,929.06,Low Value
C06340,1333.68,Medium Value
C06341,1419.07,High Value
C06342,511.38,Low Value
C06343,880.4,Low Value
C06344,925.99,Low Value
C06345,1134.18,Medium Value
C06346,1216.22,Medium Value
C06347,1151.9,Medium Value
C06348,1088.93,Medium Value
C06349,969.1,Low Value
C06350,1001.36,Low Value
C06351,1070.51,Medium Value
C06352,1299.98,Medium Value
C06353,778.42,Low Value
C06354,1212.74,Medium Value
C06355,1409.93,High Value
C06356,1663.72,High Value
C06357,673.12,Low Value
C06358,960.91,Low Value
C06359,1363.48,High Value
C06360,1138.65,Medium Value
C06361,899.66,Low Value
C06362,1559.05,High Value
C06363,996.36,Low Value
C06364,969.49,Low Value
C06365,1169.04,Medium Value
C06366,758.32,Low Value
C06367,1662.81,High Value
C06368,945.07,Low Value
C06369,717.69,Low Value
C06370,1025.13,Low Value
C06371,909.36,Low Value
C06372,1420.81,High Value
C06373,893.78,Low Value
C06374,913.64,Low Value
C06375,1293.39,Medium Value
C06376,1137.25,Medium Value
C06377,727.69,Low Value
C06378,854.55,Low Value
C06379,1018.53,Low Value
C06380,1056.09,Medium Value
C06381,1112.84,Medium Value
C06382,1759.66,Very High Value
C06383,1481.9,High Value
C06384,1159.32,Medium Value
C06385,1451.07,High Value
C06386,1028.99,Low Value
C06387,1007.69,Low Value
C06388,1416.74,High Value
C06389,1008.6,Low Value
C06390,824.15,Low Value
C06391,1162.23,Medium Value
C06392,878.74,Low Value
C06393,958.43,Low Value
C06394,715.43,Low Value
C06395,1442.32,High Value
C06396,1612.14,High Value
C06397,1132.96,Medium Value
C06398,615.76,Low Value
C06399,885.92,Low Value
C06400,1046.69,Medium Value
C06401,1398.02,High Value
C06402,1441.21,High Value
C06403,875.53,Low Value
C06404,895.36,Low Value
C06405,922.19,Low Value
C06406,1505.12,High Value
C06407,844.26,Low Value
C06408,1700.93,Very High Value
C06409,749.96,Low Value
C06410,1583.94,High Value
C06411,834.78,Low Value
C06412,1037.85,Medium Value
C06413,1204.23,Medium Value
C06414,993.53,Low Value
C06415,1253.57,Medium Value
C06416,832.3,Low Value
C06417,1740.59,Very High Value
C06418,1090.66,Medium Value
C06419,868.9,Low Value
C06420,995.6,Low Value
C06421,836.67,Low Value
C06422,970.13,Low Value
C06423,1056.77,Medium Value
C06424,1165.17,Medium Value
C06425,741.36,Low Value
C06426,968.93,Low Value
C06427,866.56,Low Value
C06428,805.62,Low Value
C06429,1253.65,Medium Value
C06430,1292.28,Medium Value
C06431,872.37,Low Value
C06432,1394.37,High Value
C06433,1090.72,Medium Value
C06434,1032.85,Low Value
C06435,962.7,Low Value
C06436,846.94,Low Value
C06437,940.64,Low Value
C06438,1079.47,Medium Value
C06439,795.57,Low Value
C06440,1245.84,Medium Value
C06441,1095.71,Medium Value
C06442,1111.95,Medium Value
C06443,750.17,Low Value
C06444,1490.09,High Value
C06445,1322.1,Medium Value
C06446,1073.65,Medium Value
C06447,980.84,Low Value
C06448,1164.5,Medium Value
C06449,1179.66,Medium Value
C06450,1430.28,High Value
C06451,1474.06,High Value
C06452,765.02,Low Value
C06453,868.42,Low Value
C06454,944.06,Low Value
C06455,769.08,Low Value
C06456,950.27,Low Value
C06457,1205.0,Medium Value
C06458,954.14,Low Value
C06459,1244.91,Medium Value
C06460,988.87,Low Value
C06461,1176.04,Medium Value
C06462,1299.64,Medium Value
C06463,1468.21,High Value
C06464,1302.18,Medium Value
C06465,1063.72,Medium Value
C06466,1331.3,Medium Value
C06467,1225.26,Medium Value
C06468,1702.75,Very High Value
C06469,1737.94,Very High Value
C06470,1234.23,Medium Value
C06471,796.94,Low Value
C06472,854.64,Low Value
C06473,987.48,Low Value
C06474,1264.87,Medium Value
C06475,1287.84,Medium Value
C06476,1455.13,High Value
C06477,1142.88,Medium Value
C06478,987.75,Low Value
C06479,1164.44,Medium Value
C06480,1458.13,High Value
C06481,785.85,Low Value
C06482,1619.11,High Value
C06483,1734.1,Very High Value
C06484,1329.83,Medium Value
C06485,800.14,Low Value
C06486,1088.89,Medium Value
C06487,978.03,Low Value
C06488,839.49,Low Value
C06489,1403.45,High Value
C06490,1036.42,Low Value
C06491,980.18,Low Value
C06492,1006.1,Low Value
C06493,991.77,Low Value
C06494,892.67,Low Value
C06495,1230.33,Medium Value
C06496,1073.79,Medium Value
C06497,760.01,Low Value
C06498,865.79,Low Value
C06499,1226.13,Medium Value
C06500,880.25,Low Value
C06501,1775.89,Very High Value
C06502,1897.07,Very High Value
C06503,777.04,Low Value
C06504,1707.31,Very High Value
C06505,778.47,Low Value
C06506,1599.75,High Value
C06507,961.4,Low Value
C06508,1372.48,High Value
C06509,1079.19,Medium Value
C06510,825.58,Low Value
C06511,862.18,Low Value
C06512,1167.04,Medium Value
C06513,1620.34,High Value
C06514,1271.83,Medium Value
C06515,1052.32,Medium Value
C06516,821.93,Low Value
C06517,890.55,Low Value
C06518,860.78,Low Value
C06519,746.18,Low Value
C06520,1184.41,Medium Value
C06521,1069.6,Medium Value
C06522,1409.37,High Value
C06523,814.52,Low Value
C06524,1589.74,High Value
C06525,1051.27,Medium Value
C06526,1598.48,High Value
C06527,841.53,Low Value
C06528,786.69,Low Value
C06529,920.34,Low Value
C06530,854.35,Low Value
C06531,731.83,Low Value
C06532,1156.45,Medium Value
C06533,1514.13,High Value
C06534,1015.76,Low Value
C06535,1620.61,High Value
C06536,846.87,Low Value
C06537,818.0,Low Value
C06538,839.57,Low Value
C06539,856.55,Low Value
C06540,919.59,Low Value
C06541,953.79,Low Value
C06542,827.73,Low Value
C06543,1433.82,High Value
C06544,1342.69,Medium Value
C06545,1105.14,Medium Value
C06546,730.25,Low Value
C06547,848.33,Low Value
C06548,921.58,Low Value
C06549,924.03,Low Value
C06550,1271.63,Medium Value
C06551,766.19,Low Value
C06552,1763.22,Very High Value
C06553,1191.16,Medium Value
C06554,1083.2,Medium Value
C06555,1738.87,Very High Value
C06556,1210.46,Medium Value
C06557,908.86,Low Value
C06558,962.15,Low Value
C06559,771.66,Low Value
C06560,1489.56,High Value
C06561,784.79,Low Value
C06562,1379.73,High Value
C06563,1524.19,High Value
C06564,1017.46,Low Value
C06565,1015.58,Low Value
C06566,946.71,Low Value
C06567,1022.08,Low Value
C06568,1176.4,Medium Value
C06569,764.88,Low Value
C06570,871.6,Low Value
C06571,1359.5,High Value
C06572,370.92,Low Value
C06573,1100.09,Medium Value
C06574,790.17,Low Value
C06575,1716.66,Very High Value
C06576,745.41,Low Value
C06577,1347.47,Medium Value
C06578,1421.04,High Value
C06579,899.73,Low Value
C06580,1055.08,Medium Value
C06581,1594.06,High Value
C06582,1316.01,Medium Value
C06583,1613.98,High Value
C06584,777.47,Low Value
C06585,758.91,Low Value
C06586,1488.56,High Value
C06587,1556.89,High Value
C06588,1146.1,Medium Value
C06589,962.09,Low Value
C06590,1315.23,Medium Value
C06591,1122.92,Medium Value
C06592,1083.81,Medium Value
C06593,864.33,Low Value
C06594,669.38,Low Value
C06595,862.85,Low Value
C06596,907.31,Low Value
C06597,1445.68,High Value
C06598,1124.45,Medium Value
C06599,1042.68,Medium Value
C06600,1338.35,Medium Value
C06601,762.11,Low Value
C06602,1263.32,Medium Value
C06603,765.08,Low Value
C06604,857.09,Low Value
C06605,1687.8,High Value
C06606,1409.78,High Value
C06607,1458.24,High Value
C06608,757.85,Low Value
C06609,936.14,Low Value
C06610,1987.5,Very High Value
C06611,757.99,Low Value
C06612,811.75,Low Value
C06613,1110.28,Medium Value
C06614,906.98,Low Value
C06615,943.17,Low Value
C06616,1647.64,High Value
C06617,821.79,Low Value
C06618,945.07,Low Value
C06619,1016.26,Low Value
C06620,1107.09,Medium Value
C06621,1164.11,Medium Value
C06622,985.29,Low Value
C06623,1187.79,Medium Value
C06624,842.15,Low Value
C06625,831.58,Low Value
C06626,1265.27,Medium Value
C06627,1154.31,Medium Value
C06628,1284.77,Medium Value
C06629,1574.9,High Value
C06630,918.58,Low Value
C06631,815.77,Low Value
C06632,1762.9,Very High Value
C06633,767.37,Low Value
C06634,1358.21,Medium Value
C06635,1288.94,Medium Value
C06636,1469.59,High Value
C06637,1213.32,Medium Value
C06638,815.9,Low Value
C06639,796.67,Low Value
C06640,1168.69,Medium Value
C06641,1256.97,Medium Value
C06642,1344.97,Medium Value
C06643,1975.21,Very High Value
C06644,828.14,Low Value
C06645,1126.94,Medium Value
C06646,907.35,Low Value
C06647,725.66,Low Value
C06648,945.65,Low Value
C06649,911.18,Low Value
C06650,969.95,Low Value
C06651,1327.54,Medium Value
C06652,1197.29,Medium Value
C06653,497.48,Low Value
C06654,1699.45,Very High Value
C06655,1295.87,Medium Value
C06656,741.62,Low Value
C06657,1259.83,Medium Value
C06658,1438.81,High Value
C06659,1119.35,Medium Value
C06660,798.54,Low Value
C06661,1494.8,High Value
C06662,1205.55,Medium Value
C06663,1370.93,High Value
C06664,900.71,Low Value
C06665,1196.07,Medium Value
C06666,775.88,Low Value
C06667,1399.79,High Value
C06668,1423.43,High Value
C06669,1446.94,High Value
C06670,783.43,Low Value
C06671,1323.02,Medium Value
C06672,763.74,Low Value
C06673,1391.58,High Value
C06674,1883.91,Very High Value
C06675,1403.22,High Value
C06676,877.15,Low Value
C06677,893.62,Low Value
C06678,855.09,Low Value
C06679,1193.27,Medium Value
C06680,1313.49,Medium Value
C06681,1662.62,High Value
C06682,1553.93,High Value
C06683,849.93,Low Value
C06684,1284.19,Medium Value
C06685,1148.48,Medium Value
C06686,818.52,Low Value
C06687,941.3,Low Value
C06688,781.5,Low Value
C06689,1176.55,Medium Value
C06690,1453.87,High Value
C06691,1057.97,Medium Value
C06692,894.85,Low Value
C06693,1066.79,Medium Value
C06694,935.26,Low Value
C06695,1173.03,Medium Value
C06696,1546.01,High Value
C06697,1295.71,Medium Value
C06698,788.48,Low Value
C06699,989.36,Low Value
C06700,1275.36,Medium Value
C06701,744.5,Low Value
C06702,1056.5,Medium Value
C06703,825.42,Low Value
C06704,844.03,Low Value
C06705,1266.58,Medium Value
C06706,968.91,Low Value
C06707,712.37,Low Value
C06708,1431.48,High Value
C06709,883.82,Low Value
C06710,816.12,Low Value
C06711,926.98,Low Value
C06712,1417.51,High Value
C06713,848.71,Low Value
C06714,1084.55,Medium Value
C06715,800.06,Low Value
C06716,787.76,Low Value
C06717,1628.14,High Value
C06718,1153.71,Medium Value
C06719,936.98,Low Value
C06720,1186.67,Medium Value
C06721,757.7,Low Value
C06722,726.22,Low Value
C06723,1572.2,High Value
C06724,1248.41,Medium Value
C06725,843.62,Low Value
C06726,879.59,Low Value
C06727,1347.37,Medium Value
C06728,1052.38,Medium Value
C06729,1252.33,Medium Value
C06730,768.15,Low Value
C06731,988.7,Low Value
C06732,1043.21,Medium Value
C06733,857.9,Low Value
C06734,1410.43,High Value
C06735,1228.98,Medium Value
C06736,1374.76,High Value
C06737,840.53,Low Value
C06738,1422.99,High Value
C06739,1347.58,Medium Value
C06740,932.3,Low Value
C06741,914.7,Low Value
C06742,1414.32,High Value
C06743,1515.38,High Value
C06744,790.55,Low Value
C06745,1401.05,High Value
C06746,808.01,Low Value
C06747,1246.93,Medium Value
C06748,603.72,Low Value
C06749,872.21,Low Value
C06750,923.85,Low Value
C06751,1666.78,High Value
C06752,1624.11,High Value
C06753,1499.25,High Value
C06754,1596.77,High Value
C06755,1138.69,Medium Value
C06756,900.48,Low Value
C06757,1263.01,Medium Value
C06758,1608.52,High Value
C06759,1529.64,High Value
C06760,1004.17,Low Value
C06761,1427.19,High Value
C06762,1101.74,Medium Value
C06763,807.97,Low Value
C06764,890.28,Low Value
C06765,1331.22,Medium Value
C06766,1264.19,Medium Value
C06767,879.86,Low Value
C06768,971.15,Low Value
C06769,1386.4,High Value
C06770,1240.33,Medium Value
C06771,1283.77,Medium Value
C06772,934.74,Low Value
C06773,502.78,Low Value
C06774,1047.25,Medium Value
C06775,848.36,Low Value
C06776,1290.09,Medium Value
C06777,799.57,Low Value
C06778,1278.81,Medium Value
C06779,1224.35,Medium Value
C06780,1042.93,Medium Value
C06781,894.28,Low Value
C06782,1268.08,Medium Value
C06783,786.05,Low Value
C06784,1294.0,Medium Value
C06785,1261.48,Medium Value
C06786,845.92,Low Value
C06787,1392.91,High Value
C06788,1490.93,High Value
C06789,1513.65,High Value
C06790,1451.85,High Value
C06791,1571.48,High Value
C06792,1154.01,Medium Value
C06793,889.05,Low Value
C06794,1178.63,Medium Value
C06795,858.34,Low Value
C06796,1200.39,Medium Value
C06797,936.22,Low Value
C06798,1448.74,High Value
C06799,824.84,Low Value
C06800,1136.27,Medium Value
C06801,1507.94,High Value
C06802,1454.59,High Value
C06803,1005.15,Low Value
C06804,1693.9,Very High Value
C06805,1037.74,Medium Value
C06806,960.09,Low Value
C06807,1017.19,Low Value
C06808,1107.05,Medium Value
C06809,1248.31,Medium Value
C06810,1457.26,High Value
C06811,688.2,Low Value
C06812,1331.09,Medium Value
C06813,790.56,Low Value
C06814,725.77,Low Value
C06815,745.38,Low Value
C06816,1042.34,Medium Value
C06817,1296.61,Medium Value
C06818,921.56,Low Value
C06819,795.94,Low Value
C06820,1370.92,High Value
C06821,750.33,Low Value
C06822,791.89,Low Value
C06823,1301.59,Medium Value
C06824,850.07,Low Value
C06825,1826.29,Very High Value
C06826,1087.1,Medium Value
C06827,1644.79,High Value
C06828,1450.58,High Value
C06829,1245.56,Medium Value
C06830,1231.13,Medium Value
C06831,709.74,Low Value
C06832,868.77,Low Value
C06833,1042.14,Medium Value
C06834,1364.98,High Value
C06835,701.83,Low Value
C06836,1203.8,Medium Value
C06837,1544.48,High Value
C06838,782.26,Low Value
C06839,1150.66,Medium Value
C06840,1105.79,Medium Value
C06841,1392.74,High Value
C06842,784.71,Low Value
C06843,1339.29,Medium Value
C06844,983.74,Low Value
C06845,1194.59,Medium Value
C06846,1468.35,High Value
C06847,1050.67,Medium Value
C06848,824.7,Low Value
C06849,1229.6,Medium Value
C06850,1660.54,High Value
C06851,1464.03,High Value
C06852,784.54,Low Value
C06853,726.96,Low Value
C06854,778.93,Low Value
C06855,903.05,Low Value
C06856,1421.2,High Value
C06857,1737.9,Very High Value
C06858,1282.43,Medium Value
C06859,728.37,Low Value
C06860,910.95,Low Value
C06861,1121.22,Medium Value
C06862,1045.07,Medium Value
C06863,1634.2,High Value
C06864,1238.8,Medium Value
C06865,1134.89,Medium Value
C06866,1513.46,High Value
C06867,1062.1,Medium Value
C06868,1147.88,Medium Value
C06869,1511.89,High Value
C06870,1330.48,Medium Value
C06871,1218.19,Medium Value
C06872,913.42,Low Value
C06873,1110.82,Medium Value
C06874,1323.09,Medium Value
C06875,860.54,Low Value
C06876,832.52,Low Value
C06877,1008.79,Low Value
C06878,1003.09,Low Value
C06879,883.23,Low Value
C06880,832.68,Low Value
C06881,888.09,Low Value
C06882,956.06,Low Value
C06883,1600.17,High Value
C06884,765.36,Low Value
C06885,1888.15,Very High Value
C06886,543.49,Low Value
C06887,978.56,Low Value
C06888,656.15,Low Value
C06889,1255.66,Medium Value
C06890,867.25,Low Value
C06891,606.48,Low Value
C06892,865.98,Low Value
C06893,1006.21,Low Value
C06894,740.03,Low Value
C06895,807.03,Low Value
C06896,1362.78,High Value
C06897,1649.77,High Value
C06898,787.34,Low Value
C06899,1258.7,Medium Value
C06900,1007.96,Low Value
C06901,760.68,Low Value
C06902,1462.07,High Value
C06903,1002.57,Low Value
C06904,962.12,Low Value
C06905,1215.08,Medium Value
C06906,1548.31,High Value
C06907,1213.21,Medium Value
C06908,770.69,Low Value
C06909,1609.38,High Value
C06910,804.92,Low Value
C06911,1179.53,Medium Value
C06912,1004.98,Low Value
C06913,970.59,Low Value
C06914,1100.5,Medium Value
C06915,1254.96,Medium Value
C06916,1258.12,Medium Value
C06917,860.03,Low Value
C06918,1239.86,Medium Value
C06919,1327.58,Medium Value
C06920,936.4,Low Value
C06921,1222.55,Medium Value
C06922,1374.11,High Value
C06923,975.91,Low Value
C06924,1050.07,Medium Value
C06925,795.09,Low Value
C06926,1068.4,Medium Value
C06927,1173.36,Medium Value
C06928,1265.11,Medium Value
C06929,1355.04,Medium Value
C06930,1029.56,Low Value
C06931,1109.85,Medium Value
C06932,1160.75,Medium Value
C06933,1450.57,High Value
C06934,718.51,Low Value
C06935,1312.21,Medium Value
C06936,810.71,Low Value
C06937,1209.63,Medium Value
C06938,922.11,Low Value
C06939,1110.0,Medium Value
C06940,1415.47,High Value
C06941,1194.85,Medium Value
C06942,1867.79,Very High Value
C06943,1244.94,Medium Value
C06944,998.75,Low Value
C06945,1091.01,Medium Value
C06946,1001.63,Low Value
C06947,1097.54,Medium Value
C06948,1249.94,Medium Value
C06949,1228.06,Medium Value
C06950,1031.35,Low Value
C06951,875.15,Low Value
C06952,1190.56,Medium Value
C06953,1118.15,Medium Value
C06954,1098.1,Medium Value
C06955,958.34,Low Value
C06956,825.62,Low Value
C06957,1228.51,Medium Value
C06958,1195.01,Medium Value
C06959,1085.67,Medium Value
C06960,736.39,Low Value
C06961,1186.68,Medium Value
C06962,1602.53,High Value
C06963,1074.98,Medium Value
C06964,1140.1,Medium Value
C06965,1688.01,High Value
C06966,1120.18,Medium Value
C06967,1136.29,Medium Value
C06968,943.95,Low Value
C06969,1028.38,Low Value
C06970,758.83,Low Value
C06971,951.53,Low Value
C06972,807.48,Low Value
C06973,1464.63,High Value
C06974,797.76,Low Value
C06975,781.65,Low Value
C06976,841.07,Low Value
C06977,786.88,Low Value
C06978,1073.7,Medium Value
C06979,900.01,Low Value
C06980,942.38,Low Value
C06981,1885.81,Very High Value
C06982,1247.95,Medium Value
C06983,737.02,Low Value
C06984,1088.27,Medium Value
C06985,1808.85,Very High Value
C06986,1033.03,Low Value
C06987,1041.45,Medium Value
C06988,1716.36,Very High Value
C06989,1084.32,Medium Value
C06990,781.99,Low Value
C06991,952.49,Low Value
C06992,737.71,Low Value
C06993,1283.14,Medium Value
C06994,1311.6,Medium Value
C06995,1028.92,Low Value
C06996,935.98,Low Value
C06997,1472.62,High Value
C06998,953.62,Low Value
C06999,688.54,Low Value
C07000,1003.08,Low Value
C07001,689.15,Low Value
C07002,776.9,Low Value
C07003,982.24,Low Value
C07004,658.09,Low Value
C07005,966.4,Low Value
C07006,795.6,Low Value
C07007,817.88,Low Value
C07008,919.46,Low Value
C07009,1332.05,Medium Value
C07010,918.35,Low Value
C07011,524.54,Low Value
C07012,1558.82,High Value
C07013,1579.68,High Value
C07014,883.36,Low Value
C07015,747.02,Low Value
C07016,1811.71,Very High Value
C07017,1406.33,High Value
C07018,827.01,Low Value
C07019,747.17,Low Value
C07020,1087.46,Medium Value
C07021,1446.38,High Value
C07022,772.29,Low Value
C07023,932.7,Low Value
C07024,1221.95,Medium Value
C07025,922.5,Low Value
C07026,953.05,Low Value
C07027,1243.57,Medium Value
C07028,1596.04,High Value
C07029,820.83,Low Value
C07030,1627.75,High Value
C07031,1237.35,Medium Value
C07032,951.95,Low Value
C07033,1548.58,High Value
C07034,1235.51,Medium Value
C07035,1071.04,Medium Value
C07036,980.3,Low Value
C07037,1402.54,High Value
C07038,1342.94,Medium Value
C07039,1226.47,Medium Value
C07040,1392.19,High Value
C07041,784.74,Low Value
C07042,1197.46,Medium Value
C07043,831.69,Low Value
C07044,888.6,Low Value
C07045,935.15,Low Value
C07046,946.32,Low Value
C07047,957.59,Low Value
C07048,1259.36,Medium Value
C07049,791.42,Low Value
C07050,1122.14,Medium Value
C07051,916.86,Low Value
C07052,430.24,Low Value
C07053,1093.39,Medium Value
C07054,965.43,Low Value
C07055,802.93,Low Value
C07056,1119.26,Medium Value
C07057,1175.99,Medium Value
C07058,883.36,Low Value
C07059,952.06,Low Value
C07060,1215.11,Medium Value
C07061,1590.54,High Value
C07062,1004.76,Low Value
C07063,1375.08,High Value
C07064,1251.48,Medium Value
C07065,1027.82,Low Value
C07066,882.81,Low Value
C07067,1129.79,Medium Value
C07068,1012.16,Low Value
C07069,1656.53,High Value
C07070,1749.74,Very High Value
C07071,898.93,Low Value
C07072,1073.78,Medium Value
C07073,770.96,Low Value
C07074,1097.5,Medium Value
C07075,836.2,Low Value
C07076,1377.35,High Value
C07077,763.22,Low Value
C07078,1005.4,Low Value
C07079,1251.04,Medium Value
C07080,855.23,Low Value
C07081,889.37,Low Value
C07082,990.29,Low Value
C07083,885.12,Low Value
C07084,917.43,Low Value
C07085,1367.76,High Value
C07086,1227.3,Medium Value
C07087,1657.06,High Value
C07088,1415.32,High Value
C07089,986.12,Low Value
C07090,937.4,Low Value
C07091,1411.61,High Value
C07092,932.02,Low Value
C07093,1480.86,High Value
C07094,1301.86,Medium Value
C07095,1244.01,Medium Value
C07096,1267.54,Medium Value
C07097,864.77,Low Value
C07098,919.22,Low Value
C07099,881.91,Low Value
C07100,1162.41,Medium Value
C07101,1192.41,Medium Value
C07102,994.65,Low Value
C07103,1207.37,Medium Value
C07104,1340.62,Medium Value
C07105,1120.61,Medium Value
C07106,1180.32,Medium Value
C07107,750.73,Low Value
C07108,1052.47,Medium Value
C07109,1763.12,Very High Value
C07110,845.67,Low Value
C07111,760.15,Low Value
C07112,960.85,Low Value
C07113,856.92,Low Value
C07114,367.84,Low Value
C07115,1275.22,Medium Value
C07116,1043.41,Medium Value
C07117,1670.54,High Value
C07118,1237.11,Medium Value
C07119,1652.64,High Value
C07120,762.29,Low Value
C07121,1276.51,Medium Value
C07122,1210.54,Medium Value
C07123,2002.86,Very High Value
C07124,1047.26,Medium Value
C07125,1115.6,Medium Value
C07126,864.78,Low Value
C07127,885.67,Low Value
C07128,901.39,Low Value
C07129,1444.39,High Value
C07130,1201.93,Medium Value
C07131,936.69,Low Value
C07132,1050.29,Medium Value
C07133,1941.01,Very High Value
C07134,1266.69,Medium Value
C07135,1774.85,Very High Value
C07136,1039.82,Medium Value
C07137,988.4,Low Value
C07138,730.12,Low Value
C07139,1318.56,Medium Value
C07140,948.17,Low Value
C07141,910.41,Low Value
C07142,1052.01,Medium Value
C07143,1131.74,Medium Value
C07144,1454.58,High Value
C07145,1437.96,High Value
C07146,1376.22,High Value
C07147,1136.02,Medium Value
C07148,1257.55,Medium Value
C07149,1143.84,Medium Value
C07150,777.25,Low Value
C07151,1065.8,Medium Value
C07152,881.7,Low Value
C07153,1522.36,High Value
C07154,1335.9,Medium Value
C07155,1077.44,Medium Value
C07156,836.71,Low Value
C07157,1451.52,High Value
C07158,1163.77,Medium Value
C07159,1472.56,High Value
C07160,1447.99,High Value
C07161,1133.07,Medium Value
C07162,1535.28,High Value
C07163,1390.65,High Value
C07164,855.49,Low Value
C07165,1160.94,Medium Value
C07166,1076.32,Medium Value
C07167,1381.57,High Value
C07168,827.33,Low Value
C07169,998.63,Low Value
C07170,1466.29,High Value
C07171,1511.34,High Value
C07172,1962.87,Very High Value
C07173,918.98,Low Value
C07174,1238.19,Medium Value
C07175,1216.85,Medium Value
C07176,828.08,Low Value
C07177,995.84,Low Value
C07178,1398.3,High Value
C07179,768.09,Low Value
C07180,1213.62,Medium Value
C07181,1549.35,High Value
C07182,1651.68,High Value
C07183,1225.56,Medium Value
C07184,853.15,Low Value
C07185,1286.47,Medium Value
C07186,875.19,Low Value
C07187,821.2,Low Value
C07188,1556.67,High Value
C07189,1706.57,Very High Value
C07190,914.85,Low Value
C07191,949.05,Low Value
C07192,1081.15,Medium Value
C07193,1085.48,Medium Value
C07194,1043.48,Medium Value
C07195,880.4,Low Value
C07196,1038.41,Medium Value
C07197,1116.65,Medium Value
C07198,742.39,Low Value
C07199,1544.3,High Value
C07200,815.84,Low Value
C07201,1991.63,Very High Value
C07202,809.89,Low Value
C07203,1380.39,High Value
C07204,1475.8,High Value
C07205,988.12,Low Value
C07206,1063.5,Medium Value
C07207,1037.13,Medium Value
C07208,1645.02,High Value
C07209,1274.84,Medium Value
C07210,1016.75,Low Value
C07211,1243.32,Medium Value
C07212,1213.1,Medium Value
C07213,744.25,Low Value
C07214,1356.91,Medium Value
C07215,966.43,Low Value
C07216,1129.13,Medium Value
C07217,1791.29,Very High Value
C07218,1152.3,Medium Value
C07219,823.41,Low Value
C07220,725.6,Low Value
C07221,907.32,Low Value
C07222,1338.08,Medium Value
C07223,750.18,Low Value
C07224,1027.02,Low Value
C07225,1543.02,High Value
C07226,1574.78,High Value
C07227,876.56,Low Value
C07228,1954.72,Very High Value
C07229,890.51,Low Value
C07230,1150.1,Medium Value
C07231,856.89,Low Value
C07232,997.63,Low Value
C07233,902.42,Low Value
C07234,843.79,Low Value
C07235,810.59,Low Value
C07236,1051.17,Medium Value
C07237,1103.35,Medium Value
C07238,1274.04,Medium Value
C07239,1754.05,Very High Value
C07240,1554.94,High Value
C07241,1453.86,High Value
C07242,1277.2,Medium Value
C07243,885.17,Low Value
C07244,1659.2,High Value
C07245,1902.5,Very High Value
C07246,1080.45,Medium Value
C07247,1633.42,High Value
C07248,1962.31,Very High Value
C07249,1789.11,Very High Value
C07250,780.65,Low Value
C07251,645.71,Low Value
C07252,817.14,Low Value
C07253,741.62,Low Value
C07254,1310.88,Medium Value
C07255,1138.44,Medium Value
C07256,1038.14,Medium Value
C07257,914.3,Low Value
C07258,754.12,Low Value
C07259,813.03,Low Value
C07260,1397.74,High Value
C07261,1296.66,Medium Value
C07262,1247.31,Medium Value
C07263,791.21,Low Value
C07264,778.5,Low Value
C07265,962.99,Low Value
C07266,1151.54,Medium Value
C07267,1211.76,Medium Value
C07268,1404.16,High Value
C07269,1089.87,Medium Value
C07270,924.87,Low Value
C07271,571.01,Low Value
C07272,1121.63,Medium Value
C07273,1626.48,High Value
C07274,1636.64,High Value
C07275,1132.87,Medium Value
C07276,998.65,Low Value
C07277,1133.9,Medium Value
C07278,852.44,Low Value
C07279,760.39,Low Value
C07280,845.91,Low Value
C07281,763.47,Low Value
C07282,1392.75,High Value
C07283,1075.75,Medium Value
C07284,1091.32,Medium Value
C07285,1145.67,Medium Value
C07286,1276.51,Medium Value
C07287,776.21,Low Value
C07288,1558.25,High Value
C07289,1266.69,Medium Value
C07290,1106.24,Medium Value
C07291,1154.63,Medium Value
C07292,910.45,Low Value
C07293,454.52,Low Value
C07294,1362.56,High Value
C07295,1165.2,Medium Value
C07296,777.94,Low Value
C07297,967.76,Low Value
C07298,1272.34,Medium Value
C07299,1281.37,Medium Value
C07300,1250.16,Medium Value
C07301,1424.99,High Value
C07302,485.96,Low Value
C07303,961.05,Low Value
C07304,1251.89,Medium Value
C07305,760.85,Low Value
C07306,1279.38,Medium Value
C07307,423.5,Low Value
C07308,763.44,Low Value
C07309,1029.84,Low Value
C07310,1287.14,Medium Value
C07311,1258.57,Medium Value
C07312,1066.4,Medium Value
C07313,1303.91,Medium Value
C07314,787.56,Low Value
C07315,1505.82,High Value
C07316,544.28,Low Value
C07317,844.83,Low Value
C07318,1156.52,Medium Value
C07319,798.41,Low Value
C07320,1505.52,High Value
C07321,972.84,Low Value
C07322,1441.9,High Value
C07323,1231.47,Medium Value
C07324,1104.72,Medium Value
C07325,949.41,Low Value
C07326,1187.81,Medium Value
C07327,1214.58,Medium Value
C07328,1392.6,High Value
C07329,823.91,Low Value
C07330,1390.4,High Value
C07331,1632.51,High Value
C07332,971.67,Low Value
C07333,1061.85,Medium Value
C07334,1455.31,High Value
C07335,1635.72,High Value
C07336,1405.76,High Value
C07337,1378.77,High Value
C07338,1292.94,Medium Value
C07339,916.21,Low Value
C07340,1375.53,High Value
C07341,931.78,Low Value
C07342,803.28,Low Value
C07343,998.23,Low Value
C07344,1201.07,Medium Value
C07345,1927.28,Very High Value
C07346,883.47,Low Value
C07347,1489.7,High Value
C07348,1356.3,Medium Value
C07349,1075.8,Medium Value
C07350,1335.81,Medium Value
C07351,1198.95,Medium Value
C07352,844.49,Low Value
C07353,1127.9,Medium Value
C07354,1199.63,Medium Value
C07355,1237.52,Medium Value
C07356,1341.1,Medium Value
C07357,1006.99,Low Value
C07358,1420.05,High Value
C07359,942.37,Low Value
C07360,1302.13,Medium Value
C07361,988.07,Low Value
C07362,782.58,Low Value
C07363,1194.64,Medium Value
C07364,1112.89,Medium Value
C07365,809.62,Low Value
C07366,1690.08,Very High Value
C07367,777.99,Low Value
C07368,1255.98,Medium Value
C07369,870.33,Low Value
C07370,1511.15,High Value
C07371,1117.9,Medium Value
C07372,1098.19,Medium Value
C07373,1095.77,Medium Value
C07374,1553.59,High Value
C07375,1094.75,Medium Value
C07376,1227.28,Medium Value
C07377,1354.78,Medium Value
C07378,1233.89,Medium Value
C07379,1164.3,Medium Value
C07380,1162.94,Medium Value
C07381,972.82,Low Value
C07382,1024.61,Low Value
C07383,881.83,Low Value
C07384,1190.64,Medium Value
C07385,775.75,Low Value
C07386,1296.01,Medium Value
C07387,980.21,Low Value
C07388,854.53,Low Value
C07389,1133.06,Medium Value
C07390,831.6,Low Value
C07391,943.97,Low Value
C07392,1241.97,Medium Value
C07393,1529.13,High Value
C07394,1179.09,Medium Value
C07395,1478.66,High Value
C07396,808.68,Low Value
C07397,765.34,Low Value
C07398,1246.96,Medium Value
C07399,1298.53,Medium Value
C07400,960.35,Low Value
C07401,812.1,Low Value
C07402,1578.66,High Value
C07403,1038.13,Medium Value
C07404,747.67,Low Value
C07405,1568.84,High Value
C07406,1674.65,High Value
C07407,1317.14,Medium Value
C07408,1747.18,Very High Value
C07409,1193.33,Medium Value
C07410,1417.9,High Value
C07411,962.46,Low Value
C07412,1026.02,Low Value
C07413,809.36,Low Value
C07414,889.98,Low Value
C07415,1411.58,High Value
C07416,1155.29,Medium Value
C07417,640.06,Low Value
C07418,1588.58,High Value
C07419,887.97,Low Value
C07420,1410.31,High Value
C07421,1332.32,Medium Value
C07422,1304.6,Medium Value
C07423,1205.13,Medium Value
C07424,920.46,Low Value
C07425,880.99,Low Value
C07426,896.64,Low Value
C07427,932.54,Low Value
C07428,847.48,Low Value
C07429,1119.85,Medium Value
C07430,1113.98,Medium Value
C07431,1684.52,High Value
C07432,859.95,Low Value
C07433,1377.41,High Value
C07434,1067.69,Medium Value
C07435,1746.41,Very High Value
C07436,1527.78,High Value
C07437,1436.14,High Value
C07438,944.25,Low Value
C07439,891.27,Low Value
C07440,1647.87,High Value
C07441,843.25,Low Value
C07442,912.17,Low Value
C07443,1490.87,High Value
C07444,799.47,Low Value
C07445,929.07,Low Value
C07446,1183.68,Medium Value
C07447,1048.6,Medium Value
C07448,1503.33,High Value
C07449,950.73,Low Value
C07450,1239.89,Medium Value
C07451,767.01,Low Value
C07452,1187.79,Medium Value
C07453,1179.9,Medium Value
C07454,1960.8,Very High Value
C07455,927.44,Low Value
C07456,920.89,Low Value
C07457,734.98,Low Value
C07458,832.36,Low Value
C07459,1719.75,Very High Value
C07460,1574.66,High Value
C07461,754.69,Low Value
C07462,1426.58,High Value
C07463,786.08,Low Value
C07464,771.59,Low Value
C07465,1106.85,Medium Value
C07466,1104.53,Medium Value
C07467,1050.96,Medium Value
C07468,1486.09,High Value
C07469,1146.99,Medium Value
C07470,854.53,Low Value
C07471,810.02,Low Value
C07472,1611.61,High Value
C07473,410.34,Low Value
C07474,1397.68,High Value
C07475,1416.03,High Value
C07476,943.88,Low Value
C07477,1220.45,Medium Value
C07478,1111.0,Medium Value
C07479,1515.18,High Value
C07480,1256.37,Medium Value
C07481,1343.37,Medium Value
C07482,1684.3,High Value
C07483,745.67,Low Value
C07484,1272.26,Medium Value
C07485,1740.53,Very High Value
C07486,772.16,Low Value
C07487,1413.12,High Value
C07488,908.73,Low Value
C07489,1517.11,High Value
C07490,1396.45,High Value
C07491,1702.51,Very High Value
C07492,1364.99,High Value
C07493,1087.15,Medium Value
C07494,770.31,Low Value
C07495,778.36,Low Value
C07496,1498.3,High Value
C07497,1674.59,High Value
C07498,1318.68,Medium Value
C07499,1104.1,Medium Value
C07500,897.82,Low Value
C07501,963.05,Low Value
C07502,1325.0,Medium Value
C07503,712.21,Low Value
C07504,1217.05,Medium Value
C07505,1704.97,Very High Value
C07506,957.58,Low Value
C07507,838.36,Low Value
C07508,1130.83,Medium Value
C07509,1366.3,High Value
C07510,1115.29,Medium Value
C07511,979.43,Low Value
C07512,1026.3,Low Value
C07513,1197.28,Medium Value
C07514,1205.78,Medium Value
C07515,1049.67,Medium Value
C07516,1141.08,Medium Value
C07517,847.73,Low Value
C07518,736.68,Low Value
C07519,905.54,Low Value
C07520,811.69,Low Value
C07521,832.49,Low Value
C07522,875.04,Low Value
C07523,945.81,Low Value
C07524,1126.13,Medium Value
C07525,1064.21,Medium Value
C07526,1068.44,Medium Value
C07527,712.79,Low Value
C07528,1196.19,Medium Value
C07529,1242.14,Medium Value
C07530,1540.91,High Value
C07531,1550.08,High Value
C07532,1171.61,Medium Value
C07533,1037.64,Medium Value
C07534,872.1,Low Value
C07535,1202.67,Medium Value
C07536,874.37,Low Value
C07537,1562.9,High Value
C07538,1756.52,Very High Value
C07539,1157.22,Medium Value
C07540,873.18,Low Value
C07541,1478.3,High Value
C07542,1400.87,High Value
C07543,1792.23,Very High Value
C07544,808.88,Low Value
C07545,1208.17,Medium Value
C07546,994.35,Low Value
C07547,1353.83,Medium Value
C07548,1092.49,Medium Value
C07549,1469.64,High Value
C07550,1514.17,High Value
C07551,1669.24,High Value
C07552,332.4,Low Value
C07553,1133.6,Medium Value
C07554,752.73,Low Value
C07555,1166.82,Medium Value
C07556,784.26,Low Value
C07557,1042.94,Medium Value
C07558,1259.01,Medium Value
C07559,877.68,Low Value
C07560,1063.41,Medium Value
C07561,814.88,Low Value
C07562,1378.42,High Value
C07563,964.39,Low Value
C07564,641.05,Low Value
C07565,942.93,Low Value
C07566,916.96,Low Value
C07567,990.81,Low Value
C07568,1061.0,Medium Value
C07569,789.65,Low Value
C07570,752.3,Low Value
C07571,1555.44,High Value
C07572,890.36,Low Value
C07573,1592.25,High Value
C07574,1731.44,Very High Value
C07575,788.8,Low Value
C07576,923.72,Low Value
C07577,1179.87,Medium Value
C07578,1107.28,Medium Value
C07579,919.96,Low Value
C07580,1653.9,High Value
C07581,1478.02,High Value
C07582,1031.66,Low Value
C07583,1795.14,Very High Value
C07584,768.19,Low Value
C07585,1633.7,High Value
C07586,1253.52,Medium Value
C07587,772.14,Low Value
C07588,1078.97,Medium Value
C07589,1574.82,High Value
C07590,961.09,Low Value
C07591,727.03,Low Value
C07592,1138.07,Medium Value
C07593,1084.57,Medium Value
C07594,816.02,Low Value
C07595,1658.15,High Value
C07596,602.3,Low Value
C07597,972.03,Low Value
C07598,820.76,Low Value
C07599,883.88,Low Value
C07600,915.81,Low Value
C07601,1238.5,Medium Value
C07602,1295.38,Medium Value
C07603,1092.0,Medium Value
C07604,804.83,Low Value
C07605,979.77,Low Value
C07606,1335.23,Medium Value
C07607,1308.16,Medium Value
C07608,843.4,Low Value
C07609,1274.0,Medium Value
C07610,1054.6,Medium Value
C07611,1541.61,High Value
C07612,1009.68,Low Value
C07613,970.55,Low Value
C07614,1275.2,Medium Value
C07615,884.14,Low Value
C07616,1176.19,Medium Value
C07617,784.44,Low Value
C07618,1581.99,High Value
C07619,745.05,Low Value
C07620,1166.71,Medium Value
C07621,1593.57,High Value
C07622,796.92,Low Value
C07623,1038.63,Medium Value
C07624,907.83,Low Value
C07625,1168.99,Medium Value
C07626,776.02,Low Value
C07627,1501.6,High Value
C07628,1670.87,High Value
C07629,956.98,Low Value
C07630,837.3,Low Value
C07631,1376.65,High Value
C07632,803.91,Low Value
C07633,761.06,Low Value
C07634,1237.3,Medium Value
C07635,987.2,Low Value
C07636,799.28,Low Value
C07637,1032.65,Low Value
C07638,1434.65,High Value
C07639,912.07,Low Value
C07640,724.22,Low Value
C07641,991.1,Low Value
C07642,1420.4,High Value
C07643,1054.22,Medium Value
C07644,1665.05,High Value
C07645,1318.9,Medium Value
C07646,1511.99,High Value
C07647,896.61,Low Value
C07648,803.55,Low Value
C07649,1305.29,Medium Value
C07650,1165.74,Medium Value
C07651,1100.33,Medium Value
C07652,833.81,Low Value
C07653,1530.34,High Value
C07654,1522.08,High Value
C07655,1382.99,High Value
C07656,1383.28,High Value
C07657,751.48,Low Value
C07658,906.78,Low Value
C07659,1077.3,Medium Value
C07660,779.35,Low Value
C07661,832.55,Low Value
C07662,957.08,Low Value
C07663,1094.35,Medium Value
C07664,1408.13,High Value
C07665,1002.48,Low Value
C07666,1260.71,Medium Value
C07667,1456.18,High Value
C07668,1703.87,Very High Value
C07669,1326.6,Medium Value
C07670,1016.27,Low Value
C07671,1964.05,Very High Value
C07672,1149.11,Medium Value
C07673,868.87,Low Value
C07674,1292.53,Medium Value
C07675,1068.55,Medium Value
C07676,975.62,Low Value
C07677,916.67,Low Value
C07678,1299.02,Medium Value
C07679,815.1,Low Value
C07680,1011.48,Low Value
C07681,1122.39,Medium Value
C07682,973.47,Low Value
C07683,1440.24,High Value
C07684,1645.15,High Value
C07685,1139.65,Medium Value
C07686,1147.93,Medium Value
C07687,1063.42,Medium Value
C07688,1608.0,High Value
C07689,1155.47,Medium Value
C07690,780.58,Low Value
C07691,1069.48,Medium Value
C07692,1090.97,Medium Value
C07693,869.23,Low Value
C07694,1042.34,Medium Value
C07695,1223.14,Medium Value
C07696,1086.46,Medium Value
C07697,1186.22,Medium Value
C07698,1578.62,High Value
C07699,1093.28,Medium Value
C07700,1324.97,Medium Value
C07701,1185.79,Medium Value
C07702,1020.96,Low Value
C07703,398.1,Low Value
C07704,692.92,Low Value
C07705,1290.23,Medium Value
C07706,1688.21,High Value
C07707,921.68,Low Value
C07708,1489.29,High Value
C07709,1086.59,Medium Value
C07710,1374.85,High Value
C07711,879.76,Low Value
C07712,1129.76,Medium Value
C07713,1621.27,High Value
C07714,962.9,Low Value
C07715,1130.28,Medium Value
C07716,1308.8,Medium Value
C07717,1366.83,High Value
C07718,1163.99,Medium Value
C07719,1170.02,Medium Value
C07720,1402.6,High Value
C07721,1737.32,Very High Value
C07722,780.01,Low Value
C07723,1097.38,Medium Value
C07724,1249.57,Medium Value
C07725,1297.54,Medium Value
C07726,1430.48,High Value
C07727,830.29,Low Value
C07728,2029.38,Very High Value
C07729,805.52,Low Value
C07730,1091.73,Medium Value
C07731,666.14,Low Value
C07732,1666.98,High Value
C07733,1116.8,Medium Value
C07734,1349.41,Medium Value
C07735,1536.67,High Value
C07736,760.28,Low Value
C07737,1314.41,Medium Value
C07738,767.39,Low Value
C07739,997.18,Low Value
C07740,1098.35,Medium Value
C07741,778.21,Low Value
C07742,1619.07,High Value
C07743,1117.32,Medium Value
C07744,1396.93,High Value
C07745,802.65,Low Value
C07746,1494.0,High Value
C07747,1023.99,Low Value
C07748,1050.93,Medium Value
C07749,1875.28,Very High Value
C07750,1197.04,Medium Value
C07751,1187.05,Medium Value
C07752,824.19,Low Value
C07753,1157.44,Medium Value
C07754,854.42,Low Value
C07755,1091.66,Medium Value
C07756,446.6,Low Value
C07757,1072.4,Medium Value
C07758,879.64,Low Value
C07759,1373.41,High Value
C07760,690.12,Low Value
C07761,989.16,Low Value
C07762,1365.05,High Value
C07763,746.09,Low Value
C07764,882.48,Low Value
C07765,1526.05,High Value
C07766,1213.72,Medium Value
C07767,747.1,Low Value
C07768,860.13,Low Value
C07769,1143.55,Medium Value
C07770,1099.87,Medium Value
C07771,1026.0,Low Value
C07772,1211.55,Medium Value
C07773,894.0,Low Value
C07774,778.62,Low Value
C07775,1556.16,High Value
C07776,1127.32,Medium Value
C07777,1423.62,High Value
C07778,1527.63,High Value
C07779,1755.95,Very High Value
C07780,929.55,Low Value
C07781,687.12,Low Value
C07782,1225.52,Medium Value
C07783,1443.75,High Value
C07784,1197.06,Medium Value
C07785,1516.1,High Value
C07786,1805.89,Very High Value
C07787,1080.71,Medium Value
C07788,1085.3,Medium Value
C07789,954.47,Low Value
C07790,1122.29,Medium Value
C07791,1237.3,Medium Value
C07792,1088.45,Medium Value
C07793,1699.65,Very High Value
C07794,1437.53,High Value
C07795,840.94,Low Value
C07796,956.22,Low Value
C07797,1214.77,Medium Value
C07798,887.03,Low Value
C07799,835.85,Low Value
C07800,775.35,Low Value
C07801,1030.08,Low Value
C07802,1286.37,Medium Value
C07803,1498.02,High Value
C07804,1039.36,Medium Value
C07805,998.0,Low Value
C07806,1374.83,High Value
C07807,783.11,Low Value
C07808,1158.31,Medium Value
C07809,1451.35,High Value
C07810,1753.07,Very High Value
C07811,990.02,Low Value
C07812,1470.59,High Value
C07813,1015.62,Low Value
C07814,1485.58,High Value
C07815,1823.44,Very High Value
C07816,1030.35,Low Value
C07817,1491.35,High Value
C07818,1061.32,Medium Value
C07819,1133.45,Medium Value
C07820,1180.28,Medium Value
C07821,1495.7,High Value
C07822,934.41,Low Value
C07823,965.45,Low Value
C07824,793.44,Low Value
C07825,1562.01,High Value
C07826,1022.05,Low Value
C07827,1700.91,Very High Value
C07828,1436.95,High Value
C07829,1888.95,Very High Value
C07830,1327.15,Medium Value
C07831,1206.54,Medium Value
C07832,1349.45,Medium Value
C07833,1302.72,Medium Value
C07834,913.79,Low Value
C07835,1239.58,Medium Value
C07836,978.0,Low Value
C07837,1451.9,High Value
C07838,1146.63,Medium Value
C07839,1326.18,Medium Value
C07840,666.81,Low Value
C07841,1791.12,Very High Value
C07842,969.69,Low Value
C07843,1299.68,Medium Value
C07844,1352.94,Medium Value
C07845,1412.66,High Value
C07846,975.11,Low Value
C07847,1000.83,Low Value
C07848,1381.31,High Value
C07849,1190.45,Medium Value
C07850,1115.57,Medium Value
C07851,815.13,Low Value
C07852,798.75,Low Value
C07853,761.41,Low Value
C07854,999.25,Low Value
C07855,1128.13,Medium Value
C07856,1583.99,High Value
C07857,1315.15,Medium Value
C07858,1179.23,Medium Value
C07859,1334.99,Medium Value
C07860,829.36,Low Value
C07861,852.02,Low Value
C07862,1622.19,High Value
C07863,1469.25,High Value
C07864,1349.27,Medium Value
C07865,1281.91,Medium Value
C07866,863.46,Low Value
C07867,894.9,Low Value
C07868,1358.23,Medium Value
C07869,761.59,Low Value
C07870,1453.43,High Value
C07871,1101.71,Medium Value
C07872,1141.78,Medium Value
C07873,1068.83,Medium Value
C07874,1750.01,Very High Value
C07875,822.94,Low Value
C07876,780.6,Low Value
C07877,1396.54,High Value
C07878,1350.88,Medium Value
C07879,1248.15,Medium Value
C07880,886.44,Low Value
C07881,1230.85,Medium Value
C07882,884.41,Low Value
C07883,892.8,Low Value
C07884,1016.44,Low Value
C07885,1257.47,Medium Value
C07886,1445.28,High Value
C07887,872.41,Low Value
C07888,1217.26,Medium Value
C07889,1833.42,Very High Value
C07890,1236.25,Medium Value
C07891,1318.66,Medium Value
C07892,1085.98,Medium Value
C07893,1492.58,High Value
C07894,1461.01,High Value
C07895,1584.17,High Value
C07896,1645.38,High Value
C07897,1663.5,High Value
C07898,1542.1,High Value
C07899,1088.5,Medium Value
C07900,1178.46,Medium Value
C07901,993.25,Low Value
C07902,769.22,Low Value
C07903,1285.71,Medium Value
C07904,1285.73,Medium Value
C07905,1594.37,High Value
C07906,1374.66,High Value
C07907,682.9,Low Value
C07908,1046.4,Medium Value
C07909,1380.45,High Value
C07910,1616.22,High Value
C07911,1201.45,Medium Value
C07912,1074.43,Medium Value
C07913,1286.61,Medium Value
C07914,1522.94,High Value
C07915,1169.03,Medium Value
C07916,1261.85,Medium Value
C07917,1882.99,Very High Value
C07918,1186.27,Medium Value
C07919,1852.5,Very High Value
C07920,1336.85,Medium Value
C07921,794.8,Low Value
C07922,1114.21,Medium Value
C07923,1169.36,Medium Value
C07924,1235.88,Medium Value
C07925,1564.07,High Value
C07926,1743.1,Very High Value
C07927,1408.1,High Value
C07928,1820.35,Very High Value
C07929,1367.47,High Value
C07930,718.59,Low Value
C07931,820.13,Low Value
C07932,1192.13,Medium Value
C07933,1664.97,High Value
C07934,905.55,Low Value
C07935,940.54,Low Value
C07936,1559.71,High Value
C07937,1695.87,Very High Value
C07938,716.69,Low Value
C07939,1045.04,Medium Value
C07940,1466.23,High Value
C07941,942.35,Low Value
C07942,889.04,Low Value
C07943,786.02,Low Value
C07944,897.83,Low Value
C07945,1031.27,Low Value
C07946,1342.81,Medium Value
C07947,1179.08,Medium Value
C07948,1380.58,High Value
C07949,1292.91,Medium Value
C07950,1287.64,Medium Value
C07951,756.81,Low Value
C07952,1288.56,Medium Value
C07953,1234.69,Medium Value
C07954,1620.37,High Value
C07955,1914.11,Very High Value
C07956,1088.23,Medium Value
C07957,884.26,Low Value
C07958,1148.65,Medium Value
C07959,1056.05,Medium Value
C07960,1611.91,High Value
C07961,696.87,Low Value
C07962,1409.91,High Value
C07963,1225.81,Medium Value
C07964,1877.66,Very High Value
C07965,1518.47,High Value
C07966,1130.95,Medium Value
C07967,945.1,Low Value
C07968,1763.35,Very High Value
C07969,1394.46,High Value
C07970,1464.45,High Value
C07971,1378.12,High Value
C07972,1435.73,High Value
C07973,1781.38,Very High Value
C07974,1875.94,Very High Value
C07975,1659.74,High Value
C07976,805.21,Low Value
C07977,1057.31,Medium Value
C07978,1141.94,Medium Value
C07979,1726.0,Very High Value
C07980,1222.81,Medium Value
C07981,1251.43,Medium Value
C07982,1843.22,Very High Value
C07983,1325.87,Medium Value
C07984,1304.67,Medium Value
C07985,1505.63,High Value
C07986,1351.36,Medium Value
C07987,1720.77,Very High Value
C07988,1136.13,Medium Value
C07989,935.85,Low Value
C07990,1144.38,Medium Value
C07991,1026.92,Low Value
C07992,1512.18,High Value
C07993,991.83,Low Value
C07994,790.52,Low Value
C07995,1146.84,Medium Value
C07996,784.76,Low Value
C07997,855.95,Low Value
C07998,778.4,Low Value
C07999,743.71,Low Value
C08000,970.76,Low Value
C08001,902.78,Low Value
C08002,1069.11,Medium Value
C08003,642.07,Low Value
C08004,1058.76,Medium Value
C08005,931.63,Low Value
C08006,1502.68,High Value
C08007,999.09,Low Value
C08008,1038.2,Medium Value
C08009,1671.14,High Value
C08010,1107.38,Medium Value
C08011,1217.14,Medium Value
C08012,816.89,Low Value
C08013,2040.75,Very High Value
C08014,1877.83,Very High Value
C08015,1475.85,High Value
C08016,875.44,Low Value
C08017,1476.87,High Value
C08018,1553.1,High Value
C08019,912.5,Low Value
C08020,1774.83,Very High Value
C08021,1327.03,Medium Value
C08022,1059.96,Medium Value
C08023,1669.31,High Value
C08024,1306.6,Medium Value
C08025,1043.95,Medium Value
C08026,2072.09,Very High Value
C08027,852.23,Low Value
C08028,891.22,Low Value
C08029,1517.73,High Value
C08030,1516.03,High Value
C08031,1528.12,High Value
C08032,772.21,Low Value
C08033,1576.17,High Value
C08034,1225.11,Medium Value
C08035,752.62,Low Value
C08036,1498.72,High Value
C08037,363.84,Low Value
C08038,1397.22,High Value
C08039,1790.78,Very High Value
C08040,1887.33,Very High Value
C08041,1381.16,High Value
C08042,1362.32,High Value
C08043,1366.99,High Value
C08044,903.78,Low Value
C08045,1395.45,High Value
C08046,994.24,Low Value
C08047,1145.66,Medium Value
C08048,2000.28,Very High Value
C08049,1538.48,High Value
C08050,2012.48,Very High Value
C08051,942.83,Low Value
C08052,874.47,Low Value
C08053,941.9,Low Value
C08054,1200.51,Medium Value
C08055,1108.62,Medium Value
C08056,1515.61,High Value
C08057,1248.28,Medium Value
C08058,1098.68,Medium Value
C08059,1446.28,High Value
C08060,1242.48,Medium Value
C08061,945.02,Low Value
C08062,1854.07,Very High Value
C08063,1103.24,Medium Value
C08064,1175.43,Medium Value
C08065,1561.22,High Value
C08066,1066.34,Medium Value
C08067,1201.93,Medium Value
C08068,1254.59,Medium Value
C08069,1785.59,Very High Value
C08070,1332.8,Medium Value
C08071,1122.84,Medium Value
C08072,1599.03,High Value
C08073,1219.57,Medium Value
C08074,894.22,Low Value
C08075,1191.98,Medium Value
C08076,1429.16,High Value
C08077,995.4,Low Value
C08078,919.66,Low Value
C08079,1002.09,Low Value
C08080,1390.34,High Value
C08081,1221.82,Medium Value
C08082,925.96,Low Value
C08083,1090.31,Medium Value
C08084,850.38,Low Value
C08085,870.55,Low Value
C08086,1431.11,High Value
C08087,1647.14,High Value
C08088,1199.37,Medium Value
C08089,1017.4,Low Value
C08090,1857.59,Very High Value
C08091,919.53,Low Value
C08092,1308.08,Medium Value
C08093,1940.9,Very High Value
C08094,1529.04,High Value
C08095,1079.78,Medium Value
C08096,1098.52,Medium Value
C08097,706.2,Low Value
C08098,1509.65,High Value
C08099,1204.26,Medium Value
C08100,1158.58,Medium Value
C08101,861.62,Low Value
C08102,1122.19,Medium Value
C08103,1980.4,Very High Value
C08104,354.97,Low Value
C08105,370.96,Low Value
C08106,1001.69,Low Value
C08107,1743.3,Very High Value
C08108,785.61,Low Value
C08109,1323.57,Medium Value
C08110,805.72,Low Value
C08111,1260.81,Medium Value
C08112,1549.54,High Value
C08113,1166.08,Medium Value
C08114,965.34,Low Value
C08115,1050.03,Medium Value
C08116,1473.06,High Value
C08117,944.28,Low Value
C08118,1764.46,Very High Value
C08119,1661.93,High Value
C08120,1491.75,High Value
C08121,805.08,Low Value
C08122,1175.68,Medium Value
C08123,1050.25,Medium Value
C08124,1551.75,High Value
C08125,798.44,Low Value
C08126,959.56,Low Value
C08127,1498.52,High Value
C08128,782.42,Low Value
C08129,868.79,Low Value
C08130,999.74,Low Value
C08131,1751.99,Very High Value
C08132,1434.92,High Value
C08133,1483.53,High Value
C08134,1316.41,Medium Value
C08135,1417.67,High Value
C08136,1543.88,High Value
C08137,1640.62,High Value
C08138,1445.02,High Value
C08139,1481.52,High Value
C08140,1262.94,Medium Value
C08141,1307.96,Medium Value
C08142,801.45,Low Value
C08143,856.05,Low Value
C08144,1108.34,Medium Value
C08145,1009.65,Low Value
C08146,1433.64,High Value
C08147,1107.72,Medium Value
C08148,1475.55,High Value
C08149,1848.9,Very High Value
C08150,1571.63,High Value
C08151,1171.34,Medium Value
C08152,1500.81,High Value
C08153,442.14,Low Value
C08154,1111.62,Medium Value
C08155,1423.27,High Value
C08156,1301.81,Medium Value
C08157,873.69,Low Value
C08158,1269.87,Medium Value
C08159,1580.88,High Value
C08160,1461.25,High Value
C08161,1127.81,Medium Value
C08162,1857.01,Very High Value
C08163,1655.56,High Value
C08164,770.36,Low Value
C08165,875.44,Low Value
C08166,845.91,Low Value
C08167,728.98,Low Value
C08168,881.91,Low Value
C08169,1642.75,High Value
C08170,1907.72,Very High Value
C08171,1559.76,High Value
C08172,1284.31,Medium Value
C08173,1600.24,High Value
C08174,1703.65,Very High Value
C08175,883.44,Low Value
C08176,1967.86,Very High Value
C08177,2035.46,Very High Value
C08178,1243.49,Medium Value
C08179,1317.38,Medium Value
C08180,1598.5,High Value
C08181,838.83,Low Value
C08182,839.55,Low Value
C08183,1681.45,High Value
C08184,1123.65,Medium Value
C08185,1412.6,High Value
C08186,1176.74,Medium Value
C08187,1704.67,Very High Value
C08188,1158.63,Medium Value
C08189,1534.02,High Value
C08190,967.15,Low Value
C08191,1082.96,Medium Value
C08192,1618.98,High Value
C08193,800.33,Low Value
C08194,1476.32,High Value
C08195,1342.64,Medium Value
C08196,1001.13,Low Value
C08197,1234.28,Medium Value
C08198,1023.67,Low Value
C08199,1597.04,High Value
C08200,1809.85,Very High Value
C08201,1144.2,Medium Value
C08202,1249.0,Medium Value
C08203,1256.44,Medium Value
C08204,1970.77,Very High Value
C08205,1280.08,Medium Value
C08206,1649.92,High Value
C08207,806.68,Low Value
C08208,1683.63,High Value
C08209,1228.48,Medium Value
C08210,1369.03,High Value
C08211,1853.16,Very High Value
C08212,1619.08,High Value
C08213,977.76,Low Value
C08214,762.67,Low Value
C08215,1845.87,Very High Value
C08216,1683.48,High Value
C08217,1834.01,Very High Value
C08218,1705.73,Very High Value
C08219,1273.32,Medium Value
C08220,891.39,Low Value
C08221,1070.0,Medium Value
C08222,1321.61,Medium Value
C08223,1351.16,Medium Value
C08224,672.76,Low Value
C08225,2024.63,Very High Value
C08226,2050.93,Very High Value
C08227,811.7,Low Value
C08228,1201.21,Medium Value
C08229,1961.44,Very High Value
C08230,1465.24,High Value
C08231,1060.97,Medium Value
C08232,765.98,Low Value
C08233,880.52,Low Value
C08234,1002.07,Low Value
C08235,1418.57,High Value
C08236,1762.89,Very High Value
C08237,1392.5,High Value
C08238,938.89,Low Value
C08239,1121.44,Medium Value
C08240,1652.15,High Value
C08241,816.03,Low Value
C08242,951.82,Low Value
C08243,860.15,Low Value
C08244,1560.81,High Value
C08245,1646.29,High Value
C08246,854.43,Low Value
C08247,733.22,Low Value
C08248,1057.13,Medium Value
C08249,819.29,Low Value
C08250,1387.61,High Value
C08251,1649.79,High Value
C08252,797.4,Low Value
C08253,1279.48,Medium Value
C08254,1269.18,Medium Value
C08255,1426.3,High Value
C08256,1404.35,High Value
C08257,1033.22,Low Value
C08258,1865.23,Very High Value
C08259,1542.73,High Value
C08260,1389.03,High Value
C08261,1103.13,Medium Value
C08262,872.32,Low Value
C08263,974.09,Low Value
C08264,1238.2,Medium Value
C08265,1551.0,High Value
C08266,867.44,Low Value
C08267,1055.74,Medium Value
C08268,818.96,Low Value
C08269,1319.56,Medium Value
C08270,1655.62,High Value
C08271,974.05,Low Value
C08272,1324.61,Medium Value
C08273,868.35,Low Value
C08274,1768.31,Very High Value
C08275,1681.63,High Value
C08276,948.61,Low Value
C08277,856.95,Low Value
C08278,1467.11,High Value
C08279,1677.17,High Value
C08280,1121.77,Medium Value
C08281,953.55,Low Value
C08282,764.9,Low Value
C08283,1307.96,Medium Value
C08284,942.31,Low Value
C08285,2072.77,Very High Value
C08286,1758.58,Very High Value
C08287,996.32,Low Value
C08288,721.54,Low Value
C08289,806.42,Low Value
C08290,1734.22,Very High Value
C08291,902.41,Low Value
C08292,1398.59,High Value
C08293,995.73,Low Value
C08294,1347.76,Medium Value
C08295,946.49,Low Value
C08296,502.45,Low Value
C08297,1342.64,Medium Value
C08298,986.34,Low Value
C08299,1399.41,High Value
C08300,1178.3,Medium Value
C08301,1785.5,Very High Value
C08302,873.65,Low Value
C08303,966.17,Low Value
C08304,1368.91,High Value
C08305,1271.58,Medium Value
C08306,1067.84,Medium Value
C08307,1877.06,Very High Value
C08308,750.51,Low Value
C08309,915.86,Low Value
C08310,1365.91,High Value
C08311,1436.48,High Value
C08312,1320.76,Medium Value
C08313,1985.95,Very High Value
C08314,1610.6,High Value
C08315,721.92,Low Value
C08316,996.28,Low Value
C08317,1701.3,Very High Value
C08318,813.93,Low Value
C08319,417.95,Low Value
C08320,1362.68,High Value
C08321,1386.54,High Value
C08322,1082.64,Medium Value
C08323,1302.58,Medium Value
C08324,803.01,Low Value
C08325,763.9,Low Value
C08326,758.19,Low Value
C08327,966.09,Low Value
C08328,1429.66,High Value
C08329,1251.12,Medium Value
C08330,1052.67,Medium Value
C08331,1247.15,Medium Value
C08332,1191.18,Medium Value
C08333,1353.73,Medium Value
C08334,821.76,Low Value
C08335,1384.1,High Value
C08336,1318.46,Medium Value
C08337,1796.7,Very High Value
C08338,1351.51,Medium Value
C08339,1207.3,Medium Value
C08340,873.7,Low Value
C08341,1377.32,High Value
C08342,1363.41,High Value
C08343,1142.31,Medium Value
C08344,965.03,Low Value
C08345,958.38,Low Value
C08346,949.1,Low Value
C08347,1698.44,Very High Value
C08348,897.36,Low Value
C08349,2020.58,Very High Value
C08350,1444.55,High Value
C08351,1052.59,Medium Value
C08352,1320.49,Medium Value
C08353,1143.52,Medium Value
C08354,1475.78,High Value
C08355,1060.97,Medium Value
C08356,1745.96,Very High Value
C08357,1468.55,High Value
C08358,993.01,Low Value
C08359,787.64,Low Value
C08360,734.25,Low Value
C08361,1131.21,Medium Value
C08362,1086.2,Medium Value
C08363,1194.77,Medium Value
C08364,1007.85,Low Value
C08365,1161.1,Medium Value
C08366,1139.13,Medium Value
C08367,1174.92,Medium Value
C08368,1728.74,Very High Value
C08369,923.18,Low Value
C08370,984.37,Low Value
C08371,483.33,Low Value
C08372,1032.53,Low Value
C08373,1461.45,High Value
C08374,1056.28,Medium Value
C08375,922.49,Low Value
C08376,1513.83,High Value
C08377,1430.75,High Value
C08378,1032.48,Low Value
C08379,853.56,Low Value
C08380,1836.19,Very High Value
C08381,1575.77,High Value
C08382,1973.32,Very High Value
C08383,1206.06,Medium Value
C08384,1495.39,High Value
C08385,1170.56,Medium Value
C08386,1270.81,Medium Value
C08387,1110.97,Medium Value
C08388,1221.5,Medium Value
C08389,1457.82,High Value
C08390,1004.13,Low Value
C08391,785.53,Low Value
C08392,1144.39,Medium Value
C08393,1475.72,High Value
C08394,1219.72,Medium Value
C08395,1212.49,Medium Value
C08396,1553.88,High Value
C08397,1012.86,Low Value
C08398,1139.44,Medium Value
C08399,1402.64,High Value
C08400,1520.56,High Value
C08401,1415.25,High Value
C08402,996.71,Low Value
C08403,1525.0,High Value
C08404,1431.62,High Value
C08405,1326.34,Medium Value
C08406,1537.68,High Value
C08407,1237.57,Medium Value
C08408,830.41,Low Value
C08409,1422.63,High Value
C08410,1136.15,Medium Value
C08411,930.36,Low Value
C08412,1031.17,Low Value
C08413,1701.95,Very High Value
C08414,1388.56,High Value
C08415,1264.52,Medium Value
C08416,1163.51,Medium Value
C08417,1511.15,High Value
C08418,883.45,Low Value
C08419,906.77,Low Value
C08420,1105.12,Medium Value
C08421,894.21,Low Value
C08422,1681.97,High Value
C08423,975.16,Low Value
C08424,1583.88,High Value
C08425,1331.12,Medium Value
C08426,1580.08,High Value
C08427,1207.13,Medium Value
C08428,1414.43,High Value
C08429,718.69,Low Value
C08430,1165.88,Medium Value
C08431,2049.05,Very High Value
C08432,1451.74,High Value
C08433,1027.09,Low Value
C08434,1125.24,Medium Value
C08435,1050.32,Medium Value
C08436,803.71,Low Value
C08437,464.31,Low Value
C08438,1368.55,High Value
C08439,1026.48,Low Value
C08440,1429.31,High Value
C08441,1124.77,Medium Value
C08442,980.73,Low Value
C08443,950.63,Low Value
C08444,1194.15,Medium Value
C08445,1985.03,Very High Value
C08446,1149.41,Medium Value
C08447,1430.88,High Value
C08448,781.92,Low Value
C08449,1081.32,Medium Value
C08450,1082.84,Medium Value
C08451,555.13,Low Value
C08452,995.72,Low Value
C08453,1791.73,Very High Value
C08454,2019.46,Very High Value
C08455,1103.25,Medium Value
C08456,1900.09,Very High Value
C08457,1775.86,Very High Value
C08458,857.27,Low Value
C08459,1330.72,Medium Value
C08460,1471.0,High Value
C08461,1682.24,High Value
C08462,1477.48,High Value
C08463,1359.55,High Value
C08464,1401.99,High Value
C08465,1334.07,Medium Value
C08466,1501.15,High Value
C08467,1381.66,High Value
C08468,1424.96,High Value
C08469,1434.31,High Value
C08470,1084.24,Medium Value
C08471,1970.28,Very High Value
C08472,516.93,Low Value
C08473,1022.33,Low Value
C08474,1625.8,High Value
C08475,965.63,Low Value
C08476,2007.28,Very High Value
C08477,1039.4,Medium Value
C08478,1395.7,High Value
C08479,2053.6,Very High Value
C08480,1532.75,High Value
C08481,1881.69,Very High Value
C08482,1448.81,High Value
C08483,1371.02,High Value
C08484,1528.16,High Value
C08485,1211.84,Medium Value
C08486,1194.16,Medium Value
C08487,1991.92,Very High Value
C08488,1811.2,Very High Value
C08489,1990.57,Very High Value
C08490,1691.61,Very High Value
C08491,1180.24,Medium Value
C08492,825.19,Low Value
C08493,899.79,Low Value
C08494,1333.02,Medium Value
C08495,1126.71,Medium Value
C08496,1295.31,Medium Value
C08497,1989.35,Very High Value
C08498,1146.13,Medium Value
C08499,1448.61,High Value
C08500,1038.71,Medium Value
C08501,1787.0,Very High Value
C08502,716.16,Low Value
C08503,882.9,Low Value
C08504,1123.86,Medium Value
C08505,954.53,Low Value
C08506,994.0,Low Value
C08507,1104.38,Medium Value
C08508,850.98,Low Value
C08509,1544.43,High Value
C08510,1194.08,Medium Value
C08511,1022.29,Low Value
C08512,1074.94,Medium Value
C08513,1367.42,High Value
C08514,1392.56,High Value
C08515,1154.24,Medium Value
C08516,1416.89,High Value
C08517,2037.94,Very High Value
C08518,1941.96,Very High Value
C08519,1873.83,Very High Value
C08520,1382.27,High Value
C08521,1887.41,Very High Value
C08522,961.44,Low Value
C08523,1007.37,Low Value
C08524,1093.49,Medium Value
C08525,1443.25,High Value
C08526,1204.57,Medium Value
C08527,1091.25,Medium Value
C08528,1512.11,High Value
C08529,1096.76,Medium Value
C08530,1052.81,Medium Value
C08531,864.04,Low Value
C08532,1156.27,Medium Value
C08533,1950.97,Very High Value
C08534,1942.91,Very High Value
C08535,1375.72,High Value
C08536,1414.18,High Value
C08537,913.02,Low Value
C08538,1678.48,High Value
C08539,1010.58,Low Value
C08540,566.02,Low Value
C08541,1274.59,Medium Value
C08542,1241.82,Medium Value
C08543,1652.49,High Value
C08544,1762.05,Very High Value
C08545,1881.95,Very High Value
C08546,1278.1,Medium Value
C08547,1886.81,Very High Value
C08548,1091.32,Medium Value
C08549,1283.88,Medium Value
C08550,1142.36,Medium Value
C08551,1178.94,Medium Value
C08552,1238.64,Medium Value
C08553,1105.17,Medium Value
C08554,936.27,Low Value
C08555,1956.95,Very High Value
C08556,1691.3,Very High Value
C08557,1676.31,High Value
C08558,1391.52,High Value
C08559,1184.85,Medium Value
C08560,1974.96,Very High Value
C08561,1192.37,Medium Value
C08562,1187.72,Medium Value
C08563,1799.41,Very High Value
C08564,1601.71,High Value
C08565,1980.69,Very High Value
C08566,1024.95,Low Value
C08567,1467.52,High Value
C08568,1414.3,High Value
C08569,1220.69,Medium Value
C08570,1815.1,Very High Value
C08571,2075.63,Very High Value
C08572,1419.17,High Value
C08573,1401.24,High Value
C08574,1936.9,Very High Value
C08575,927.36,Low Value
C08576,959.0,Low Value
C08577,1020.29,Low Value
C08578,1394.14,High Value
C08579,1542.25,High Value
C08580,1396.11,High Value
C08581,2013.06,Very High Value
C08582,1404.47,High Value
C08583,1075.83,Medium Value
C08584,768.17,Low Value
C08585,886.81,Low Value
C08586,1037.04,Medium Value
C08587,1124.5,Medium Value
C08588,1161.49,Medium Value
C08589,1386.92,High Value
C08590,1440.72,High Value
C08591,1623.6,High Value
C08592,1406.57,High Value
C08593,1041.31,Medium Value
C08594,1076.77,Medium Value
C08595,1547.19,High Value
C08596,923.07,Low Value
C08597,842.64,Low Value
C08598,797.69,Low Value
C08599,1167.01,Medium Value
C08600,1721.24,Very High Value
C08601,1773.4,Very High Value
C08602,984.94,Low Value
C08603,2016.87,Very High Value
C08604,918.09,Low Value
C08605,1932.25,Very High Value
C08606,1243.46,Medium Value
C08607,2017.3,Very High Value
C08608,815.0,Low Value
C08609,1122.58,Medium Value
C08610,1399.9,High Value
C08611,1937.97,Very High Value
C08612,1026.79,Low Value
C08613,868.58,Low Value
C08614,967.09,Low Value
C08615,1431.28,High Value
C08616,1648.72,High Value
C08617,1555.94,High Value
C08618,1163.44,Medium Value
C08619,1731.97,Very High Value
C08620,988.64,Low Value
C08621,1405.81,High Value
C08622,928.19,Low Value
C08623,936.52,Low Value
C08624,1785.18,Very High Value
C08625,1751.19,Very High Value
C08626,816.41,Low Value
C08627,935.19,Low Value
C08628,1196.31,Medium Value
C08629,1205.64,Medium Value
C08630,1897.53,Very High Value
C08631,961.87,Low Value
C08632,1988.72,Very High Value
C08633,1220.58,Medium Value
C08634,1737.34,Very High Value
C08635,1414.04,High Value
C08636,1505.4,High Value
C08637,1896.58,Very High Value
C08638,1571.27,High Value
C08639,1813.31,Very High Value
C08640,1412.32,High Value
C08641,1618.55,High Value
C08642,793.98,Low Value
C08643,857.95,Low Value
C08644,1895.69,Very High Value
C08645,845.06,Low Value
C08646,1942.41,Very High Value
C08647,1364.06,High Value
C08648,1043.25,Medium Value
C08649,720.85,Low Value
C08650,1064.67,Medium Value
C08651,1041.21,Medium Value
C08652,1070.93,Medium Value
C08653,962.02,Low Value
C08654,925.59,Low Value
C08655,1796.18,Very High Value
C08656,1221.79,Medium Value
C08657,1818.38,Very High Value
C08658,1643.79,High Value
C08659,1319.38,Medium Value
C08660,1743.42,Very High Value
C08661,1863.7,Very High Value
C08662,1304.72,Medium Value
C08663,1050.85,Medium Value
C08664,2000.03,Very High Value
C08665,1895.16,Very High Value
C08666,1911.96,Very High Value
C08667,1622.16,High Value
C08668,1426.86,High Value
C08669,1035.95,Low Value
C08670,1153.78,Medium Value
C08671,1358.36,Medium Value
C08672,1206.09,Medium Value
C08673,1929.01,Very High Value
C08674,1223.83,Medium Value
C08675,1129.34,Medium Value
C08676,1906.53,Very High Value
C08677,1067.63,Medium Value
C08678,856.21,Low Value
C08679,1969.59,Very High Value
C08680,1919.64,Very High Value
C08681,1088.75,Medium Value
C08682,1806.72,Very High Value
C08683,1571.84,High Value
C08684,1122.02,Medium Value
C08685,1828.52,Very High Value
C08686,969.97,Low Value
C08687,2055.75,Very High Value
C08688,1293.84,Medium Value
C08689,1597.64,High Value
C08690,1890.67,Very High Value
C08691,1686.95,High Value
C08692,741.32,Low Value
C08693,959.7,Low Value
C08694,1017.27,Low Value
C08695,1626.4,High Value
C08696,1885.88,Very High Value
C08697,1587.51,High Value
C08698,1067.02,Medium Value
C08699,1179.97,Medium Value
C08700,769.38,Low Value
C08701,1629.93,High Value
C08702,883.99,Low Value
C08703,2047.56,Very High Value
C08704,918.38,Low Value
C08705,1554.12,High Value
C08706,1044.55,Medium Value
C08707,907.06,Low Value
C08708,785.4,Low Value
C08709,1319.14,Medium Value
C08710,1910.16,Very High Value
C08711,1996.37,Very High Value
C08712,1264.56,Medium Value
C08713,1022.58,Low Value
C08714,917.77,Low Value
C08715,1377.41,High Value
C08716,1463.63,High Value
C08717,1376.71,High Value
C08718,1990.2,Very High Value
C08719,803.74,Low Value
C08720,1767.58,Very High Value
C08721,1599.23,High Value
C08722,917.56,Low Value
C08723,1737.03,Very High Value
C08724,1397.32,High Value
C08725,1430.34,High Value
C08726,1823.07,Very High Value
C08727,1476.35,High Value
C08728,427.51,Low Value
C08729,1337.89,Medium Value
C08730,1033.75,Low Value
C08731,970.9,Low Value
C08732,858.75,Low Value
C08733,1192.54,Medium Value
C08734,1071.5,Medium Value
C08735,1534.93,High Value
C08736,1774.72,Very High Value
C08737,831.91,Low Value
C08738,1414.25,High Value
C08739,1901.29,Very High Value
C08740,1952.9,Very High Value
C08741,517.65,Low Value
C08742,909.29,Low Value
C08743,1043.63,Medium Value
C08744,1803.88,Very High Value
C08745,1879.76,Very High Value
C08746,1050.58,Medium Value
C08747,1359.44,High Value
C08748,711.27,Low Value
C08749,1125.81,Medium Value
C08750,1330.45,Medium Value
C08751,848.74,Low Value
C08752,1090.96,Medium Value
C08753,1671.95,High Value
C08754,1933.44,Very High Value
C08755,926.59,Low Value
C08756,1771.2,Very High Value
C08757,1252.68,Medium Value
C08758,725.71,Low Value
C08759,990.45,Low Value
C08760,2001.68,Very High Value
C08761,1978.56,Very High Value
C08762,1472.58,High Value
C08763,1140.59,Medium Value
C08764,778.57,Low Value
C08765,1441.98,High Value
C08766,1395.6,High Value
C08767,1083.22,Medium Value
C08768,1514.17,High Value
C08769,1183.3,Medium Value
C08770,1803.26,Very High Value
C08771,959.57,Low Value
C08772,1742.26,Very High Value
C08773,955.92,Low Value
C08774,1276.05,Medium Value
C08775,1741.14,Very High Value
C08776,1727.78,Very High Value
C08777,1587.61,High Value
C08778,1904.32,Very High Value
C08779,1673.3,High Value
C08780,1997.97,Very High Value
C08781,1118.96,Medium Value
C08782,1930.47,Very High Value
C08783,1545.87,High Value
C08784,1400.95,High Value
C08785,1948.55,Very High Value
C08786,1481.37,High Value
C08787,2047.94,Very High Value
C08788,1628.54,High Value
C08789,1306.58,Medium Value
C08790,2032.14,Very High Value
C08791,660.72,Low Value
C08792,1927.4,Very High Value
C08793,1190.64,Medium Value
C08794,1885.08,Very High Value
C08795,759.91,Low Value
C08796,453.99,Low Value
C08797,1448.8,High Value
C08798,1018.73,Low Value
C08799,1615.4,High Value
C08800,1541.68,High Value
C08801,1955.68,Very High Value
C08802,1828.95,Very High Value
C08803,1076.19,Medium Value
C08804,1191.43,Medium Value
C08805,1470.47,High Value
C08806,1726.13,Very High Value
C08807,1352.07,Medium Value
C08808,1834.53,Very High Value
C08809,2006.04,Very High Value
C08810,1629.87,High Value
C08811,868.99,Low Value
C08812,1965.65,Very High Value
C08813,1797.51,Very High Value
C08814,879.87,Low Value
C08815,2008.66,Very High Value
C08816,1739.7,Very High Value
C08817,1587.84,High Value
C08818,1561.29,High Value
C08819,1511.19,High Value
C08820,1440.79,High Value
C08821,1808.59,Very High Value
C08822,1421.4,High Value
C08823,910.7,Low Value
C08824,1799.42,Very High Value
C08825,1098.91,Medium Value
C08826,1183.06,Medium Value
C08827,1922.4,Very High Value
C08828,1946.3,Very High Value
C08829,1601.93,High Value
C08830,916.15,Low Value
C08831,1516.84,High Value
C08832,1549.87,High Value
C08833,777.81,Low Value
C08834,945.84,Low Value
C08835,1404.24,High Value
C08836,848.74,Low Value
C08837,760.0,Low Value
C08838,1337.65,Medium Value
C08839,1199.12,Medium Value
C08840,822.4,Low Value
C08841,1538.87,High Value
C08842,2051.24,Very High Value
C08843,945.86,Low Value
C08844,951.46,Low Value
C08845,988.84,Low Value
C08846,1475.44,High Value
C08847,1477.32,High Value
C08848,1080.58,Medium Value
C08849,1490.6,High Value
C08850,1361.69,High Value
C08851,1607.28,High Value
C08852,1605.15,High Value
C08853,1538.48,High Value
C08854,2006.07,Very High Value
C08855,1996.43,Very High Value
C08856,2053.42,Very High Value
C08857,1196.69,Medium Value
C08858,880.87,Low Value
C08859,1466.43,High Value
C08860,1520.06,High Value
C08861,1758.23,Very High Value
C08862,1565.55,High Value
C08863,1626.98,High Value
C08864,1102.55,Medium Value
C08865,1717.39,Very High Value
C08866,1832.81,Very High Value
C08867,1884.69,Very High Value
C08868,1698.11,Very High Value
C08869,850.21,Low Value
C08870,1314.03,Medium Value
C08871,1260.9,Medium Value
C08872,1139.29,Medium Value
C08873,1129.56,Medium Value
C08874,1696.83,Very High Value
C08875,977.84,Low Value
C08876,1954.1,Very High Value
C08877,1565.2,High Value
C08878,783.85,Low Value
C08879,2062.71,Very High Value
C08880,1311.45,Medium Value
C08881,1572.28,High Value
C08882,1392.73,High Value
C08883,1975.98,Very High Value
C08884,1674.36,High Value
C08885,1225.79,Medium Value
C08886,2081.08,Very High Value
C08887,2006.1,Very High Value
C08888,1977.86,Very High Value
C08889,1188.24,Medium Value
C08890,1667.33,High Value
C08891,1888.37,Very High Value
C08892,1652.42,High Value
C08893,1260.96,Medium Value
C08894,1986.85,Very High Value
C08895,1720.23,Very High Value
C08896,877.89,Low Value
C08897,1704.92,Very High Value
C08898,1005.04,Low Value
C08899,631.27,Low Value
C08900,1041.33,Medium Value
C08901,1179.86,Medium Value
C08902,1102.78,Medium Value
C08903,787.46,Low Value
C08904,1673.94,High Value
C08905,829.62,Low Value
C08906,1630.2,High Value
C08907,1190.86,Medium Value
C08908,1733.68,Very High Value
C08909,856.26,Low Value
C08910,923.24,Low Value
C08911,1219.52,Medium Value
C08912,1459.18,High Value
C08913,1616.43,High Value
C08914,1302.13,Medium Value
C08915,1832.5,Very High Value
C08916,1350.06,Medium Value
C08917,1582.1,High Value
C08918,1826.54,Very High Value
C08919,1574.31,High Value
C08920,1617.29,High Value
C08921,1331.32,Medium Value
C08922,1139.84,Medium Value
C08923,1965.37,Very High Value
C08924,1943.81,Very High Value
C08925,1616.5,High Value
C08926,1382.71,High Value
C08927,2021.68,Very High Value
C08928,1626.42,High Value
C08929,1941.98,Very High Value
C08930,1824.91,Very High Value
C08931,2077.65,Very High Value
C08932,1911.9,Very High Value
C08933,1642.14,High Value
C08934,1520.67,High Value
C08935,1771.0,Very High Value
C08936,1398.11,High Value
C08937,2072.13,Very High Value
C08938,1101.07,Medium Value
C08939,1792.16,Very High Value
C08940,1358.37,Medium Value
C08941,735.29,Low Value
C08942,927.71,Low Value
C08943,1452.82,High Value
C08944,2033.16,Very High Value
C08945,888.12,Low Value
C08946,1717.04,Very High Value
C08947,835.14,Low Value
C08948,1593.85,High Value
C08949,1941.41,Very High Value
C08950,1657.85,High Value
C08951,1416.38,High Value
C08952,1940.4,Very High Value
C08953,1677.85,High Value
C08954,1000.28,Low Value
C08955,1820.83,Very High Value
C08956,1531.4,High Value
C08957,1757.84,Very High Value
C08958,1898.99,Very High Value
C08959,2065.45,Very High Value
C08960,1018.14,Low Value
C08961,1043.09,Medium Value
C08962,1655.76,High Value
C08963,1061.83,Medium Value
C08964,1888.2,Very High Value
C08965,1050.59,Medium Value
C08966,779.98,Low Value
C08967,1800.62,Very High Value
C08968,1584.73,High Value
C08969,1480.63,High Value
C08970,1812.15,Very High Value
C08971,1506.0,High Value
C08972,699.95,Low Value
C08973,1000.44,Low Value
C08974,2068.67,Very High Value
C08975,1490.36,High Value
C08976,1320.47,Medium Value
C08977,1229.9,Medium Value
C08978,1314.95,Medium Value
C08979,1959.71,Very High Value
C08980,1470.77,High Value
C08981,1271.41,Medium Value
C08982,1718.49,Very High Value
C08983,1109.96,Medium Value
C08984,580.4,Low Value
C08985,1562.97,High Value
C08986,1705.47,Very High Value
C08987,1992.54,Very High Value
C08988,2068.09,Very High Value
C08989,640.3,Low Value
C08990,1250.8,Medium Value
C08991,1250.19,Medium Value
C08992,1967.66,Very High Value
C08993,1095.45,Medium Value
C08994,861.67,Low Value
C08995,879.92,Low Value
C08996,1522.96,High Value
C08997,1979.99,Very High Value
C08998,1953.3,Very High Value
C08999,1219.78,Medium Value
C09000,1803.31,Very High Value
C09001,1705.61,Very High Value
C09002,1131.59,Medium Value
C09003,1852.0,Very High Value
C09004,783.64,Low Value
C09005,990.87,Low Value
C09006,1102.73,Medium Value
C09007,2052.02,Very High Value
C09008,1842.66,Very High Value
C09009,910.62,Low Value
C09010,1033.32,Low Value
C09011,390.07,Low Value
C09012,1961.22,Very High Value
C09013,2020.32,Very High Value
C09014,859.35,Low Value
C09015,1398.85,High Value
C09016,1783.18,Very High Value
C09017,1668.22,High Value
C09018,836.98,Low Value
C09019,1274.4,Medium Value
C09020,1401.47,High Value
C09021,896.98,Low Value
C09022,1702.13,Very High Value
C09023,1507.79,High Value
C09024,1404.15,High Value
C09025,408.91,Low Value
C09026,775.85,Low Value
C09027,796.9,Low Value
C09028,1567.42,High Value
C09029,1130.73,Medium Value
C09030,847.76,Low Value
C09031,1592.76,High Value
C09032,1060.79,Medium Value
C09033,1763.88,Very High Value
C09034,1810.52,Very High Value
C09035,1989.87,Very High Value
C09036,1668.49,High Value
C09037,1331.34,Medium Value
C09038,1842.83,Very High Value
C09039,960.67,Low Value
C09040,1093.74,Medium Value
C09041,1307.02,Medium Value
C09042,2049.47,Very High Value
C09043,2085.27,Very High Value
C09044,1451.56,High Value
C09045,1124.18,Medium Value
C09046,566.73,Low Value
C09047,1200.37,Medium Value
C09048,1527.62,High Value
C09049,1239.34,Medium Value
C09050,1361.21,High Value
C09051,1495.95,High Value
C09052,747.5,Low Value
C09053,1548.43,High Value
C09054,692.48,Low Value
C09055,1091.75,Medium Value
C09056,970.42,Low Value
C09057,1973.99,Very High Value
C09058,899.27,Low Value
C09059,1242.44,Medium Value
C09060,1488.76,High Value
C09061,1964.45,Very High Value
C09062,1336.82,Medium Value
C09063,910.54,Low Value
C09064,1658.16,High Value
C09065,2050.39,Very High Value
C09066,1088.71,Medium Value
C09067,1561.69,High Value
C09068,1754.04,Very High Value
C09069,1244.56,Medium Value
C09070,1914.01,Very High Value
C09071,1058.99,Medium Value
C09072,1025.83,Low Value
C09073,1886.05,Very High Value
C09074,2010.64,Very High Value
C09075,688.39,Low Value
C09076,1050.61,Medium Value
C09077,389.22,Low Value
C09078,1408.41,High Value
C09079,1073.65,Medium Value
C09080,889.5,Low Value
C09081,1291.41,Medium Value
C09082,2060.56,Very High Value
C09083,1518.41,High Value
C09084,1433.59,High Value
C09085,1024.84,Low Value
C09086,482.94,Low Value
C09087,1546.2,High Value
C09088,1085.63,Medium Value
C09089,1040.72,Medium Value
C09090,1437.33,High Value
C09091,1677.66,High Value
C09092,551.87,Low Value
C09093,1532.44,High Value
C09094,1077.36,Medium Value
C09095,1973.75,Very High Value
C09096,1708.61,Very High Value
C09097,1255.79,Medium Value
C09098,1185.0,Medium Value
C09099,1115.56,Medium Value
C09100,1476.45,High Value
C09101,1597.11,High Value
C09102,1283.76,Medium Value
C09103,902.04,Low Value
C09104,1342.07,Medium Value
C09105,1087.19,Medium Value
C09106,1357.18,Medium Value
C09107,1214.32,Medium Value
C09108,1239.45,Medium Value
C09109,819.7,Low Value
C09110,1295.33,Medium Value
C09111,1567.89,High Value
C09112,1443.13,High Value
C09113,1826.68,Very High Value
C09114,1688.98,High Value
C09115,1038.71,Medium Value
C09116,1596.31,High Value
C09117,1043.31,Medium Value
C09118,1643.24,High Value
C09119,1179.23,Medium Value
C09120,835.63,Low Value
C09121,1411.75,High Value
C09122,1112.09,Medium Value
C09123,955.54,Low Value
C09124,939.21,Low Value
C09125,1660.44,High Value
C09126,1307.58,Medium Value
C09127,948.52,Low Value
C09128,1108.39,Medium Value
C09129,1772.2,Very High Value
C09130,1014.37,Low Value
C09131,922.04,Low Value
C09132,1590.22,High Value
C09133,1326.22,Medium Value
C09134,1914.38,Very High Value
C09135,1888.44,Very High Value
C09136,1658.36,High Value
C09137,1785.6,Very High Value
C09138,1923.45,Very High Value
C09139,1503.34,High Value
C09140,1215.99,Medium Value
C09141,1740.5,Very High Value
C09142,1998.46,Very High Value
C09143,1183.28,Medium Value
C09144,1465.77,High Value
C09145,1011.45,Low Value
C09146,1600.13,High Value
C09147,992.6,Low Value
C09148,1515.2,High Value
C09149,1120.31,Medium Value
C09150,2029.6,Very High Value
C09151,1497.73,High Value
C09152,802.71,Low Value
C09153,1938.17,Very High Value
C09154,2005.31,Very High Value
C09155,1356.5,Medium Value
C09156,863.03,Low Value
C09157,959.04,Low Value
C09158,2005.05,Very High Value
C09159,896.33,Low Value
C09160,1725.56,Very High Value
C09161,1297.23,Medium Value
C09162,1110.73,Medium Value
C09163,1276.92,Medium Value
C09164,2028.29,Very High Value
C09165,1402.16,High Value
C09166,995.28,Low Value
C09167,1688.96,High Value
C09168,838.77,Low Value
C09169,379.08,Low Value
C09170,865.63,Low Value
C09171,1232.43,Medium Value
C09172,998.06,Low Value
C09173,1020.19,Low Value
C09174,864.87,Low Value
C09175,1768.5,Very High Value
C09176,1607.17,High Value
C09177,1893.29,Very High Value
C09178,1735.28,Very High Value
C09179,1907.27,Very High Value
C09180,2084.95,Very High Value
C09181,1791.84,Very High Value
C09182,1145.04,Medium Value
C09183,1458.7,High Value
C09184,1259.35,Medium Value
C09185,942.4,Low Value
C09186,2000.18,Very High Value
C09187,1769.74,Very High Value
C09188,1490.42,High Value
C09189,1635.46,High Value
C09190,1003.19,Low Value
C09191,661.39,Low Value
C09192,1997.03,Very High Value
C09193,1745.52,Very High Value
C09194,1526.86,High Value
C09195,1496.54,High Value
C09196,1987.14,Very High Value
C09197,1185.12,Medium Value
C09198,1846.66,Very High Value
C09199,1944.59,Very High Value
C09200,1092.35,Medium Value
C09201,1849.36,Very High Value
C09202,2011.21,Very High Value
C09203,983.73,Low Value
C09204,841.0,Low Value
C09205,1142.58,Medium Value
C09206,1100.88,Medium Value
C09207,1424.49,High Value
C09208,1734.49,Very High Value
C09209,1835.11,Very High Value
C09210,1007.66,Low Value
C09211,1574.07,High Value
C09212,957.97,Low Value
C09213,1574.11,High Value
C09214,2012.02,Very High Value
C09215,1493.0,High Value
C09216,1189.72,Medium Value
C09217,1323.06,Medium Value
C09218,1157.7,Medium Value
C09219,1799.21,Very High Value
C09220,1123.16,Medium Value
C09221,1549.01,High Value
C09222,1533.5,High Value
C09223,1943.79,Very High Value
C09224,856.67,Low Value
C09225,1440.5,High Value
C09226,1657.91,High Value
C09227,1693.45,Very High Value
C09228,1137.01,Medium Value
C09229,1453.32,High Value
C09230,840.47,Low Value
C09231,1174.03,Medium Value
C09232,984.77,Low Value
C09233,941.04,Low Value
C09234,1410.06,High Value
C09235,989.36,Low Value
C09236,1863.25,Very High Value
C09237,2003.79,Very High Value
C09238,1263.44,Medium Value
C09239,854.05,Low Value
C09240,1351.74,Medium Value
C09241,1511.48,High Value
C09242,1536.99,High Value
C09243,1749.71,Very High Value
C09244,1437.34,High Value
C09245,1411.91,High Value
C09246,1869.19,Very High Value
C09247,870.61,Low Value
C09248,949.5,Low Value
C09249,1699.0,Very High Value
C09250,1192.59,Medium Value
C09251,1849.99,Very High Value
C09252,1648.55,High Value
C09253,1846.22,Very High Value
C09254,845.79,Low Value
C09255,1387.67,High Value
C09256,1309.9,Medium Value
C09257,952.66,Low Value
C09258,1862.66,Very High Value
C09259,901.82,Low Value
C09260,1157.5,Medium Value
C09261,1362.85,High Value
C09262,1044.79,Medium Value
C09263,1790.02,Very High Value
C09264,1798.5,Very High Value
C09265,708.87,Low Value
C09266,1509.19,High Value
C09267,1833.84,Very High Value
C09268,1666.78,High Value
C09269,737.2,Low Value
C09270,1214.5,Medium Value
C09271,1761.98,Very High Value
C09272,1568.18,High Value
C09273,1264.85,Medium Value
C09274,1834.98,Very High Value
C09275,1325.27,Medium Value
C09276,1972.49,Very High Value
C09277,1013.37,Low Value
C09278,2019.58,Very High Value
C09279,1990.54,Very High Value
C09280,1122.62,Medium Value
C09281,1642.25,High Value
C09282,1368.36,High Value
C09283,1916.6,Very High Value
C09284,1666.27,High Value
C09285,1891.39,Very High Value
C09286,643.6,Low Value
C09287,1794.31,Very High Value
C09288,1996.26,Very High Value
C09289,1366.38,High Value
C09290,1634.35,High Value
C09291,1527.38,High Value
C09292,1878.47,Very High Value
C09293,2069.73,Very High Value
C09294,1149.8,Medium Value
C09295,1754.13,Very High Value
C09296,1457.86,High Value
C09297,1621.58,High Value
C09298,1863.7,Very High Value
C09299,909.62,Low Value
C09300,999.88,Low Value
C09301,1591.66,High Value
C09302,797.6,Low Value
C09303,992.09,Low Value
C09304,1055.93,Medium Value
C09305,972.82,Low Value
C09306,2024.82,Very High Value
C09307,2049.75,Very High Value
C09308,1432.97,High Value
C09309,1286.25,Medium Value
C09310,1930.52,Very High Value
C09311,1585.55,High Value
C09312,1837.14,Very High Value
C09313,1444.8,High Value
C09314,1007.95,Low Value
C09315,935.7,Low Value
C09316,1826.01,Very High Value
C09317,1923.18,Very High Value
C09318,1741.14,Very High Value
C09319,1718.6,Very High Value
C09320,1013.25,Low Value
C09321,1006.03,Low Value
C09322,1745.78,Very High Value
C09323,1871.93,Very High Value
C09324,833.27,Low Value
C09325,1733.65,Very High Value
C09326,1536.24,High Value
C09327,1254.63,Medium Value
C09328,1865.07,Very High Value
C09329,1303.04,Medium Value
C09330,1827.81,Very High Value
C09331,1308.54,Medium Value
C09332,1563.72,High Value
C09333,1800.62,Very High Value
C09334,974.37,Low Value
C09335,879.6,Low Value
C09336,1413.55,High Value
C09337,799.47,Low Value
C09338,1100.45,Medium Value
C09339,1569.09,High Value
C09340,1532.38,High Value
C09341,1912.24,Very High Value
C09342,1017.3,Low Value
C09343,950.56,Low Value
C09344,2075.66,Very High Value
C09345,1981.85,Very High Value
C09346,1585.33,High Value
C09347,1479.0,High Value
C09348,1701.07,Very High Value
C09349,941.65,Low Value
C09350,1931.52,Very High Value
C09351,2064.09,Very High Value
C09352,1116.51,Medium Value
C09353,1324.59,Medium Value
C09354,1922.26,Very High Value
C09355,1361.51,High Value
C09356,1778.01,Very High Value
C09357,2025.71,Very High Value
C09358,1930.74,Very High Value
C09359,1975.31,Very High Value
C09360,1106.9,Medium Value
C09361,1968.64,Very High Value
C09362,1179.36,Medium Value
C09363,1118.23,Medium Value
C09364,1316.68,Medium Value
C09365,1768.02,Very High Value
C09366,1976.23,Very High Value
C09367,1526.63,High Value
C09368,647.01,Low Value
C09369,1634.19,High Value
C09370,759.75,Low Value
C09371,1898.05,Very High Value
C09372,2073.33,Very High Value
C09373,1647.6,High Value
C09374,908.35,Low Value
C09375,1312.23,Medium Value
C09376,1587.99,High Value
C09377,1361.3,High Value
C09378,770.39,Low Value
C09379,1319.69,Medium Value
C09380,1806.95,Very High Value
C09381,1603.41,High Value
C09382,1983.27,Very High Value
C09383,1862.49,Very High Value
C09384,1602.92,High Value
C09385,1737.92,Very High Value
C09386,1673.7,High Value
C09387,610.64,Low Value
C09388,2082.44,Very High Value
C09389,737.55,Low Value
C09390,1849.44,Very High Value
C09391,2072.54,Very High Value
C09392,1212.77,Medium Value
C09393,2054.89,Very High Value
C09394,1630.59,High Value
C09395,1358.19,Medium Value
C09396,946.37,Low Value
C09397,1228.95,Medium Value
C09398,1720.17,Very High Value
C09399,1362.47,High Value
C09400,1118.21,Medium Value
C09401,1213.84,Medium Value
C09402,967.51,Low Value
C09403,1787.11,Very High Value
C09404,1683.54,High Value
C09405,2036.2,Very High Value
C09406,1870.4,Very High Value
C09407,1064.68,Medium Value
C09408,2072.93,Very High Value
C09409,2022.4,Very High Value
C09410,1528.84,High Value
C09411,1666.45,High Value
C09412,1342.32,Medium Value
C09413,1547.93,High Value
C09414,1645.07,High Value
C09415,1417.88,High Value
C09416,1953.09,Very High Value
C09417,1533.34,High Value
C09418,890.88,Low Value
C09419,1218.49,Medium Value
C09420,1735.71,Very High Value
C09421,2044.99,Very High Value
C09422,1903.76,Very High Value
C09423,2085.72,Very High Value
C09424,2065.68,Very High Value
C09425,1888.91,Very High Value
C09426,2012.7,Very High Value
C09427,1520.11,High Value
C09428,1738.88,Very High Value
C09429,2071.46,Very High Value
C09430,1363.03,High Value
C09431,1681.8,High Value
C09432,1396.06,High Value
C09433,420.96,Low Value
C09434,1871.27,Very High Value
C09435,1722.48,Very High Value
C09436,1470.38,High Value
C09437,1913.92,Very High Value
C09438,1975.66,Very High Value
C09439,1096.32,Medium Value
C09440,996.18,Low Value
C09441,2044.51,Very High Value
C09442,1360.43,High Value
C09443,1004.13,Low Value
C09444,2021.08,Very High Value
C09445,1929.39,Very High Value
C09446,1888.7,Very High Value
C09447,1985.41,Very High Value
C09448,1180.36,Medium Value
C09449,927.9,Low Value
C09450,1996.47,Very High Value
C09451,1664.36,High Value
C09452,2048.53,Very High Value
C09453,1788.3,Very High Value
C09454,1344.97,Medium Value
C09455,960.73,Low Value
C09456,1770.6,Very High Value
C09457,843.6,Low Value
C09458,429.63,Low Value
C09459,1688.7,High Value
C09460,1322.95,Medium Value
C09461,1578.7,High Value
C09462,1194.46,Medium Value
C09463,771.55,Low Value
C09464,1818.58,Very High Value
C09465,963.48,Low Value
C09466,1566.22,High Value
C09467,786.33,Low Value
C09468,1155.88,Medium Value
C09469,1038.46,Medium Value
C09470,1565.14,High Value
C09471,1441.92,High Value
C09472,1837.18,Very High Value
C09473,1944.6,Very High Value
C09474,1648.85,High Value
C09475,1033.29,Low Value
C09476,1055.37,Medium Value
C09477,874.22,Low Value
C09478,1994.64,Very High Value
C09479,2075.04,Very High Value
C09480,1401.02,High Value
C09481,1044.11,Medium Value
C09482,1097.97,Medium Value
C09483,1811.87,Very High Value
C09484,929.12,Low Value
C09485,909.76,Low Value
C09486,1718.2,Very High Value
C09487,1884.88,Very High Value
C09488,1475.16,High Value
C09489,2036.64,Very High Value
C09490,1983.4,Very High Value
C09491,1952.19,Very High Value
C09492,1193.59,Medium Value
C09493,1646.51,High Value
C09494,1910.12,Very High Value
C09495,1554.49,High Value
C09496,2066.78,Very High Value
C09497,1231.52,Medium Value
C09498,1464.39,High Value
C09499,1172.91,Medium Value
C09500,661.96,Low Value
C09501,1660.03,High Value
C09502,724.16,Low Value
C09503,843.21,Low Value
C09504,853.72,Low Value
C09505,1961.67,Very High Value
C09506,1202.8,Medium Value
C09507,1414.51,High Value
C09508,1302.17,Medium Value
C09509,1366.56,High Value
C09510,1785.26,Very High Value
C09511,879.15,Low Value
C09512,1751.89,Very High Value
C09513,1570.63,High Value
C09514,1979.93,Very High Value
C09515,719.26,Low Value
C09516,1508.07,High Value
C09517,1878.66,Very High Value
C09518,1800.56,Very High Value
C09519,780.07,Low Value
C09520,1545.11,High Value
C09521,1914.54,Very High Value
C09522,2045.62,Very High Value
C09523,1621.13,High Value
C09524,1901.0,Very High Value
C09525,1841.09,Very High Value
C09526,1635.44,High Value
C09527,967.0,Low Value
C09528,1387.1,High Value
C09529,1979.77,Very High Value
C09530,1100.08,Medium Value
C09531,732.91,Low Value
C09532,905.64,Low Value
C09533,1398.42,High Value
C09534,1970.11,Very High Value
C09535,1670.34,High Value
C09536,1529.24,High Value
C09537,1461.24,High Value
C09538,1656.07,High Value
C09539,1299.51,Medium Value
C09540,1183.71,Medium Value
C09541,1306.0,Medium Value
C09542,1989.54,Very High Value
C09543,446.7,Low Value
C09544,2020.75,Very High Value
C09545,794.06,Low Value
C09546,1666.76,High Value
C09547,2000.63,Very High Value
C09548,1640.45,High Value
C09549,1293.18,Medium Value
C09550,1678.89,High Value
C09551,1670.93,High Value
C09552,1511.59,High Value
C09553,1044.78,Medium Value
C09554,1289.26,Medium Value
C09555,1372.19,High Value
C09556,1729.48,Very High Value
C09557,875.9,Low Value
C09558,1222.45,Medium Value
C09559,1532.66,High Value
C09560,1709.55,Very High Value
C09561,1140.0,Medium Value
C09562,1774.37,Very High Value
C09563,2077.97,Very High Value
C09564,2006.79,Very High Value
C09565,1553.68,High Value
C09566,1163.09,Medium Value
C09567,935.22,Low Value
C09568,1851.03,Very High Value
C09569,1836.8,Very High Value
C09570,743.98,Low Value
C09571,1747.36,Very High Value
C09572,1480.3,High Value
C09573,1612.55,High Value
C09574,1425.69,High Value
C09575,1318.96,Medium Value
C09576,791.61,Low Value
C09577,1477.43,High Value
C09578,819.51,Low Value
C09579,1821.73,Very High Value
C09580,1768.05,Very High Value
C09581,1823.01,Very High Value
C09582,1771.35,Very High Value
C09583,1307.33,Medium Value
C09584,1163.08,Medium Value
C09585,1931.3,Very High Value
C09586,1035.09,Low Value
C09587,1527.4,High Value
C09588,1094.94,Medium Value
C09589,1314.57,Medium Value
C09590,1564.68,High Value
C09591,2069.44,Very High Value
C09592,2034.3,Very High Value
C09593,1134.47,Medium Value
C09594,1081.82,Medium Value
C09595,888.51,Low Value
C09596,1056.39,Medium Value
C09597,905.54,Low Value
C09598,1121.92,Medium Value
C09599,1612.05,High Value
C09600,2068.61,Very High Value
C09601,1486.84,High Value
C09602,1021.15,Low Value
C09603,1158.89,Medium Value
C09604,839.18,Low Value
C09605,1418.5,High Value
C09606,1941.18,Very High Value
C09607,1270.71,Medium Value
C09608,1950.67,Very High Value
C09609,1124.78,Medium Value
C09610,1687.06,High Value
C09611,1604.16,High Value
C09612,1782.5,Very High Value
C09613,1906.48,Very High Value
C09614,1978.73,Very High Value
C09615,1249.47,Medium Value
C09616,1795.07,Very High Value
C09617,1840.21,Very High Value
C09618,1759.36,Very High Value
C09619,1742.25,Very High Value
C09620,1770.67,Very High Value
C09621,1782.42,Very High Value
C09622,1762.18,Very High Value
C09623,1722.43,Very High Value
C09624,1444.21,High Value
C09625,863.81,Low Value
C09626,1905.86,Very High Value
C09627,1803.09,Very High Value
C09628,1472.47,High Value
C09629,1174.58,Medium Value
C09630,772.3,Low Value
C09631,1467.88,High Value
C09632,1135.95,Medium Value
C09633,882.04,Low Value
C09634,1522.03,High Value
C09635,1937.89,Very High Value
C09636,1818.5,Very High Value
C09637,2058.43,Very High Value
C09638,1777.37,Very High Value
C09639,1097.83,Medium Value
C09640,1531.61,High Value
C09641,1366.74,High Value
C09642,1850.57,Very High Value
C09643,1641.67,High Value
C09644,1532.62,High Value
C09645,2033.79,Very High Value
C09646,1814.92,Very High Value
C09647,744.12,Low Value
C09648,2062.43,Very High Value
C09649,2036.67,Very High Value
C09650,1833.52,Very High Value
C09651,947.16,Low Value
C09652,932.15,Low Value
C09653,1844.62,Very High Value
C09654,2038.07,Very High Value
C09655,1558.71,High Value
C09656,849.72,Low Value
C09657,1999.08,Very High Value
C09658,1742.2,Very High Value
C09659,1211.59,Medium Value
C09660,1330.61,Medium Value
C09661,804.73,Low Value
C09662,2010.15,Very High Value
C09663,1687.71,High Value
C09664,1956.95,Very High Value
C09665,1540.09,High Value
C09666,1906.24,Very High Value
C09667,1546.16,High Value
C09668,1059.74,Medium Value
C09669,1975.02,Very High Value
C09670,1644.27,High Value
C09671,1825.88,Very High Value
C09672,1750.49,Very High Value
C09673,1828.21,Very High Value
C09674,1780.63,Very High Value
C09675,1587.17,High Value
C09676,1730.12,Very High Value
C09677,1854.2,Very High Value
C09678,1937.85,Very High Value
C09679,1240.11,Medium Value
C09680,1153.83,Medium Value
C09681,1588.86,High Value
C09682,1209.34,Medium Value
C09683,1854.8,Very High Value
C09684,1365.99,High Value
C09685,1300.04,Medium Value
C09686,1993.58,Very High Value
C09687,1002.88,Low Value
C09688,940.11,Low Value
C09689,1117.4,Medium Value
C09690,1441.57,High Value
C09691,994.03,Low Value
C09692,1944.43,Very High Value
C09693,1936.89,Very High Value
C09694,1042.12,Medium Value
C09695,1994.28,Very High Value
C09696,2036.55,Very High Value
C09697,1819.5,Very High Value
C09698,1466.4,High Value
C09699,1610.66,High Value
C09700,1223.74,Medium Value
C09701,1493.63,High Value
C09702,1845.38,Very High Value
C09703,1902.61,Very High Value
C09704,1832.58,Very High Value
C09705,1256.54,Medium Value
C09706,1103.77,Medium Value
C09707,1353.43,Medium Value
C09708,1933.73,Very High Value
C09709,1030.63,Low Value
C09710,966.28,Low Value
C09711,917.52,Low Value
C09712,1842.04,Very High Value
C09713,1923.58,Very High Value
C09714,1298.81,Medium Value
C09715,1289.17,Medium Value
C09716,2007.87,Very High Value
C09717,1979.44,Very High Value
C09718,2014.68,Very High Value
C09719,2086.29,Very High Value
C09720,915.38,Low Value
C09721,1354.35,Medium Value
C09722,1995.08,Very High Value
C09723,1418.25,High Value
C09724,1793.67,Very High Value
C09725,1423.74,High Value
C09726,2085.37,Very High Value
C09727,1719.03,Very High Value
C09728,1000.44,Low Value
C09729,1569.9,High Value
C09730,1643.01,High Value
C09731,1757.19,Very High Value
C09732,2038.17,Very High Value
C09733,1076.04,Medium Value
C09734,1730.31,Very High Value
C09735,2023.24,Very High Value
C09736,1448.79,High Value
C09737,1301.09,Medium Value
C09738,1812.81,Very High Value
C09739,1270.24,Medium Value
C09740,1282.57,Medium Value
C09741,1931.23,Very High Value
C09742,1715.92,Very High Value
C09743,2051.23,Very High Value
C09744,1655.75,High Value
C09745,898.25,Low Value
C09746,1752.73,Very High Value
C09747,1993.32,Very High Value
C09748,1014.46,Low Value
C09749,1272.85,Medium Value
C09750,1827.56,Very High Value
C09751,1817.37,Very High Value
C09752,1733.8,Very High Value
C09753,1810.01,Very High Value
C09754,1494.72,High Value
C09755,1556.32,High Value
C09756,1223.5,Medium Value
C09757,1616.44,High Value
C09758,2014.49,Very High Value
C09759,1933.14,Very High Value
C09760,852.78,Low Value
C09761,1579.86,High Value
C09762,1229.91,Medium Value
C09763,1447.21,High Value
C09764,1033.71,Low Value
C09765,1577.73,High Value
C09766,1970.55,Very High Value
C09767,775.09,Low Value
C09768,1655.13,High Value
C09769,1868.27,Very High Value
C09770,1784.28,Very High Value
C09771,790.26,Low Value
C09772,1494.69,High Value
C09773,945.27,Low Value
C09774,1817.17,Very High Value
C09775,535.16,Low Value
C09776,1826.92,Very High Value
C09777,1841.53,Very High Value
C09778,1125.53,Medium Value
C09779,1886.76,Very High Value
C09780,1123.12,Medium Value
C09781,1919.02,Very High Value
C09782,1393.66,High Value
C09783,783.43,Low Value
C09784,2061.18,Very High Value
C09785,1903.39,Very High Value
C09786,1159.65,Medium Value
C09787,956.04,Low Value
C09788,1804.85,Very High Value
C09789,1890.51,Very High Value
C09790,1374.37,High Value
C09791,1848.74,Very High Value
C09792,1745.7,Very High Value
C09793,1764.96,Very High Value
C09794,1065.73,Medium Value
C09795,1208.03,Medium Value
C09796,1119.28,Medium Value
C09797,1511.93,High Value
C09798,1898.74,Very High Value
C09799,2013.09,Very High Value
C09800,1353.92,Medium Value
C09801,1644.66,High Value
C09802,2019.66,Very High Value
C09803,1748.37,Very High Value
C09804,1702.47,Very High Value
C09805,1552.73,High Value
C09806,1148.93,Medium Value
C09807,1469.81,High Value
C09808,881.05,Low Value
C09809,1242.87,Medium Value
C09810,1625.24,High Value
C09811,1864.82,Very High Value
C09812,1809.05,Very High Value
C09813,1897.99,Very High Value
C09814,1965.69,Very High Value
C09815,1943.38,Very High Value
C09816,1538.42,High Value
C09817,1796.64,Very High Value
C09818,792.08,Low Value
C09819,1068.32,Medium Value
C09820,1360.43,High Value
C09821,1754.81,Very High Value
C09822,2045.5,Very High Value
C09823,1206.25,Medium Value
C09824,1857.49,Very High Value
C09825,1151.82,Medium Value
C09826,1916.99,Very High Value
C09827,1868.7,Very High Value
C09828,773.76,Low Value
C09829,1389.08,High Value
C09830,429.56,Low Value
C09831,2065.13,Very High Value
C09832,1929.59,Very High Value
C09833,2013.08,Very High Value
C09834,814.61,Low Value
C09835,636.96,Low Value
C09836,2001.12,Very High Value
C09837,800.13,Low Value
C09838,1308.13,Medium Value
C09839,1154.48,Medium Value
C09840,1232.16,Medium Value
C09841,1324.07,Medium Value
C09842,1464.73,High Value
C09843,2082.27,Very High Value
C09844,1640.88,High Value
C09845,1547.58,High Value
C09846,1802.98,Very High Value
C09847,1265.94,Medium Value
C09848,1438.29,High Value
C09849,2010.8,Very High Value
C09850,1905.22,Very High Value
C09851,1704.44,Very High Value
C09852,1879.7,Very High Value
C09853,1517.92,High Value
C09854,1707.16,Very High Value
C09855,2056.51,Very High Value
C09856,1865.86,Very High Value
C09857,1948.25,Very High Value
C09858,1830.16,Very High Value
C09859,1434.82,High Value
C09860,1631.03,High Value
C09861,1135.12,Medium Value
C09862,1050.04,Medium Value
C09863,1103.28,Medium Value
C09864,1184.56,Medium Value
C09865,1831.29,Very High Value
C09866,1698.13,Very High Value
C09867,1707.86,Very High Value
C09868,1991.98,Very High Value
C09869,1308.73,Medium Value
C09870,1240.82,Medium Value
C09871,1896.49,Very High Value
C09872,876.67,Low Value
C09873,1756.47,Very High Value
C09874,1465.45,High Value
C09875,1505.05,High Value
C09876,1876.21,Very High Value
C09877,1850.56,Very High Value
C09878,1946.49,Very High Value
C09879,1713.35,Very High Value
C09880,1878.18,Very High Value
C09881,1909.59,Very High Value
C09882,787.23,Low Value
C09883,1409.75,High Value
C09884,1720.42,Very High Value
C09885,1630.93,High Value
C09886,1616.76,High Value
C09887,1463.82,High Value
C09888,1638.88,High Value
C09889,1164.62,Medium Value
C09890,1455.53,High Value
C09891,885.55,Low Value
C09892,1957.48,Very High Value
C09893,1898.82,Very High Value
C09894,2059.33,Very High Value
C09895,1881.02,Very High Value
C09896,1058.25,Medium Value
C09897,1043.06,Medium Value
C09898,1803.59,Very High Value
C09899,1322.65,Medium Value
C09900,1070.85,Medium Value
C09901,1377.91,High Value
C09902,1176.89,Medium Value
C09903,1918.77,Very High Value
C09904,1702.04,Very High Value
C09905,2010.34,Very High Value
C09906,1250.8,Medium Value
C09907,1101.28,Medium Value
C09908,1727.4,Very High Value
C09909,1532.43,High Value
C09910,799.33,Low Value
C09911,1768.11,Very High Value
C09912,1891.17,Very High Value
C09913,1410.57,High Value
C09914,1270.69,Medium Value
C09915,1698.96,Very High Value
C09916,764.91,Low Value
C09917,1669.11,High Value
C09918,742.09,Low Value
C09919,1077.96,Medium Value
C09920,1798.21,Very High Value
C09921,1470.71,High Value
C09922,1987.41,Very High Value
C09923,1781.47,Very High Value
C09924,1836.54,Very High Value
C09925,1946.9,Very High Value
C09926,1897.11,Very High Value
C09927,1186.35,Medium Value
C09928,1342.83,Medium Value
C09929,2056.58,Very High Value
C09930,1983.16,Very High Value
C09931,750.68,Low Value
C09932,1949.51,Very High Value
C09933,1787.31,Very High Value
C09934,1619.06,High Value
C09935,1314.29,Medium Value
C09936,1426.2,High Value
C09937,2048.76,Very High Value
C09938,992.19,Low Value
C09939,1519.06,High Value
C09940,1987.03,Very High Value
C09941,2077.7,Very High Value
C09942,1828.12,Very High Value
C09943,2019.83,Very High Value
C09944,1922.92,Very High Value
C09945,2078.88,Very High Value
C09946,1263.88,Medium Value
C09947,1472.26,High Value
C09948,1933.95,Very High Value
C09949,1888.25,Very High Value
C09950,1906.86,Very High Value
C09951,1817.05,Very High Value
C09952,1501.0,High Value
C09953,1926.89,Very High Value
C09954,1215.1,Medium Value
C09955,1839.39,Very High Value
C09956,1795.74,Very High Value
C09957,1731.04,Very High Value
C09958,1465.13,High Value
C09959,1038.13,Medium Value
C09960,1863.07,Very High Value
C09961,1743.53,Very High Value
C09962,1441.01,High Value
C09963,1823.49,Very High Value
C09964,1916.33,Very High Value
C09965,1818.94,Very High Value
C09966,1240.83,Medium Value
C09967,2056.08,Very High Value
C09968,1949.45,Very High Value
C09969,1829.37,Very High Value
C09970,1637.85,High Value
C09971,1663.22,High Value
C09972,1570.74,High Value
C09973,702.08,Low Value
C09974,1093.78,Medium Value
C09975,1553.63,High Value
C09976,1879.55,Very High Value
C09977,1900.14,Very High Value
C09978,1593.53,High Value
C09979,1954.65,Very High Value
C09980,1996.22,Very High Value
C09981,853.87,Low Value
C09982,742.9,Low Value
C09983,1879.5,Very High Value
C09984,1401.36,High Value
C09985,1968.88,Very High Value
C09986,2046.36,Very High Value
C09987,2046.86,Very High Value
C09988,1572.53,High Value
C09989,1258.01,Medium Value
C09990,758.14,Low Value
C09991,1765.35,Very High Value
C09992,1561.78,High Value
C09993,837.47,Low Value
C09994,1433.02,High Value
C09995,1614.72,High Value
C09996,1731.87,Very High Value
C09997,746.33,Low Value
C09998,2005.2,Very High Value
C09999,2084.74,Very High Value
C10000,698.34,Low Value
C10001,1823.6,Very High Value
C10002,1623.55,High Value
C10003,1737.71,Very High Value
C10004,1677.4,High Value
C10005,646.04,Low Value
C10006,796.4,Low Value
C10007,2010.86,Very High Value
C10008,1189.11,Medium Value
C10009,1877.81,Very High Value
C10010,2052.21,Very High Value
C10011,1295.48,Medium Value
C10012,1877.66,Very High Value
C10013,824.87,Low Value
C10014,976.63,Low Value
C10015,1936.64,Very High Value
C10016,829.61,Low Value
C10017,1794.54,Very High Value
C10018,1110.27,Medium Value
C10019,1745.26,Very High Value
C10020,796.71,Low Value
C10021,1115.08,Medium Value
C10022,2021.44,Very High Value
C10023,1001.93,Low Value
C10024,1143.71,Medium Value
C10025,1979.47,Very High Value
C10026,1849.72,Very High Value
C10027,1642.22,High Value
C10028,1496.27,High Value
C10029,2049.55,Very High Value
C10030,1812.9,Very High Value
C10031,1615.96,High Value
C10032,1502.59,High Value
C10033,2027.21,Very High Value
C10034,1977.46,Very High Value
C10035,930.72,Low Value
C10036,2040.61,Very High Value
C10037,1474.82,High Value
C10038,1456.48,High Value
C10039,1310.09,Medium Value
C10040,1518.02,High Value
C10041,606.89,Low Value
C10042,1878.9,Very High Value
C10043,1151.78,Medium Value
C10044,752.32,Low Value
C10045,1429.59,High Value
C10046,798.04,Low Value
C10047,2048.74,Very High Value
C10048,1640.35,High Value
C10049,1852.67,Very High Value
C10050,2023.95,Very High Value
C10051,1255.87,Medium Value
C10052,1532.94,High Value
C10053,2059.23,Very High Value
C10054,1523.79,High Value
C10055,871.74,Low Value
C10056,2038.45,Very High Value
C10057,1561.37,High Value
C10058,1038.97,Medium Value
C10059,1573.26,High Value
C10060,2056.89,Very High Value
C10061,1931.94,Very High Value
C10062,1692.89,Very High Value
C10063,849.84,Low Value
C10064,1532.05,High Value
C10065,1180.05,Medium Value
C10066,1909.21,Very High Value
C10067,1908.19,Very High Value
C10068,1899.83,Very High Value
C10069,1522.66,High Value
C10070,1897.2,Very High Value
C10071,1489.95,High Value
C10072,1683.42,High Value
C10073,1810.81,Very High Value
C10074,1698.05,Very High Value
C10075,1738.85,Very High Value
C10076,1775.68,Very High Value
C10077,1291.73,Medium Value
C10078,1830.57,Very High Value
C10079,2045.39,Very High Value
C10080,1837.24,Very High Value
C10081,1905.2,Very High Value
C10082,1750.35,Very High Value
C10083,1953.18,Very High Value
C10084,1966.33,Very High Value
C10085,1251.62,Medium Value
C10086,1725.26,Very High Value
C10087,1958.57,Very High Value
C10088,1985.94,Very High Value
C10089,2011.31,Very High Value
C10090,1289.2,Medium Value
C10091,1854.15,Very High Value
C10092,1751.52,Very High Value
C10093,1959.69,Very High Value
C10094,2023.75,Very High Value
C10095,1873.23,Very High Value
C10096,2068.96,Very High Value
C10097,968.59,Low Value
C10098,1661.58,High Value
C10099,1912.89,Very High Value
C10100,1848.97,Very High Value
C10101,1873.45,Very High Value
C10102,1357.1,Medium Value
C10103,2018.83,Very High Value
C10104,1214.03,Medium Value
C10105,1869.24,Very High Value
C10106,1669.08,High Value
C10107,1575.82,High Value
C10108,2000.33,Very High Value
C10109,1557.47,High Value
C10110,2078.21,Very High Value
C10111,1956.29,Very High Value
C10112,1543.74,High Value
C10113,1804.61,Very High Value
C10114,1601.18,High Value
C10115,1821.23,Very High Value
C10116,1414.65,High Value
C10117,1575.2,High Value
C10118,1695.13,Very High Value
C10119,1774.44,Very High Value
C10120,1526.02,High Value
C10121,1442.56,High Value
C10122,1598.53,High Value
C10123,1694.84,Very High Value
C10124,1549.85,High Value
C10125,2017.97,Very High Value
C10126,1670.19,High Value
C10127,1725.88,Very High Value
C10128,1732.8,Very High Value
C10129,1525.19,High Value
C10130,1849.0,Very High Value
C10131,1927.13,Very High Value
C10132,1590.4,High Value
C10133,1497.72,High Value
C10134,2002.78,Very High Value
C10135,1971.07,Very High Value
C10136,1925.02,Very High Value
C10137,1830.39,Very High Value
C10138,1756.86,Very High Value
C10139,1864.68,Very High Value
C10140,1729.94,Very High Value
C10141,1987.21,Very High Value
C10142,1575.8,High Value
C10143,1471.57,High Value
C10144,1088.31,Medium Value
C10145,1426.13,High Value
C10146,1829.57,Very High Value
C10147,2085.21,Very High Value
C10148,1704.66,Very High Value
C10149,1564.78,High Value
C10150,1729.63,Very High Value
C10151,1741.46,Very High Value
C10152,1896.09,Very High Value
C10153,1891.99,Very High Value
C10154,1642.51,High Value
C10155,688.27,Low Value
C10156,2013.14,Very High Value
C10157,1536.58,High Value
C10158,1745.93,Very High Value
C10159,1949.99,Very High Value
C10160,1929.7,Very High Value
C10161,1948.16,Very High Value
C10162,2069.96,Very High Value
C10163,1742.63,Very High Value
C10164,1766.24,Very High Value
C10165,1711.53,Very High Value
C10166,1650.31,High Value
C10167,1705.78,Very High Value
C10168,1817.61,Very High Value
C10169,1767.96,Very High Value
C10170,1829.62,Very High Value
C10171,1896.65,Very High Value
C10172,2044.06,Very High Value
C10173,1565.61,High Value
C10174,1993.0,Very High Value
C10175,1754.9,Very High Value
C10176,1966.67,Very High Value
C10177,1767.19,Very High Value
C10178,1776.88,Very High Value
C10179,1580.97,High Value
C10180,1762.72,Very High Value
C10181,824.04,Low Value
C10182,771.78,Low Value
C10183,1619.18,High Value
C10184,1655.68,High Value
C10185,1686.45,High Value
C10186,1277.34,Medium Value
C10187,1917.98,Very High Value
C10188,1836.95,Very High Value
C10189,1952.53,Very High Value
C10190,1885.64,Very High Value
C10191,1708.88,Very High Value
C10192,1827.65,Very High Value
C10193,1986.88,Very High Value
C10194,1933.43,Very High Value
C10195,1888.8,Very High Value
C10196,1620.42,High Value
C10197,1658.44,High Value
C10198,1902.12,Very High Value
C10199,1360.18,High Value
C10200,1531.48,High Value
C10201,1737.84,Very High Value
C10202,848.02,Low Value
C10203,1835.76,Very High Value
C10204,1202.12,Medium Value
C10205,1314.35,Medium Value
C10206,1663.14,High Value
C10207,1963.02,Very High Value
C10208,2017.61,Very High Value
C10209,1653.82,High Value
C10210,1920.19,Very High Value
C10211,2029.93,Very High Value
C10212,1937.59,Very High Value
C10213,1679.73,High Value
C10214,1805.57,Very High Value
C10215,1842.68,Very High Value
C10216,1904.05,Very High Value
C10217,1690.65,Very High Value
C10218,1552.83,High Value
C10219,1503.76,High Value
C10220,1813.41,Very High Value
C10221,1981.48,Very High Value
C10222,1911.53,Very High Value
C10223,1827.91,Very High Value
C10224,1544.0,High Value
C10225,1714.61,Very High Value
C10226,1374.75,High Value
C10227,1659.08,High Value
C10228,1936.52,Very High Value
C10229,1511.31,High Value
C10230,1505.98,High Value
C10231,1420.34,High Value
C10232,1641.95,High Value
C10233,1718.18,Very High Value
C10234,2046.8,Very High Value
C10235,1101.61,Medium Value
C10236,1716.67,Very High Value
C10237,1569.62,High Value
C10238,1578.37,High Value
C10239,1536.77,High Value
C10240,1701.42,Very High Value
C10241,1749.67,Very High Value
C10242,1466.86,High Value
C10243,1741.6,Very High Value
C10244,1385.45,High Value
C10245,1966.44,Very High Value
C10246,1947.82,Very High Value
C10247,1404.81,High Value
C10248,1348.33,Medium Value
C10249,1996.14,Very High Value
C10250,1881.68,Very High Value
C10251,1718.06,Very High Value
C10252,1735.93,Very High Value
C10253,1243.7,Medium Value
C10254,1933.01,Very High Value
C10255,1579.43,High Value
C10256,1882.33,Very High Value
C10257,1792.52,Very High Value
C10258,1701.48,Very High Value
C10259,678.18,Low Value
C10260,1856.66,Very High Value
C10261,1956.34,Very High Value
C10262,1644.0,High Value
C10263,1831.34,Very High Value
C10264,1775.33,Very High Value
C10265,1537.47,High Value
C10266,1470.47,High Value
C10267,1869.01,Very High Value
C10268,1809.08,Very High Value
C10269,1726.05,Very High Value
C10270,1801.94,Very High Value
C10271,1862.8,Very High Value
C10272,1997.22,Very High Value
C10273,1761.36,Very High Value
C10274,1873.62,Very High Value
C10275,1923.62,Very High Value
C10276,1621.23,High Value
C10277,2025.74,Very High Value
C10278,2070.21,Very High Value
C10279,1681.53,High Value
C10280,1988.03,Very High Value
C10281,1672.15,High Value
C10282,1935.92,Very High Value
C10283,1952.71,Very High Value
C10284,1835.1,Very High Value
C10285,1838.58,Very High Value
C10286,1997.73,Very High Value
C10287,1713.9,Very High Value
C10288,1930.28,Very High Value
C10289,1881.72,Very High Value
C10290,1879.91,Very High Value
C10291,2061.85,Very High Value
C10292,1966.49,Very High Value
C10293,1917.5,Very High Value
C10294,2058.39,Very High Value
C10295,1366.31,High Value
C10296,1968.25,Very High Value
C10297,1265.83,Medium Value
C10298,1726.5,Very High Value
C10299,1834.04,Very High Value
C10300,1474.14,High Value
C10301,2052.27,Very High Value
C10302,718.26,Low Value
C10303,1542.66,High Value
C10304,1701.3,Very High Value
C10305,1925.76,Very High Value
C10306,1634.27,High Value
C10307,2019.8,Very High Value
C10308,1749.37,Very High Value
C10309,1773.38,Very High Value
C10310,1886.29,Very High Value
C10311,1765.51,Very High Value
C10312,1543.62,High Value
C10313,1222.27,Medium Value
C10314,1731.77,Very High Value
C10315,1109.73,Medium Value
C10316,1589.22,High Value
C10317,1169.83,Medium Value
C10318,1929.0,Very High Value
C10319,1870.69,Very High Value
C10320,2047.36,Very High Value
C10321,2042.56,Very High Value
C10322,1531.64,High Value
C10323,1626.94,High Value
C10324,1581.59,High Value
C10325,1481.92,High Value
C10326,1769.56,Very High Value
C10327,1776.57,Very High Value
C10328,1708.46,Very High Value
C10329,2011.07,Very High Value
C10330,1991.89,Very High Value
C10331,1843.53,Very High Value
C10332,1894.31,Very High Value
C10333,1081.49,Medium Value
C10334,836.75,Low Value
C10335,1987.44,Very High Value
C10336,1484.23,High Value
C10337,1996.79,Very High Value
C10338,1925.79,Very High Value
C10339,1986.42,Very High Value
C10340,1667.3,High Value
C10341,1828.02,Very High Value
C10342,1704.82,Very High Value
C10343,1305.7,Medium Value
C10344,1996.96,Very High Value
C10345,1998.58,Very High Value
C10346,1790.84,Very High Value
C10347,1702.74,Very High Value
C10348,1574.77,High Value
C10349,2011.41,Very High Value
C10350,1988.74,Very High Value
C10351,1986.15,Very High Value
C10352,1992.29,Very High Value
C10353,1737.48,Very High Value
C10354,1765.75,Very High Value
C10355,1903.68,Very High Value
C10356,1929.02,Very High Value
C10357,2039.9,Very High Value
C10358,1616.73,High Value
C10359,1612.85,High Value
C10360,1997.3,Very High Value
C10361,1289.72,Medium Value
C10362,1634.92,High Value
C10363,1811.22,Very High Value
C10364,1584.88,High Value
C10365,1617.72,High Value
C10366,1377.06,High Value
C10367,1662.39,High Value
C10368,1995.44,Very High Value
C10369,1819.16,Very High Value
C10370,1773.74,Very High Value
C10371,1846.66,Very High Value
C10372,1625.82,High Value
C10373,1973.44,Very High Value
C10374,1323.71,Medium Value
C10375,1543.15,High Value
C10376,2061.81,Very High Value
C10377,1630.33,High Value
C10378,1737.56,Very High Value
C10379,1418.4,High Value
C10380,1706.52,Very High Value
C10381,1834.64,Very High Value
C10382,1452.89,High Value
C10383,1581.97,High Value
C10384,1381.1,High Value
C10385,1464.54,High Value
C10386,1644.12,High Value
C10387,1736.44,Very High Value
C10388,1831.1,Very High Value
C10389,2032.15,Very High Value
C10390,882.93,Low Value
C10391,1432.35,High Value
C10392,1798.58,Very High Value
C10393,1658.11,High Value
C10394,1976.1,Very High Value
C10395,1535.04,High Value
C10396,1630.02,High Value
C10397,2007.6,Very High Value
C10398,1935.15,Very High Value
C10399,1444.69,High Value
C10400,1884.33,Very High Value
C10401,1459.9,High Value
C10402,1913.34,Very High Value
C10403,1555.97,High Value
C10404,2049.29,Very High Value
C10405,1600.85,High Value
C10406,2005.61,Very High Value
C10407,2024.97,Very High Value
C10408,1777.13,Very High Value
C10409,1312.76,Medium Value
C10410,1659.27,High Value
C10411,1605.21,High Value
C10412,1428.89,High Value
C10413,1735.12,Very High Value
C10414,1642.06,High Value
C10415,1362.61,High Value
C10416,1779.44,Very High Value
C10417,1665.19,High Value
C10418,1997.62,Very High Value
C10419,1678.4,High Value
C10420,1695.64,Very High Value
C10421,1924.53,Very High Value
C10422,1559.28,High Value
C10423,1794.19,Very High Value
C10424,1811.8,Very High Value
C10425,1818.16,Very High Value
C10426,2086.03,Very High Value
C10427,2082.79,Very High Value
C10428,1381.18,High Value
C10429,1794.95,Very High Value
C10430,1490.19,High Value
C10431,2009.42,Very High Value
C10432,1585.66,High Value
C10433,1941.95,Very High Value
C10434,2005.17,Very High Value
C10435,1982.19,Very High Value
C10436,1849.64,Very High Value
C10437,1830.2,Very High Value
C10438,1567.01,High Value
C10439,1667.8,High Value
C10440,1938.57,Very High Value
C10441,1701.98,Very High Value
C10442,1983.01,Very High Value
C10443,1466.56,High Value
C10444,1601.58,High Value
C10445,689.82,Low Value
C10446,1864.71,Very High Value
C10447,1946.43,Very High Value
C10448,1854.12,Very High Value
C10449,1892.26,Very High Value
C10450,1879.75,Very High Value
C10451,1717.76,Very High Value
C10452,1589.03,High Value
C10453,1993.16,Very High Value
C10454,2039.55,Very High Value
C10455,1396.61,High Value
C10456,1816.7,Very High Value
C10457,1772.32,Very High Value
C10458,1066.85,Medium Value
C10459,1930.67,Very High Value
C10460,1656.95,High Value
C10461,1758.76,Very High Value
C10462,1473.58,High Value
C10463,1716.15,Very High Value
C10464,1683.65,High Value
C10465,1697.41,Very High Value
C10466,1842.54,Very High Value
C10467,1957.98,Very High Value
C10468,1834.84,Very High Value
C10469,1797.33,Very High Value
C10470,1822.89,Very High Value
C10471,1995.73,Very High Value
C10472,2017.6,Very High Value
C10473,2025.43,Very High Value
C10474,1976.68,Very High Value
C10475,1980.05,Very High Value
C10476,1657.87,High Value
C10477,1791.29,Very High Value
C10478,1693.64,Very High Value
C10479,2045.73,Very High Value
C10480,1485.67,High Value
C10481,1898.36,Very High Value
C10482,1922.95,Very High Value
C10483,1996.43,Very High Value
C10484,1632.79,High Value
C10485,1424.68,High Value
C10486,1832.59,Very High Value
C10487,1773.41,Very High Value
C10488,1668.87,High Value
C10489,1826.98,Very High Value
C10490,1950.4,Very High Value
C10491,1816.66,Very High Value
C10492,1251.31,Medium Value
C10493,1706.13,Very High Value
C10494,1638.44,High Value
C10495,1391.91,High Value
C10496,1666.57,High Value
C10497,1784.03,Very High Value
C10498,1657.1,High Value
C10499,1778.3,Very High Value
C10500,1864.49,Very High Value
C10501,1707.63,Very High Value
C10502,1448.38,High Value
C10503,2001.5,Very High Value
C10504,1634.02,High Value
C10505,1827.82,Very High Value
C10506,1945.16,Very High Value
C10507,1433.43,High Value
C10508,2007.14,Very High Value
C10509,1969.86,Very High Value
C10510,1903.5,Very High Value
C10511,2049.66,Very High Value
C10512,1817.75,Very High Value
C10513,1753.92,Very High Value
C10514,1897.17,Very High Value
C10515,1431.39,High Value
C10516,1694.55,Very High Value
C10517,2000.86,Very High Value
C10518,1932.27,Very High Value
C10519,1730.81,Very High Value
C10520,1500.89,High Value
C10521,784.68,Low Value
C10522,1726.72,Very High Value
C10523,1586.66,High Value
C10524,1912.37,Very High Value
C10525,1452.1,High Value
C10526,1991.81,Very High Value
C10527,2019.48,Very High Value
C10528,1895.8,Very High Value
C10529,1933.02,Very High Value
C10530,2048.96,Very High Value
C10531,1527.8,High Value
C10532,1553.18,High Value
C10533,1702.2,Very High Value
C10534,1359.48,High Value
C10535,1862.94,Very High Value
C10536,1495.94,High Value
C10537,1880.29,Very High Value
C10538,1931.92,Very High Value
C10539,1672.43,High Value
C10540,1981.02,Very High Value
C10541,1803.45,Very High Value
C10542,1927.31,Very High Value
C10543,1966.94,Very High Value
C10544,1884.77,Very High Value
C10545,1851.79,Very High Value
C10546,1819.2,Very High Value
C10547,1549.38,High Value
C10548,1969.09,Very High Value
C10549,1654.02,High Value
C10550,2004.51,Very High Value
C10551,1872.61,Very High Value
C10552,752.72,Low Value
C10553,1622.57,High Value
C10554,2033.36,Very High Value
C10555,1319.25,Medium Value
C10556,1985.06,Very High Value
C10557,1374.75,High Value
C10558,2057.49,Very High Value
C10559,1240.79,Medium Value
C10560,1510.01,High Value
C10561,1483.84,High Value
C10562,1949.02,Very High Value
C10563,1966.06,Very High Value
C10564,1827.68,Very High Value
C10565,1468.43,High Value
C10566,1570.07,High Value
C10567,1445.56,High Value
C10568,1807.55,Very High Value
C10569,1864.96,Very High Value
C10570,1960.41,Very High Value
C10571,1723.96,Very High Value
C10572,1561.61,High Value
C10573,1690.27,Very High Value
C10574,1569.12,High Value
C10575,2073.09,Very High Value
C10576,1827.6,Very High Value
C10577,1913.06,Very High Value
C10578,633.75,Low Value
C10579,1465.23,High Value
C10580,1885.71,Very High Value
C10581,1768.01,Very High Value
C10582,1725.13,Very High Value
C10583,1873.61,Very High Value
C10584,1888.36,Very High Value
C10585,1414.58,High Value
C10586,1634.15,High Value
C10587,1562.73,High Value
C10588,2000.11,Very High Value
C10589,1530.68,High Value
C10590,1681.62,High Value
C10591,1985.46,Very High Value
C10592,2043.59,Very High Value
C10593,1850.82,Very High Value
C10594,1955.45,Very High Value
C10595,1675.12,High Value
C10596,1451.06,High Value
C10597,1907.31,Very High Value
C10598,1655.73,High Value
C10599,1824.58,Very High Value
C10600,1585.7,High Value
C10601,2005.97,Very High Value
C10602,1554.85,High Value
C10603,1600.72,High Value
C10604,803.13,Low Value
C10605,1360.37,High Value
C10606,1406.07,High Value
C10607,1917.86,Very High Value
C10608,1550.08,High Value
C10609,1924.01,Very High Value
C10610,2005.89,Very High Value
C10611,1850.82,Very High Value
C10612,1393.99,High Value
C10613,1531.8,High Value
C10614,1944.63,Very High Value
C10615,1501.03,High Value
C10616,1788.2,Very High Value
C10617,1563.47,High Value
C10618,1638.86,High Value
C10619,1785.67,Very High Value
C10620,843.57,Low Value
C10621,1410.03,High Value
C10622,1384.43,High Value
C10623,1731.09,Very High Value
C10624,1522.96,High Value
C10625,1915.49,Very High Value
C10626,1862.07,Very High Value
C10627,1054.88,Medium Value
C10628,1878.26,Very High Value
C10629,1536.9,High Value
C10630,1885.43,Very High Value
C10631,1118.43,Medium Value
C10632,1575.58,High Value
C10633,1848.57,Very High Value
C10634,1395.22,High Value
C10635,1721.05,Very High Value
C10636,860.12,Low Value
C10637,1622.33,High Value
C10638,1896.29,Very High Value
C10639,1990.86,Very High Value
C10640,1872.01,Very High Value
C10641,1776.89,Very High Value
C10642,1559.61,High Value
C10643,1805.28,Very High Value
C10644,1465.81,High Value
C10645,1851.48,Very High Value
C10646,1654.14,High Value
C10647,1550.94,High Value
C10648,1706.74,Very High Value
C10649,2063.66,Very High Value
C10650,2024.5,Very High Value
C10651,1870.39,Very High Value
C10652,1776.69,Very High Value
C10653,1430.22,High Value
C10654,1850.46,Very High Value
C10655,1753.45,Very High Value
C10656,1521.19,High Value
C10657,1725.92,Very High Value
C10658,2060.16,Very High Value
C10659,1574.17,High Value
C10660,802.4,Low Value
C10661,1504.57,High Value
C10662,1935.23,Very High Value
C10663,1894.57,Very High Value
C10664,1968.11,Very High Value
C10665,1963.05,Very High Value
C10666,1785.54,Very High Value
C10667,1312.25,Medium Value
C10668,1807.12,Very High Value
C10669,1683.45,High Value
C10670,1754.99,Very High Value
C10671,2058.76,Very High Value
C10672,1504.81,High Value
C10673,1747.56,Very High Value
C10674,1948.4,Very High Value
C10675,1702.11,Very High Value
C10676,1782.08,Very High Value
C10677,2059.78,Very High Value
C10678,1792.99,Very High Value
C10679,1898.25,Very High Value
C10680,1515.52,High Value
C10681,2026.37,Very High Value
C10682,1768.91,Very High Value
C10683,1850.01,Very High Value
C10684,1889.84,Very High Value
C10685,1671.45,High Value
C10686,1999.94,Very High Value
C10687,2046.19,Very High Value
C10688,835.7,Low Value
C10689,2004.17,Very High Value
C10690,1699.43,Very High Value
C10691,1624.56,High Value
C10692,2024.97,Very High Value
C10693,1765.48,Very High Value
C10694,2007.08,Very High Value
C10695,1495.3,High Value
C10696,1835.59,Very High Value
C10697,1403.95,High Value
C10698,2025.46,Very High Value
C10699,1793.19,Very High Value
C10700,1373.24,High Value
C10701,1995.28,Very High Value
C10702,1883.54,Very High Value
C10703,2018.03,Very High Value
C10704,1577.66,High Value
C10705,1755.11,Very High Value
C10706,1976.26,Very High Value
C10707,2036.43,Very High Value
C10708,2068.78,Very High Value
C10709,1875.62,Very High Value
C10710,1921.9,Very High Value
C10711,1860.64,Very High Value
C10712,1696.42,Very High Value
C10713,1931.95,Very High Value
C10714,1460.13,High Value
C10715,1926.24,Very High Value
C10716,1780.1,Very High Value
C10717,1417.06,High Value
C10718,1686.04,High Value
C10719,1725.35,Very High Value
C10720,1739.4,Very High Value
C10721,1464.02,High Value
C10722,1740.52,Very High Value
C10723,1661.15,High Value
C10724,1558.86,High Value
C10725,2004.65,Very High Value
C10726,1960.0,Very High Value
C10727,1941.82,Very High Value
C10728,1949.15,Very High Value
C10729,1890.51,Very High Value
C10730,1468.1,High Value
C10731,1689.22,Very High Value
C10732,1738.57,Very High Value
C10733,1527.41,High Value
C10734,1508.8,High Value
C10735,1876.96,Very High Value
C10736,1937.17,Very High Value
C10737,2052.06,Very High Value
C10738,1987.19,Very High Value
C10739,1282.79,Medium Value
C10740,1483.84,High Value
C10741,1817.91,Very High Value
C10742,1817.16,Very High Value
C10743,1679.89,High Value
C10744,1292.21,Medium Value
C10745,1506.4,High Value
C10746,2022.76,Very High Value
C10747,1759.08,Very High Value
C10748,1950.39,Very High Value
C10749,1989.97,Very High Value
C10750,1770.52,Very High Value
C10751,1828.72,Very High Value
C10752,1816.54,Very High Value
C10753,1939.34,Very High Value
C10754,1779.47,Very High Value
C10755,1582.67,High Value
C10756,1809.09,Very High Value
C10757,1788.66,Very High Value
C10758,2083.04,Very High Value
C10759,1400.23,High Value
C10760,1700.99,Very High Value
C10761,1981.72,Very High Value
C10762,1716.3,Very High Value
C10763,1659.96,High Value
C10764,1598.71,High Value
C10765,1766.31,Very High Value
C10766,2027.08,Very High Value
C10767,745.06,Low Value
C10768,1651.73,High Value
C10769,1821.61,Very High Value
C10770,1519.79,High Value
C10771,1674.81,High Value
C10772,1865.84,Very High Value
C10773,1993.24,Very High Value
C10774,1757.73,Very High Value
C10775,1706.83,Very High Value
C10776,1966.8,Very High Value
C10777,1849.04,Very High Value
C10778,1917.48,Very High Value
C10779,1748.76,Very High Value
C10780,1944.77,Very High Value
C10781,1592.07,High Value
C10782,1553.58,High Value
C10783,1775.0,Very High Value
C10784,1380.86,High Value
C10785,873.46,Low Value
C10786,1637.76,High Value
C10787,1631.63,High Value
C10788,1419.97,High Value
C10789,2037.59,Very High Value
C10790,1891.92,Very High Value
C10791,1394.07,High Value
C10792,1864.34,Very High Value
C10793,1745.75,Very High Value
C10794,1748.48,Very High Value
C10795,1984.1,Very High Value
C10796,2051.42,Very High Value
C10797,1963.02,Very High Value
C10798,1866.68,Very High Value
C10799,1537.7,High Value
C10800,1850.5,Very High Value
C10801,1383.08,High Value
C10802,839.98,Low Value
C10803,2004.49,Very High Value
C10804,1968.7,Very High Value
C10805,1938.82,Very High Value
C10806,1620.09,High Value
C10807,1406.71,High Value
C10808,1302.09,Medium Value
C10809,1711.51,Very High Value
C10810,1872.66,Very High Value
C10811,2033.78,Very High Value
C10812,1777.43,Very High Value
C10813,1893.65,Very High Value
C10814,1850.2,Very High Value
C10815,1805.42,Very High Value
C10816,1951.97,Very High Value
C10817,2013.55,Very High Value
C10818,1681.32,High Value
C10819,1953.51,Very High Value
C10820,1835.48,Very High Value
C10821,1923.52,Very High Value
C10822,1890.99,Very High Value
C10823,1647.79,High Value
C10824,1567.45,High Value
C10825,2019.97,Very High Value
C10826,1808.08,Very High Value
C10827,1695.85,Very High Value
C10828,1831.88,Very High Value
C10829,1724.46,Very High Value
C10830,1762.18,Very High Value
C10831,2017.04,Very High Value
C10832,1908.55,Very High Value
C10833,1749.87,Very High Value
C10834,1954.82,Very High Value
C10835,1474.82,High Value
C10836,1967.17,Very High Value
C10837,1982.15,Very High Value
C10838,1701.81,Very High Value
C10839,1667.36,High Value
C10840,1693.97,Very High Value
C10841,1916.37,Very High Value
C10842,1855.15,Very High Value
C10843,1469.14,High Value
C10844,1863.88,Very High Value
C10845,1963.35,Very High Value
C10846,1808.5,Very High Value
C10847,1793.44,Very High Value
C10848,1774.42,Very High Value
C10849,1657.81,High Value
C10850,1867.65,Very High Value
C10851,1617.61,High Value
C10852,1942.86,Very High Value
C10853,695.54,Low Value
C10854,1640.55,High Value
C10855,1766.34,Very High Value
C10856,1532.49,High Value
C10857,1554.1,High Value
C10858,1841.45,Very High Value
C10859,1558.18,High Value
C10860,825.28,Low Value
C10861,1727.49,Very High Value
C10862,1871.85,Very High Value
C10863,1835.46,Very High Value
C10864,1346.17,Medium Value
C10865,1870.38,Very High Value
C10866,1509.5,High Value
C10867,1798.81,Very High Value
C10868,1924.21,Very High Value
C10869,1760.17,Very High Value
C10870,1772.93,Very High Value
C10871,2034.49,Very High Value
C10872,1323.05,Medium Value
C10873,1804.85,Very High Value
C10874,687.07,Low Value
C10875,1829.03,Very High Value
C10876,1296.95,Medium Value
C10877,1883.05,Very High Value
C10878,1943.52,Very High Value
C10879,1938.54,Very High Value
C10880,1949.49,Very High Value
C10881,2021.32,Very High Value
C10882,1724.27,Very High Value
C10883,1741.43,Very High Value
C10884,1907.2,Very High Value
C10885,1660.11,High Value
C10886,1864.76,Very High Value
C10887,2066.42,Very High Value
C10888,1902.75,Very High Value
C10889,1844.44,Very High Value
C10890,1664.96,High Value
C10891,1528.61,High Value
C10892,1235.67,Medium Value
C10893,1852.03,Very High Value
C10894,2039.13,Very High Value
C10895,1845.42,Very High Value
C10896,1800.22,Very High Value
C10897,1718.94,Very High Value
C10898,1858.22,Very High Value
C10899,1987.44,Very High Value
C10900,1752.1,Very High Value
C10901,1671.87,High Value
C10902,1960.73,Very High Value
C10903,2024.58,Very High Value
C10904,2068.09,Very High Value
C10905,1847.85,Very High Value
C10906,1860.42,Very High Value
C10907,1583.81,High Value
C10908,1719.59,Very High Value
C10909,1598.15,High Value
C10910,1817.54,Very High Value
C10911,1503.92,High Value
C10912,1356.36,Medium Value
C10913,1817.17,Very High Value
C10914,1900.41,Very High Value
C10915,1745.98,Very High Value
C10916,1614.02,High Value
C10917,1483.99,High Value
C10918,1814.24,Very High Value
C10919,1702.33,Very High Value
C10920,1778.23,Very High Value
C10921,1831.01,Very High Value
C10922,2062.38,Very High Value
C10923,1903.92,Very High Value
C10924,1658.18,High Value
C10925,1609.37,High Value
C10926,1779.02,Very High Value
C10927,2018.75,Very High Value
C10928,1710.1,Very High Value
C10929,1659.75,High Value
C10930,2034.26,Very High Value
C10931,1910.09,Very High Value
C10932,1433.29,High Value
C10933,1813.79,Very High Value
C10934,1955.85,Very High Value
C10935,702.4,Low Value
C10936,1990.83,Very High Value
C10937,1707.05,Very High Value
C10938,1588.4,High Value
C10939,2024.89,Very High Value
C10940,1765.95,Very High Value
C10941,1912.96,Very High Value
C10942,1958.87,Very High Value
C10943,1888.15,Very High Value
C10944,1659.88,High Value
C10945,1994.22,Very High Value
C10946,731.08,Low Value
C10947,1100.67,Medium Value
C10948,1584.63,High Value
C10949,1582.56,High Value
C10950,2037.88,Very High Value
C10951,2003.27,Very High Value
C10952,759.32,Low Value
C10953,2025.57,Very High Value
C10954,1844.87,Very High Value
C10955,2046.78,Very High Value
C10956,1526.56,High Value
C10957,1932.32,Very High Value
C10958,1795.1,Very High Value
C10959,1170.78,Medium Value
C10960,1888.64,Very High Value
C10961,727.95,Low Value
C10962,1769.03,Very High Value
C10963,1979.62,Very High Value
C10964,1632.69,High Value
C10965,1830.44,Very High Value
C10966,2007.33,Very High Value
C10967,1636.49,High Value
C10968,1840.67,Very High Value
C10969,1845.19,Very High Value
C10970,1694.26,Very High Value
C10971,1542.29,High Value
C10972,1819.03,Very High Value
C10973,1555.34,High Value
C10974,2045.45,Very High Value
C10975,1992.98,Very High Value
C10976,1652.48,High Value
C10977,1691.18,Very High Value
C10978,1917.42,Very High Value
C10979,1911.75,Very High Value
C10980,1908.88,Very High Value
C10981,1573.06,High Value
C10982,1950.26,Very High Value
C10983,1787.04,Very High Value
C10984,1597.8,High Value
C10985,1700.3,Very High Value
C10986,1863.06,Very High Value
C10987,1768.81,Very High Value
C10988,1822.7,Very High Value
C10989,1790.98,Very High Value
C10990,1975.13,Very High Value
C10991,1960.13,Very High Value
C10992,1807.23,Very High Value
C10993,1850.94,Very High Value
C10994,1791.46,Very High Value
C10995,1915.34,Very High Value
C10996,1829.2,Very High Value
C10997,1940.02,Very High Value
C10998,1861.49,Very High Value
C10999,1899.0,Very High Value
C11000,1811.24,Very High Value
C11001,1952.06,Very High Value
C11002,1927.52,Very High Value
C11003,1402.54,High Value
C11004,1796.79,Very High Value
C11005,1401.41,High Value
C11006,1719.66,Very High Value
C11007,1742.4,Very High Value
C11008,1912.78,Very High Value
C11009,2011.31,Very High Value
C11010,1929.17,Very High Value
C11011,1343.27,Medium Value
C11012,1856.76,Very High Value
C11013,1996.26,Very High Value
C11014,1940.5,Very High Value
C11015,1778.32,Very High Value
C11016,2014.08,Very High Value
C11017,1825.48,Very High Value
C11018,1454.09,High Value
C11019,1526.15,High Value
C11020,1531.25,High Value
C11021,1912.62,Very High Value
C11022,1553.88,High Value
C11023,1862.99,Very High Value
C11024,1897.42,Very High Value
C11025,1575.2,High Value
C11026,1967.24,Very High Value
C11027,1618.59,High Value
C11028,1278.66,Medium Value
C11029,1803.24,Very High Value
C11030,1777.93,Very High Value
C11031,1914.25,Very High Value
C11032,866.96,Low Value
C11033,1679.78,High Value
C11034,1684.11,High Value
C11035,1931.98,Very High Value
C11036,1140.97,Medium Value
C11037,1851.86,Very High Value
C11038,1850.51,Very High Value
C11039,1582.57,High Value
C11040,1927.5,Very High Value
C11041,1938.65,Very High Value
C11042,1981.22,Very High Value
C11043,1716.8,Very High Value
C11044,1800.11,Very High Value
C11045,1961.46,Very High Value
C11046,1450.41,High Value
C11047,1673.29,High Value
C11048,1903.02,Very High Value
C11049,1657.0,High Value
C11050,1369.19,High Value
C11051,1418.17,High Value
C11052,1909.54,Very High Value
C11053,1606.71,High Value
C11054,1736.91,Very High Value
C11055,1665.83,High Value
C11056,1913.17,Very High Value
C11057,1708.16,Very High Value
C11058,1824.82,Very High Value
C11059,1834.15,Very High Value
C11060,878.6,Low Value
C11061,1710.92,Very High Value
C11062,1792.65,Very High Value
C11063,1855.53,Very High Value
C11064,1175.27,Medium Value
C11065,2011.76,Very High Value
C11066,1273.86,Medium Value
C11067,1890.62,Very High Value
C11068,1858.08,Very High Value
C11069,1250.47,Medium Value
C11070,2012.75,Very High Value
C11071,1863.12,Very High Value
C11072,1656.68,High Value
C11073,1375.37,High Value
C11074,1816.42,Very High Value
C11075,1765.05,Very High Value
C11076,1906.64,Very High Value
C11077,1770.79,Very High Value
C11078,1838.77,Very High Value
C11079,1913.3,Very High Value
C11080,1421.96,High Value
C11081,1907.92,Very High Value
C11082,2003.39,Very High Value
C11083,1897.46,Very High Value
C11084,1445.31,High Value
C11085,1233.66,Medium Value
C11086,1904.27,Very High Value
C11087,1611.67,High Value
C11088,2025.71,Very High Value
C11089,1700.82,Very High Value
C11090,1777.19,Very High Value
C11091,795.51,Low Value
C11092,1772.51,Very High Value
C11093,1496.08,High Value
C11094,1826.38,Very High Value
C11095,2008.87,Very High Value
C11096,1589.04,High Value
C11097,1956.48,Very High Value
C11098,1476.44,High Value
C11099,1496.54,High Value
C11100,1930.11,Very High Value
C11101,2049.52,Very High Value
C11102,1948.37,Very High Value
C11103,1885.58,Very High Value
C11104,1602.69,High Value
C11105,1799.88,Very High Value
C11106,1731.72,Very High Value
C11107,860.53,Low Value
C11108,674.8,Low Value
C11109,1874.19,Very High Value
C11110,1592.13,High Value
C11111,1990.29,Very High Value
C11112,1982.18,Very High Value
C11113,1501.21,High Value
C11114,1737.85,Very High Value
C11115,807.23,Low Value
C11116,1866.38,Very High Value
C11117,2036.68,Very High Value
C11118,1465.64,High Value
C11119,1837.36,Very High Value
C11120,1910.13,Very High Value
C11121,2056.05,Very High Value
C11122,1725.98,Very High Value
C11123,1786.21,Very High Value
C11124,1764.78,Very High Value
C11125,1905.11,Very High Value
C11126,1683.62,High Value
C11127,1812.17,Very High Value
C11128,1590.0,High Value
C11129,1718.46,Very High Value
C11130,1295.11,Medium Value
C11131,1884.43,Very High Value
C11132,1682.74,High Value
C11133,1704.59,Very High Value
C11134,1934.32,Very High Value
C11135,1872.79,Very High Value
C11136,634.94,Low Value
C11137,1963.78,Very High Value
C11138,1550.46,High Value
C11139,1993.5,Very High Value
C11140,797.28,Low Value
C11141,1511.91,High Value
C11142,1901.85,Very High Value
C11143,1744.52,Very High Value
C11144,1730.34,Very High Value
C11145,1948.95,Very High Value
C11146,1953.14,Very High Value
C11147,1551.33,High Value
C11148,1634.39,High Value
C11149,1623.67,High Value
C11150,1999.76,Very High Value
C11151,1880.86,Very High Value
C11152,1884.02,Very High Value
C11153,2029.32,Very High Value
C11154,1883.14,Very High Value
C11155,1685.14,High Value
C11156,1577.22,High Value
C11157,1616.36,High Value
C11158,1649.47,High Value
C11159,1441.45,High Value
C11160,1483.08,High Value
C11161,716.25,Low Value
C11162,1402.27,High Value
C11163,1834.52,Very High Value
C11164,1953.24,Very High Value
C11165,1538.96,High Value
C11166,1944.17,Very High Value
C11167,1507.24,High Value
C11168,1968.73,Very High Value
C11169,861.92,Low Value
C11170,1982.59,Very High Value
C11171,800.31,Low Value
C11172,1855.02,Very High Value
C11173,1891.13,Very High Value
C11174,1746.8,Very High Value
C11175,1572.72,High Value
C11176,2033.31,Very High Value
C11177,1400.75,High Value
C11178,1750.15,Very High Value
C11179,1783.13,Very High Value
C11180,1934.83,Very High Value
C11181,1284.45,Medium Value
C11182,1952.24,Very High Value
C11183,1841.06,Very High Value
C11184,1522.64,High Value
C11185,1778.83,Very High Value
C11186,1964.87,Very High Value
C11187,2012.83,Very High Value
C11188,1539.38,High Value
C11189,1753.68,Very High Value
C11190,1664.6,High Value
C11191,1820.43,Very High Value
C11192,1925.89,Very High Value
C11193,1790.13,Very High Value
C11194,1997.92,Very High Value
C11195,1895.58,Very High Value
C11196,1563.4,High Value
C11197,725.85,Low Value
C11198,1623.11,High Value
C11199,1925.5,Very High Value
C11200,1935.51,Very High Value
C11201,1736.88,Very High Value
C11202,857.88,Low Value
C11203,2041.99,Very High Value
C11204,1973.31,Very High Value
C11205,1775.36,Very High Value
C11206,1760.77,Very High Value
C11207,1716.1,Very High Value
C11208,1683.24,High Value
C11209,1203.66,Medium Value
C11210,1967.83,Very High Value
C11211,1783.84,Very High Value
C11212,1709.62,Very High Value
C11213,1636.73,High Value
C11214,1905.29,Very High Value
C11215,1792.29,Very High Value
C11216,1742.17,Very High Value
C11217,1782.97,Very High Value
C11218,1751.61,Very High Value
C11219,1804.99,Very High Value
C11220,1734.55,Very High Value
C11221,1410.3,High Value
C11222,1705.54,Very High Value
C11223,1993.94,Very High Value
C11224,740.28,Low Value
C11225,1989.35,Very High Value
C11226,1859.03,Very High Value
C11227,1663.76,High Value
C11228,1883.69,Very High Value
C11229,1454.42,High Value
C11230,1669.26,High Value
C11231,1685.65,High Value
C11232,1814.27,Very High Value
C11233,2059.91,Very High Value
C11234,1393.21,High Value
C11235,1400.76,High Value
C11236,1896.09,Very High Value
C11237,1852.12,Very High Value
C11238,1827.19,Very High Value
C11239,1335.6,Medium Value
C11240,2047.95,Very High Value
C11241,1684.09,High Value
C11242,1774.63,Very High Value
C11243,1971.84,Very High Value
C11244,1602.66,High Value
C11245,1969.03,Very High Value
C11246,1945.2,Very High Value
C11247,1929.69,Very High Value
C11248,1995.81,Very High Value
C11249,1073.76,Medium Value
C11250,1836.12,Very High Value
C11251,1882.12,Very High Value
C11252,946.69,Low Value
C11253,1591.76,High Value
C11254,1640.89,High Value
C11255,1615.76,High Value
C11256,1974.16,Very High Value
C11257,1955.65,Very High Value
C11258,1246.08,Medium Value
C11259,1694.6,Very High Value
C11260,2037.14,Very High Value
C11261,1795.13,Very High Value
C11262,1726.11,Very High Value
C11263,1864.67,Very High Value
C11264,1727.61,Very High Value
C11265,1849.8,Very High Value
C11266,1520.03,High Value
C11267,1724.43,Very High Value
C11268,2001.77,Very High Value
C11269,1699.99,Very High Value
C11270,1724.35,Very High Value
C11271,639.61,Low Value
C11272,1935.78,Very High Value
C11273,1697.93,Very High Value
C11274,1708.23,Very High Value
C11275,1755.2,Very High Value
C11276,1777.58,Very High Value
C11277,1751.94,Very High Value
C11278,1433.99,High Value
C11279,1907.88,Very High Value
C11280,1778.19,Very High Value
C11281,1929.88,Very High Value
C11282,1658.97,High Value
C11283,1893.41,Very High Value
C11284,1564.86,High Value
C11285,1807.6,Very High Value
C11286,1916.21,Very High Value
C11287,1739.58,Very High Value
C11288,1913.31,Very High Value
C11289,1492.26,High Value
C11290,1479.63,High Value
C11291,1845.5,Very High Value
C11292,1522.54,High Value
C11293,1695.58,Very High Value
C11294,1262.89,Medium Value
C11295,1870.55,Very High Value
C11296,1939.88,Very High Value
C11297,1611.86,High Value
C11298,1959.12,Very High Value
C11299,1930.34,Very High Value
C11300,1512.77,High Value
C11301,1723.33,Very High Value
C11302,2041.32,Very High Value
C11303,1625.23,High Value
C11304,1774.54,Very High Value
C11305,1863.51,Very High Value
C11306,1435.65,High Value
C11307,1876.2,Very High Value
C11308,1640.3,High Value
C11309,1956.13,Very High Value
C11310,1463.86,High Value
C11311,1698.22,Very High Value
C11312,1829.9,Very High Value
C11313,1798.99,Very High Value
C11314,1952.49,Very High Value
C11315,1801.73,Very High Value
C11316,1983.69,Very High Value
C11317,1842.34,Very High Value
C11318,1829.15,Very High Value
C11319,1850.02,Very High Value
C11320,1570.83,High Value
C11321,872.97,Low Value
C11322,1721.03,Very High Value
C11323,1825.49,Very High Value
C11324,1990.91,Very High Value
C11325,1964.72,Very High Value
C11326,1629.28,High Value
C11327,1629.67,High Value
C11328,1789.2,Very High Value
C11329,1733.42,Very High Value
C11330,1715.79,Very High Value
C11331,1664.55,High Value
C11332,1640.21,High Value
C11333,1415.61,High Value
C11334,1930.22,Very High Value
C11335,1580.04,High Value
C11336,1439.76,High Value
C11337,1695.76,Very High Value
C11338,1647.45,High Value
C11339,1393.29,High Value
C11340,1631.96,High Value
C11341,1589.11,High Value
C11342,1803.44,Very High Value
C11343,1861.22,Very High Value
C11344,1757.74,Very High Value
C11345,1730.2,Very High Value
C11346,1669.05,High Value
C11347,1668.07,High Value
C11348,2022.24,Very High Value
C11349,2025.56,Very High Value
C11350,2064.46,Very High Value
C11351,1946.46,Very High Value
C11352,1848.55,Very High Value
C11353,1664.01,High Value
C11354,1732.27,Very High Value
C11355,1887.44,Very High Value
C11356,1814.04,Very High Value
C11357,1607.97,High Value
C11358,2046.94,Very High Value
C11359,1790.83,Very High Value
C11360,1813.3,Very High Value
C11361,1611.68,High Value
C11362,1720.47,Very High Value
C11363,1323.94,Medium Value
C11364,1807.75,Very High Value
C11365,1271.46,Medium Value
C11366,1730.74,Very High Value
C11367,1329.55,Medium Value
C11368,1696.06,Very High Value
C11369,1751.96,Very High Value
C11370,1830.74,Very High Value
C11371,1920.39,Very High Value
C11372,1894.19,Very High Value
C11373,1856.58,Very High Value
C11374,1722.18,Very High Value
C11375,1760.8,Very High Value
C11376,1613.97,High Value
C11377,1823.51,Very High Value
C11378,2008.37,Very High Value
C11379,1693.13,Very High Value
C11380,779.85,Low Value
C11381,1848.35,Very High Value
C11382,1840.92,Very High Value
C11383,1884.81,Very High Value
C11384,1509.39,High Value
C11385,1812.61,Very High Value
C11386,1894.02,Very High Value
C11387,1793.72,Very High Value
C11388,1585.68,High Value
C11389,1671.06,High Value
C11390,1947.48,Very High Value
C11391,2012.01,Very High Value
C11392,1808.47,Very High Value
C11393,1760.41,Very High Value
C11394,1874.03,Very High Value
C11395,1671.03,High Value
C11396,960.75,Low Value
C11397,1971.51,Very High Value
C11398,1468.24,High Value
C11399,1913.71,Very High Value
C11400,1804.47,Very High Value
C11401,1852.88,Very High Value
C11402,1677.71,High Value
C11403,1949.92,Very High Value
C11404,1278.31,Medium Value
C11405,2076.69,Very High Value
C11406,1927.55,Very High Value
C11407,1694.23,Very High Value
C11408,1909.04,Very High Value
C11409,1997.64,Very High Value
C11410,1723.28,Very High Value
C11411,1443.02,High Value
C11412,1763.63,Very High Value
C11413,1801.11,Very High Value
C11414,1589.6,High Value
C11415,1473.44,High Value
C11416,1590.53,High Value
C11417,1676.12,High Value
C11418,1831.57,Very High Value
C11419,1808.75,Very High Value
C11420,1864.92,Very High Value
C11421,795.75,Low Value
C11422,1704.89,Very High Value
C11423,1807.45,Very High Value
C11424,1257.01,Medium Value
C11425,1473.64,High Value
C11426,1736.16,Very High Value
C11427,1935.52,Very High Value
C11428,1862.63,Very High Value
C11429,1774.96,Very High Value
C11430,1599.43,High Value
C11431,1804.05,Very High Value
C11432,1996.42,Very High Value
C11433,1585.89,High Value
C11434,1892.03,Very High Value
C11435,1637.47,High Value
C11436,1527.75,High Value
C11437,1620.26,High Value
C11438,2037.74,Very High Value
C11439,1456.7,High Value
C11440,2006.65,Very High Value
C11441,1652.07,High Value
C11442,2055.83,Very High Value
C11443,1960.9,Very High Value
C11444,2048.48,Very High Value
C11445,1930.08,Very High Value
C11446,1802.04,Very High Value
C11447,1737.7,Very High Value
C11448,2039.76,Very High Value
C11449,1997.18,Very High Value
C11450,1757.61,Very High Value
C11451,1407.99,High Value
C11452,1846.44,Very High Value
C11453,1596.09,High Value
C11454,1805.19,Very High Value
C11455,1895.71,Very High Value
C11456,1621.81,High Value
C11457,1867.93,Very High Value
C11458,1779.13,Very High Value
C11459,1770.01,Very High Value
C11460,2008.28,Very High Value
C11461,881.84,Low Value
C11462,1925.66,Very High Value
C11463,1833.47,Very High Value
C11464,1658.66,High Value
C11465,1964.31,Very High Value
C11466,1740.94,Very High Value
C11467,1584.66,High Value
C11468,1740.42,Very High Value
C11469,1931.69,Very High Value
C11470,1785.26,Very High Value
C11471,1902.73,Very High Value
C11472,1679.46,High Value
C11473,2031.08,Very High Value
C11474,1728.87,Very High Value
C11475,1985.28,Very High Value
C11476,1703.46,Very High Value
C11477,1646.57,High Value
C11478,1711.62,Very High Value
C11479,1656.78,High Value
C11480,1915.11,Very High Value
C11481,1799.55,Very High Value
C11482,818.45,Low Value
C11483,1661.6,High Value
C11484,1597.33,High Value
C11485,1753.12,Very High Value
C11486,1882.23,Very High Value
C11487,1866.94,Very High Value
C11488,1487.64,High Value
C11489,2001.66,Very High Value
C11490,1606.15,High Value
C11491,1750.94,Very High Value
C11492,1959.04,Very High Value
C11493,1857.7,Very High Value
C11494,1976.49,Very High Value
C11495,1807.97,Very High Value
C11496,1772.19,Very High Value
C11497,861.72,Low Value
C11498,752.64,Low Value
C11499,1983.72,Very High Value
C11500,1965.52,Very High Value
C11501,1830.56,Very High Value
C11502,1400.71,High Value
C11503,1732.8,Very High Value
C11504,1804.11,Very High Value
C11505,1852.48,Very High Value
C11506,1657.28,High Value
C11507,1494.49,High Value
C11508,1874.79,Very High Value
C11509,1863.03,Very High Value
C11510,1896.59,Very High Value
C11511,1467.21,High Value
C11512,1969.67,Very High Value
C11513,1549.92,High Value
C11514,1953.01,Very High Value
C11515,2078.28,Very High Value
C11516,2048.81,Very High Value
C11517,1968.67,Very High Value
C11518,1827.26,Very High Value
C11519,835.82,Low Value
C11520,1574.94,High Value
C11521,2026.8,Very High Value
C11522,1872.19,Very High Value
C11523,1586.14,High Value
C11524,1972.38,Very High Value
C11525,1720.0,Very High Value
C11526,1821.17,Very High Value
C11527,1449.33,High Value
C11528,1921.87,Very High Value
C11529,1234.62,Medium Value
C11530,1858.42,Very High Value
C11531,1672.48,High Value
C11532,1727.03,Very High Value
C11533,1982.19,Very High Value
C11534,1837.49,Very High Value
C11535,1760.4,Very High Value
C11536,1678.88,High Value
C11537,1655.78,High Value
C11538,1849.58,Very High Value
C11539,1794.47,Very High Value
C11540,1595.78,High Value
C11541,1789.28,Very High Value
C11542,1786.23,Very High Value
C11543,1740.7,Very High Value
C11544,1674.14,High Value
C11545,1949.45,Very High Value
C11546,1890.23,Very High Value
C11547,1794.48,Very High Value
C11548,1450.81,High Value
C11549,1494.55,High Value
C11550,1955.13,Very High Value
C11551,1797.05,Very High Value
C11552,1827.67,Very High Value
C11553,1524.88,High Value
C11554,1861.88,Very High Value
C11555,1677.16,High Value
C11556,1770.87,Very High Value
C11557,1672.09,High Value
C11558,1774.46,Very High Value
C11559,1270.76,Medium Value
C11560,1856.09,Very High Value
C11561,1924.77,Very High Value
C11562,1397.98,High Value
C11563,1657.06,High Value
C11564,1876.46,Very High Value
C11565,1872.22,Very High Value
C11566,1828.86,Very High Value
C11567,1438.79,High Value
C11568,1673.7,High Value
C11569,1745.21,Very High Value
C11570,1545.01,High Value
C11571,1671.64,High Value
C11572,1858.65,Very High Value
C11573,1557.36,High Value
C11574,1697.64,Very High Value
C11575,1625.31,High Value
C11576,748.37,Low Value
C11577,1778.42,Very High Value
C11578,1498.6,High Value
C11579,1592.63,High Value
C11580,1949.26,Very High Value
C11581,1872.6,Very High Value
C11582,1554.07,High Value
C11583,2013.55,Very High Value
C11584,1493.28,High Value
C11585,1883.24,Very High Value
C11586,1862.74,Very High Value
C11587,1767.12,Very High Value
C11588,1844.26,Very High Value
C11589,1484.71,High Value
C11590,780.65,Low Value
C11591,1762.38,Very High Value
C11592,1480.4,High Value
C11593,2027.94,Very High Value
C11594,1860.87,Very High Value
C11595,1673.26,High Value
C11596,1122.51,Medium Value
C11597,1313.3,Medium Value
C11598,1639.19,High Value
C11599,1262.57,Medium Value
C11600,1760.56,Very High Value
C11601,1767.1,Very High Value
C11602,1664.24,High Value
C11603,1798.76,Very High Value
C11604,1499.64,High Value
C11605,1976.48,Very High Value
C11606,1655.6,High Value
C11607,1628.28,High Value
C11608,2071.51,Very High Value
C11609,1904.48,Very High Value
C11610,1686.67,High Value
C11611,1653.47,High Value
C11612,1919.5,Very High Value
C11613,1830.03,Very High Value
C11614,1935.92,Very High Value
C11615,1903.57,Very High Value
C11616,1995.49,Very High Value
C11617,1689.05,High Value
C11618,1846.1,Very High Value
C11619,1259.86,Medium Value
C11620,1938.05,Very High Value
C11621,1930.71,Very High Value
C11622,1996.87,Very High Value
C11623,1978.43,Very High Value
C11624,1956.29,Very High Value
C11625,1487.91,High Value
C11626,1828.66,Very High Value
C11627,1667.16,High Value
C11628,1922.68,Very High Value
C11629,1911.98,Very High Value
C11630,1893.47,Very High Value
C11631,1784.63,Very High Value
C11632,1701.09,Very High Value
C11633,1838.54,Very High Value
C11634,798.79,Low Value
C11635,1925.79,Very High Value
C11636,1646.76,High Value
C11637,1670.03,High Value
C11638,1621.8,High Value
C11639,1628.21,High Value
C11640,1472.49,High Value
C11641,1770.29,Very High Value
C11642,1889.84,Very High Value
C11643,1700.37,Very High Value
C11644,1944.07,Very High Value
C11645,1473.91,High Value
C11646,1546.42,High Value
C11647,1933.64,Very High Value
C11648,1968.86,Very High Value
C11649,2058.72,Very High Value
C11650,1815.88,Very High Value
C11651,1975.48,Very High Value
C11652,1719.7,Very High Value
C11653,1938.97,Very High Value
C11654,1543.73,High Value
C11655,2049.59,Very High Value
C11656,801.12,Low Value
C11657,1590.77,High Value
C11658,1800.69,Very High Value
C11659,1698.87,Very High Value
C11660,1958.73,Very High Value
C11661,1584.85,High Value
C11662,1780.67,Very High Value
C11663,624.18,Low Value
C11664,1473.98,High Value
C11665,497.56,Low Value
C11666,1644.8,High Value
C11667,1860.59,Very High Value
C11668,1484.53,High Value
C11669,1631.14,High Value
C11670,1866.14,Very High Value
C11671,1892.01,Very High Value
C11672,1873.94,Very High Value
C11673,1301.48,Medium Value
C11674,1588.49,High Value
C11675,1574.27,High Value
C11676,1924.91,Very High Value
C11677,1766.63,Very High Value
C11678,1777.23,Very High Value
C11679,1737.72,Very High Value
C11680,1845.32,Very High Value
C11681,1695.0,Very High Value
C11682,1386.02,High Value
C11683,2002.76,Very High Value
C11684,1945.35,Very High Value
C11685,1862.1,Very High Value
C11686,1771.88,Very High Value
C11687,1918.6,Very High Value
C11688,799.79,Low Value
C11689,1517.75,High Value
C11690,1935.4,Very High Value
C11691,829.79,Low Value
C11692,1521.92,High Value
C11693,1518.54,High Value
C11694,759.98,Low Value
C11695,811.46,Low Value
C11696,1933.39,Very High Value
C11697,1889.63,Very High Value
C11698,1947.91,Very High Value
C11699,1669.25,High Value
C11700,2006.86,Very High Value
C11701,1914.32,Very High Value
C11702,1836.13,Very High Value
C11703,1847.02,Very High Value
C11704,1564.54,High Value
C11705,1880.23,Very High Value
C11706,1744.47,Very High Value
C11707,1657.16,High Value
C11708,1760.96,Very High Value
C11709,1853.11,Very High Value
C11710,1719.61,Very High Value
C11711,1974.04,Very High Value
C11712,1785.63,Very High Value
C11713,1903.71,Very High Value
C11714,1862.26,Very High Value
C11715,520.95,Low Value
C11716,1946.55,Very High Value
C11717,1688.0,High Value
C11718,1817.15,Very High Value
C11719,1916.98,Very High Value
C11720,1944.36,Very High Value
C11721,1360.0,High Value
C11722,1792.05,Very High Value
C11723,2009.24,Very High Value
C11724,631.7,Low Value
C11725,1817.29,Very High Value
C11726,1566.34,High Value
C11727,1855.05,Very High Value
C11728,1078.48,Medium Value
C11729,1856.72,Very High Value
C11730,1714.66,Very High Value
C11731,1820.86,Very High Value
C11732,1947.84,Very High Value
C11733,1823.92,Very High Value
C11734,1239.73,Medium Value
C11735,1765.47,Very High Value
C11736,1669.77,High Value
C11737,715.33,Low Value
C11738,1644.02,High Value
C11739,1496.32,High Value
C11740,1716.42,Very High Value
C11741,2027.49,Very High Value
C11742,1635.3,High Value
C11743,1945.23,Very High Value
C11744,1725.99,Very High Value
C11745,1487.12,High Value
C11746,1998.19,Very High Value
C11747,1918.21,Very High Value
C11748,1927.6,Very High Value
C11749,1980.63,Very High Value
C11750,824.47,Low Value
C11751,1860.01,Very High Value
C11752,1403.13,High Value
C11753,1747.16,Very High Value
C11754,773.62,Low Value
C11755,1400.98,High Value
C11756,2009.65,Very High Value
C11757,1779.41,Very High Value
C11758,1793.31,Very High Value
C11759,1906.78,Very High Value
C11760,1485.8,High Value
C11761,1457.12,High Value
C11762,1770.58,Very High Value
C11763,1923.01,Very High Value
C11764,1636.87,High Value
C11765,1213.3,Medium Value
C11766,1981.39,Very High Value
C11767,1923.2,Very High Value
C11768,1910.36,Very High Value
C11769,1754.11,Very High Value
C11770,1600.07,High Value
C11771,1634.07,High Value
C11772,1905.4,Very High Value
C11773,1819.81,Very High Value
C11774,1893.41,Very High Value
C11775,1711.07,Very High Value
C11776,1738.71,Very High Value
C11777,1256.51,Medium Value
C11778,1562.9,High Value
C11779,1713.58,Very High Value
C11780,1706.9,Very High Value
C11781,1427.26,High Value
C11782,1966.88,Very High Value
C11783,1499.98,High Value
C11784,1758.32,Very High Value
C11785,1886.44,Very High Value
C11786,2014.24,Very High Value
C11787,1614.78,High Value
C11788,1667.25,High Value
C11789,1602.01,High Value
C11790,1859.01,Very High Value
C11791,1486.33,High Value
C11792,1705.14,Very High Value
C11793,1674.79,High Value
C11794,1769.81,Very High Value
C11795,1574.92,High Value
C11796,1696.91,Very High Value
C11797,1696.27,Very High Value
C11798,1650.42,High Value
C11799,1604.14,High Value
C11800,2027.35,Very High Value
C11801,1508.48,High Value
C11802,2042.52,Very High Value
C11803,1911.74,Very High Value
C11804,1804.89,Very High Value
C11805,1813.3,Very High Value
C11806,1682.58,High Value
C11807,1877.7,Very High Value
C11808,1385.58,High Value
C11809,1707.87,Very High Value
C11810,1091.08,Medium Value
C11811,1959.36,Very High Value
C11812,1966.87,Very High Value
C11813,1875.65,Very High Value
C11814,1934.19,Very High Value
C11815,1705.53,Very High Value
C11816,1682.35,High Value
C11817,824.8,Low Value
C11818,1852.52,Very High Value
C11819,1587.96,High Value
C11820,1339.08,Medium Value
C11821,1657.48,High Value
C11822,1737.07,Very High Value
C11823,1547.96,High Value
C11824,2000.62,Very High Value
C11825,1972.42,Very High Value
C11826,1787.22,Very High Value
C11827,1679.33,High Value
C11828,1613.95,High Value
C11829,1786.77,Very High Value
C11830,1868.21,Very High Value
C11831,1233.84,Medium Value
C11832,1993.99,Very High Value
C11833,1953.42,Very High Value
C11834,1788.77,Very High Value
C11835,1900.3,Very High Value
C11836,1805.86,Very High Value
C11837,1415.07,High Value
C11838,1559.16,High Value
C11839,1605.09,High Value
C11840,1857.39,Very High Value
C11841,1755.94,Very High Value
C11842,1551.41,High Value
C11843,1629.65,High Value
C11844,1398.56,High Value
C11845,1728.54,Very High Value
C11846,1271.97,Medium Value
C11847,1696.99,Very High Value
C11848,1650.78,High Value
C11849,1542.82,High Value
C11850,2024.0,Very High Value
C11851,1824.31,Very High Value
C11852,1681.37,High Value
C11853,759.01,Low Value
C11854,1909.96,Very High Value
C11855,1776.49,Very High Value
C11856,1698.52,Very High Value
C11857,2059.69,Very High Value
C11858,1916.17,Very High Value
C11859,1916.04,Very High Value
C11860,1818.14,Very High Value
C11861,1802.8,Very High Value
C11862,879.24,Low Value
C11863,1389.15,High Value
C11864,1637.89,High Value
C11865,1772.3,Very High Value
C11866,1932.88,Very High Value
C11867,1944.25,Very High Value
C11868,1793.49,Very High Value
C11869,1802.53,Very High Value
C11870,1942.97,Very High Value
C11871,1583.99,High Value
C11872,1904.64,Very High Value
C11873,1454.94,High Value
C11874,1869.13,Very High Value
C11875,1831.46,Very High Value
C11876,1908.27,Very High Value
C11877,1913.9,Very High Value
C11878,1519.32,High Value
C11879,1906.93,Very High Value
C11880,1560.01,High Value
C11881,1746.65,Very High Value
C11882,1888.95,Very High Value
C11883,1780.66,Very High Value
C11884,1775.84,Very High Value
C11885,1606.2,High Value
C11886,1721.2,Very High Value
C11887,1441.17,High Value
C11888,1879.59,Very High Value
C11889,1710.37,Very High Value
C11890,1692.85,Very High Value
C11891,1653.86,High Value
C11892,1828.98,Very High Value
C11893,1987.15,Very High Value
C11894,1777.33,Very High Value
C11895,1757.28,Very High Value
C11896,1977.0,Very High Value
