customer_id,treatment,churned,churn_probability,risk_level,control_churn_probability,treatment_churn_probability,uplift,persuadability_segment
C00001,0,0,0.09941,Low,0.01025,0.06575,-0.05551,NEGATIVE RESPONSE
C00002,0,0,0.03198,Low,0.00669,0.0398,-0.03311,NEGATIVE RESPONSE
C00003,1,0,0.04798,Low,0.00537,0.03897,-0.0336,NEGATIVE RESPONSE
C00004,1,0,0.00265,Low,0.00421,0.00804,-0.00383,NEGATIVE RESPONSE
C00005,1,0,0.00245,Low,0.00562,0.00814,-0.00252,NEGATIVE RESPONSE
C00006,1,0,0.00617,Low,0.00776,0.00748,0.00028,LOW RESPONSE
C00007,1,0,0.06787,Low,0.00849,0.03313,-0.02464,NEGATIVE RESPONSE
C00008,1,0,0.00128,Low,0.00764,0.0089,-0.00126,NEGATIVE RESPONSE
C00009,1,0,0.01674,Low,0.00495,0.02747,-0.02252,NEGATIVE RESPONSE
C00010,1,0,0.0327,Low,0.00725,0.00739,-0.00013,LOW RESPONSE
C00011,1,0,0.00656,Low,0.00647,0.00577,0.0007,LOW RESPONSE
C00012,1,0,0.02265,Low,0.00874,0.01233,-0.00358,NEGATIVE RESPONSE
C00013,0,0,0.0025,Low,0.01,0.00842,0.00157,LOW RESPONSE
C00014,1,0,0.20303,Low,0.01058,0.08491,-0.07433,NEGATIVE RESPONSE
C00015,1,0,0.0033,Low,0.00754,0.00937,-0.00182,NEGATIVE RESPONSE
C00016,0,0,0.1232,Low,0.01032,0.03714,-0.02682,NEGATIVE RESPONSE
C00017,1,0,0.00855,Low,0.00713,0.00636,0.00078,LOW RESPONSE
C00018,1,0,0.00818,Low,0.0068,0.00827,-0.00147,NEGATIVE RESPONSE
C00019,1,0,0.00361,Low,0.00665,0.00992,-0.00327,NEGATIVE RESPONSE
C00020,0,0,0.00903,Low,0.00721,0.01184,-0.00464,NEGATIVE RESPONSE
C00021,1,0,0.00313,Low,0.0057,0.00764,-0.00195,NEGATIVE RESPONSE
C00022,1,0,0.00247,Low,0.00421,0.00586,-0.00166,NEGATIVE RESPONSE
C00023,1,0,0.01083,Low,0.00797,0.00898,-0.00101,NEGATIVE RESPONSE
C00024,0,0,0.01984,Low,0.00585,0.06031,-0.05446,NEGATIVE RESPONSE
C00025,1,0,0.00363,Low,0.00449,0.00786,-0.00337,NEGATIVE RESPONSE
C00026,1,0,0.00524,Low,0.00589,0.00705,-0.00116,NEGATIVE RESPONSE
C00027,1,0,0.105,Low,0.00622,0.05609,-0.04988,NEGATIVE RESPONSE
C00028,1,0,0.00185,Low,0.00526,0.00607,-0.00081,LOW RESPONSE
C00029,0,0,0.19082,Low,0.00747,0.07698,-0.06951,NEGATIVE RESPONSE
C00030,1,0,0.00157,Low,0.00423,0.00732,-0.00309,NEGATIVE RESPONSE
C00031,1,0,0.00332,Low,0.00552,0.00708,-0.00156,NEGATIVE RESPONSE
C00032,1,0,0.11824,Low,0.02488,0.06757,-0.04269,NEGATIVE RESPONSE
C00033,1,0,0.06299,Low,0.00529,0.03952,-0.03423,NEGATIVE RESPONSE
C00034,1,0,0.00118,Low,0.00752,0.00632,0.00121,LOW RESPONSE
C00035,1,0,0.04634,Low,0.00496,0.03438,-0.02942,NEGATIVE RESPONSE
C00036,1,0,0.0049,Low,0.01009,0.00591,0.00418,LOW RESPONSE
C00037,1,0,0.01145,Low,0.00929,0.00574,0.00354,LOW RESPONSE
C00038,1,0,0.00194,Low,0.00784,0.00578,0.00206,LOW RESPONSE
C00039,1,0,0.00386,Low,0.01803,0.00672,0.01131,LOW RESPONSE
C00040,1,0,0.3659,Medium,0.00951,0.0409,-0.0314,NEGATIVE RESPONSE
C00041,1,0,0.00138,Low,0.00856,0.00542,0.00314,LOW RESPONSE
C00042,0,0,0.02132,Low,0.00815,0.03215,-0.02401,NEGATIVE RESPONSE
C00043,1,0,0.02512,Low,0.01415,0.02001,-0.00586,NEGATIVE RESPONSE
C00044,0,0,0.04721,Low,0.01171,0.0401,-0.02839,NEGATIVE RESPONSE
C00045,1,0,0.0717,Low,0.00507,0.02846,-0.02339,NEGATIVE RESPONSE
C00046,0,0,0.01353,Low,0.00581,0.02418,-0.01837,NEGATIVE RESPONSE
C00047,1,0,0.03895,Low,0.00607,0.02087,-0.0148,NEGATIVE RESPONSE
C00048,1,0,0.00292,Low,0.00482,0.00526,-0.00044,LOW RESPONSE
C00049,1,0,0.00193,Low,0.00807,0.00781,0.00026,LOW RESPONSE
C00050,1,1,0.92756,Critical,0.0102,0.05184,-0.04164,NEGATIVE RESPONSE
C00051,1,0,0.00459,Low,0.00491,0.00876,-0.00385,NEGATIVE RESPONSE
C00052,1,0,0.02077,Low,0.00811,0.02319,-0.01509,NEGATIVE RESPONSE
C00053,1,0,0.00443,Low,0.01549,0.00857,0.00693,LOW RESPONSE
C00054,1,0,0.01094,Low,0.00958,0.00859,0.00099,LOW RESPONSE
C00055,1,0,0.00426,Low,0.0063,0.00717,-0.00088,LOW RESPONSE
C00056,1,0,0.07103,Low,0.00524,0.0245,-0.01926,NEGATIVE RESPONSE
C00057,1,0,0.06296,Low,0.0092,0.08956,-0.08037,NEGATIVE RESPONSE
C00058,1,0,0.01131,Low,0.00923,0.0095,-0.00027,LOW RESPONSE
C00059,1,0,0.00379,Low,0.01074,0.00762,0.00311,LOW RESPONSE
C00060,1,0,0.00284,Low,0.01325,0.00956,0.00369,LOW RESPONSE
C00061,1,0,0.00716,Low,0.00631,0.00661,-0.0003,LOW RESPONSE
C00062,1,0,0.0123,Low,0.01116,0.01005,0.00112,LOW RESPONSE
C00063,1,0,0.00123,Low,0.00455,0.00631,-0.00176,NEGATIVE RESPONSE
C00064,0,0,0.18299,Low,0.00893,0.06164,-0.0527,NEGATIVE RESPONSE
C00065,1,0,0.03594,Low,0.00665,0.02044,-0.01379,NEGATIVE RESPONSE
C00066,0,0,0.16913,Low,0.0103,0.04169,-0.03139,NEGATIVE RESPONSE
C00067,1,0,0.32338,Medium,0.00654,0.0595,-0.05295,NEGATIVE RESPONSE
C00068,0,0,0.00252,Low,0.01039,0.00721,0.00318,LOW RESPONSE
C00069,1,0,0.00528,Low,0.00473,0.0068,-0.00207,NEGATIVE RESPONSE
C00070,1,0,0.00788,Low,0.00784,0.00612,0.00172,LOW RESPONSE
C00071,0,0,0.05964,Low,0.00515,0.03013,-0.02498,NEGATIVE RESPONSE
C00072,1,0,0.03324,Low,0.01518,0.06423,-0.04905,NEGATIVE RESPONSE
C00073,0,0,0.03533,Low,0.00522,0.03961,-0.03439,NEGATIVE RESPONSE
C00074,0,0,0.0062,Low,0.00635,0.00766,-0.00132,NEGATIVE RESPONSE
C00075,1,0,0.00187,Low,0.00724,0.00672,0.00052,LOW RESPONSE
C00076,1,0,0.00391,Low,0.0097,0.00583,0.00387,LOW RESPONSE
C00077,1,0,0.01975,Low,0.0052,0.02256,-0.01736,NEGATIVE RESPONSE
C00078,1,0,0.00353,Low,0.00617,0.00469,0.00148,LOW RESPONSE
C00079,0,0,0.01154,Low,0.0051,0.00668,-0.00158,NEGATIVE RESPONSE
C00080,1,0,0.09641,Low,0.00502,0.03158,-0.02656,NEGATIVE RESPONSE
C00081,1,0,0.01563,Low,0.01603,0.00952,0.00651,LOW RESPONSE
C00082,0,0,0.40825,Medium,0.01099,0.08569,-0.0747,NEGATIVE RESPONSE
C00083,1,0,0.01792,Low,0.00453,0.03446,-0.02993,NEGATIVE RESPONSE
C00084,1,0,0.00736,Low,0.00553,0.00652,-0.00099,LOW RESPONSE
C00085,1,0,0.01015,Low,0.01305,0.00644,0.00661,LOW RESPONSE
C00086,0,0,0.22135,Low,0.00588,0.06451,-0.05862,NEGATIVE RESPONSE
C00087,1,0,0.0061,Low,0.0057,0.00887,-0.00317,NEGATIVE RESPONSE
C00088,1,0,0.00561,Low,0.00992,0.00594,0.00398,LOW RESPONSE
C00089,1,0,0.00043,Low,0.00357,0.00523,-0.00166,NEGATIVE RESPONSE
C00090,1,1,0.92582,Critical,0.00675,0.12903,-0.12227,NEGATIVE RESPONSE
C00091,0,0,0.01947,Low,0.00533,0.0071,-0.00177,NEGATIVE RESPONSE
C00092,1,0,0.04468,Low,0.00583,0.03407,-0.02824,NEGATIVE RESPONSE
C00093,1,1,0.93365,Critical,0.01577,0.12321,-0.10745,NEGATIVE RESPONSE
C00094,0,0,0.01982,Low,0.0099,0.06642,-0.05651,NEGATIVE RESPONSE
C00095,1,0,0.22157,Low,0.01029,0.04226,-0.03198,NEGATIVE RESPONSE
C00096,1,0,0.02722,Low,0.00511,0.0319,-0.02679,NEGATIVE RESPONSE
C00097,1,0,0.04059,Low,0.00522,0.02976,-0.02454,NEGATIVE RESPONSE
C00098,0,0,0.0017,Low,0.00697,0.00526,0.00171,LOW RESPONSE
C00099,0,0,0.01459,Low,0.00661,0.00906,-0.00245,NEGATIVE RESPONSE
C00100,0,0,0.00714,Low,0.00871,0.00866,5e-05,LOW RESPONSE
C00101,1,0,0.02875,Low,0.00433,0.03405,-0.02972,NEGATIVE RESPONSE
C00102,1,0,0.00425,Low,0.0058,0.00743,-0.00163,NEGATIVE RESPONSE
C00103,0,0,0.12421,Low,0.0061,0.05517,-0.04907,NEGATIVE RESPONSE
C00104,0,0,0.00746,Low,0.00894,0.00963,-0.00069,LOW RESPONSE
C00105,1,0,0.00438,Low,0.0114,0.00761,0.00379,LOW RESPONSE
C00106,1,0,0.07329,Low,0.00874,0.03489,-0.02615,NEGATIVE RESPONSE
C00107,1,0,0.17665,Low,0.00753,0.04521,-0.03769,NEGATIVE RESPONSE
C00108,1,0,0.0554,Low,0.00809,0.04049,-0.03241,NEGATIVE RESPONSE
C00109,1,0,0.00389,Low,0.00985,0.00615,0.0037,LOW RESPONSE
C00110,1,0,0.00505,Low,0.00596,0.00585,0.00011,LOW RESPONSE
C00111,1,0,0.17914,Low,0.01127,0.04637,-0.0351,NEGATIVE RESPONSE
C00112,0,0,0.12574,Low,0.00691,0.04127,-0.03436,NEGATIVE RESPONSE
C00113,1,0,0.00672,Low,0.00544,0.00826,-0.00282,NEGATIVE RESPONSE
C00114,0,0,0.04237,Low,0.00531,0.02959,-0.02429,NEGATIVE RESPONSE
C00115,0,1,0.15553,Low,0.02696,0.0696,-0.04264,NEGATIVE RESPONSE
C00116,0,0,0.00599,Low,0.01209,0.00658,0.00551,LOW RESPONSE
C00117,1,0,0.00447,Low,0.0052,0.00606,-0.00086,LOW RESPONSE
C00118,1,0,0.01039,Low,0.00614,0.00689,-0.00075,LOW RESPONSE
C00119,1,0,0.00476,Low,0.00571,0.00655,-0.00084,LOW RESPONSE
C00120,0,0,0.0027,Low,0.00725,0.00711,0.00015,LOW RESPONSE
C00121,1,0,0.00505,Low,0.00504,0.00634,-0.00131,NEGATIVE RESPONSE
C00122,1,0,0.03155,Low,0.00403,0.02589,-0.02187,NEGATIVE RESPONSE
C00123,1,0,0.00157,Low,0.00495,0.0053,-0.00034,LOW RESPONSE
C00124,1,0,0.0598,Low,0.00593,0.0279,-0.02197,NEGATIVE RESPONSE
C00125,1,0,0.00311,Low,0.00776,0.00769,6e-05,LOW RESPONSE
C00126,0,0,0.0637,Low,0.00616,0.04263,-0.03647,NEGATIVE RESPONSE
C00127,0,0,0.02232,Low,0.01182,0.00784,0.00398,LOW RESPONSE
C00128,1,0,0.00412,Low,0.00691,0.00722,-0.00031,LOW RESPONSE
C00129,1,0,0.00122,Low,0.00514,0.00535,-0.00021,LOW RESPONSE
C00130,1,0,0.02206,Low,0.00502,0.02105,-0.01603,NEGATIVE RESPONSE
C00131,1,0,0.01795,Low,0.00728,0.00787,-0.00059,LOW RESPONSE
C00132,0,0,0.01333,Low,0.00553,0.02645,-0.02092,NEGATIVE RESPONSE
C00133,0,0,0.01121,Low,0.00803,0.00833,-0.0003,LOW RESPONSE
C00134,1,0,0.23999,Low,0.00623,0.0423,-0.03607,NEGATIVE RESPONSE
C00135,1,0,0.1997,Low,0.00875,0.05397,-0.04523,NEGATIVE RESPONSE
C00136,1,0,0.15489,Low,0.00899,0.03894,-0.02995,NEGATIVE RESPONSE
C00137,0,0,0.00308,Low,0.00672,0.00673,-2e-05,LOW RESPONSE
C00138,1,0,0.13855,Low,0.01307,0.06484,-0.05177,NEGATIVE RESPONSE
C00139,1,0,0.00171,Low,0.00961,0.00697,0.00264,LOW RESPONSE
C00140,1,0,0.08822,Low,0.0161,0.00854,0.00756,PERSUADABLE
C00141,1,0,0.1975,Low,0.01029,0.05789,-0.0476,NEGATIVE RESPONSE
C00142,1,0,0.27308,Low,0.00791,0.0431,-0.03519,NEGATIVE RESPONSE
C00143,1,0,0.04667,Low,0.00548,0.04774,-0.04226,NEGATIVE RESPONSE
C00144,0,0,0.00463,Low,0.00757,0.01001,-0.00244,NEGATIVE RESPONSE
C00145,1,0,0.00415,Low,0.00713,0.00758,-0.00045,LOW RESPONSE
C00146,1,0,0.01462,Low,0.00472,0.00816,-0.00344,NEGATIVE RESPONSE
C00147,1,0,0.0044,Low,0.0054,0.00537,3e-05,LOW RESPONSE
C00148,1,0,0.01158,Low,0.00839,0.00723,0.00117,LOW RESPONSE
C00149,1,0,0.00081,Low,0.00873,0.00921,-0.00048,LOW RESPONSE
C00150,0,0,0.16738,Low,0.00567,0.06445,-0.05878,NEGATIVE RESPONSE
C00151,1,1,0.94463,Critical,0.01411,0.1349,-0.12079,NEGATIVE RESPONSE
C00152,1,0,0.02703,Low,0.00451,0.061,-0.05649,NEGATIVE RESPONSE
C00153,1,0,0.08595,Low,0.0041,0.04098,-0.03688,NEGATIVE RESPONSE
C00154,1,0,0.00439,Low,0.00742,0.00891,-0.00149,NEGATIVE RESPONSE
C00155,1,0,0.00949,Low,0.00998,0.03486,-0.02488,NEGATIVE RESPONSE
C00156,0,0,0.01573,Low,0.00832,0.03622,-0.0279,NEGATIVE RESPONSE
C00157,1,0,0.00303,Low,0.00834,0.01191,-0.00357,NEGATIVE RESPONSE
C00158,1,0,0.03854,Low,0.01135,0.00827,0.00308,PERSUADABLE
C00159,1,0,0.02184,Low,0.01531,0.00866,0.00665,LOW RESPONSE
C00160,1,0,0.00284,Low,0.0061,0.00551,0.00058,LOW RESPONSE
C00161,1,0,0.00339,Low,0.0086,0.01029,-0.00169,NEGATIVE RESPONSE
C00162,1,0,0.01029,Low,0.01423,0.00855,0.00569,LOW RESPONSE
C00163,1,0,0.02031,Low,0.00961,0.00957,4e-05,LOW RESPONSE
C00164,1,0,0.00444,Low,0.0051,0.0062,-0.00109,NEGATIVE RESPONSE
C00165,0,0,0.097,Low,0.01121,0.04114,-0.02993,NEGATIVE RESPONSE
C00166,1,0,0.01161,Low,0.00915,0.0078,0.00135,LOW RESPONSE
C00167,1,0,0.07129,Low,0.0058,0.02827,-0.02247,NEGATIVE RESPONSE
C00168,1,0,0.00432,Low,0.01464,0.01062,0.00402,LOW RESPONSE
C00169,0,0,0.00467,Low,0.00603,0.00836,-0.00233,NEGATIVE RESPONSE
C00170,1,0,0.01032,Low,0.00821,0.00668,0.00153,LOW RESPONSE
C00171,0,0,0.01009,Low,0.01214,0.01333,-0.00119,NEGATIVE RESPONSE
C00172,1,0,0.00434,Low,0.00595,0.01123,-0.00529,NEGATIVE RESPONSE
C00173,1,0,0.07734,Low,0.00802,0.03608,-0.02806,NEGATIVE RESPONSE
C00174,1,0,0.0424,Low,0.0061,0.02449,-0.01838,NEGATIVE RESPONSE
C00175,0,0,0.01019,Low,0.00451,0.02064,-0.01612,NEGATIVE RESPONSE
C00176,1,0,0.00935,Low,0.01088,0.00889,0.00199,LOW RESPONSE
C00177,1,0,0.00274,Low,0.00887,0.00761,0.00125,LOW RESPONSE
C00178,1,0,0.05117,Low,0.00937,0.04734,-0.03797,NEGATIVE RESPONSE
C00179,1,0,0.00634,Low,0.01461,0.01065,0.00396,LOW RESPONSE
C00180,0,0,0.00467,Low,0.0058,0.00925,-0.00346,NEGATIVE RESPONSE
C00181,1,0,0.00626,Low,0.01276,0.01401,-0.00124,NEGATIVE RESPONSE
C00182,0,0,0.00241,Low,0.00795,0.00953,-0.00159,NEGATIVE RESPONSE
C00183,1,0,0.05909,Low,0.00625,0.03663,-0.03038,NEGATIVE RESPONSE
C00184,1,0,0.00256,Low,0.00693,0.00496,0.00197,LOW RESPONSE
C00185,0,0,0.00179,Low,0.00848,0.01103,-0.00255,NEGATIVE RESPONSE
C00186,1,0,0.0178,Low,0.00863,0.02959,-0.02097,NEGATIVE RESPONSE
C00187,1,0,0.02522,Low,0.00575,0.02459,-0.01884,NEGATIVE RESPONSE
C00188,1,0,0.00265,Low,0.00838,0.00648,0.0019,LOW RESPONSE
C00189,1,0,0.00534,Low,0.00386,0.02859,-0.02474,NEGATIVE RESPONSE
C00190,1,0,0.09059,Low,0.00567,0.02833,-0.02267,NEGATIVE RESPONSE
C00191,1,0,0.00753,Low,0.00943,0.00756,0.00187,LOW RESPONSE
C00192,1,0,0.00628,Low,0.00601,0.00868,-0.00267,NEGATIVE RESPONSE
C00193,0,0,0.01265,Low,0.00515,0.00698,-0.00183,NEGATIVE RESPONSE
C00194,1,0,0.00309,Low,0.00608,0.00772,-0.00164,NEGATIVE RESPONSE
C00195,0,0,0.00808,Low,0.00587,0.00745,-0.00158,NEGATIVE RESPONSE
C00196,0,0,0.08472,Low,0.00802,0.02427,-0.01625,NEGATIVE RESPONSE
C00197,1,0,0.03402,Low,0.00572,0.02728,-0.02156,NEGATIVE RESPONSE
C00198,0,1,0.94947,Critical,0.01692,0.06145,-0.04453,NEGATIVE RESPONSE
C00199,1,0,0.09595,Low,0.00598,0.02917,-0.02319,NEGATIVE RESPONSE
C00200,1,0,0.00506,Low,0.01045,0.00712,0.00333,LOW RESPONSE
C00201,1,0,0.00963,Low,0.00541,0.00554,-0.00013,LOW RESPONSE
C00202,1,0,0.08611,Low,0.00978,0.03151,-0.02173,NEGATIVE RESPONSE
C00203,1,0,0.00294,Low,0.00567,0.00624,-0.00057,LOW RESPONSE
C00204,0,0,0.07965,Low,0.006,0.03537,-0.02937,NEGATIVE RESPONSE
C00205,1,0,0.01141,Low,0.00981,0.0062,0.0036,LOW RESPONSE
C00206,1,0,0.00405,Low,0.0067,0.0081,-0.0014,NEGATIVE RESPONSE
C00207,1,1,0.94171,Critical,0.00732,0.09108,-0.08377,NEGATIVE RESPONSE
C00208,1,0,0.06656,Low,0.00879,0.04197,-0.03317,NEGATIVE RESPONSE
C00209,1,0,0.0198,Low,0.00698,0.02766,-0.02068,NEGATIVE RESPONSE
C00210,1,0,0.00875,Low,0.00705,0.00815,-0.0011,NEGATIVE RESPONSE
C00211,1,1,0.05308,Low,0.01342,0.07261,-0.0592,NEGATIVE RESPONSE
C00212,1,0,0.00253,Low,0.01256,0.00691,0.00566,LOW RESPONSE
C00213,0,0,0.00239,Low,0.00808,0.00904,-0.00096,LOW RESPONSE
C00214,0,0,0.00257,Low,0.00426,0.00672,-0.00246,NEGATIVE RESPONSE
C00215,1,0,0.00193,Low,0.00572,0.01149,-0.00576,NEGATIVE RESPONSE
C00216,0,0,0.00601,Low,0.00718,0.0058,0.00137,LOW RESPONSE
C00217,1,0,0.17082,Low,0.0093,0.04327,-0.03397,NEGATIVE RESPONSE
C00218,1,0,0.00878,Low,0.00656,0.00579,0.00077,LOW RESPONSE
C00219,1,0,0.00321,Low,0.00471,0.00542,-0.00071,LOW RESPONSE
C00220,1,0,0.40963,Medium,0.00997,0.05987,-0.04989,NEGATIVE RESPONSE
C00221,1,0,0.08868,Low,0.01448,0.04572,-0.03124,NEGATIVE RESPONSE
C00222,1,0,0.01605,Low,0.00764,0.00766,-2e-05,LOW RESPONSE
C00223,0,0,0.00482,Low,0.00753,0.01239,-0.00486,NEGATIVE RESPONSE
C00224,0,0,0.0027,Low,0.00653,0.00641,0.00012,LOW RESPONSE
C00225,1,0,0.00371,Low,0.00827,0.00632,0.00195,LOW RESPONSE
C00226,0,0,0.06231,Low,0.00685,0.0514,-0.04456,NEGATIVE RESPONSE
C00227,1,0,0.00078,Low,0.01004,0.0059,0.00414,LOW RESPONSE
C00228,1,0,0.06512,Low,0.00656,0.03681,-0.03025,NEGATIVE RESPONSE
C00229,1,0,0.00725,Low,0.01226,0.01709,-0.00484,NEGATIVE RESPONSE
C00230,1,0,0.15187,Low,0.00614,0.04567,-0.03954,NEGATIVE RESPONSE
C00231,1,0,0.00324,Low,0.00493,0.00632,-0.00139,NEGATIVE RESPONSE
C00232,1,0,0.00541,Low,0.00891,0.00741,0.0015,LOW RESPONSE
C00233,1,0,0.01029,Low,0.01372,0.00881,0.00491,LOW RESPONSE
C00234,1,0,0.20542,Low,0.01685,0.06337,-0.04652,NEGATIVE RESPONSE
C00235,1,0,0.01077,Low,0.00928,0.00655,0.00273,LOW RESPONSE
C00236,1,0,0.00396,Low,0.00836,0.00656,0.0018,LOW RESPONSE
C00237,1,0,0.0075,Low,0.00626,0.00556,0.0007,LOW RESPONSE
C00238,1,0,0.10222,Low,0.01022,0.04494,-0.03472,NEGATIVE RESPONSE
C00239,0,0,0.00703,Low,0.00638,0.00617,0.00021,LOW RESPONSE
C00240,1,0,0.12283,Low,0.00629,0.04959,-0.0433,NEGATIVE RESPONSE
C00241,1,0,0.01089,Low,0.00762,0.0057,0.00191,LOW RESPONSE
C00242,0,0,0.01894,Low,0.00967,0.01353,-0.00387,NEGATIVE RESPONSE
C00243,0,0,0.34889,Medium,0.00744,0.09168,-0.08424,NEGATIVE RESPONSE
C00244,1,0,0.0042,Low,0.00871,0.01292,-0.00421,NEGATIVE RESPONSE
C00245,1,0,0.1373,Low,0.00801,0.00633,0.00168,PERSUADABLE
C00246,1,0,0.00123,Low,0.01222,0.00651,0.0057,LOW RESPONSE
C00247,1,0,0.00784,Low,0.01309,0.01017,0.00293,LOW RESPONSE
C00248,0,0,0.03854,Low,0.00601,0.02958,-0.02356,NEGATIVE RESPONSE
C00249,1,0,0.00393,Low,0.00577,0.0083,-0.00253,NEGATIVE RESPONSE
C00250,1,0,0.00387,Low,0.01188,0.00613,0.00575,LOW RESPONSE
C00251,1,0,0.00336,Low,0.00669,0.01307,-0.00638,NEGATIVE RESPONSE
C00252,1,0,0.0037,Low,0.00765,0.00517,0.00249,LOW RESPONSE
C00253,0,0,0.06746,Low,0.00863,0.04967,-0.04103,NEGATIVE RESPONSE
C00254,0,0,0.01936,Low,0.01206,0.01337,-0.00131,NEGATIVE RESPONSE
C00255,1,0,0.00877,Low,0.00984,0.00731,0.00252,LOW RESPONSE
C00256,0,0,0.00616,Low,0.00811,0.00586,0.00225,LOW RESPONSE
C00257,1,0,0.00247,Low,0.00977,0.009,0.00077,LOW RESPONSE
C00258,0,0,0.123,Low,0.00882,0.04654,-0.03772,NEGATIVE RESPONSE
C00259,1,0,0.00814,Low,0.00844,0.01119,-0.00275,NEGATIVE RESPONSE
C00260,1,0,0.00682,Low,0.00604,0.00611,-7e-05,LOW RESPONSE
C00261,1,0,0.10919,Low,0.01041,0.06168,-0.05127,NEGATIVE RESPONSE
C00262,1,0,0.00589,Low,0.0093,0.01039,-0.00109,NEGATIVE RESPONSE
C00263,1,0,0.01245,Low,0.00677,0.00884,-0.00206,NEGATIVE RESPONSE
C00264,1,0,0.23181,Low,0.01074,0.03838,-0.02765,NEGATIVE RESPONSE
C00265,1,0,0.00768,Low,0.00597,0.00693,-0.00096,LOW RESPONSE
C00266,1,0,0.01077,Low,0.00854,0.00969,-0.00115,NEGATIVE RESPONSE
C00267,1,0,0.03264,Low,0.00791,0.03293,-0.02502,NEGATIVE RESPONSE
C00268,1,0,0.01681,Low,0.00708,0.01012,-0.00304,NEGATIVE RESPONSE
C00269,1,0,0.08714,Low,0.01982,0.05897,-0.03915,NEGATIVE RESPONSE
C00270,1,0,0.0421,Low,0.00783,0.0483,-0.04047,NEGATIVE RESPONSE
C00271,1,0,0.10765,Low,0.009,0.04529,-0.0363,NEGATIVE RESPONSE
C00272,1,0,0.00606,Low,0.00792,0.01091,-0.00298,NEGATIVE RESPONSE
C00273,1,0,0.00452,Low,0.0061,0.00822,-0.00212,NEGATIVE RESPONSE
C00274,1,0,0.01589,Low,0.01008,0.00778,0.00231,LOW RESPONSE
C00275,1,0,0.12556,Low,0.00674,0.0407,-0.03396,NEGATIVE RESPONSE
C00276,1,0,0.012,Low,0.00693,0.00767,-0.00074,LOW RESPONSE
C00277,1,0,0.00469,Low,0.01041,0.00693,0.00348,LOW RESPONSE
C00278,1,0,0.03526,Low,0.00517,0.02535,-0.02018,NEGATIVE RESPONSE
C00279,1,0,0.0044,Low,0.00848,0.00705,0.00144,LOW RESPONSE
C00280,1,0,0.00613,Low,0.00541,0.00628,-0.00087,LOW RESPONSE
C00281,1,0,0.00998,Low,0.00604,0.01274,-0.00671,NEGATIVE RESPONSE
C00282,1,0,0.00224,Low,0.00761,0.01451,-0.0069,NEGATIVE RESPONSE
C00283,1,0,0.00942,Low,0.00724,0.0322,-0.02497,NEGATIVE RESPONSE
C00284,1,1,0.2592,Low,0.00678,0.09591,-0.08913,NEGATIVE RESPONSE
C00285,0,0,0.0108,Low,0.01225,0.01065,0.0016,LOW RESPONSE
C00286,0,0,0.01135,Low,0.01348,0.01718,-0.0037,NEGATIVE RESPONSE
C00287,1,1,0.95276,Critical,0.02182,0.11701,-0.09518,NEGATIVE RESPONSE
C00288,1,0,0.00525,Low,0.01098,0.00954,0.00144,LOW RESPONSE
C00289,1,0,0.02451,Low,0.01035,0.01949,-0.00913,NEGATIVE RESPONSE
C00290,1,0,0.00212,Low,0.00824,0.00674,0.0015,LOW RESPONSE
C00291,1,0,0.14493,Low,0.00797,0.04192,-0.03395,NEGATIVE RESPONSE
C00292,1,0,0.06056,Low,0.00597,0.02015,-0.01419,NEGATIVE RESPONSE
C00293,0,0,0.30926,Medium,0.00495,0.06593,-0.06098,NEGATIVE RESPONSE
C00294,1,0,0.01207,Low,0.00541,0.00845,-0.00304,NEGATIVE RESPONSE
C00295,0,0,0.23714,Low,0.0111,0.05681,-0.04571,NEGATIVE RESPONSE
C00296,0,0,0.00948,Low,0.00661,0.00923,-0.00262,NEGATIVE RESPONSE
C00297,0,0,0.01122,Low,0.00999,0.03178,-0.02179,NEGATIVE RESPONSE
C00298,0,0,0.07386,Low,0.00648,0.04833,-0.04185,NEGATIVE RESPONSE
C00299,1,0,0.00263,Low,0.00955,0.0064,0.00315,LOW RESPONSE
C00300,1,0,0.00319,Low,0.00565,0.00609,-0.00043,LOW RESPONSE
C00301,1,0,0.00726,Low,0.00845,0.00667,0.00178,LOW RESPONSE
C00302,0,0,0.00193,Low,0.00483,0.0071,-0.00227,NEGATIVE RESPONSE
C00303,1,0,0.00923,Low,0.00948,0.00897,0.00051,LOW RESPONSE
C00304,1,0,0.01313,Low,0.01312,0.00833,0.00479,LOW RESPONSE
C00305,1,0,0.23633,Low,0.00527,0.0271,-0.02182,NEGATIVE RESPONSE
C00306,1,1,0.94827,Critical,0.01016,0.15556,-0.1454,NEGATIVE RESPONSE
C00307,1,0,0.35853,Medium,0.00707,0.06175,-0.05468,NEGATIVE RESPONSE
C00308,0,0,0.08688,Low,0.00628,0.05449,-0.04821,NEGATIVE RESPONSE
C00309,0,0,0.15599,Low,0.00981,0.1268,-0.11699,NEGATIVE RESPONSE
C00310,1,0,0.00582,Low,0.00762,0.00898,-0.00136,NEGATIVE RESPONSE
C00311,0,0,0.35942,Medium,0.00914,0.06251,-0.05337,NEGATIVE RESPONSE
C00312,1,0,0.3945,Medium,0.00926,0.08445,-0.0752,NEGATIVE RESPONSE
C00313,1,0,0.08517,Low,0.00442,0.04053,-0.03612,NEGATIVE RESPONSE
C00314,1,1,0.94285,Critical,0.00871,0.0794,-0.07069,NEGATIVE RESPONSE
C00315,1,0,0.35033,Medium,0.00814,0.03219,-0.02404,NEGATIVE RESPONSE
C00316,0,0,0.09275,Low,0.00527,0.03534,-0.03007,NEGATIVE RESPONSE
C00317,1,0,0.00316,Low,0.01187,0.00834,0.00353,LOW RESPONSE
C00318,1,0,0.00057,Low,0.00481,0.00627,-0.00146,NEGATIVE RESPONSE
C00319,1,0,0.01328,Low,0.00793,0.00831,-0.00037,LOW RESPONSE
C00320,1,1,0.24167,Low,0.00571,0.05335,-0.04764,NEGATIVE RESPONSE
C00321,0,0,0.12639,Low,0.00755,0.05703,-0.04948,NEGATIVE RESPONSE
C00322,1,0,0.00314,Low,0.00428,0.00543,-0.00115,NEGATIVE RESPONSE
C00323,0,0,0.20876,Low,0.00966,0.05736,-0.0477,NEGATIVE RESPONSE
C00324,1,0,0.10453,Low,0.01349,0.03495,-0.02146,NEGATIVE RESPONSE
C00325,1,0,0.00917,Low,0.01097,0.00888,0.0021,LOW RESPONSE
C00326,1,1,0.93117,Critical,0.00848,0.15137,-0.1429,NEGATIVE RESPONSE
C00327,0,0,0.08943,Low,0.00493,0.02148,-0.01655,NEGATIVE RESPONSE
C00328,1,0,0.02356,Low,0.0048,0.0329,-0.0281,NEGATIVE RESPONSE
C00329,1,0,0.00831,Low,0.00608,0.0073,-0.00122,NEGATIVE RESPONSE
C00330,1,0,0.00318,Low,0.00507,0.0068,-0.00173,NEGATIVE RESPONSE
C00331,1,0,0.0051,Low,0.01349,0.00788,0.00561,LOW RESPONSE
C00332,0,0,0.32934,Medium,0.01155,0.04852,-0.03696,NEGATIVE RESPONSE
C00333,0,0,0.0653,Low,0.00663,0.04521,-0.03859,NEGATIVE RESPONSE
C00334,1,0,0.00242,Low,0.00428,0.00741,-0.00312,NEGATIVE RESPONSE
C00335,1,0,0.01941,Low,0.00696,0.02473,-0.01777,NEGATIVE RESPONSE
C00336,1,0,0.0121,Low,0.0081,0.01038,-0.00228,NEGATIVE RESPONSE
C00337,1,0,0.00718,Low,0.00638,0.00941,-0.00303,NEGATIVE RESPONSE
C00338,1,0,0.00301,Low,0.00886,0.00619,0.00268,LOW RESPONSE
C00339,1,0,0.00749,Low,0.00829,0.0098,-0.0015,NEGATIVE RESPONSE
C00340,1,0,0.07982,Low,0.00934,0.03263,-0.02328,NEGATIVE RESPONSE
C00341,1,0,0.00826,Low,0.00698,0.00712,-0.00014,LOW RESPONSE
C00342,1,0,0.00455,Low,0.00811,0.00787,0.00025,LOW RESPONSE
C00343,1,0,0.04399,Low,0.00716,0.05394,-0.04679,NEGATIVE RESPONSE
C00344,1,0,0.00405,Low,0.00775,0.00785,-1e-04,LOW RESPONSE
C00345,1,0,0.00449,Low,0.01048,0.00803,0.00246,LOW RESPONSE
C00346,1,0,0.00834,Low,0.0055,0.00643,-0.00093,LOW RESPONSE
C00347,1,0,0.01539,Low,0.00836,0.00871,-0.00034,LOW RESPONSE
C00348,1,0,0.00227,Low,0.00486,0.00698,-0.00213,NEGATIVE RESPONSE
C00349,1,0,0.0038,Low,0.00888,0.00789,0.00099,LOW RESPONSE
C00350,1,0,0.04744,Low,0.00583,0.04282,-0.03699,NEGATIVE RESPONSE
C00351,1,0,0.02339,Low,0.0075,0.03547,-0.02797,NEGATIVE RESPONSE
C00352,0,0,0.00431,Low,0.00594,0.00722,-0.00129,NEGATIVE RESPONSE
C00353,1,0,0.07507,Low,0.00779,0.05208,-0.04428,NEGATIVE RESPONSE
C00354,1,0,0.00554,Low,0.01309,0.01058,0.0025,LOW RESPONSE
C00355,1,0,0.00385,Low,0.01038,0.01057,-0.00019,LOW RESPONSE
C00356,1,0,0.00304,Low,0.01399,0.00726,0.00674,LOW RESPONSE
C00357,1,0,0.01396,Low,0.01016,0.00946,0.0007,LOW RESPONSE
C00358,1,0,0.01588,Low,0.00566,0.02811,-0.02244,NEGATIVE RESPONSE
C00359,1,0,0.03043,Low,0.00603,0.03114,-0.02511,NEGATIVE RESPONSE
C00360,1,0,0.19639,Low,0.00721,0.08254,-0.07532,NEGATIVE RESPONSE
C00361,1,0,0.00917,Low,0.01274,0.01009,0.00265,LOW RESPONSE
C00362,1,0,0.00148,Low,0.0061,0.00505,0.00105,LOW RESPONSE
C00363,1,0,0.12397,Low,0.01095,0.04144,-0.03048,NEGATIVE RESPONSE
C00364,1,0,0.00136,Low,0.00477,0.00614,-0.00137,NEGATIVE RESPONSE
C00365,1,0,0.01632,Low,0.01535,0.01196,0.00339,LOW RESPONSE
C00366,1,0,0.00198,Low,0.00595,0.00836,-0.00241,NEGATIVE RESPONSE
C00367,1,0,0.00453,Low,0.00717,0.01914,-0.01197,NEGATIVE RESPONSE
C00368,1,0,0.05482,Low,0.01447,0.04071,-0.02624,NEGATIVE RESPONSE
C00369,1,0,0.00414,Low,0.01499,0.01091,0.00408,LOW RESPONSE
C00370,1,0,0.00311,Low,0.00951,0.0095,1e-05,LOW RESPONSE
C00371,1,0,0.05066,Low,0.00687,0.04884,-0.04197,NEGATIVE RESPONSE
C00372,1,0,0.00397,Low,0.01569,0.01176,0.00393,LOW RESPONSE
C00373,0,0,0.17091,Low,0.00673,0.0533,-0.04658,NEGATIVE RESPONSE
C00374,0,0,0.00527,Low,0.0083,0.00742,0.00088,LOW RESPONSE
C00375,1,0,0.00853,Low,0.01397,0.00989,0.00408,LOW RESPONSE
C00376,0,0,0.01591,Low,0.01021,0.00653,0.00368,LOW RESPONSE
C00377,1,0,0.12778,Low,0.00567,0.03064,-0.02497,NEGATIVE RESPONSE
C00378,0,0,0.06209,Low,0.00722,0.03392,-0.0267,NEGATIVE RESPONSE
C00379,1,0,0.01178,Low,0.00798,0.00709,0.00089,LOW RESPONSE
C00380,1,0,0.01166,Low,0.00875,0.01368,-0.00493,NEGATIVE RESPONSE
C00381,1,0,0.05134,Low,0.00948,0.04136,-0.03188,NEGATIVE RESPONSE
C00382,0,0,0.06246,Low,0.01328,0.03434,-0.02106,NEGATIVE RESPONSE
C00383,1,0,0.00715,Low,0.00951,0.0077,0.00181,LOW RESPONSE
C00384,1,0,0.07165,Low,0.00517,0.04301,-0.03784,NEGATIVE RESPONSE
C00385,1,0,0.18309,Low,0.00513,0.06225,-0.05712,NEGATIVE RESPONSE
C00386,1,0,0.14078,Low,0.01481,0.03489,-0.02009,NEGATIVE RESPONSE
C00387,1,0,0.00727,Low,0.0065,0.01068,-0.00419,NEGATIVE RESPONSE
C00388,1,0,0.01739,Low,0.00561,0.0259,-0.02029,NEGATIVE RESPONSE
C00389,1,0,0.01255,Low,0.00833,0.00809,0.00024,LOW RESPONSE
C00390,1,0,0.42395,Medium,0.00752,0.04648,-0.03896,NEGATIVE RESPONSE
C00391,0,0,0.00276,Low,0.00939,0.01171,-0.00232,NEGATIVE RESPONSE
C00392,1,0,0.40954,Medium,0.00687,0.02644,-0.01957,NEGATIVE RESPONSE
C00393,0,0,0.02391,Low,0.01253,0.05212,-0.03959,NEGATIVE RESPONSE
C00394,1,0,0.07695,Low,0.00957,0.02896,-0.01939,NEGATIVE RESPONSE
C00395,1,0,0.01185,Low,0.01128,0.00835,0.00293,LOW RESPONSE
C00396,1,0,0.1858,Low,0.0092,0.04853,-0.03933,NEGATIVE RESPONSE
C00397,1,0,0.0059,Low,0.00437,0.00764,-0.00327,NEGATIVE RESPONSE
C00398,1,0,0.01067,Low,0.00438,0.0093,-0.00492,NEGATIVE RESPONSE
C00399,0,0,0.00159,Low,0.00527,0.01114,-0.00587,NEGATIVE RESPONSE
C00400,1,0,0.11108,Low,0.00559,0.04782,-0.04222,NEGATIVE RESPONSE
C00401,0,0,0.03873,Low,0.00805,0.01155,-0.0035,NEGATIVE RESPONSE
C00402,1,0,0.01224,Low,0.00758,0.00716,0.00042,LOW RESPONSE
C00403,0,1,0.11513,Low,0.01979,0.08388,-0.06409,NEGATIVE RESPONSE
C00404,1,0,0.01232,Low,0.00526,0.01079,-0.00553,NEGATIVE RESPONSE
C00405,1,0,0.01108,Low,0.00694,0.00985,-0.00291,NEGATIVE RESPONSE
C00406,1,0,0.00657,Low,0.00819,0.00842,-0.00023,LOW RESPONSE
C00407,1,0,0.00783,Low,0.01047,0.00807,0.0024,LOW RESPONSE
C00408,1,0,0.14847,Low,0.00704,0.05356,-0.04652,NEGATIVE RESPONSE
C00409,0,0,0.08071,Low,0.00646,0.03917,-0.03271,NEGATIVE RESPONSE
C00410,1,0,0.12787,Low,0.00498,0.03897,-0.03399,NEGATIVE RESPONSE
C00411,1,0,0.00806,Low,0.01068,0.00628,0.0044,LOW RESPONSE
C00412,1,0,0.0136,Low,0.02363,0.00967,0.01396,LOW RESPONSE
C00413,1,0,0.00681,Low,0.00647,0.00628,0.00019,LOW RESPONSE
C00414,0,0,0.21496,Low,0.0065,0.03955,-0.03305,NEGATIVE RESPONSE
C00415,1,0,0.00454,Low,0.00574,0.00797,-0.00222,NEGATIVE RESPONSE
C00416,0,0,0.12213,Low,0.00744,0.03475,-0.02731,NEGATIVE RESPONSE
C00417,1,0,0.00104,Low,0.00938,0.0105,-0.00112,NEGATIVE RESPONSE
C00418,1,0,0.04961,Low,0.0049,0.03244,-0.02753,NEGATIVE RESPONSE
C00419,0,0,0.00505,Low,0.00742,0.00911,-0.00169,NEGATIVE RESPONSE
C00420,1,0,0.0436,Low,0.00667,0.03511,-0.02844,NEGATIVE RESPONSE
C00421,1,0,0.06143,Low,0.00439,0.02002,-0.01562,NEGATIVE RESPONSE
C00422,1,0,0.30076,Medium,0.00918,0.07343,-0.06425,NEGATIVE RESPONSE
C00423,1,0,0.00207,Low,0.00624,0.00618,6e-05,LOW RESPONSE
C00424,0,0,0.0083,Low,0.00766,0.00656,0.0011,LOW RESPONSE
C00425,0,0,0.13137,Low,0.00623,0.04136,-0.03513,NEGATIVE RESPONSE
C00426,1,0,0.01324,Low,0.00987,0.00804,0.00182,LOW RESPONSE
C00427,1,0,0.00521,Low,0.00843,0.00721,0.00122,LOW RESPONSE
C00428,1,0,0.00307,Low,0.00896,0.01395,-0.00499,NEGATIVE RESPONSE
C00429,1,0,0.00613,Low,0.00804,0.00754,0.0005,LOW RESPONSE
C00430,1,0,0.00539,Low,0.00559,0.00592,-0.00034,LOW RESPONSE
C00431,0,0,0.04528,Low,0.00537,0.06542,-0.06005,NEGATIVE RESPONSE
C00432,1,0,0.00223,Low,0.00711,0.00645,0.00066,LOW RESPONSE
C00433,1,0,0.0029,Low,0.02077,0.00788,0.01289,LOW RESPONSE
C00434,1,0,0.00295,Low,0.00563,0.00731,-0.00169,NEGATIVE RESPONSE
C00435,0,0,0.03525,Low,0.01225,0.0126,-0.00035,LOW RESPONSE
C00436,1,0,0.05032,Low,0.01678,0.04633,-0.02955,NEGATIVE RESPONSE
C00437,0,0,0.00391,Low,0.00762,0.00751,0.00011,LOW RESPONSE
C00438,1,0,0.04982,Low,0.01005,0.0073,0.00275,PERSUADABLE
C00439,1,0,0.0029,Low,0.00741,0.00571,0.0017,LOW RESPONSE
C00440,1,0,0.00599,Low,0.00602,0.00618,-0.00016,LOW RESPONSE
C00441,1,0,0.00829,Low,0.00833,0.00818,0.00015,LOW RESPONSE
C00442,1,0,0.0025,Low,0.00772,0.00744,0.00028,LOW RESPONSE
C00443,1,0,0.00489,Low,0.00876,0.00616,0.0026,LOW RESPONSE
C00444,1,0,0.01312,Low,0.00423,0.02652,-0.02229,NEGATIVE RESPONSE
C00445,0,0,0.00871,Low,0.00927,0.00828,0.00099,LOW RESPONSE
C00446,1,0,0.05258,Low,0.00654,0.02787,-0.02133,NEGATIVE RESPONSE
C00447,1,0,0.09812,Low,0.00929,0.03715,-0.02786,NEGATIVE RESPONSE
C00448,1,0,0.0192,Low,0.01009,0.0069,0.00319,LOW RESPONSE
C00449,1,0,0.00279,Low,0.00452,0.00623,-0.0017,NEGATIVE RESPONSE
C00450,0,0,0.01557,Low,0.00605,0.00904,-0.00299,NEGATIVE RESPONSE
C00451,0,1,0.93363,Critical,0.01899,0.0638,-0.04481,NEGATIVE RESPONSE
C00452,1,0,0.01919,Low,0.01801,0.01172,0.00628,LOW RESPONSE
C00453,0,0,0.00144,Low,0.00852,0.00667,0.00185,LOW RESPONSE
C00454,1,0,0.11458,Low,0.00577,0.06564,-0.05987,NEGATIVE RESPONSE
C00455,1,0,0.00472,Low,0.01251,0.01351,-0.001,NEGATIVE RESPONSE
C00456,1,0,0.00605,Low,0.01095,0.01016,0.00079,LOW RESPONSE
C00457,0,0,0.01238,Low,0.00632,0.00755,-0.00124,NEGATIVE RESPONSE
C00458,0,0,0.01154,Low,0.01067,0.00934,0.00133,LOW RESPONSE
C00459,0,0,0.0064,Low,0.0097,0.00957,0.00013,LOW RESPONSE
C00460,1,0,0.12384,Low,0.01076,0.04009,-0.02933,NEGATIVE RESPONSE
C00461,0,0,0.01177,Low,0.0068,0.0064,0.0004,LOW RESPONSE
C00462,0,0,0.00273,Low,0.00565,0.00574,-9e-05,LOW RESPONSE
C00463,1,0,0.22491,Low,0.00742,0.04509,-0.03767,NEGATIVE RESPONSE
C00464,1,0,0.24176,Low,0.00802,0.06224,-0.05422,NEGATIVE RESPONSE
C00465,1,0,0.01274,Low,0.01003,0.01411,-0.00407,NEGATIVE RESPONSE
C00466,1,0,0.00182,Low,0.00919,0.00656,0.00263,LOW RESPONSE
C00467,1,0,0.00448,Low,0.00924,0.00619,0.00305,LOW RESPONSE
C00468,1,0,0.00443,Low,0.0046,0.00627,-0.00167,NEGATIVE RESPONSE
C00469,0,0,0.00579,Low,0.00662,0.00611,0.00051,LOW RESPONSE
C00470,0,0,0.03141,Low,0.00453,0.01856,-0.01402,NEGATIVE RESPONSE
C00471,1,0,0.01357,Low,0.01228,0.00812,0.00416,LOW RESPONSE
C00472,1,0,0.00345,Low,0.00825,0.00542,0.00283,LOW RESPONSE
C00473,1,0,0.0671,Low,0.0064,0.02748,-0.02109,NEGATIVE RESPONSE
C00474,1,0,0.00337,Low,0.00811,0.00859,-0.00048,LOW RESPONSE
C00475,1,0,0.00248,Low,0.00501,0.00687,-0.00186,NEGATIVE RESPONSE
C00476,1,0,0.0093,Low,0.01039,0.01068,-0.00028,LOW RESPONSE
C00477,1,0,0.02071,Low,0.0069,0.02593,-0.01902,NEGATIVE RESPONSE
C00478,1,0,0.00692,Low,0.00712,0.00638,0.00074,LOW RESPONSE
C00479,1,0,0.00602,Low,0.00546,0.00467,0.00079,LOW RESPONSE
C00480,1,0,0.00918,Low,0.0064,0.00578,0.00062,LOW RESPONSE
C00481,1,0,0.14188,Low,0.00763,0.02633,-0.01871,NEGATIVE RESPONSE
C00482,0,0,0.14607,Low,0.01038,0.08997,-0.07958,NEGATIVE RESPONSE
C00483,1,0,0.06119,Low,0.00739,0.02914,-0.02175,NEGATIVE RESPONSE
C00484,1,0,0.08883,Low,0.00539,0.02799,-0.0226,NEGATIVE RESPONSE
C00485,1,0,0.01343,Low,0.00727,0.01229,-0.00502,NEGATIVE RESPONSE
C00486,1,0,0.00766,Low,0.00915,0.00627,0.00288,LOW RESPONSE
C00487,0,0,0.01161,Low,0.00454,0.00753,-0.00299,NEGATIVE RESPONSE
C00488,1,0,0.09768,Low,0.00675,0.05884,-0.05209,NEGATIVE RESPONSE
C00489,1,0,0.20044,Low,0.00601,0.08335,-0.07734,NEGATIVE RESPONSE
C00490,0,0,0.04127,Low,0.00951,0.03826,-0.02875,NEGATIVE RESPONSE
C00491,1,0,0.0104,Low,0.00389,0.0185,-0.0146,NEGATIVE RESPONSE
C00492,1,0,0.08021,Low,0.0068,0.04454,-0.03774,NEGATIVE RESPONSE
C00493,0,0,0.12413,Low,0.01136,0.03378,-0.02241,NEGATIVE RESPONSE
C00494,0,0,0.00063,Low,0.00494,0.00516,-0.00022,LOW RESPONSE
C00495,1,0,0.00101,Low,0.01634,0.00626,0.01009,LOW RESPONSE
C00496,1,0,0.1216,Low,0.00733,0.0391,-0.03177,NEGATIVE RESPONSE
C00497,1,0,0.00264,Low,0.00603,0.00764,-0.00161,NEGATIVE RESPONSE
C00498,0,0,0.00457,Low,0.01494,0.00813,0.0068,LOW RESPONSE
C00499,1,0,0.00444,Low,0.01088,0.00662,0.00426,LOW RESPONSE
C00500,1,0,0.01244,Low,0.00877,0.01284,-0.00408,NEGATIVE RESPONSE
C00501,1,0,0.18251,Low,0.00734,0.09985,-0.09251,NEGATIVE RESPONSE
C00502,1,0,0.01056,Low,0.00635,0.00502,0.00133,LOW RESPONSE
C00503,1,0,0.00213,Low,0.00524,0.00578,-0.00054,LOW RESPONSE
C00504,1,0,0.00837,Low,0.01299,0.01012,0.00286,LOW RESPONSE
C00505,1,0,0.0027,Low,0.00576,0.00512,0.00065,LOW RESPONSE
C00506,1,0,0.00936,Low,0.00612,0.00552,0.0006,LOW RESPONSE
C00507,1,1,0.90704,Critical,0.00657,0.06293,-0.05636,NEGATIVE RESPONSE
C00508,0,0,0.00531,Low,0.00751,0.00733,0.00018,LOW RESPONSE
C00509,1,0,0.17519,Low,0.00666,0.07418,-0.06752,NEGATIVE RESPONSE
C00510,1,0,0.00271,Low,0.00801,0.00895,-0.00094,LOW RESPONSE
C00511,1,0,0.07337,Low,0.00636,0.0391,-0.03273,NEGATIVE RESPONSE
C00512,1,0,0.30425,Medium,0.00782,0.06742,-0.0596,NEGATIVE RESPONSE
C00513,1,0,0.0408,Low,0.01303,0.0779,-0.06487,NEGATIVE RESPONSE
C00514,1,0,0.008,Low,0.00768,0.00855,-0.00087,LOW RESPONSE
C00515,1,0,0.02272,Low,0.0053,0.02792,-0.02262,NEGATIVE RESPONSE
C00516,1,0,0.08672,Low,0.00768,0.05697,-0.04929,NEGATIVE RESPONSE
C00517,1,0,0.0024,Low,0.00582,0.00567,0.00015,LOW RESPONSE
C00518,1,0,0.01463,Low,0.0053,0.00689,-0.00158,NEGATIVE RESPONSE
C00519,1,0,0.00313,Low,0.01222,0.01446,-0.00223,NEGATIVE RESPONSE
C00520,1,0,0.25847,Low,0.01136,0.07668,-0.06532,NEGATIVE RESPONSE
C00521,1,0,0.00866,Low,0.0098,0.00776,0.00204,LOW RESPONSE
C00522,1,0,0.00679,Low,0.01454,0.00911,0.00542,LOW RESPONSE
C00523,1,0,0.00585,Low,0.00596,0.01108,-0.00511,NEGATIVE RESPONSE
C00524,0,0,0.10401,Low,0.005,0.04007,-0.03507,NEGATIVE RESPONSE
C00525,1,0,0.00209,Low,0.01085,0.00886,0.00199,LOW RESPONSE
C00526,0,0,0.01039,Low,0.00789,0.00671,0.00118,LOW RESPONSE
C00527,1,0,0.06675,Low,0.01129,0.02329,-0.012,NEGATIVE RESPONSE
C00528,1,0,0.01707,Low,0.02429,0.00912,0.01517,LOW RESPONSE
C00529,1,0,0.01064,Low,0.01755,0.00847,0.00909,LOW RESPONSE
C00530,1,0,0.08623,Low,0.00551,0.03901,-0.0335,NEGATIVE RESPONSE
C00531,1,0,0.00991,Low,0.0091,0.01009,-0.00099,LOW RESPONSE
C00532,1,0,0.00526,Low,0.00671,0.01383,-0.00712,NEGATIVE RESPONSE
C00533,1,0,0.01335,Low,0.00682,0.02623,-0.01941,NEGATIVE RESPONSE
C00534,1,0,0.11474,Low,0.00966,0.03179,-0.02212,NEGATIVE RESPONSE
C00535,1,0,0.02655,Low,0.00494,0.01774,-0.0128,NEGATIVE RESPONSE
C00536,1,0,0.011,Low,0.01031,0.00767,0.00264,LOW RESPONSE
C00537,0,0,0.04189,Low,0.00898,0.0278,-0.01882,NEGATIVE RESPONSE
C00538,1,0,0.00382,Low,0.00524,0.0053,-6e-05,LOW RESPONSE
C00539,0,0,0.00585,Low,0.02333,0.00989,0.01344,LOW RESPONSE
C00540,1,0,0.05028,Low,0.00676,0.03971,-0.03294,NEGATIVE RESPONSE
C00541,1,0,0.0054,Low,0.00732,0.00833,-0.00101,NEGATIVE RESPONSE
C00542,1,0,0.0744,Low,0.0078,0.04326,-0.03546,NEGATIVE RESPONSE
C00543,1,0,0.00407,Low,0.00407,0.0084,-0.00434,NEGATIVE RESPONSE
C00544,1,0,0.14884,Low,0.00964,0.05722,-0.04758,NEGATIVE RESPONSE
C00545,1,0,0.00563,Low,0.01002,0.01216,-0.00214,NEGATIVE RESPONSE
C00546,1,0,0.05241,Low,0.00857,0.02545,-0.01688,NEGATIVE RESPONSE
C00547,1,0,0.01239,Low,0.00685,0.00856,-0.00171,NEGATIVE RESPONSE
C00548,1,0,0.0241,Low,0.00533,0.02574,-0.02041,NEGATIVE RESPONSE
C00549,1,0,0.00175,Low,0.00418,0.00559,-0.00141,NEGATIVE RESPONSE
C00550,1,0,0.00575,Low,0.00944,0.00559,0.00385,LOW RESPONSE
C00551,0,0,0.00593,Low,0.00749,0.00964,-0.00215,NEGATIVE RESPONSE
C00552,0,0,0.15712,Low,0.00578,0.03945,-0.03367,NEGATIVE RESPONSE
C00553,1,0,0.0023,Low,0.00585,0.00514,0.0007,LOW RESPONSE
C00554,1,0,0.00272,Low,0.00734,0.00946,-0.00211,NEGATIVE RESPONSE
C00555,1,0,0.15358,Low,0.00857,0.0306,-0.02202,NEGATIVE RESPONSE
C00556,1,0,0.15607,Low,0.00816,0.10175,-0.09359,NEGATIVE RESPONSE
C00557,1,0,0.00279,Low,0.00592,0.00539,0.00053,LOW RESPONSE
C00558,0,0,0.2111,Low,0.01552,0.07788,-0.06237,NEGATIVE RESPONSE
C00559,0,0,0.00849,Low,0.02558,0.01339,0.01219,LOW RESPONSE
C00560,1,0,0.0431,Low,0.00541,0.03318,-0.02777,NEGATIVE RESPONSE
C00561,1,0,0.0134,Low,0.00766,0.00635,0.0013,LOW RESPONSE
C00562,1,0,0.26967,Low,0.00951,0.04492,-0.03541,NEGATIVE RESPONSE
C00563,1,0,0.00427,Low,0.00851,0.00622,0.00228,LOW RESPONSE
C00564,1,0,0.00949,Low,0.0094,0.01056,-0.00116,NEGATIVE RESPONSE
C00565,1,0,0.00273,Low,0.00646,0.00817,-0.00171,NEGATIVE RESPONSE
C00566,0,0,0.08301,Low,0.00949,0.02983,-0.02034,NEGATIVE RESPONSE
C00567,0,0,0.0094,Low,0.01395,0.01051,0.00344,LOW RESPONSE
C00568,0,0,0.03278,Low,0.01062,0.02934,-0.01872,NEGATIVE RESPONSE
C00569,0,0,0.07457,Low,0.01494,0.03833,-0.02339,NEGATIVE RESPONSE
C00570,1,0,0.01134,Low,0.00995,0.00476,0.00519,LOW RESPONSE
C00571,1,0,0.14885,Low,0.01841,0.03204,-0.01363,NEGATIVE RESPONSE
C00572,1,0,0.00789,Low,0.00487,0.00638,-0.00151,NEGATIVE RESPONSE
C00573,0,0,0.00154,Low,0.00456,0.00522,-0.00066,LOW RESPONSE
C00574,1,0,0.00376,Low,0.01081,0.00605,0.00476,LOW RESPONSE
C00575,1,0,0.00334,Low,0.00582,0.00537,0.00045,LOW RESPONSE
C00576,1,0,0.05675,Low,0.01069,0.04628,-0.03559,NEGATIVE RESPONSE
C00577,1,0,0.00608,Low,0.01117,0.01302,-0.00186,NEGATIVE RESPONSE
C00578,0,0,0.42558,Medium,0.01434,0.07859,-0.06425,NEGATIVE RESPONSE
C00579,0,0,0.00996,Low,0.01104,0.00628,0.00476,LOW RESPONSE
C00580,1,0,0.02425,Low,0.02976,0.01061,0.01915,LOW RESPONSE
C00581,1,0,0.01624,Low,0.00442,0.02369,-0.01926,NEGATIVE RESPONSE
C00582,1,0,0.01729,Low,0.01706,0.0183,-0.00124,NEGATIVE RESPONSE
C00583,1,0,0.01644,Low,0.01157,0.00977,0.0018,LOW RESPONSE
C00584,1,0,0.0104,Low,0.00624,0.00891,-0.00267,NEGATIVE RESPONSE
C00585,1,0,0.00573,Low,0.00803,0.01028,-0.00225,NEGATIVE RESPONSE
C00586,1,0,0.00914,Low,0.01188,0.00869,0.00319,LOW RESPONSE
C00587,1,0,0.1153,Low,0.00412,0.03496,-0.03083,NEGATIVE RESPONSE
C00588,1,0,0.0326,Low,0.00544,0.02161,-0.01617,NEGATIVE RESPONSE
C00589,1,0,0.0121,Low,0.00638,0.02688,-0.0205,NEGATIVE RESPONSE
C00590,1,0,0.00253,Low,0.00556,0.00688,-0.00132,NEGATIVE RESPONSE
C00591,0,0,0.01145,Low,0.00818,0.00647,0.00172,LOW RESPONSE
C00592,1,0,0.00657,Low,0.01261,0.00843,0.00418,LOW RESPONSE
C00593,1,0,0.04062,Low,0.01014,0.06117,-0.05103,NEGATIVE RESPONSE
C00594,1,0,0.08243,Low,0.00577,0.05517,-0.0494,NEGATIVE RESPONSE
C00595,1,0,0.00603,Low,0.01196,0.00576,0.0062,LOW RESPONSE
C00596,1,0,0.00664,Low,0.00596,0.0079,-0.00194,NEGATIVE RESPONSE
C00597,1,0,0.01646,Low,0.00518,0.02655,-0.02138,NEGATIVE RESPONSE
C00598,0,0,0.06038,Low,0.00892,0.04994,-0.04102,NEGATIVE RESPONSE
C00599,1,0,0.03673,Low,0.00942,0.00693,0.00249,PERSUADABLE
C00600,1,0,0.02773,Low,0.01031,0.02297,-0.01267,NEGATIVE RESPONSE
C00601,1,0,0.07254,Low,0.00467,0.04527,-0.0406,NEGATIVE RESPONSE
C00602,1,0,0.00221,Low,0.00512,0.00584,-0.00072,LOW RESPONSE
C00603,0,0,0.16203,Low,0.00618,0.04733,-0.04115,NEGATIVE RESPONSE
C00604,0,0,0.39058,Medium,0.00605,0.04897,-0.04292,NEGATIVE RESPONSE
C00605,1,0,0.03564,Low,0.00961,0.04747,-0.03787,NEGATIVE RESPONSE
C00606,1,0,0.0109,Low,0.01684,0.02967,-0.01284,NEGATIVE RESPONSE
C00607,1,0,0.3057,Medium,0.01209,0.05873,-0.04664,NEGATIVE RESPONSE
C00608,1,0,0.11164,Low,0.00558,0.03541,-0.02983,NEGATIVE RESPONSE
C00609,1,0,0.00659,Low,0.01366,0.01039,0.00327,LOW RESPONSE
C00610,0,0,0.00257,Low,0.00567,0.00521,0.00046,LOW RESPONSE
C00611,1,0,0.01674,Low,0.01316,0.02371,-0.01055,NEGATIVE RESPONSE
C00612,1,0,0.0038,Low,0.00607,0.00734,-0.00127,NEGATIVE RESPONSE
C00613,0,0,0.00246,Low,0.00842,0.00742,0.00099,LOW RESPONSE
C00614,1,0,0.0882,Low,0.00699,0.02787,-0.02089,NEGATIVE RESPONSE
C00615,0,0,0.00323,Low,0.00596,0.00783,-0.00187,NEGATIVE RESPONSE
C00616,1,0,0.24939,Low,0.01003,0.04226,-0.03223,NEGATIVE RESPONSE
C00617,1,0,0.0688,Low,0.00877,0.06352,-0.05475,NEGATIVE RESPONSE
C00618,0,0,0.23561,Low,0.01139,0.05499,-0.0436,NEGATIVE RESPONSE
C00619,0,0,0.00598,Low,0.00674,0.00769,-0.00095,LOW RESPONSE
C00620,1,0,0.00206,Low,0.00726,0.00891,-0.00165,NEGATIVE RESPONSE
C00621,1,1,0.91327,Critical,0.0054,0.06609,-0.06069,NEGATIVE RESPONSE
C00622,1,0,0.00225,Low,0.00436,0.00522,-0.00086,LOW RESPONSE
C00623,1,0,0.00532,Low,0.00885,0.00652,0.00233,LOW RESPONSE
C00624,1,0,0.15814,Low,0.00839,0.11696,-0.10857,NEGATIVE RESPONSE
C00625,1,0,0.02016,Low,0.01244,0.00908,0.00336,LOW RESPONSE
C00626,1,0,0.15411,Low,0.00846,0.05194,-0.04349,NEGATIVE RESPONSE
C00627,1,0,0.02267,Low,0.01623,0.03346,-0.01724,NEGATIVE RESPONSE
C00628,1,0,0.09998,Low,0.00557,0.02987,-0.0243,NEGATIVE RESPONSE
C00629,1,0,0.00249,Low,0.00921,0.00749,0.00173,LOW RESPONSE
C00630,1,0,0.23103,Low,0.01211,0.07023,-0.05812,NEGATIVE RESPONSE
C00631,1,0,0.01874,Low,0.00983,0.01378,-0.00395,NEGATIVE RESPONSE
C00632,0,0,0.00733,Low,0.01068,0.00993,0.00076,LOW RESPONSE
C00633,0,1,0.91506,Critical,0.01441,0.09282,-0.0784,NEGATIVE RESPONSE
C00634,1,0,0.00669,Low,0.00644,0.00624,0.0002,LOW RESPONSE
C00635,1,0,0.05994,Low,0.00502,0.02572,-0.0207,NEGATIVE RESPONSE
C00636,0,0,0.00963,Low,0.00517,0.0063,-0.00113,NEGATIVE RESPONSE
C00637,1,0,0.00331,Low,0.00507,0.00515,-7e-05,LOW RESPONSE
C00638,1,0,0.00439,Low,0.0083,0.00795,0.00035,LOW RESPONSE
C00639,0,1,0.92571,Critical,0.02815,0.05572,-0.02757,NEGATIVE RESPONSE
C00640,1,0,0.00786,Low,0.006,0.0287,-0.0227,NEGATIVE RESPONSE
C00641,1,0,0.08206,Low,0.00805,0.08931,-0.08126,NEGATIVE RESPONSE
C00642,1,0,0.0154,Low,0.06512,0.04317,0.02195,HIGHLY PERSUADABLE
C00643,1,0,0.07449,Low,0.00493,0.06407,-0.05914,NEGATIVE RESPONSE
C00644,1,0,0.01181,Low,0.00444,0.02294,-0.0185,NEGATIVE RESPONSE
C00645,0,0,0.00809,Low,0.01425,0.00892,0.00533,LOW RESPONSE
C00646,1,0,0.00369,Low,0.00936,0.00596,0.0034,LOW RESPONSE
C00647,0,0,0.0446,Low,0.00501,0.02909,-0.02407,NEGATIVE RESPONSE
C00648,0,0,0.26005,Low,0.01548,0.06015,-0.04467,NEGATIVE RESPONSE
C00649,1,0,0.00668,Low,0.00867,0.00719,0.00148,LOW RESPONSE
C00650,1,0,0.01427,Low,0.0089,0.01041,-0.0015,NEGATIVE RESPONSE
C00651,1,0,0.00515,Low,0.00503,0.00983,-0.00481,NEGATIVE RESPONSE
C00652,1,0,0.00737,Low,0.00788,0.00659,0.00129,LOW RESPONSE
C00653,1,0,0.11968,Low,0.01103,0.03256,-0.02153,NEGATIVE RESPONSE
C00654,1,0,0.01232,Low,0.00673,0.00715,-0.00042,LOW RESPONSE
C00655,1,0,0.12838,Low,0.00758,0.0271,-0.01952,NEGATIVE RESPONSE
C00656,1,0,0.00278,Low,0.0188,0.00598,0.01282,LOW RESPONSE
C00657,1,0,0.0059,Low,0.00525,0.00802,-0.00277,NEGATIVE RESPONSE
C00658,1,0,0.00484,Low,0.00507,0.00611,-0.00104,NEGATIVE RESPONSE
C00659,1,0,0.00359,Low,0.01823,0.00673,0.0115,LOW RESPONSE
C00660,1,0,0.00146,Low,0.00943,0.00609,0.00334,LOW RESPONSE
C00661,1,0,0.002,Low,0.00713,0.01503,-0.0079,NEGATIVE RESPONSE
C00662,1,0,0.00158,Low,0.00551,0.00485,0.00066,LOW RESPONSE
C00663,0,0,0.00547,Low,0.00895,0.0083,0.00065,LOW RESPONSE
C00664,0,0,0.03389,Low,0.00633,0.02563,-0.0193,NEGATIVE RESPONSE
C00665,1,0,0.0155,Low,0.00737,0.00829,-0.00092,LOW RESPONSE
C00666,1,0,0.02095,Low,0.00907,0.02388,-0.01481,NEGATIVE RESPONSE
C00667,0,0,0.01784,Low,0.0114,0.00815,0.00325,LOW RESPONSE
C00668,1,0,0.18329,Low,0.00734,0.05009,-0.04276,NEGATIVE RESPONSE
C00669,1,0,0.00719,Low,0.00885,0.00589,0.00296,LOW RESPONSE
C00670,0,0,0.01279,Low,0.00619,0.02835,-0.02216,NEGATIVE RESPONSE
C00671,1,0,0.01333,Low,0.01158,0.01378,-0.0022,NEGATIVE RESPONSE
C00672,0,0,0.00992,Low,0.00993,0.00996,-3e-05,LOW RESPONSE
C00673,1,0,0.03125,Low,0.00515,0.03708,-0.03192,NEGATIVE RESPONSE
C00674,1,0,0.00199,Low,0.00939,0.00786,0.00152,LOW RESPONSE
C00675,1,0,0.01192,Low,0.01243,0.00714,0.00529,LOW RESPONSE
C00676,1,0,0.00341,Low,0.00584,0.00979,-0.00395,NEGATIVE RESPONSE
C00677,0,0,0.00799,Low,0.00683,0.00867,-0.00184,NEGATIVE RESPONSE
C00678,1,0,0.02293,Low,0.01477,0.00898,0.0058,LOW RESPONSE
C00679,1,0,0.00308,Low,0.00507,0.00878,-0.00371,NEGATIVE RESPONSE
C00680,1,0,0.01264,Low,0.00851,0.01245,-0.00395,NEGATIVE RESPONSE
C00681,1,0,0.00905,Low,0.01324,0.00766,0.00558,LOW RESPONSE
C00682,1,0,0.00415,Low,0.00993,0.0077,0.00223,LOW RESPONSE
C00683,0,0,0.00525,Low,0.00436,0.0072,-0.00284,NEGATIVE RESPONSE
C00684,1,0,0.00946,Low,0.01671,0.00717,0.00954,LOW RESPONSE
C00685,1,0,0.09169,Low,0.0085,0.02521,-0.01671,NEGATIVE RESPONSE
C00686,0,0,0.00823,Low,0.00514,0.00689,-0.00175,NEGATIVE RESPONSE
C00687,1,0,0.03017,Low,0.00597,0.03381,-0.02783,NEGATIVE RESPONSE
C00688,1,0,0.0081,Low,0.00671,0.00615,0.00056,LOW RESPONSE
C00689,0,0,0.13594,Low,0.0187,0.04947,-0.03077,NEGATIVE RESPONSE
C00690,1,0,0.23501,Low,0.00653,0.04524,-0.03871,NEGATIVE RESPONSE
C00691,1,0,0.02501,Low,0.00772,0.00708,0.00064,LOW RESPONSE
C00692,1,0,0.03187,Low,0.00706,0.03253,-0.02547,NEGATIVE RESPONSE
C00693,1,0,0.01254,Low,0.00947,0.00801,0.00147,LOW RESPONSE
C00694,1,0,0.21412,Low,0.01887,0.04666,-0.02779,NEGATIVE RESPONSE
C00695,1,0,0.00616,Low,0.00956,0.00916,0.00039,LOW RESPONSE
C00696,1,0,0.08213,Low,0.00943,0.0219,-0.01247,NEGATIVE RESPONSE
C00697,1,0,0.00359,Low,0.00572,0.00649,-0.00077,LOW RESPONSE
C00698,1,0,0.00663,Low,0.0107,0.01234,-0.00164,NEGATIVE RESPONSE
C00699,0,0,0.00178,Low,0.0047,0.00554,-0.00084,LOW RESPONSE
C00700,1,0,0.00704,Low,0.01188,0.00794,0.00394,LOW RESPONSE
C00701,1,0,0.00688,Low,0.02349,0.00903,0.01446,LOW RESPONSE
C00702,0,0,0.01306,Low,0.02215,0.01158,0.01057,LOW RESPONSE
C00703,0,0,0.00834,Low,0.00594,0.00794,-0.002,NEGATIVE RESPONSE
C00704,1,0,0.00887,Low,0.00766,0.06097,-0.05331,NEGATIVE RESPONSE
C00705,1,0,0.05009,Low,0.00705,0.0354,-0.02835,NEGATIVE RESPONSE
C00706,1,0,0.01459,Low,0.01446,0.00748,0.00698,LOW RESPONSE
C00707,1,0,0.00933,Low,0.00636,0.00864,-0.00228,NEGATIVE RESPONSE
C00708,1,0,0.05066,Low,0.00362,0.0313,-0.02768,NEGATIVE RESPONSE
C00709,1,0,0.00471,Low,0.00953,0.0061,0.00343,LOW RESPONSE
C00710,1,0,0.03172,Low,0.01,0.00971,0.00029,LOW RESPONSE
C00711,0,0,0.00366,Low,0.03152,0.02568,0.00585,LOW RESPONSE
C00712,1,0,0.00462,Low,0.01768,0.00979,0.00789,LOW RESPONSE
C00713,1,0,0.01746,Low,0.01427,0.00834,0.00593,LOW RESPONSE
C00714,1,0,0.22408,Low,0.00589,0.02751,-0.02162,NEGATIVE RESPONSE
C00715,1,0,0.04054,Low,0.01238,0.0119,0.00047,LOW RESPONSE
C00716,1,0,0.03882,Low,0.00715,0.03115,-0.024,NEGATIVE RESPONSE
C00717,1,0,0.00369,Low,0.00789,0.0103,-0.00241,NEGATIVE RESPONSE
C00718,1,0,0.00973,Low,0.00983,0.01554,-0.00571,NEGATIVE RESPONSE
C00719,1,0,0.00642,Low,0.01389,0.00821,0.00567,LOW RESPONSE
C00720,1,0,0.00689,Low,0.00645,0.00512,0.00134,LOW RESPONSE
C00721,0,0,0.00532,Low,0.00938,0.00901,0.00037,LOW RESPONSE
C00722,1,0,0.44358,Medium,0.00623,0.04711,-0.04088,NEGATIVE RESPONSE
C00723,1,0,0.01263,Low,0.01947,0.00913,0.01034,LOW RESPONSE
C00724,1,0,0.11287,Low,0.00524,0.03081,-0.02557,NEGATIVE RESPONSE
C00725,0,0,0.00401,Low,0.00642,0.00883,-0.00242,NEGATIVE RESPONSE
C00726,1,0,0.07702,Low,0.00783,0.03422,-0.02638,NEGATIVE RESPONSE
C00727,1,1,0.02142,Low,0.01182,0.10159,-0.08977,NEGATIVE RESPONSE
C00728,1,0,0.2034,Low,0.0049,0.04231,-0.03741,NEGATIVE RESPONSE
C00729,1,0,0.0074,Low,0.00996,0.00792,0.00204,LOW RESPONSE
C00730,0,0,0.00947,Low,0.00495,0.00977,-0.00482,NEGATIVE RESPONSE
C00731,0,0,0.00403,Low,0.01064,0.00867,0.00197,LOW RESPONSE
C00732,0,0,0.02987,Low,0.00436,0.04929,-0.04493,NEGATIVE RESPONSE
C00733,0,0,0.0306,Low,0.00346,0.03612,-0.03266,NEGATIVE RESPONSE
C00734,0,0,0.01113,Low,0.00502,0.00771,-0.00269,NEGATIVE RESPONSE
C00735,1,0,0.00336,Low,0.00426,0.00516,-0.00089,LOW RESPONSE
C00736,1,0,0.01433,Low,0.00858,0.00692,0.00166,LOW RESPONSE
C00737,1,0,0.00741,Low,0.00971,0.00873,0.00098,LOW RESPONSE
C00738,1,0,0.00346,Low,0.00482,0.00683,-0.00201,NEGATIVE RESPONSE
C00739,0,0,0.00483,Low,0.0073,0.00568,0.00162,LOW RESPONSE
C00740,0,0,0.0418,Low,0.0054,0.05278,-0.04738,NEGATIVE RESPONSE
C00741,0,0,0.01844,Low,0.00642,0.02382,-0.01741,NEGATIVE RESPONSE
C00742,1,0,0.00543,Low,0.01004,0.00993,1e-04,LOW RESPONSE
C00743,1,0,0.03645,Low,0.00679,0.05845,-0.05166,NEGATIVE RESPONSE
C00744,1,0,0.07832,Low,0.0049,0.04066,-0.03576,NEGATIVE RESPONSE
C00745,1,0,0.21913,Low,0.00837,0.04288,-0.03451,NEGATIVE RESPONSE
C00746,0,0,0.01149,Low,0.0175,0.01536,0.00214,LOW RESPONSE
C00747,0,0,0.02177,Low,0.00666,0.0084,-0.00174,NEGATIVE RESPONSE
C00748,1,0,0.0101,Low,0.02575,0.01687,0.00889,LOW RESPONSE
C00749,0,0,0.01116,Low,0.00594,0.00802,-0.00208,NEGATIVE RESPONSE
C00750,1,0,0.24694,Low,0.00718,0.05961,-0.05243,NEGATIVE RESPONSE
C00751,1,0,0.00887,Low,0.00926,0.0084,0.00086,LOW RESPONSE
C00752,0,0,0.01351,Low,0.03356,0.00775,0.02581,LOW RESPONSE
C00753,1,0,0.00772,Low,0.00914,0.00878,0.00036,LOW RESPONSE
C00754,1,0,0.03029,Low,0.01628,0.01128,0.00499,LOW RESPONSE
C00755,1,0,0.13616,Low,0.01105,0.04454,-0.03349,NEGATIVE RESPONSE
C00756,1,0,0.07087,Low,0.00592,0.03692,-0.03101,NEGATIVE RESPONSE
C00757,1,0,0.00397,Low,0.00943,0.00659,0.00284,LOW RESPONSE
C00758,1,0,0.00433,Low,0.00496,0.00674,-0.00178,NEGATIVE RESPONSE
C00759,0,0,0.00958,Low,0.00918,0.00672,0.00246,LOW RESPONSE
C00760,0,0,0.03131,Low,0.0201,0.00804,0.01207,LOW RESPONSE
C00761,1,0,0.00867,Low,0.01238,0.01124,0.00114,LOW RESPONSE
C00762,1,0,0.01677,Low,0.00498,0.01164,-0.00666,NEGATIVE RESPONSE
C00763,1,0,0.01846,Low,0.01003,0.00706,0.00296,LOW RESPONSE
C00764,1,0,0.01903,Low,0.01041,0.00944,0.00097,LOW RESPONSE
C00765,0,0,0.00662,Low,0.00686,0.00843,-0.00158,NEGATIVE RESPONSE
C00766,1,0,0.00343,Low,0.00877,0.01056,-0.00179,NEGATIVE RESPONSE
C00767,1,0,0.27892,Low,0.01219,0.0401,-0.0279,NEGATIVE RESPONSE
C00768,1,0,0.03195,Low,0.00458,0.02957,-0.02499,NEGATIVE RESPONSE
C00769,0,0,0.14953,Low,0.02694,0.04138,-0.01444,NEGATIVE RESPONSE
C00770,1,0,0.0828,Low,0.00671,0.02607,-0.01936,NEGATIVE RESPONSE
C00771,1,0,0.00181,Low,0.00581,0.00541,0.0004,LOW RESPONSE
C00772,1,0,0.00895,Low,0.01031,0.00849,0.00182,LOW RESPONSE
C00773,1,1,0.956,Critical,0.01199,0.18857,-0.17659,NEGATIVE RESPONSE
C00774,1,0,0.07665,Low,0.00416,0.03282,-0.02865,NEGATIVE RESPONSE
C00775,0,0,0.00617,Low,0.01061,0.01087,-0.00026,LOW RESPONSE
C00776,1,0,0.25309,Low,0.00545,0.05285,-0.0474,NEGATIVE RESPONSE
C00777,1,0,0.03502,Low,0.00718,0.03709,-0.02991,NEGATIVE RESPONSE
C00778,1,0,0.24765,Low,0.00689,0.04322,-0.03633,NEGATIVE RESPONSE
C00779,1,0,0.09248,Low,0.00695,0.04726,-0.04031,NEGATIVE RESPONSE
C00780,0,0,0.15442,Low,0.01015,0.15961,-0.14946,NEGATIVE RESPONSE
C00781,0,0,0.01245,Low,0.00854,0.0069,0.00164,LOW RESPONSE
C00782,1,0,0.00434,Low,0.01143,0.00897,0.00246,LOW RESPONSE
C00783,1,0,0.00897,Low,0.01122,0.00794,0.00328,LOW RESPONSE
C00784,1,0,0.02928,Low,0.00622,0.02038,-0.01416,NEGATIVE RESPONSE
C00785,0,0,0.23844,Low,0.01548,0.04701,-0.03153,NEGATIVE RESPONSE
C00786,1,0,0.00514,Low,0.00977,0.00931,0.00046,LOW RESPONSE
C00787,1,0,0.42301,Medium,0.01084,0.04538,-0.03454,NEGATIVE RESPONSE
C00788,1,0,0.00651,Low,0.01463,0.00761,0.00702,LOW RESPONSE
C00789,0,0,0.03408,Low,0.00566,0.02751,-0.02185,NEGATIVE RESPONSE
C00790,1,0,0.00575,Low,0.01196,0.00562,0.00633,LOW RESPONSE
C00791,1,0,0.02845,Low,0.00937,0.01423,-0.00486,NEGATIVE RESPONSE
C00792,1,0,0.01933,Low,0.0069,0.01843,-0.01153,NEGATIVE RESPONSE
C00793,1,0,0.11807,Low,0.00569,0.03884,-0.03315,NEGATIVE RESPONSE
C00794,1,0,0.00393,Low,0.01064,0.0108,-0.00015,LOW RESPONSE
C00795,1,0,0.01289,Low,0.00587,0.00851,-0.00264,NEGATIVE RESPONSE
C00796,1,0,0.02337,Low,0.01351,0.00729,0.00622,LOW RESPONSE
C00797,0,0,0.0575,Low,0.00776,0.04555,-0.03778,NEGATIVE RESPONSE
C00798,0,0,0.0048,Low,0.00906,0.00564,0.00341,LOW RESPONSE
C00799,1,0,0.07659,Low,0.00904,0.03154,-0.0225,NEGATIVE RESPONSE
C00800,1,0,0.01615,Low,0.00791,0.00951,-0.0016,NEGATIVE RESPONSE
C00801,1,0,0.00796,Low,0.01089,0.01043,0.00046,LOW RESPONSE
C00802,1,0,0.02485,Low,0.00697,0.00635,0.00062,LOW RESPONSE
C00803,0,0,0.0107,Low,0.01048,0.01339,-0.00291,NEGATIVE RESPONSE
C00804,1,0,0.1735,Low,0.00728,0.03678,-0.0295,NEGATIVE RESPONSE
C00805,0,0,0.05887,Low,0.00835,0.04074,-0.03239,NEGATIVE RESPONSE
C00806,1,0,0.10833,Low,0.00619,0.04778,-0.04159,NEGATIVE RESPONSE
C00807,1,0,0.01484,Low,0.01271,0.01489,-0.00218,NEGATIVE RESPONSE
C00808,1,0,0.02531,Low,0.01073,0.00713,0.0036,LOW RESPONSE
C00809,0,0,0.0184,Low,0.00739,0.01137,-0.00398,NEGATIVE RESPONSE
C00810,1,0,0.00293,Low,0.01224,0.00763,0.00462,LOW RESPONSE
C00811,1,0,0.16381,Low,0.00919,0.04201,-0.03282,NEGATIVE RESPONSE
C00812,1,0,0.00187,Low,0.0098,0.0055,0.0043,LOW RESPONSE
C00813,1,0,0.01867,Low,0.00649,0.00769,-0.0012,NEGATIVE RESPONSE
C00814,0,0,0.0188,Low,0.01608,0.01121,0.00487,LOW RESPONSE
C00815,1,0,0.00703,Low,0.00906,0.00628,0.00278,LOW RESPONSE
C00816,1,0,0.16149,Low,0.00703,0.06972,-0.06269,NEGATIVE RESPONSE
C00817,1,0,0.00308,Low,0.00599,0.00837,-0.00238,NEGATIVE RESPONSE
C00818,1,0,0.08724,Low,0.00737,0.03894,-0.03157,NEGATIVE RESPONSE
C00819,1,0,0.01097,Low,0.00552,0.03824,-0.03273,NEGATIVE RESPONSE
C00820,0,0,0.00338,Low,0.00794,0.0067,0.00124,LOW RESPONSE
C00821,1,0,0.00577,Low,0.00786,0.00828,-0.00042,LOW RESPONSE
C00822,0,0,0.08333,Low,0.00961,0.05721,-0.0476,NEGATIVE RESPONSE
C00823,1,0,0.02376,Low,0.00654,0.02492,-0.01838,NEGATIVE RESPONSE
C00824,1,0,0.00319,Low,0.00602,0.00666,-0.00064,LOW RESPONSE
C00825,1,0,0.04297,Low,0.00465,0.0438,-0.03915,NEGATIVE RESPONSE
C00826,1,0,0.00283,Low,0.00485,0.00481,4e-05,LOW RESPONSE
C00827,0,0,0.25077,Low,0.00763,0.03516,-0.02754,NEGATIVE RESPONSE
C00828,1,0,0.00105,Low,0.00505,0.00424,0.00081,LOW RESPONSE
C00829,1,0,0.00929,Low,0.01668,0.00572,0.01096,LOW RESPONSE
C00830,1,0,0.00687,Low,0.01166,0.00589,0.00576,LOW RESPONSE
C00831,1,0,0.00318,Low,0.00876,0.00703,0.00173,LOW RESPONSE
C00832,1,0,0.01293,Low,0.01202,0.00793,0.0041,LOW RESPONSE
C00833,1,0,0.02237,Low,0.00743,0.01357,-0.00614,NEGATIVE RESPONSE
C00834,1,0,0.00526,Low,0.01045,0.0098,0.00065,LOW RESPONSE
C00835,0,0,0.13227,Low,0.0083,0.04764,-0.03934,NEGATIVE RESPONSE
C00836,1,0,0.00466,Low,0.00559,0.0069,-0.0013,NEGATIVE RESPONSE
C00837,1,0,0.06139,Low,0.00974,0.07277,-0.06304,NEGATIVE RESPONSE
C00838,0,0,0.01132,Low,0.01911,0.01616,0.00295,LOW RESPONSE
C00839,1,0,0.01229,Low,0.00869,0.01146,-0.00277,NEGATIVE RESPONSE
C00840,0,0,0.00353,Low,0.00815,0.00843,-0.00027,LOW RESPONSE
C00841,0,0,0.00952,Low,0.00883,0.01258,-0.00375,NEGATIVE RESPONSE
C00842,1,0,0.00708,Low,0.00806,0.01043,-0.00236,NEGATIVE RESPONSE
C00843,1,0,0.00301,Low,0.00493,0.00551,-0.00058,LOW RESPONSE
C00844,0,0,0.00315,Low,0.00939,0.00935,4e-05,LOW RESPONSE
C00845,1,0,0.01784,Low,0.01092,0.00976,0.00117,LOW RESPONSE
C00846,1,0,0.01174,Low,0.00957,0.00659,0.00298,LOW RESPONSE
C00847,0,0,0.00125,Low,0.00676,0.00676,1e-05,LOW RESPONSE
C00848,0,0,0.01766,Low,0.01416,0.00766,0.0065,LOW RESPONSE
C00849,1,0,0.00328,Low,0.00941,0.01106,-0.00165,NEGATIVE RESPONSE
C00850,0,0,0.08247,Low,0.00534,0.03894,-0.0336,NEGATIVE RESPONSE
C00851,1,0,0.0052,Low,0.00687,0.00796,-0.0011,NEGATIVE RESPONSE
C00852,0,0,0.24418,Low,0.00567,0.04537,-0.0397,NEGATIVE RESPONSE
C00853,1,0,0.1212,Low,0.00723,0.08008,-0.07285,NEGATIVE RESPONSE
C00854,1,0,0.02259,Low,0.01178,0.01652,-0.00474,NEGATIVE RESPONSE
C00855,1,0,0.00223,Low,0.01045,0.00539,0.00506,LOW RESPONSE
C00856,1,0,0.02437,Low,0.01088,0.0294,-0.01852,NEGATIVE RESPONSE
C00857,1,0,0.00184,Low,0.0088,0.00682,0.00198,LOW RESPONSE
C00858,1,0,0.00529,Low,0.00589,0.00869,-0.0028,NEGATIVE RESPONSE
C00859,1,0,0.00301,Low,0.00499,0.00649,-0.0015,NEGATIVE RESPONSE
C00860,0,0,0.01509,Low,0.01344,0.00912,0.00432,LOW RESPONSE
C00861,1,0,0.0037,Low,0.00507,0.00603,-0.00097,LOW RESPONSE
C00862,0,0,0.05322,Low,0.00919,0.03227,-0.02308,NEGATIVE RESPONSE
C00863,1,0,0.00458,Low,0.00577,0.00765,-0.00189,NEGATIVE RESPONSE
C00864,1,0,0.00595,Low,0.00965,0.00864,0.00101,LOW RESPONSE
C00865,1,0,0.00434,Low,0.00777,0.00952,-0.00175,NEGATIVE RESPONSE
C00866,1,0,0.01264,Low,0.00861,0.00834,0.00027,LOW RESPONSE
C00867,1,0,0.09326,Low,0.0092,0.04792,-0.03872,NEGATIVE RESPONSE
C00868,0,0,0.02192,Low,0.01076,0.01226,-0.0015,NEGATIVE RESPONSE
C00869,1,0,0.00356,Low,0.00489,0.00752,-0.00263,NEGATIVE RESPONSE
C00870,0,0,0.05472,Low,0.01412,0.01137,0.00275,PERSUADABLE
C00871,0,0,0.00955,Low,0.00744,0.00735,9e-05,LOW RESPONSE
C00872,1,0,0.00392,Low,0.01072,0.00944,0.00128,LOW RESPONSE
C00873,1,0,0.00558,Low,0.0077,0.00761,9e-05,LOW RESPONSE
C00874,1,0,0.01724,Low,0.00864,0.0063,0.00234,LOW RESPONSE
C00875,1,0,0.35887,Medium,0.00795,0.06009,-0.05214,NEGATIVE RESPONSE
C00876,1,0,0.01151,Low,0.01105,0.0064,0.00466,LOW RESPONSE
C00877,1,0,0.01361,Low,0.01027,0.00847,0.00179,LOW RESPONSE
C00878,0,1,0.92084,Critical,0.01281,0.05194,-0.03914,NEGATIVE RESPONSE
C00879,1,0,0.05031,Low,0.00477,0.04304,-0.03828,NEGATIVE RESPONSE
C00880,1,0,0.00518,Low,0.00995,0.00767,0.00228,LOW RESPONSE
C00881,0,0,0.0617,Low,0.01247,0.08405,-0.07158,NEGATIVE RESPONSE
C00882,1,0,0.02618,Low,0.00582,0.01056,-0.00474,NEGATIVE RESPONSE
C00883,1,0,0.00126,Low,0.01123,0.00497,0.00626,LOW RESPONSE
C00884,1,0,0.01477,Low,0.01157,0.05292,-0.04135,NEGATIVE RESPONSE
C00885,0,0,0.06004,Low,0.0057,0.038,-0.0323,NEGATIVE RESPONSE
C00886,0,0,0.22024,Low,0.01416,0.0732,-0.05905,NEGATIVE RESPONSE
C00887,0,1,0.26314,Low,0.03575,0.07391,-0.03816,NEGATIVE RESPONSE
C00888,1,0,0.00828,Low,0.00412,0.02144,-0.01732,NEGATIVE RESPONSE
C00889,1,0,0.01584,Low,0.01149,0.0082,0.00329,LOW RESPONSE
C00890,1,0,0.00879,Low,0.0075,0.00904,-0.00154,NEGATIVE RESPONSE
C00891,1,0,0.00158,Low,0.00913,0.00721,0.00192,LOW RESPONSE
C00892,0,0,0.00529,Low,0.00784,0.00881,-0.00097,LOW RESPONSE
C00893,1,0,0.00871,Low,0.00481,0.00725,-0.00244,NEGATIVE RESPONSE
C00894,1,0,0.36927,Medium,0.00955,0.03733,-0.02778,NEGATIVE RESPONSE
C00895,1,0,0.00548,Low,0.00771,0.00749,0.00022,LOW RESPONSE
C00896,1,0,0.08841,Low,0.00463,0.03186,-0.02722,NEGATIVE RESPONSE
C00897,0,0,0.0193,Low,0.01611,0.01062,0.0055,LOW RESPONSE
C00898,0,0,0.06507,Low,0.00509,0.02506,-0.01997,NEGATIVE RESPONSE
C00899,1,0,0.00565,Low,0.01171,0.01186,-0.00015,LOW RESPONSE
C00900,1,1,0.61079,High,0.0137,0.21473,-0.20103,NEGATIVE RESPONSE
C00901,1,0,0.00136,Low,0.00726,0.00649,0.00078,LOW RESPONSE
C00902,0,0,0.00577,Low,0.00911,0.00746,0.00165,LOW RESPONSE
C00903,1,0,0.02237,Low,0.01239,0.01369,-0.00131,NEGATIVE RESPONSE
C00904,1,0,0.0509,Low,0.01041,0.00936,0.00105,PERSUADABLE
C00905,0,0,0.04254,Low,0.00693,0.01375,-0.00682,NEGATIVE RESPONSE
C00906,0,0,0.0115,Low,0.00947,0.02188,-0.0124,NEGATIVE RESPONSE
C00907,1,0,0.0032,Low,0.0089,0.00896,-7e-05,LOW RESPONSE
C00908,1,0,0.00676,Low,0.01016,0.00739,0.00277,LOW RESPONSE
C00909,1,0,0.0074,Low,0.00797,0.00902,-0.00105,NEGATIVE RESPONSE
C00910,1,0,0.10836,Low,0.00575,0.04633,-0.04058,NEGATIVE RESPONSE
C00911,1,0,0.00914,Low,0.00975,0.00838,0.00137,LOW RESPONSE
C00912,0,0,0.00358,Low,0.01049,0.00533,0.00516,LOW RESPONSE
C00913,1,0,0.00652,Low,0.00442,0.00681,-0.00239,NEGATIVE RESPONSE
C00914,1,0,0.01544,Low,0.01012,0.00679,0.00333,LOW RESPONSE
C00915,1,0,0.00639,Low,0.00782,0.00885,-0.00103,NEGATIVE RESPONSE
C00916,1,0,0.01808,Low,0.01241,0.0107,0.00172,LOW RESPONSE
C00917,1,0,0.27168,Low,0.0059,0.06616,-0.06026,NEGATIVE RESPONSE
C00918,1,0,0.01233,Low,0.0075,0.00759,-9e-05,LOW RESPONSE
C00919,1,0,0.00267,Low,0.00898,0.00801,0.00097,LOW RESPONSE
C00920,1,0,0.09688,Low,0.00925,0.04589,-0.03665,NEGATIVE RESPONSE
C00921,1,0,0.00452,Low,0.00712,0.00677,0.00035,LOW RESPONSE
C00922,1,0,0.00686,Low,0.01054,0.00661,0.00393,LOW RESPONSE
C00923,1,0,0.03812,Low,0.00993,0.03732,-0.02739,NEGATIVE RESPONSE
C00924,0,0,0.13351,Low,0.0085,0.08768,-0.07918,NEGATIVE RESPONSE
C00925,1,0,0.00265,Low,0.00686,0.00794,-0.00108,NEGATIVE RESPONSE
C00926,1,0,0.00887,Low,0.00787,0.00684,0.00103,LOW RESPONSE
C00927,0,0,0.01086,Low,0.00946,0.00639,0.00307,LOW RESPONSE
C00928,1,0,0.01088,Low,0.00739,0.00943,-0.00205,NEGATIVE RESPONSE
C00929,1,0,0.00428,Low,0.00679,0.01267,-0.00588,NEGATIVE RESPONSE
C00930,0,0,0.01743,Low,0.00883,0.00829,0.00054,LOW RESPONSE
C00931,0,0,0.03401,Low,0.00359,0.02669,-0.0231,NEGATIVE RESPONSE
C00932,0,0,0.01663,Low,0.01254,0.00928,0.00326,LOW RESPONSE
C00933,1,0,0.02403,Low,0.01279,0.00777,0.00502,LOW RESPONSE
C00934,1,0,0.0144,Low,0.02844,0.02393,0.00451,LOW RESPONSE
C00935,0,0,0.00798,Low,0.00843,0.00748,0.00095,LOW RESPONSE
C00936,0,0,0.14604,Low,0.00606,0.06469,-0.05863,NEGATIVE RESPONSE
C00937,1,0,0.00323,Low,0.00731,0.00832,-0.00101,NEGATIVE RESPONSE
C00938,0,0,0.00251,Low,0.01581,0.01031,0.0055,LOW RESPONSE
C00939,0,0,0.0053,Low,0.01369,0.00761,0.00608,LOW RESPONSE
C00940,1,0,0.00963,Low,0.0103,0.00627,0.00402,LOW RESPONSE
C00941,0,0,0.00328,Low,0.00517,0.0053,-0.00013,LOW RESPONSE
C00942,1,0,0.03001,Low,0.01225,0.00972,0.00253,LOW RESPONSE
C00943,0,0,0.05017,Low,0.01253,0.05116,-0.03862,NEGATIVE RESPONSE
C00944,0,0,0.00236,Low,0.00776,0.00792,-0.00016,LOW RESPONSE
C00945,1,0,0.00395,Low,0.00551,0.00524,0.00026,LOW RESPONSE
C00946,1,0,0.17907,Low,0.01106,0.0573,-0.04624,NEGATIVE RESPONSE
C00947,1,0,0.00703,Low,0.00903,0.01189,-0.00286,NEGATIVE RESPONSE
C00948,1,0,0.05482,Low,0.00927,0.04413,-0.03486,NEGATIVE RESPONSE
C00949,1,0,0.00367,Low,0.00824,0.00582,0.00242,LOW RESPONSE
C00950,1,0,0.00565,Low,0.00527,0.00639,-0.00112,NEGATIVE RESPONSE
C00951,1,0,0.00187,Low,0.00458,0.00496,-0.00038,LOW RESPONSE
C00952,1,0,0.00925,Low,0.01058,0.01024,0.00035,LOW RESPONSE
C00953,1,1,0.37988,Medium,0.00635,0.03926,-0.03291,NEGATIVE RESPONSE
C00954,0,0,0.0015,Low,0.00762,0.01156,-0.00395,NEGATIVE RESPONSE
C00955,1,0,0.193,Low,0.00539,0.04013,-0.03474,NEGATIVE RESPONSE
C00956,1,0,0.00507,Low,0.00917,0.00826,0.00091,LOW RESPONSE
C00957,1,0,0.02777,Low,0.00438,0.04194,-0.03756,NEGATIVE RESPONSE
C00958,1,0,0.02577,Low,0.01317,0.01617,-0.00301,NEGATIVE RESPONSE
C00959,1,0,0.01001,Low,0.01035,0.00902,0.00132,LOW RESPONSE
C00960,1,0,0.01064,Low,0.0103,0.00845,0.00185,LOW RESPONSE
C00961,1,0,0.00557,Low,0.00521,0.00785,-0.00264,NEGATIVE RESPONSE
C00962,1,0,0.02259,Low,0.02279,0.01048,0.01231,LOW RESPONSE
C00963,1,0,0.02601,Low,0.0096,0.01009,-0.00049,LOW RESPONSE
C00964,1,0,0.01305,Low,0.00851,0.02205,-0.01354,NEGATIVE RESPONSE
C00965,1,0,0.0076,Low,0.01011,0.00614,0.00397,LOW RESPONSE
C00966,1,0,0.00785,Low,0.00949,0.01057,-0.00108,NEGATIVE RESPONSE
C00967,1,0,0.01568,Low,0.01185,0.01297,-0.00112,NEGATIVE RESPONSE
C00968,0,0,0.00695,Low,0.00682,0.00807,-0.00125,NEGATIVE RESPONSE
C00969,1,0,0.00489,Low,0.00414,0.00736,-0.00322,NEGATIVE RESPONSE
C00970,1,1,0.95166,Critical,0.02023,0.13261,-0.11238,NEGATIVE RESPONSE
C00971,1,0,0.00238,Low,0.00777,0.00577,0.002,LOW RESPONSE
C00972,1,1,0.95982,Critical,0.01926,0.13338,-0.11411,NEGATIVE RESPONSE
C00973,0,0,0.00762,Low,0.00647,0.01019,-0.00372,NEGATIVE RESPONSE
C00974,0,0,0.00818,Low,0.0096,0.01079,-0.00119,NEGATIVE RESPONSE
C00975,1,0,0.00984,Low,0.00794,0.01013,-0.00219,NEGATIVE RESPONSE
C00976,0,0,0.08084,Low,0.00497,0.03017,-0.0252,NEGATIVE RESPONSE
C00977,0,0,0.01157,Low,0.01126,0.01156,-0.0003,LOW RESPONSE
C00978,1,0,0.1991,Low,0.01034,0.07739,-0.06705,NEGATIVE RESPONSE
C00979,0,0,0.07376,Low,0.0087,0.03573,-0.02703,NEGATIVE RESPONSE
C00980,0,0,0.00859,Low,0.00961,0.01119,-0.00158,NEGATIVE RESPONSE
C00981,1,0,0.00548,Low,0.01597,0.01252,0.00346,LOW RESPONSE
C00982,1,0,0.02282,Low,0.02006,0.03983,-0.01977,NEGATIVE RESPONSE
C00983,1,0,0.00716,Low,0.00626,0.00846,-0.00221,NEGATIVE RESPONSE
C00984,1,0,0.00947,Low,0.00928,0.0114,-0.00212,NEGATIVE RESPONSE
C00985,1,0,0.04291,Low,0.00903,0.04431,-0.03528,NEGATIVE RESPONSE
C00986,1,0,0.00322,Low,0.0109,0.00993,0.00097,LOW RESPONSE
C00987,0,0,0.06479,Low,0.00776,0.03855,-0.03079,NEGATIVE RESPONSE
C00988,1,0,0.00484,Low,0.01107,0.00931,0.00176,LOW RESPONSE
C00989,0,0,0.00106,Low,0.00354,0.00614,-0.00259,NEGATIVE RESPONSE
C00990,1,0,0.01449,Low,0.01007,0.0107,-0.00063,LOW RESPONSE
C00991,1,0,0.00402,Low,0.0095,0.00772,0.00178,LOW RESPONSE
C00992,0,0,0.01561,Low,0.01059,0.03179,-0.0212,NEGATIVE RESPONSE
C00993,1,0,0.00645,Low,0.0099,0.00704,0.00287,LOW RESPONSE
C00994,1,0,0.00243,Low,0.00545,0.00841,-0.00297,NEGATIVE RESPONSE
C00995,1,0,0.00507,Low,0.01325,0.00818,0.00506,LOW RESPONSE
C00996,0,0,0.00389,Low,0.01786,0.00787,0.00999,LOW RESPONSE
C00997,1,0,0.00153,Low,0.00576,0.00672,-0.00096,LOW RESPONSE
C00998,1,0,0.25842,Low,0.00977,0.06586,-0.05608,NEGATIVE RESPONSE
C00999,1,0,0.0017,Low,0.01012,0.01,0.00012,LOW RESPONSE
C01000,0,0,0.0973,Low,0.00462,0.04234,-0.03772,NEGATIVE RESPONSE
C01001,1,0,0.01071,Low,0.01091,0.01126,-0.00034,LOW RESPONSE
C01002,1,0,0.00291,Low,0.00854,0.01037,-0.00183,NEGATIVE RESPONSE
C01003,1,0,0.00267,Low,0.00554,0.00531,0.00023,LOW RESPONSE
C01004,1,0,0.004,Low,0.00813,0.00742,0.00071,LOW RESPONSE
C01005,1,0,0.00397,Low,0.00445,0.00544,-0.00098,LOW RESPONSE
C01006,1,0,0.02321,Low,0.00745,0.02292,-0.01548,NEGATIVE RESPONSE
C01007,0,0,0.02123,Low,0.00917,0.01282,-0.00365,NEGATIVE RESPONSE
C01008,0,0,0.16296,Low,0.01091,0.04374,-0.03283,NEGATIVE RESPONSE
C01009,1,0,0.44467,Medium,0.01102,0.08012,-0.0691,NEGATIVE RESPONSE
C01010,1,0,0.00387,Low,0.00853,0.00563,0.0029,LOW RESPONSE
C01011,1,0,0.05438,Low,0.00737,0.03897,-0.03159,NEGATIVE RESPONSE
C01012,1,0,0.01224,Low,0.00869,0.01855,-0.00986,NEGATIVE RESPONSE
C01013,0,0,0.00576,Low,0.01111,0.01379,-0.00269,NEGATIVE RESPONSE
C01014,1,0,0.01061,Low,0.00677,0.0073,-0.00053,LOW RESPONSE
C01015,0,1,0.62935,High,0.01142,0.09442,-0.083,NEGATIVE RESPONSE
C01016,1,0,0.01006,Low,0.00468,0.00842,-0.00374,NEGATIVE RESPONSE
C01017,1,0,0.07084,Low,0.00978,0.04863,-0.03886,NEGATIVE RESPONSE
C01018,1,0,0.33268,Medium,0.01431,0.05008,-0.03576,NEGATIVE RESPONSE
C01019,0,0,0.00281,Low,0.00758,0.0355,-0.02792,NEGATIVE RESPONSE
C01020,0,0,0.2079,Low,0.00743,0.06792,-0.06049,NEGATIVE RESPONSE
C01021,1,0,0.00594,Low,0.0174,0.00767,0.00973,LOW RESPONSE
C01022,1,0,0.0121,Low,0.01053,0.00811,0.00242,LOW RESPONSE
C01023,1,0,0.00486,Low,0.01512,0.00708,0.00804,LOW RESPONSE
C01024,1,0,0.00723,Low,0.0084,0.00906,-0.00066,LOW RESPONSE
C01025,1,0,0.00507,Low,0.00889,0.00827,0.00062,LOW RESPONSE
C01026,1,0,0.01118,Low,0.00598,0.00782,-0.00184,NEGATIVE RESPONSE
C01027,1,0,0.01954,Low,0.01576,0.00644,0.00931,LOW RESPONSE
C01028,1,0,0.01618,Low,0.01875,0.00909,0.00966,LOW RESPONSE
C01029,1,0,0.00143,Low,0.00916,0.00598,0.00318,LOW RESPONSE
C01030,1,0,0.00656,Low,0.00533,0.00556,-0.00023,LOW RESPONSE
C01031,1,0,0.00199,Low,0.00555,0.00722,-0.00167,NEGATIVE RESPONSE
C01032,0,0,0.0548,Low,0.00635,0.04217,-0.03583,NEGATIVE RESPONSE
C01033,0,0,0.05704,Low,0.00582,0.03694,-0.03112,NEGATIVE RESPONSE
C01034,1,0,0.01377,Low,0.00664,0.00839,-0.00175,NEGATIVE RESPONSE
C01035,0,0,0.14785,Low,0.00898,0.03592,-0.02694,NEGATIVE RESPONSE
C01036,1,0,0.26714,Low,0.00676,0.03324,-0.02648,NEGATIVE RESPONSE
C01037,1,0,0.00391,Low,0.04474,0.01232,0.03243,HIGHLY PERSUADABLE
C01038,0,0,0.10825,Low,0.00558,0.09013,-0.08455,NEGATIVE RESPONSE
C01039,1,0,0.05111,Low,0.00768,0.02612,-0.01844,NEGATIVE RESPONSE
C01040,1,0,0.02908,Low,0.01081,0.02979,-0.01898,NEGATIVE RESPONSE
C01041,0,0,0.01047,Low,0.00909,0.00832,0.00078,LOW RESPONSE
C01042,1,0,0.01752,Low,0.0113,0.01054,0.00076,LOW RESPONSE
C01043,1,0,0.01291,Low,0.00673,0.0119,-0.00517,NEGATIVE RESPONSE
C01044,0,0,0.00977,Low,0.00554,0.01259,-0.00705,NEGATIVE RESPONSE
C01045,0,1,0.96678,Critical,0.01863,0.1424,-0.12377,NEGATIVE RESPONSE
C01046,0,0,0.01114,Low,0.01309,0.00841,0.00468,LOW RESPONSE
C01047,1,0,0.00158,Low,0.00492,0.00641,-0.00149,NEGATIVE RESPONSE
C01048,1,0,0.01054,Low,0.02014,0.012,0.00814,LOW RESPONSE
C01049,0,0,0.0571,Low,0.00544,0.0433,-0.03786,NEGATIVE RESPONSE
C01050,1,0,0.00281,Low,0.00745,0.005,0.00246,LOW RESPONSE
C01051,0,0,0.00585,Low,0.01004,0.00541,0.00463,LOW RESPONSE
C01052,0,0,0.00057,Low,0.00627,0.00841,-0.00213,NEGATIVE RESPONSE
C01053,1,1,0.97575,Critical,0.02709,0.3914,-0.36431,NEGATIVE RESPONSE
C01054,1,0,0.07604,Low,0.01187,0.0967,-0.08483,NEGATIVE RESPONSE
C01055,1,0,0.03203,Low,0.00952,0.01162,-0.00209,NEGATIVE RESPONSE
C01056,1,1,0.94441,Critical,0.00966,0.14132,-0.13166,NEGATIVE RESPONSE
C01057,1,0,0.01823,Low,0.01314,0.00985,0.00328,LOW RESPONSE
C01058,1,0,0.01241,Low,0.01032,0.00529,0.00503,LOW RESPONSE
C01059,1,0,0.09342,Low,0.0092,0.03308,-0.02388,NEGATIVE RESPONSE
C01060,1,0,0.14281,Low,0.01014,0.06057,-0.05043,NEGATIVE RESPONSE
C01061,1,0,0.00381,Low,0.00793,0.0087,-0.00077,LOW RESPONSE
C01062,1,0,0.01117,Low,0.01096,0.00867,0.00228,LOW RESPONSE
C01063,0,0,0.58907,Medium,0.00911,0.05364,-0.04453,NEGATIVE RESPONSE
C01064,1,0,0.00498,Low,0.00691,0.00486,0.00205,LOW RESPONSE
C01065,0,0,0.00891,Low,0.00665,0.00801,-0.00136,NEGATIVE RESPONSE
C01066,1,0,0.00398,Low,0.00756,0.00904,-0.00149,NEGATIVE RESPONSE
C01067,1,0,0.01736,Low,0.0105,0.01,0.0005,LOW RESPONSE
C01068,1,0,0.13355,Low,0.00694,0.04739,-0.04045,NEGATIVE RESPONSE
C01069,0,0,0.01086,Low,0.01076,0.00589,0.00487,LOW RESPONSE
C01070,1,0,0.02643,Low,0.00978,0.02614,-0.01637,NEGATIVE RESPONSE
C01071,1,0,0.00874,Low,0.01282,0.00875,0.00407,LOW RESPONSE
C01072,1,0,0.03143,Low,0.00697,0.01002,-0.00305,NEGATIVE RESPONSE
C01073,1,0,0.0305,Low,0.02244,0.05311,-0.03067,NEGATIVE RESPONSE
C01074,1,0,0.00623,Low,0.00831,0.01065,-0.00235,NEGATIVE RESPONSE
C01075,0,0,0.01271,Low,0.00583,0.01006,-0.00423,NEGATIVE RESPONSE
C01076,1,0,0.00257,Low,0.00548,0.00741,-0.00193,NEGATIVE RESPONSE
C01077,1,1,0.96635,Critical,0.01614,0.24686,-0.23072,NEGATIVE RESPONSE
C01078,1,0,0.0105,Low,0.00614,0.00827,-0.00213,NEGATIVE RESPONSE
C01079,1,0,0.01345,Low,0.01524,0.00844,0.0068,LOW RESPONSE
C01080,0,0,0.01464,Low,0.01019,0.01003,0.00016,LOW RESPONSE
C01081,1,0,0.00477,Low,0.01308,0.00929,0.00379,LOW RESPONSE
C01082,1,0,0.00182,Low,0.00527,0.00507,0.0002,LOW RESPONSE
C01083,0,0,0.11039,Low,0.00521,0.03398,-0.02878,NEGATIVE RESPONSE
C01084,1,0,0.00499,Low,0.0075,0.00624,0.00127,LOW RESPONSE
C01085,0,0,0.00558,Low,0.00795,0.00702,0.00093,LOW RESPONSE
C01086,1,0,0.00497,Low,0.00635,0.00768,-0.00133,NEGATIVE RESPONSE
C01087,1,0,0.01634,Low,0.01676,0.00892,0.00785,LOW RESPONSE
C01088,1,0,0.01674,Low,0.00673,0.0084,-0.00167,NEGATIVE RESPONSE
C01089,0,0,0.01694,Low,0.01098,0.00939,0.00159,LOW RESPONSE
C01090,1,0,0.20891,Low,0.01074,0.07407,-0.06334,NEGATIVE RESPONSE
C01091,0,0,0.00548,Low,0.00965,0.00707,0.00258,LOW RESPONSE
C01092,1,0,0.00151,Low,0.0081,0.00698,0.00111,LOW RESPONSE
C01093,1,0,0.00257,Low,0.00822,0.0051,0.00312,LOW RESPONSE
C01094,0,0,0.01099,Low,0.01614,0.0112,0.00494,LOW RESPONSE
C01095,0,0,0.01256,Low,0.00877,0.00824,0.00053,LOW RESPONSE
C01096,1,0,0.00188,Low,0.00536,0.0071,-0.00174,NEGATIVE RESPONSE
C01097,0,0,0.0072,Low,0.00973,0.00622,0.00351,LOW RESPONSE
C01098,1,0,0.01243,Low,0.02783,0.01571,0.01212,LOW RESPONSE
C01099,1,0,0.00141,Low,0.00761,0.00508,0.00252,LOW RESPONSE
C01100,1,0,0.0422,Low,0.01172,0.0388,-0.02708,NEGATIVE RESPONSE
C01101,1,0,0.0074,Low,0.00889,0.00612,0.00277,LOW RESPONSE
C01102,1,0,0.0061,Low,0.00877,0.00588,0.00289,LOW RESPONSE
C01103,1,0,0.04097,Low,0.00906,0.02984,-0.02078,NEGATIVE RESPONSE
C01104,0,0,0.01089,Low,0.01087,0.00653,0.00434,LOW RESPONSE
C01105,1,0,0.01365,Low,0.01001,0.00923,0.00079,LOW RESPONSE
C01106,0,0,0.00846,Low,0.00696,0.00667,0.00028,LOW RESPONSE
C01107,1,0,0.0094,Low,0.01208,0.00987,0.00221,LOW RESPONSE
C01108,1,0,0.02513,Low,0.00985,0.0097,0.00015,LOW RESPONSE
C01109,1,0,0.0455,Low,0.00748,0.02759,-0.02011,NEGATIVE RESPONSE
C01110,1,0,0.00677,Low,0.00769,0.01117,-0.00348,NEGATIVE RESPONSE
C01111,1,0,0.00724,Low,0.01033,0.01301,-0.00268,NEGATIVE RESPONSE
C01112,1,1,0.9198,Critical,0.01112,0.09664,-0.08552,NEGATIVE RESPONSE
C01113,0,0,0.00777,Low,0.0073,0.00747,-0.00017,LOW RESPONSE
C01114,1,0,0.06326,Low,0.0099,0.02639,-0.01649,NEGATIVE RESPONSE
C01115,0,0,0.00661,Low,0.00666,0.00583,0.00084,LOW RESPONSE
C01116,1,0,0.02086,Low,0.00778,0.01967,-0.01189,NEGATIVE RESPONSE
C01117,1,0,0.00513,Low,0.00581,0.00845,-0.00264,NEGATIVE RESPONSE
C01118,1,0,0.00662,Low,0.00607,0.00919,-0.00312,NEGATIVE RESPONSE
C01119,0,0,0.00247,Low,0.01211,0.00905,0.00306,LOW RESPONSE
C01120,1,0,0.09906,Low,0.01082,0.03706,-0.02624,NEGATIVE RESPONSE
C01121,1,0,0.17685,Low,0.00486,0.08957,-0.08471,NEGATIVE RESPONSE
C01122,0,0,0.01909,Low,0.01019,0.01067,-0.00048,LOW RESPONSE
C01123,1,0,0.00042,Low,0.00479,0.00733,-0.00254,NEGATIVE RESPONSE
C01124,1,0,0.00614,Low,0.01129,0.01023,0.00106,LOW RESPONSE
C01125,1,0,0.00236,Low,0.00651,0.00685,-0.00034,LOW RESPONSE
C01126,1,0,0.11429,Low,0.01283,0.05349,-0.04067,NEGATIVE RESPONSE
C01127,0,0,0.00339,Low,0.00956,0.00671,0.00285,LOW RESPONSE
C01128,0,0,0.00381,Low,0.01282,0.00845,0.00437,LOW RESPONSE
C01129,1,0,0.01313,Low,0.00531,0.01375,-0.00844,NEGATIVE RESPONSE
C01130,0,0,0.0236,Low,0.01307,0.0114,0.00168,LOW RESPONSE
C01131,0,0,0.23539,Low,0.00979,0.09171,-0.08192,NEGATIVE RESPONSE
C01132,1,0,0.02544,Low,0.00895,0.04427,-0.03532,NEGATIVE RESPONSE
C01133,1,0,0.41786,Medium,0.02523,0.07063,-0.04541,NEGATIVE RESPONSE
C01134,1,0,0.00965,Low,0.00761,0.00657,0.00104,LOW RESPONSE
C01135,1,0,0.06048,Low,0.00812,0.03957,-0.03145,NEGATIVE RESPONSE
C01136,1,0,0.00226,Low,0.00607,0.00636,-0.00029,LOW RESPONSE
C01137,1,0,0.25831,Low,0.00465,0.07132,-0.06666,NEGATIVE RESPONSE
C01138,1,0,0.00544,Low,0.01251,0.01272,-0.00022,LOW RESPONSE
C01139,1,0,0.01168,Low,0.01651,0.01142,0.00509,LOW RESPONSE
C01140,0,0,0.00335,Low,0.01337,0.01054,0.00283,LOW RESPONSE
C01141,1,0,0.0059,Low,0.00606,0.00716,-0.0011,NEGATIVE RESPONSE
C01142,1,0,0.03083,Low,0.00463,0.03552,-0.0309,NEGATIVE RESPONSE
C01143,1,0,0.10403,Low,0.01009,0.04273,-0.03264,NEGATIVE RESPONSE
C01144,1,0,0.22779,Low,0.01403,0.05207,-0.03804,NEGATIVE RESPONSE
C01145,1,0,0.00943,Low,0.00894,0.00711,0.00183,LOW RESPONSE
C01146,0,1,0.95578,Critical,0.03563,0.09766,-0.06203,NEGATIVE RESPONSE
C01147,1,0,0.02087,Low,0.00938,0.00769,0.00169,LOW RESPONSE
C01148,0,0,0.19524,Low,0.00673,0.04084,-0.03411,NEGATIVE RESPONSE
C01149,1,0,0.00541,Low,0.01618,0.00741,0.00877,LOW RESPONSE
C01150,1,0,0.00566,Low,0.01541,0.00988,0.00554,LOW RESPONSE
C01151,1,0,0.00803,Low,0.01094,0.00736,0.00358,LOW RESPONSE
C01152,0,0,0.00837,Low,0.00731,0.00764,-0.00033,LOW RESPONSE
C01153,1,0,0.12864,Low,0.00793,0.04423,-0.0363,NEGATIVE RESPONSE
C01154,1,0,0.00524,Low,0.01087,0.00705,0.00382,LOW RESPONSE
C01155,1,0,0.00943,Low,0.01478,0.01033,0.00444,LOW RESPONSE
C01156,0,0,0.0031,Low,0.01698,0.01132,0.00566,LOW RESPONSE
C01157,1,0,0.11575,Low,0.00878,0.05653,-0.04775,NEGATIVE RESPONSE
C01158,1,0,0.01323,Low,0.01251,0.00824,0.00427,LOW RESPONSE
C01159,1,0,0.02666,Low,0.01529,0.00759,0.0077,LOW RESPONSE
C01160,1,0,0.01042,Low,0.00791,0.00835,-0.00044,LOW RESPONSE
C01161,1,0,0.03241,Low,0.01408,0.02736,-0.01328,NEGATIVE RESPONSE
C01162,1,0,0.00187,Low,0.00893,0.00966,-0.00073,LOW RESPONSE
C01163,1,0,0.00823,Low,0.00487,0.00804,-0.00316,NEGATIVE RESPONSE
C01164,0,0,0.00807,Low,0.00717,0.01854,-0.01137,NEGATIVE RESPONSE
C01165,1,0,0.1107,Low,0.00741,0.0297,-0.02229,NEGATIVE RESPONSE
C01166,1,0,0.00397,Low,0.00728,0.00691,0.00037,LOW RESPONSE
C01167,1,0,0.01667,Low,0.01531,0.01241,0.0029,LOW RESPONSE
C01168,0,0,0.00398,Low,0.00696,0.00889,-0.00193,NEGATIVE RESPONSE
C01169,1,0,0.0057,Low,0.01211,0.01203,8e-05,LOW RESPONSE
C01170,1,0,0.44531,Medium,0.00853,0.10834,-0.09981,NEGATIVE RESPONSE
C01171,1,0,0.00637,Low,0.00535,0.00807,-0.00272,NEGATIVE RESPONSE
C01172,1,0,0.0332,Low,0.00872,0.00665,0.00208,LOW RESPONSE
C01173,1,0,0.00295,Low,0.00491,0.00552,-0.00061,LOW RESPONSE
C01174,1,0,0.06076,Low,0.01064,0.06307,-0.05243,NEGATIVE RESPONSE
C01175,1,0,0.01102,Low,0.00824,0.00788,0.00036,LOW RESPONSE
C01176,0,0,0.58405,Medium,0.00909,0.06281,-0.05372,NEGATIVE RESPONSE
C01177,1,0,0.25658,Low,0.01484,0.05918,-0.04433,NEGATIVE RESPONSE
C01178,0,0,0.01133,Low,0.01034,0.00851,0.00182,LOW RESPONSE
C01179,0,0,0.02402,Low,0.01047,0.00882,0.00165,LOW RESPONSE
C01180,1,0,0.0194,Low,0.01371,0.01496,-0.00125,NEGATIVE RESPONSE
C01181,0,0,0.00997,Low,0.00767,0.00761,6e-05,LOW RESPONSE
C01182,1,0,0.00631,Low,0.00535,0.01182,-0.00647,NEGATIVE RESPONSE
C01183,1,0,0.00535,Low,0.01002,0.00558,0.00444,LOW RESPONSE
C01184,1,0,0.01868,Low,0.00669,0.00978,-0.00309,NEGATIVE RESPONSE
C01185,1,0,0.01411,Low,0.00738,0.0142,-0.00682,NEGATIVE RESPONSE
C01186,0,0,0.04209,Low,0.01146,0.01996,-0.0085,NEGATIVE RESPONSE
C01187,1,0,0.00161,Low,0.00588,0.00646,-0.00058,LOW RESPONSE
C01188,0,0,0.01026,Low,0.00822,0.00624,0.00198,LOW RESPONSE
C01189,1,0,0.0027,Low,0.0095,0.00726,0.00223,LOW RESPONSE
C01190,0,0,0.00588,Low,0.01275,0.00883,0.00392,LOW RESPONSE
C01191,1,0,0.00212,Low,0.0057,0.00552,0.00018,LOW RESPONSE
C01192,1,0,0.01205,Low,0.00769,0.00808,-0.00039,LOW RESPONSE
C01193,1,0,0.00807,Low,0.00897,0.01176,-0.0028,NEGATIVE RESPONSE
C01194,1,0,0.00437,Low,0.00809,0.00896,-0.00087,LOW RESPONSE
C01195,0,0,0.0039,Low,0.00478,0.01241,-0.00763,NEGATIVE RESPONSE
C01196,1,0,0.02337,Low,0.00412,0.00728,-0.00316,NEGATIVE RESPONSE
C01197,1,0,0.00446,Low,0.01322,0.0091,0.00412,LOW RESPONSE
C01198,1,0,0.00195,Low,0.01086,0.00609,0.00478,LOW RESPONSE
C01199,1,0,0.00734,Low,0.01468,0.00898,0.0057,LOW RESPONSE
C01200,0,0,0.00692,Low,0.00758,0.02994,-0.02236,NEGATIVE RESPONSE
C01201,0,1,0.948,Critical,0.03453,0.06772,-0.03319,NEGATIVE RESPONSE
C01202,0,0,0.00874,Low,0.01262,0.01084,0.00177,LOW RESPONSE
C01203,1,0,0.02661,Low,0.01082,0.04935,-0.03853,NEGATIVE RESPONSE
C01204,0,0,0.00819,Low,0.00575,0.01064,-0.00489,NEGATIVE RESPONSE
C01205,1,0,0.01057,Low,0.00604,0.00714,-0.0011,NEGATIVE RESPONSE
C01206,1,0,0.14155,Low,0.01541,0.04031,-0.0249,NEGATIVE RESPONSE
C01207,1,0,0.00232,Low,0.00656,0.00841,-0.00185,NEGATIVE RESPONSE
C01208,1,0,0.01125,Low,0.00949,0.00879,0.00071,LOW RESPONSE
C01209,1,0,0.03031,Low,0.0153,0.01274,0.00256,LOW RESPONSE
C01210,1,0,0.01066,Low,0.0143,0.01775,-0.00345,NEGATIVE RESPONSE
C01211,1,0,0.00636,Low,0.01419,0.00936,0.00483,LOW RESPONSE
C01212,1,0,0.01482,Low,0.00941,0.0417,-0.03229,NEGATIVE RESPONSE
C01213,0,0,0.0122,Low,0.01241,0.01199,0.00042,LOW RESPONSE
C01214,1,0,0.30335,Medium,0.01442,0.04861,-0.03419,NEGATIVE RESPONSE
C01215,1,0,0.00341,Low,0.00875,0.00756,0.00119,LOW RESPONSE
C01216,1,1,0.59645,Medium,0.01035,0.16114,-0.1508,NEGATIVE RESPONSE
C01217,1,0,0.00622,Low,0.01244,0.01578,-0.00334,NEGATIVE RESPONSE
C01218,0,0,0.01757,Low,0.00849,0.0114,-0.00292,NEGATIVE RESPONSE
C01219,1,0,0.00373,Low,0.01088,0.00563,0.00525,LOW RESPONSE
C01220,0,0,0.01294,Low,0.00812,0.00745,0.00067,LOW RESPONSE
C01221,1,0,0.0135,Low,0.01032,0.01164,-0.00132,NEGATIVE RESPONSE
C01222,1,0,0.03587,Low,0.00372,0.03492,-0.0312,NEGATIVE RESPONSE
C01223,1,0,0.03365,Low,0.01267,0.01385,-0.00119,NEGATIVE RESPONSE
C01224,1,0,0.00118,Low,0.00901,0.00718,0.00183,LOW RESPONSE
C01225,1,0,0.02814,Low,0.00752,0.04842,-0.0409,NEGATIVE RESPONSE
C01226,1,0,0.00296,Low,0.0071,0.0102,-0.0031,NEGATIVE RESPONSE
C01227,1,0,0.00366,Low,0.01238,0.02208,-0.0097,NEGATIVE RESPONSE
C01228,1,0,0.01092,Low,0.01737,0.00796,0.00941,LOW RESPONSE
C01229,0,0,0.0113,Low,0.01848,0.01195,0.00653,LOW RESPONSE
C01230,1,0,0.01233,Low,0.01327,0.00977,0.0035,LOW RESPONSE
C01231,1,0,0.01313,Low,0.00961,0.00695,0.00266,LOW RESPONSE
C01232,1,0,0.00322,Low,0.00607,0.01301,-0.00693,NEGATIVE RESPONSE
C01233,0,0,0.0064,Low,0.01039,0.01747,-0.00708,NEGATIVE RESPONSE
C01234,1,0,0.00952,Low,0.01148,0.00828,0.00319,LOW RESPONSE
C01235,1,0,0.17496,Low,0.00929,0.03417,-0.02487,NEGATIVE RESPONSE
C01236,1,0,0.03084,Low,0.0119,0.03219,-0.02029,NEGATIVE RESPONSE
C01237,0,0,0.18765,Low,0.01507,0.08739,-0.07233,NEGATIVE RESPONSE
C01238,1,0,0.00824,Low,0.00853,0.0072,0.00133,LOW RESPONSE
C01239,0,0,0.00788,Low,0.00555,0.00854,-0.003,NEGATIVE RESPONSE
C01240,1,0,0.16539,Low,0.01093,0.04202,-0.03109,NEGATIVE RESPONSE
C01241,1,0,0.10896,Low,0.01023,0.09896,-0.08873,NEGATIVE RESPONSE
C01242,0,0,0.00484,Low,0.00912,0.00717,0.00195,LOW RESPONSE
C01243,1,0,0.00493,Low,0.02607,0.0204,0.00567,LOW RESPONSE
C01244,1,0,0.00727,Low,0.00875,0.00542,0.00333,LOW RESPONSE
C01245,1,0,0.00374,Low,0.00663,0.01094,-0.00431,NEGATIVE RESPONSE
C01246,1,0,0.01421,Low,0.00719,0.05436,-0.04717,NEGATIVE RESPONSE
C01247,1,0,0.00781,Low,0.01018,0.00941,0.00077,LOW RESPONSE
C01248,1,0,0.00359,Low,0.00906,0.00693,0.00213,LOW RESPONSE
C01249,1,0,0.01304,Low,0.00815,0.00694,0.00121,LOW RESPONSE
C01250,0,0,0.00566,Low,0.00836,0.00703,0.00133,LOW RESPONSE
C01251,1,0,0.00456,Low,0.00705,0.00719,-0.00015,LOW RESPONSE
C01252,1,0,0.14148,Low,0.01509,0.04687,-0.03178,NEGATIVE RESPONSE
C01253,1,0,0.08174,Low,0.0068,0.03509,-0.0283,NEGATIVE RESPONSE
C01254,1,0,0.00525,Low,0.0065,0.00783,-0.00133,NEGATIVE RESPONSE
C01255,0,0,0.0095,Low,0.00702,0.00722,-0.0002,LOW RESPONSE
C01256,0,1,0.93393,Critical,0.01611,0.03273,-0.01662,NEGATIVE RESPONSE
C01257,0,0,0.05024,Low,0.00855,0.02953,-0.02099,NEGATIVE RESPONSE
C01258,1,0,0.34647,Medium,0.00811,0.06179,-0.05368,NEGATIVE RESPONSE
C01259,1,1,0.38343,Medium,0.01824,0.39221,-0.37397,NEGATIVE RESPONSE
C01260,1,1,0.9374,Critical,0.0164,0.07877,-0.06236,NEGATIVE RESPONSE
C01261,1,0,0.01327,Low,0.01438,0.0114,0.00298,LOW RESPONSE
C01262,1,0,0.03188,Low,0.02518,0.01833,0.00685,LOW RESPONSE
C01263,1,0,0.0091,Low,0.00925,0.01031,-0.00106,NEGATIVE RESPONSE
C01264,1,0,0.00235,Low,0.01111,0.01225,-0.00114,NEGATIVE RESPONSE
C01265,0,0,0.06763,Low,0.0085,0.0576,-0.0491,NEGATIVE RESPONSE
C01266,1,0,0.04235,Low,0.01485,0.01373,0.00112,PERSUADABLE
C01267,1,0,0.01889,Low,0.01397,0.0229,-0.00893,NEGATIVE RESPONSE
C01268,1,0,0.00134,Low,0.01188,0.00623,0.00566,LOW RESPONSE
C01269,0,0,0.01003,Low,0.01158,0.00658,0.00499,LOW RESPONSE
C01270,1,0,0.36578,Medium,0.01944,0.14881,-0.12937,NEGATIVE RESPONSE
C01271,1,0,0.00261,Low,0.00791,0.00586,0.00205,LOW RESPONSE
C01272,0,0,0.0079,Low,0.01712,0.00973,0.00739,LOW RESPONSE
C01273,0,0,0.01145,Low,0.00671,0.00796,-0.00124,NEGATIVE RESPONSE
C01274,0,0,0.00899,Low,0.01514,0.00996,0.00518,LOW RESPONSE
C01275,1,0,0.01206,Low,0.0106,0.01236,-0.00177,NEGATIVE RESPONSE
C01276,1,0,0.01141,Low,0.01067,0.00646,0.00421,LOW RESPONSE
C01277,0,0,0.20299,Low,0.01304,0.07452,-0.06148,NEGATIVE RESPONSE
C01278,1,0,0.0146,Low,0.01226,0.00747,0.00479,LOW RESPONSE
C01279,1,0,0.0019,Low,0.00787,0.00771,0.00017,LOW RESPONSE
C01280,1,0,0.00077,Low,0.01053,0.01109,-0.00056,LOW RESPONSE
C01281,1,0,0.0029,Low,0.01137,0.00639,0.00497,LOW RESPONSE
C01282,1,0,0.00821,Low,0.00679,0.00945,-0.00266,NEGATIVE RESPONSE
C01283,1,0,0.00751,Low,0.00839,0.0237,-0.01531,NEGATIVE RESPONSE
C01284,0,0,0.01042,Low,0.01651,0.01196,0.00455,LOW RESPONSE
C01285,1,0,0.00588,Low,0.01994,0.00751,0.01243,LOW RESPONSE
C01286,1,1,0.92024,Critical,0.00967,0.11824,-0.10857,NEGATIVE RESPONSE
C01287,1,0,0.1939,Low,0.01191,0.08121,-0.0693,NEGATIVE RESPONSE
C01288,1,0,0.04061,Low,0.00618,0.0265,-0.02032,NEGATIVE RESPONSE
C01289,0,0,0.14273,Low,0.0102,0.0293,-0.0191,NEGATIVE RESPONSE
C01290,1,0,0.36134,Medium,0.01214,0.05227,-0.04012,NEGATIVE RESPONSE
C01291,1,0,0.20495,Low,0.00941,0.04477,-0.03537,NEGATIVE RESPONSE
C01292,1,1,0.68591,High,0.02342,0.30712,-0.2837,NEGATIVE RESPONSE
C01293,0,0,0.00183,Low,0.00819,0.00734,0.00085,LOW RESPONSE
C01294,0,0,0.02429,Low,0.01143,0.01147,-3e-05,LOW RESPONSE
C01295,0,0,0.00384,Low,0.00739,0.00872,-0.00133,NEGATIVE RESPONSE
C01296,0,0,0.39806,Medium,0.01069,0.07241,-0.06172,NEGATIVE RESPONSE
C01297,1,0,0.00194,Low,0.00491,0.00827,-0.00335,NEGATIVE RESPONSE
C01298,1,0,0.06808,Low,0.00948,0.04498,-0.0355,NEGATIVE RESPONSE
C01299,1,0,0.00504,Low,0.00489,0.00558,-0.00069,LOW RESPONSE
C01300,1,0,0.0104,Low,0.01598,0.00789,0.00809,LOW RESPONSE
C01301,0,0,0.02986,Low,0.0132,0.02525,-0.01205,NEGATIVE RESPONSE
C01302,1,0,0.0043,Low,0.00547,0.00553,-6e-05,LOW RESPONSE
C01303,0,0,0.00333,Low,0.00952,0.00741,0.00211,LOW RESPONSE
C01304,1,1,0.10668,Low,0.01568,0.14394,-0.12826,NEGATIVE RESPONSE
C01305,1,0,0.07997,Low,0.00814,0.09472,-0.08658,NEGATIVE RESPONSE
C01306,1,0,0.02475,Low,0.0088,0.00961,-0.00081,LOW RESPONSE
C01307,1,0,0.02574,Low,0.01281,0.01961,-0.00679,NEGATIVE RESPONSE
C01308,1,0,0.10245,Low,0.00692,0.0501,-0.04319,NEGATIVE RESPONSE
C01309,0,0,0.01147,Low,0.00675,0.00815,-0.0014,NEGATIVE RESPONSE
C01310,1,0,0.00131,Low,0.00611,0.00691,-0.0008,LOW RESPONSE
C01311,1,0,0.07346,Low,0.01086,0.03368,-0.02283,NEGATIVE RESPONSE
C01312,1,0,0.00205,Low,0.01569,0.01155,0.00414,LOW RESPONSE
C01313,0,0,0.00639,Low,0.0062,0.00626,-6e-05,LOW RESPONSE
C01314,0,0,0.10848,Low,0.01019,0.03937,-0.02918,NEGATIVE RESPONSE
C01315,1,1,0.93863,Critical,0.00653,0.14475,-0.13821,NEGATIVE RESPONSE
C01316,0,0,0.00609,Low,0.00671,0.00773,-0.00102,NEGATIVE RESPONSE
C01317,1,0,0.0067,Low,0.01012,0.00645,0.00367,LOW RESPONSE
C01318,1,0,0.00707,Low,0.00853,0.00684,0.00169,LOW RESPONSE
C01319,1,1,0.97498,Critical,0.02963,0.18219,-0.15256,NEGATIVE RESPONSE
C01320,1,0,0.00813,Low,0.00789,0.00742,0.00047,LOW RESPONSE
C01321,1,0,0.00499,Low,0.00929,0.00742,0.00187,LOW RESPONSE
C01322,0,0,0.00512,Low,0.00666,0.00834,-0.00168,NEGATIVE RESPONSE
C01323,1,0,0.08822,Low,0.00919,0.04087,-0.03169,NEGATIVE RESPONSE
C01324,1,0,0.0175,Low,0.00973,0.00805,0.00168,LOW RESPONSE
C01325,0,0,0.04528,Low,0.0074,0.03684,-0.02944,NEGATIVE RESPONSE
C01326,1,0,0.00375,Low,0.00759,0.00872,-0.00113,NEGATIVE RESPONSE
C01327,1,0,0.00667,Low,0.01275,0.00798,0.00477,LOW RESPONSE
C01328,1,0,0.00967,Low,0.01082,0.00771,0.0031,LOW RESPONSE
C01329,1,0,0.00338,Low,0.0065,0.0064,1e-04,LOW RESPONSE
C01330,0,0,0.65362,High,0.03265,0.29291,-0.26026,NEGATIVE RESPONSE
C01331,1,0,0.00832,Low,0.0128,0.00692,0.00588,LOW RESPONSE
C01332,1,1,0.96403,Critical,0.0082,0.13229,-0.12409,NEGATIVE RESPONSE
C01333,0,0,0.00794,Low,0.02308,0.00915,0.01393,LOW RESPONSE
C01334,0,0,0.01244,Low,0.01634,0.01117,0.00518,LOW RESPONSE
C01335,1,0,0.00509,Low,0.01581,0.01044,0.00537,LOW RESPONSE
C01336,0,0,0.10321,Low,0.01808,0.0146,0.00348,PERSUADABLE
C01337,1,0,0.00297,Low,0.00665,0.01082,-0.00417,NEGATIVE RESPONSE
C01338,1,0,0.1435,Low,0.0107,0.05747,-0.04676,NEGATIVE RESPONSE
C01339,0,0,0.01458,Low,0.00478,0.04251,-0.03773,NEGATIVE RESPONSE
C01340,0,1,0.94537,Critical,0.05985,0.0989,-0.03904,NEGATIVE RESPONSE
C01341,1,0,0.00635,Low,0.01987,0.00937,0.0105,LOW RESPONSE
C01342,0,0,0.00654,Low,0.01203,0.01286,-0.00082,LOW RESPONSE
C01343,1,0,0.00329,Low,0.00976,0.00645,0.00331,LOW RESPONSE
C01344,1,0,0.01541,Low,0.01042,0.00977,0.00065,LOW RESPONSE
C01345,1,1,0.24221,Low,0.00683,0.0806,-0.07377,NEGATIVE RESPONSE
C01346,1,0,0.01539,Low,0.00745,0.01616,-0.0087,NEGATIVE RESPONSE
C01347,1,0,0.1507,Low,0.01375,0.08126,-0.06751,NEGATIVE RESPONSE
C01348,1,0,0.01102,Low,0.01213,0.0086,0.00353,LOW RESPONSE
C01349,1,0,0.00523,Low,0.00629,0.00856,-0.00227,NEGATIVE RESPONSE
C01350,1,0,0.00596,Low,0.00538,0.00716,-0.00177,NEGATIVE RESPONSE
C01351,0,0,0.04917,Low,0.02164,0.12801,-0.10637,NEGATIVE RESPONSE
C01352,1,0,0.01631,Low,0.009,0.00921,-0.00021,LOW RESPONSE
C01353,0,0,0.01843,Low,0.01067,0.01151,-0.00085,LOW RESPONSE
C01354,1,0,0.00486,Low,0.00656,0.00913,-0.00257,NEGATIVE RESPONSE
C01355,1,0,0.01284,Low,0.01324,0.01089,0.00236,LOW RESPONSE
C01356,1,0,0.24664,Low,0.00623,0.06556,-0.05933,NEGATIVE RESPONSE
C01357,1,0,0.01076,Low,0.00899,0.00807,0.00091,LOW RESPONSE
C01358,0,0,0.01545,Low,0.00663,0.01036,-0.00373,NEGATIVE RESPONSE
C01359,1,0,0.00272,Low,0.01001,0.00555,0.00447,LOW RESPONSE
C01360,1,0,0.01659,Low,0.01168,0.00955,0.00213,LOW RESPONSE
C01361,1,0,0.00482,Low,0.00971,0.00849,0.00121,LOW RESPONSE
C01362,0,0,0.00688,Low,0.00638,0.00759,-0.00121,NEGATIVE RESPONSE
C01363,1,0,0.00669,Low,0.01421,0.0087,0.00552,LOW RESPONSE
C01364,1,0,0.27499,Low,0.00779,0.04753,-0.03974,NEGATIVE RESPONSE
C01365,0,0,0.00245,Low,0.00995,0.00803,0.00191,LOW RESPONSE
C01366,1,0,0.00716,Low,0.01007,0.00957,0.0005,LOW RESPONSE
C01367,1,0,0.00351,Low,0.00576,0.00813,-0.00237,NEGATIVE RESPONSE
C01368,0,0,0.0046,Low,0.00896,0.01102,-0.00206,NEGATIVE RESPONSE
C01369,0,0,0.05294,Low,0.00582,0.0505,-0.04468,NEGATIVE RESPONSE
C01370,0,0,0.18885,Low,0.00603,0.10526,-0.09923,NEGATIVE RESPONSE
C01371,1,0,0.23129,Low,0.01427,0.03948,-0.02521,NEGATIVE RESPONSE
C01372,1,0,0.00495,Low,0.00758,0.00686,0.00072,LOW RESPONSE
C01373,1,0,0.00531,Low,0.01308,0.01554,-0.00246,NEGATIVE RESPONSE
C01374,1,0,0.00429,Low,0.00656,0.01001,-0.00345,NEGATIVE RESPONSE
C01375,0,0,0.00546,Low,0.00663,0.0063,0.00034,LOW RESPONSE
C01376,0,0,0.29878,Low,0.01175,0.03941,-0.02766,NEGATIVE RESPONSE
C01377,1,0,0.00297,Low,0.00693,0.0073,-0.00037,LOW RESPONSE
C01378,1,0,0.00863,Low,0.00973,0.00991,-0.00018,LOW RESPONSE
C01379,1,0,0.00638,Low,0.01008,0.00913,0.00095,LOW RESPONSE
C01380,1,0,0.01415,Low,0.01302,0.00743,0.00559,LOW RESPONSE
C01381,1,0,0.10442,Low,0.00649,0.04126,-0.03477,NEGATIVE RESPONSE
C01382,1,0,0.00536,Low,0.01593,0.01542,0.0005,LOW RESPONSE
C01383,1,0,0.0054,Low,0.00882,0.00823,0.00059,LOW RESPONSE
C01384,1,0,0.00688,Low,0.01318,0.01076,0.00243,LOW RESPONSE
C01385,0,0,0.10575,Low,0.00541,0.04564,-0.04022,NEGATIVE RESPONSE
C01386,1,0,0.00331,Low,0.01136,0.00886,0.0025,LOW RESPONSE
C01387,1,0,0.01161,Low,0.00792,0.00578,0.00214,LOW RESPONSE
C01388,0,0,0.01983,Low,0.01624,0.00816,0.00809,LOW RESPONSE
C01389,0,0,0.00263,Low,0.02851,0.00884,0.01967,LOW RESPONSE
C01390,0,0,0.00095,Low,0.00453,0.00614,-0.00161,NEGATIVE RESPONSE
C01391,0,0,0.01189,Low,0.01614,0.00918,0.00696,LOW RESPONSE
C01392,1,0,0.00936,Low,0.00595,0.0074,-0.00144,NEGATIVE RESPONSE
C01393,1,0,0.0232,Low,0.00952,0.01828,-0.00875,NEGATIVE RESPONSE
C01394,1,0,0.04405,Low,0.01319,0.0397,-0.02652,NEGATIVE RESPONSE
C01395,1,0,0.0066,Low,0.00647,0.00734,-0.00087,LOW RESPONSE
C01396,1,0,0.00695,Low,0.01529,0.00765,0.00764,LOW RESPONSE
C01397,0,0,0.00789,Low,0.00882,0.0103,-0.00148,NEGATIVE RESPONSE
C01398,1,0,0.03518,Low,0.00541,0.05193,-0.04652,NEGATIVE RESPONSE
C01399,1,0,0.00468,Low,0.00606,0.00651,-0.00045,LOW RESPONSE
C01400,0,0,0.01047,Low,0.01621,0.00554,0.01067,LOW RESPONSE
C01401,0,0,0.00398,Low,0.00712,0.00574,0.00138,LOW RESPONSE
C01402,1,0,0.16574,Low,0.00989,0.09403,-0.08414,NEGATIVE RESPONSE
C01403,1,0,0.0188,Low,0.00687,0.0086,-0.00173,NEGATIVE RESPONSE
C01404,1,0,0.01093,Low,0.00735,0.00759,-0.00024,LOW RESPONSE
C01405,1,0,0.00286,Low,0.00957,0.00806,0.00151,LOW RESPONSE
C01406,1,1,0.95349,Critical,0.01581,0.17298,-0.15718,NEGATIVE RESPONSE
C01407,0,0,0.01197,Low,0.01105,0.0302,-0.01916,NEGATIVE RESPONSE
C01408,1,0,0.00414,Low,0.01144,0.01112,0.00032,LOW RESPONSE
C01409,0,0,0.01249,Low,0.01434,0.02038,-0.00604,NEGATIVE RESPONSE
C01410,1,0,0.01929,Low,0.0053,0.03647,-0.03117,NEGATIVE RESPONSE
C01411,1,0,0.00494,Low,0.00998,0.00796,0.00202,LOW RESPONSE
C01412,1,0,0.00913,Low,0.00771,0.00805,-0.00034,LOW RESPONSE
C01413,1,0,0.09011,Low,0.01056,0.04981,-0.03925,NEGATIVE RESPONSE
C01414,1,0,0.00338,Low,0.01556,0.00859,0.00697,LOW RESPONSE
C01415,0,0,0.00447,Low,0.01223,0.0067,0.00553,LOW RESPONSE
C01416,1,0,0.13582,Low,0.00569,0.03651,-0.03082,NEGATIVE RESPONSE
C01417,1,0,0.07142,Low,0.01067,0.01066,2e-05,LOW RESPONSE
C01418,1,0,0.00114,Low,0.00531,0.00642,-0.00111,NEGATIVE RESPONSE
C01419,1,0,0.13431,Low,0.01176,0.0409,-0.02914,NEGATIVE RESPONSE
C01420,1,0,0.01111,Low,0.0072,0.00991,-0.00271,NEGATIVE RESPONSE
C01421,1,0,0.0274,Low,0.00747,0.01137,-0.0039,NEGATIVE RESPONSE
C01422,1,0,0.04285,Low,0.00631,0.01299,-0.00667,NEGATIVE RESPONSE
C01423,0,0,0.00295,Low,0.0104,0.00837,0.00203,LOW RESPONSE
C01424,1,0,0.00621,Low,0.00726,0.01329,-0.00603,NEGATIVE RESPONSE
C01425,0,0,0.0094,Low,0.00886,0.00611,0.00275,LOW RESPONSE
C01426,1,0,0.01132,Low,0.01398,0.01569,-0.00171,NEGATIVE RESPONSE
C01427,1,0,0.00252,Low,0.01194,0.00738,0.00456,LOW RESPONSE
C01428,1,0,0.0057,Low,0.01245,0.00761,0.00484,LOW RESPONSE
C01429,1,0,0.00176,Low,0.00984,0.00716,0.00267,LOW RESPONSE
C01430,1,0,0.21009,Low,0.00466,0.03855,-0.03389,NEGATIVE RESPONSE
C01431,0,0,0.00394,Low,0.00494,0.0082,-0.00326,NEGATIVE RESPONSE
C01432,0,0,0.00414,Low,0.00729,0.00976,-0.00248,NEGATIVE RESPONSE
C01433,0,0,0.02093,Low,0.01463,0.00878,0.00585,LOW RESPONSE
C01434,1,0,0.02488,Low,0.01602,0.00976,0.00627,LOW RESPONSE
C01435,1,0,0.01434,Low,0.00916,0.00875,0.00041,LOW RESPONSE
C01436,1,0,0.00482,Low,0.00862,0.00749,0.00113,LOW RESPONSE
C01437,1,0,0.00105,Low,0.00572,0.01145,-0.00573,NEGATIVE RESPONSE
C01438,1,0,0.00997,Low,0.00517,0.00883,-0.00366,NEGATIVE RESPONSE
C01439,1,0,0.01059,Low,0.00734,0.00779,-0.00045,LOW RESPONSE
C01440,1,0,0.0103,Low,0.01581,0.01785,-0.00203,NEGATIVE RESPONSE
C01441,1,0,0.01445,Low,0.00611,0.00803,-0.00192,NEGATIVE RESPONSE
C01442,0,0,0.00043,Low,0.00744,0.00852,-0.00108,NEGATIVE RESPONSE
C01443,1,0,0.00441,Low,0.01346,0.00753,0.00593,LOW RESPONSE
C01444,1,0,0.00106,Low,0.01441,0.00829,0.00612,LOW RESPONSE
C01445,1,0,0.00493,Low,0.00586,0.00529,0.00057,LOW RESPONSE
C01446,1,0,0.41923,Medium,0.02151,0.06074,-0.03923,NEGATIVE RESPONSE
C01447,1,0,0.00852,Low,0.01075,0.0324,-0.02165,NEGATIVE RESPONSE
C01448,0,0,0.00554,Low,0.00907,0.01347,-0.0044,NEGATIVE RESPONSE
C01449,1,0,0.00881,Low,0.008,0.01061,-0.00261,NEGATIVE RESPONSE
C01450,1,0,0.00311,Low,0.00817,0.00753,0.00064,LOW RESPONSE
C01451,1,0,0.01412,Low,0.00586,0.0076,-0.00174,NEGATIVE RESPONSE
C01452,1,0,0.00179,Low,0.00402,0.00568,-0.00166,NEGATIVE RESPONSE
C01453,0,1,0.97737,Critical,0.05314,0.08679,-0.03365,NEGATIVE RESPONSE
C01454,1,0,0.05742,Low,0.04264,0.02202,0.02062,HIGHLY PERSUADABLE
C01455,0,0,0.00449,Low,0.00948,0.008,0.00148,LOW RESPONSE
C01456,0,0,0.00516,Low,0.02433,0.02377,0.00056,LOW RESPONSE
C01457,0,0,0.00637,Low,0.01833,0.0171,0.00123,LOW RESPONSE
C01458,1,0,0.0068,Low,0.00892,0.00511,0.00381,LOW RESPONSE
C01459,0,0,0.00436,Low,0.00556,0.00722,-0.00166,NEGATIVE RESPONSE
C01460,1,0,0.0075,Low,0.00687,0.00719,-0.00032,LOW RESPONSE
C01461,1,0,0.00972,Low,0.0069,0.01329,-0.00639,NEGATIVE RESPONSE
C01462,1,0,0.01202,Low,0.01325,0.011,0.00225,LOW RESPONSE
C01463,1,0,0.01248,Low,0.01837,0.00933,0.00904,LOW RESPONSE
C01464,1,0,0.05335,Low,0.01061,0.05745,-0.04684,NEGATIVE RESPONSE
C01465,1,0,0.00941,Low,0.00726,0.00967,-0.00241,NEGATIVE RESPONSE
C01466,0,0,0.0039,Low,0.01002,0.00738,0.00264,LOW RESPONSE
C01467,0,0,0.00647,Low,0.0055,0.01097,-0.00547,NEGATIVE RESPONSE
C01468,1,0,0.00728,Low,0.00674,0.00877,-0.00203,NEGATIVE RESPONSE
C01469,1,0,0.02235,Low,0.00756,0.00878,-0.00122,NEGATIVE RESPONSE
C01470,0,0,0.0023,Low,0.00512,0.00675,-0.00162,NEGATIVE RESPONSE
C01471,1,0,0.00106,Low,0.00827,0.00639,0.00188,LOW RESPONSE
C01472,0,0,0.00224,Low,0.00746,0.00969,-0.00223,NEGATIVE RESPONSE
C01473,0,0,0.01681,Low,0.01583,0.04752,-0.03169,NEGATIVE RESPONSE
C01474,0,0,0.01826,Low,0.00943,0.00687,0.00256,LOW RESPONSE
C01475,1,0,0.0018,Low,0.00877,0.00581,0.00297,LOW RESPONSE
C01476,1,0,0.00335,Low,0.004,0.00781,-0.00381,NEGATIVE RESPONSE
C01477,1,0,0.00464,Low,0.00788,0.00893,-0.00104,NEGATIVE RESPONSE
C01478,1,0,0.16011,Low,0.01146,0.1052,-0.09373,NEGATIVE RESPONSE
C01479,0,0,0.00188,Low,0.00777,0.00937,-0.0016,NEGATIVE RESPONSE
C01480,0,0,0.00969,Low,0.01478,0.01158,0.0032,LOW RESPONSE
C01481,1,0,0.1253,Low,0.00704,0.04182,-0.03479,NEGATIVE RESPONSE
C01482,1,0,0.01075,Low,0.01175,0.01042,0.00133,LOW RESPONSE
C01483,1,0,0.00597,Low,0.00643,0.00589,0.00055,LOW RESPONSE
C01484,1,0,0.0072,Low,0.00891,0.00584,0.00307,LOW RESPONSE
C01485,1,0,0.00475,Low,0.00516,0.00529,-0.00013,LOW RESPONSE
C01486,1,0,0.01659,Low,0.00911,0.01231,-0.0032,NEGATIVE RESPONSE
C01487,0,0,0.00875,Low,0.00879,0.00576,0.00303,LOW RESPONSE
C01488,0,0,0.00762,Low,0.01501,0.00634,0.00866,LOW RESPONSE
C01489,0,0,0.0243,Low,0.00973,0.00833,0.0014,LOW RESPONSE
C01490,1,0,0.03965,Low,0.01546,0.02947,-0.01401,NEGATIVE RESPONSE
C01491,1,0,0.00536,Low,0.01005,0.0084,0.00165,LOW RESPONSE
C01492,1,0,0.00587,Low,0.01336,0.00895,0.00441,LOW RESPONSE
C01493,1,0,0.01627,Low,0.0152,0.00928,0.00592,LOW RESPONSE
C01494,1,0,0.31195,Medium,0.00843,0.05447,-0.04604,NEGATIVE RESPONSE
C01495,1,0,0.02289,Low,0.01041,0.00833,0.00208,LOW RESPONSE
C01496,1,0,0.01393,Low,0.0107,0.00814,0.00256,LOW RESPONSE
C01497,1,0,0.13807,Low,0.01098,0.04918,-0.03819,NEGATIVE RESPONSE
C01498,1,0,0.01272,Low,0.01127,0.00746,0.00381,LOW RESPONSE
C01499,1,0,0.21591,Low,0.01194,0.07102,-0.05908,NEGATIVE RESPONSE
C01500,1,0,0.02452,Low,0.01195,0.01191,3e-05,LOW RESPONSE
C01501,0,0,0.00557,Low,0.00736,0.00637,0.00099,LOW RESPONSE
C01502,1,0,0.00541,Low,0.00626,0.00697,-0.0007,LOW RESPONSE
C01503,1,0,0.00451,Low,0.00731,0.01531,-0.008,NEGATIVE RESPONSE
C01504,1,0,0.00431,Low,0.00878,0.01079,-0.00201,NEGATIVE RESPONSE
C01505,1,0,0.00087,Low,0.00469,0.00441,0.00029,LOW RESPONSE
C01506,1,0,0.00288,Low,0.01028,0.00695,0.00332,LOW RESPONSE
C01507,1,0,0.01035,Low,0.0083,0.00708,0.00122,LOW RESPONSE
C01508,0,0,0.00547,Low,0.01244,0.00793,0.00451,LOW RESPONSE
C01509,1,1,0.04103,Low,0.00866,0.08692,-0.07826,NEGATIVE RESPONSE
C01510,1,0,0.00814,Low,0.01134,0.00959,0.00175,LOW RESPONSE
C01511,1,0,0.00167,Low,0.00481,0.00651,-0.00169,NEGATIVE RESPONSE
C01512,0,0,0.00811,Low,0.00732,0.01659,-0.00927,NEGATIVE RESPONSE
C01513,0,0,0.00575,Low,0.01343,0.01057,0.00286,LOW RESPONSE
C01514,0,0,0.00347,Low,0.01118,0.01084,0.00034,LOW RESPONSE
C01515,1,0,0.12148,Low,0.00783,0.03174,-0.02391,NEGATIVE RESPONSE
C01516,0,0,0.00931,Low,0.00639,0.00691,-0.00052,LOW RESPONSE
C01517,1,0,0.01677,Low,0.00985,0.01328,-0.00343,NEGATIVE RESPONSE
C01518,1,0,0.00182,Low,0.00513,0.00713,-0.002,NEGATIVE RESPONSE
C01519,1,0,0.00605,Low,0.00821,0.00782,0.00039,LOW RESPONSE
C01520,1,0,0.01008,Low,0.01507,0.011,0.00407,LOW RESPONSE
C01521,1,0,0.08613,Low,0.006,0.02955,-0.02355,NEGATIVE RESPONSE
C01522,1,0,0.01504,Low,0.00663,0.03216,-0.02553,NEGATIVE RESPONSE
C01523,0,0,0.07291,Low,0.00528,0.03685,-0.03157,NEGATIVE RESPONSE
C01524,0,0,0.00513,Low,0.00897,0.00767,0.0013,LOW RESPONSE
C01525,1,0,0.02086,Low,0.01317,0.00623,0.00694,LOW RESPONSE
C01526,0,0,0.37497,Medium,0.01549,0.13293,-0.11745,NEGATIVE RESPONSE
C01527,1,0,0.15307,Low,0.01204,0.06508,-0.05304,NEGATIVE RESPONSE
C01528,1,0,0.00468,Low,0.01541,0.00669,0.00873,LOW RESPONSE
C01529,1,0,0.16527,Low,0.01671,0.03977,-0.02306,NEGATIVE RESPONSE
C01530,0,0,0.01951,Low,0.00686,0.05861,-0.05176,NEGATIVE RESPONSE
C01531,0,0,0.07024,Low,0.00839,0.04622,-0.03783,NEGATIVE RESPONSE
C01532,0,0,0.31277,Medium,0.01662,0.13863,-0.12202,NEGATIVE RESPONSE
C01533,1,0,0.02862,Low,0.0198,0.01024,0.00956,LOW RESPONSE
C01534,1,0,0.00829,Low,0.00578,0.00766,-0.00187,NEGATIVE RESPONSE
C01535,1,0,0.00449,Low,0.00462,0.00599,-0.00137,NEGATIVE RESPONSE
C01536,1,0,0.00828,Low,0.00538,0.00688,-0.00151,NEGATIVE RESPONSE
C01537,1,0,0.00352,Low,0.01287,0.00765,0.00522,LOW RESPONSE
C01538,1,0,0.0031,Low,0.00575,0.00691,-0.00116,NEGATIVE RESPONSE
C01539,0,0,0.02121,Low,0.0216,0.01154,0.01007,LOW RESPONSE
C01540,1,0,0.07809,Low,0.01109,0.05339,-0.0423,NEGATIVE RESPONSE
C01541,1,0,0.01285,Low,0.00643,0.05969,-0.05326,NEGATIVE RESPONSE
C01542,0,0,0.04364,Low,0.00918,0.04822,-0.03905,NEGATIVE RESPONSE
C01543,0,0,0.01581,Low,0.01153,0.01065,0.00088,LOW RESPONSE
C01544,1,0,0.01431,Low,0.00903,0.01244,-0.0034,NEGATIVE RESPONSE
C01545,1,0,0.00432,Low,0.00571,0.00582,-0.00011,LOW RESPONSE
C01546,1,0,0.00924,Low,0.00716,0.00755,-0.00039,LOW RESPONSE
C01547,1,0,0.00315,Low,0.00784,0.00776,8e-05,LOW RESPONSE
C01548,0,0,0.00653,Low,0.01102,0.00816,0.00286,LOW RESPONSE
C01549,1,0,0.00208,Low,0.01501,0.01483,0.00018,LOW RESPONSE
C01550,0,0,0.00317,Low,0.00724,0.01576,-0.00852,NEGATIVE RESPONSE
C01551,1,0,0.02108,Low,0.02262,0.01759,0.00503,LOW RESPONSE
C01552,0,0,0.00634,Low,0.0059,0.00849,-0.00258,NEGATIVE RESPONSE
C01553,1,0,0.0055,Low,0.00862,0.00738,0.00124,LOW RESPONSE
C01554,1,0,0.00816,Low,0.00872,0.00917,-0.00045,LOW RESPONSE
C01555,1,0,0.01237,Low,0.0124,0.00758,0.00482,LOW RESPONSE
C01556,1,0,0.00196,Low,0.00817,0.00686,0.00131,LOW RESPONSE
C01557,1,0,0.00745,Low,0.0099,0.00934,0.00057,LOW RESPONSE
C01558,0,0,0.0789,Low,0.00723,0.04695,-0.03972,NEGATIVE RESPONSE
C01559,1,0,0.00868,Low,0.00953,0.00652,0.00301,LOW RESPONSE
C01560,0,0,0.01275,Low,0.02187,0.01171,0.01017,LOW RESPONSE
C01561,1,0,0.00568,Low,0.00553,0.01437,-0.00884,NEGATIVE RESPONSE
C01562,1,1,0.93679,Critical,0.0079,0.08546,-0.07756,NEGATIVE RESPONSE
C01563,1,0,0.00303,Low,0.00563,0.00951,-0.00389,NEGATIVE RESPONSE
C01564,1,0,0.0046,Low,0.01133,0.01297,-0.00163,NEGATIVE RESPONSE
C01565,1,0,0.00596,Low,0.0113,0.00723,0.00408,LOW RESPONSE
C01566,0,0,0.00796,Low,0.0088,0.00713,0.00167,LOW RESPONSE
C01567,0,0,0.00763,Low,0.0107,0.00719,0.00351,LOW RESPONSE
C01568,1,0,0.01571,Low,0.01572,0.01588,-0.00015,LOW RESPONSE
C01569,1,0,0.17981,Low,0.00602,0.05352,-0.0475,NEGATIVE RESPONSE
C01570,1,0,0.00716,Low,0.00845,0.01124,-0.00279,NEGATIVE RESPONSE
C01571,1,0,0.00801,Low,0.01296,0.00865,0.00431,LOW RESPONSE
C01572,1,0,0.00419,Low,0.00817,0.01433,-0.00616,NEGATIVE RESPONSE
C01573,1,0,0.00138,Low,0.0035,0.00522,-0.00173,NEGATIVE RESPONSE
C01574,1,0,0.01192,Low,0.00596,0.00858,-0.00262,NEGATIVE RESPONSE
C01575,1,0,0.00879,Low,0.00673,0.00774,-0.00102,NEGATIVE RESPONSE
C01576,1,0,0.25927,Low,0.02007,0.08645,-0.06639,NEGATIVE RESPONSE
C01577,1,0,0.48899,Medium,0.01705,0.09614,-0.07909,NEGATIVE RESPONSE
C01578,1,0,0.00522,Low,0.00875,0.00838,0.00037,LOW RESPONSE
C01579,0,0,0.00372,Low,0.00917,0.00824,0.00094,LOW RESPONSE
C01580,1,1,0.95172,Critical,0.01458,0.15081,-0.13623,NEGATIVE RESPONSE
C01581,1,0,0.01496,Low,0.00807,0.02087,-0.0128,NEGATIVE RESPONSE
C01582,1,0,0.02518,Low,0.01034,0.00702,0.00332,LOW RESPONSE
C01583,0,0,0.0081,Low,0.01031,0.0109,-0.00059,LOW RESPONSE
C01584,0,0,0.0112,Low,0.01448,0.01532,-0.00084,LOW RESPONSE
C01585,1,0,0.00789,Low,0.02786,0.0086,0.01926,LOW RESPONSE
C01586,0,1,0.96012,Critical,0.02151,0.08561,-0.0641,NEGATIVE RESPONSE
C01587,1,0,0.00427,Low,0.01153,0.01145,8e-05,LOW RESPONSE
C01588,1,0,0.00358,Low,0.01262,0.01081,0.00182,LOW RESPONSE
C01589,0,0,0.00144,Low,0.01059,0.0087,0.00189,LOW RESPONSE
C01590,1,0,0.00565,Low,0.00709,0.00653,0.00055,LOW RESPONSE
C01591,1,0,0.02292,Low,0.00649,0.00594,0.00055,LOW RESPONSE
C01592,1,0,0.08736,Low,0.00867,0.04743,-0.03876,NEGATIVE RESPONSE
C01593,0,0,0.42171,Medium,0.00632,0.07681,-0.07049,NEGATIVE RESPONSE
C01594,1,0,0.00624,Low,0.00741,0.01039,-0.00298,NEGATIVE RESPONSE
C01595,0,0,0.00773,Low,0.00534,0.01149,-0.00615,NEGATIVE RESPONSE
C01596,1,0,0.00175,Low,0.00694,0.00853,-0.0016,NEGATIVE RESPONSE
C01597,1,0,0.00659,Low,0.01248,0.01546,-0.00298,NEGATIVE RESPONSE
C01598,0,0,0.01408,Low,0.00748,0.01047,-0.00299,NEGATIVE RESPONSE
C01599,0,1,0.92541,Critical,0.01951,0.0876,-0.06809,NEGATIVE RESPONSE
C01600,1,0,0.00309,Low,0.00526,0.00567,-0.00041,LOW RESPONSE
C01601,0,0,0.00716,Low,0.01185,0.01094,0.00091,LOW RESPONSE
C01602,0,0,0.00566,Low,0.00683,0.00598,0.00085,LOW RESPONSE
C01603,1,0,0.04072,Low,0.00745,0.07336,-0.06592,NEGATIVE RESPONSE
C01604,0,0,0.00552,Low,0.01215,0.00898,0.00318,LOW RESPONSE
C01605,0,0,0.00487,Low,0.00866,0.00695,0.00171,LOW RESPONSE
C01606,0,0,0.00432,Low,0.00723,0.00637,0.00085,LOW RESPONSE
C01607,0,0,0.00709,Low,0.01231,0.00686,0.00545,LOW RESPONSE
C01608,0,0,0.00624,Low,0.01475,0.02308,-0.00834,NEGATIVE RESPONSE
C01609,1,0,0.03562,Low,0.01311,0.05664,-0.04353,NEGATIVE RESPONSE
C01610,1,0,0.02484,Low,0.00568,0.00791,-0.00224,NEGATIVE RESPONSE
C01611,1,0,0.01456,Low,0.0136,0.01041,0.00319,LOW RESPONSE
C01612,1,0,0.00519,Low,0.00928,0.00672,0.00257,LOW RESPONSE
C01613,1,0,0.08389,Low,0.00521,0.11416,-0.10895,NEGATIVE RESPONSE
C01614,1,0,0.25527,Low,0.01681,0.06221,-0.0454,NEGATIVE RESPONSE
C01615,0,0,0.00844,Low,0.00816,0.00659,0.00157,LOW RESPONSE
C01616,1,0,0.02863,Low,0.00706,0.00612,0.00094,LOW RESPONSE
C01617,1,0,0.29387,Low,0.01615,0.13627,-0.12012,NEGATIVE RESPONSE
C01618,0,0,0.0082,Low,0.00895,0.01056,-0.00161,NEGATIVE RESPONSE
C01619,1,0,0.17395,Low,0.00924,0.03599,-0.02676,NEGATIVE RESPONSE
C01620,1,0,0.00772,Low,0.01011,0.0059,0.00421,LOW RESPONSE
C01621,1,0,0.00605,Low,0.00997,0.00705,0.00292,LOW RESPONSE
C01622,1,0,0.00952,Low,0.01178,0.01076,0.00102,LOW RESPONSE
C01623,1,0,0.03014,Low,0.0239,0.01593,0.00798,LOW RESPONSE
C01624,1,0,0.03508,Low,0.01218,0.01025,0.00192,PERSUADABLE
C01625,1,0,0.00505,Low,0.0053,0.00492,0.00037,LOW RESPONSE
C01626,1,0,0.07491,Low,0.00827,0.0081,0.00017,LOW RESPONSE
C01627,1,0,0.00545,Low,0.01134,0.00694,0.00441,LOW RESPONSE
C01628,0,0,0.27723,Low,0.00576,0.07478,-0.06903,NEGATIVE RESPONSE
C01629,1,0,0.00715,Low,0.00772,0.008,-0.00028,LOW RESPONSE
C01630,0,0,0.00729,Low,0.01565,0.00696,0.00869,LOW RESPONSE
C01631,0,0,0.0057,Low,0.00784,0.00875,-0.0009,LOW RESPONSE
C01632,1,0,0.0109,Low,0.00921,0.00576,0.00345,LOW RESPONSE
C01633,1,0,0.01284,Low,0.01231,0.00976,0.00255,LOW RESPONSE
C01634,0,0,0.02956,Low,0.00723,0.06504,-0.05781,NEGATIVE RESPONSE
C01635,1,0,0.02041,Low,0.01192,0.01376,-0.00184,NEGATIVE RESPONSE
C01636,1,0,0.00168,Low,0.00909,0.00749,0.0016,LOW RESPONSE
C01637,1,0,0.00457,Low,0.00995,0.00783,0.00212,LOW RESPONSE
C01638,1,0,0.0205,Low,0.00923,0.01144,-0.0022,NEGATIVE RESPONSE
C01639,1,0,0.00212,Low,0.01549,0.00665,0.00884,LOW RESPONSE
C01640,1,0,0.00647,Low,0.00686,0.00985,-0.00299,NEGATIVE RESPONSE
C01641,1,0,0.00691,Low,0.0121,0.00654,0.00556,LOW RESPONSE
C01642,1,0,0.00414,Low,0.02133,0.01155,0.00979,LOW RESPONSE
C01643,0,0,0.01698,Low,0.00742,0.00932,-0.0019,NEGATIVE RESPONSE
C01644,1,0,0.02343,Low,0.03998,0.01328,0.0267,HIGHLY PERSUADABLE
C01645,1,0,0.00859,Low,0.00991,0.01073,-0.00082,LOW RESPONSE
C01646,1,1,0.95703,Critical,0.01242,0.10442,-0.092,NEGATIVE RESPONSE
C01647,1,0,0.00746,Low,0.00843,0.00816,0.00027,LOW RESPONSE
C01648,1,0,0.00554,Low,0.00724,0.00692,0.00032,LOW RESPONSE
C01649,0,0,0.00101,Low,0.0046,0.00541,-0.0008,LOW RESPONSE
C01650,0,0,0.00749,Low,0.01452,0.01002,0.0045,LOW RESPONSE
C01651,1,0,0.00242,Low,0.02298,0.00911,0.01387,LOW RESPONSE
C01652,0,0,0.00577,Low,0.01232,0.00954,0.00278,LOW RESPONSE
C01653,0,0,0.03204,Low,0.00538,0.04104,-0.03567,NEGATIVE RESPONSE
C01654,1,0,0.00721,Low,0.01177,0.01016,0.00161,LOW RESPONSE
C01655,1,0,0.00398,Low,0.00987,0.00797,0.0019,LOW RESPONSE
C01656,1,0,0.00183,Low,0.00575,0.0057,6e-05,LOW RESPONSE
C01657,0,0,0.00319,Low,0.02482,0.01617,0.00865,LOW RESPONSE
C01658,1,0,0.0175,Low,0.01406,0.0135,0.00056,LOW RESPONSE
C01659,1,0,0.00613,Low,0.01928,0.01085,0.00843,LOW RESPONSE
C01660,1,0,0.00823,Low,0.01568,0.01007,0.00562,LOW RESPONSE
C01661,1,0,0.00742,Low,0.00905,0.00676,0.00229,LOW RESPONSE
C01662,1,0,0.02433,Low,0.01671,0.00685,0.00986,LOW RESPONSE
C01663,1,1,0.41993,Medium,0.01463,0.09172,-0.07709,NEGATIVE RESPONSE
C01664,1,0,0.0219,Low,0.01,0.01275,-0.00276,NEGATIVE RESPONSE
C01665,1,0,0.02159,Low,0.00796,0.00965,-0.00169,NEGATIVE RESPONSE
C01666,1,0,0.00277,Low,0.01123,0.00843,0.00279,LOW RESPONSE
C01667,0,0,0.00547,Low,0.01053,0.00965,0.00088,LOW RESPONSE
C01668,0,0,0.01049,Low,0.00844,0.00944,-0.001,NEGATIVE RESPONSE
C01669,1,0,0.00386,Low,0.00846,0.00906,-0.00059,LOW RESPONSE
C01670,1,0,0.00529,Low,0.00693,0.0063,0.00062,LOW RESPONSE
C01671,0,1,0.94314,Critical,0.0478,0.10326,-0.05546,NEGATIVE RESPONSE
C01672,1,0,0.33521,Medium,0.00708,0.05474,-0.04766,NEGATIVE RESPONSE
C01673,0,0,0.25424,Low,0.01048,0.06625,-0.05577,NEGATIVE RESPONSE
C01674,1,0,0.01239,Low,0.00942,0.01324,-0.00382,NEGATIVE RESPONSE
C01675,0,0,0.00758,Low,0.00949,0.01212,-0.00264,NEGATIVE RESPONSE
C01676,1,0,0.00749,Low,0.01189,0.01253,-0.00063,LOW RESPONSE
C01677,1,0,0.15137,Low,0.00708,0.05122,-0.04414,NEGATIVE RESPONSE
C01678,1,0,0.00328,Low,0.00831,0.00785,0.00045,LOW RESPONSE
C01679,1,0,0.00825,Low,0.0125,0.01927,-0.00677,NEGATIVE RESPONSE
C01680,0,0,0.00144,Low,0.00632,0.00785,-0.00153,NEGATIVE RESPONSE
C01681,1,0,0.01057,Low,0.0099,0.00668,0.00322,LOW RESPONSE
C01682,1,0,0.0095,Low,0.00631,0.00636,-5e-05,LOW RESPONSE
C01683,1,0,0.03607,Low,0.01255,0.01025,0.00231,PERSUADABLE
C01684,1,0,0.00233,Low,0.00498,0.00653,-0.00154,NEGATIVE RESPONSE
C01685,1,1,0.9705,Critical,0.02878,0.28642,-0.25763,NEGATIVE RESPONSE
C01686,0,0,0.0257,Low,0.00956,0.00997,-0.00041,LOW RESPONSE
C01687,1,0,0.01526,Low,0.00625,0.00695,-0.0007,LOW RESPONSE
C01688,1,0,0.00902,Low,0.0102,0.01063,-0.00043,LOW RESPONSE
C01689,1,0,0.02856,Low,0.0222,0.03481,-0.01261,NEGATIVE RESPONSE
C01690,0,0,0.0836,Low,0.00583,0.0646,-0.05877,NEGATIVE RESPONSE
C01691,1,0,0.13535,Low,0.01337,0.09765,-0.08428,NEGATIVE RESPONSE
C01692,0,0,0.01949,Low,0.00842,0.00943,-0.00101,NEGATIVE RESPONSE
C01693,0,0,0.00187,Low,0.00598,0.00759,-0.00161,NEGATIVE RESPONSE
C01694,0,0,0.00434,Low,0.00667,0.00839,-0.00172,NEGATIVE RESPONSE
C01695,1,0,0.00717,Low,0.01281,0.01112,0.00169,LOW RESPONSE
C01696,0,0,0.00549,Low,0.01095,0.00765,0.0033,LOW RESPONSE
C01697,1,0,0.48629,Medium,0.00796,0.04239,-0.03443,NEGATIVE RESPONSE
C01698,1,0,0.00249,Low,0.00683,0.01277,-0.00594,NEGATIVE RESPONSE
C01699,1,0,0.01114,Low,0.01234,0.01416,-0.00181,NEGATIVE RESPONSE
C01700,1,0,0.0044,Low,0.01606,0.00692,0.00914,LOW RESPONSE
C01701,1,0,0.045,Low,0.01315,0.00829,0.00486,PERSUADABLE
C01702,1,0,0.14991,Low,0.00633,0.04348,-0.03715,NEGATIVE RESPONSE
C01703,1,0,0.00263,Low,0.00724,0.00605,0.00119,LOW RESPONSE
C01704,0,0,0.00495,Low,0.00725,0.00743,-0.00018,LOW RESPONSE
C01705,0,0,0.01502,Low,0.00731,0.05611,-0.0488,NEGATIVE RESPONSE
C01706,0,0,0.00253,Low,0.00645,0.00778,-0.00133,NEGATIVE RESPONSE
C01707,1,0,0.17197,Low,0.01511,0.0983,-0.08319,NEGATIVE RESPONSE
C01708,1,0,0.00644,Low,0.00809,0.00845,-0.00037,LOW RESPONSE
C01709,1,0,0.02951,Low,0.022,0.0094,0.01261,LOW RESPONSE
C01710,1,0,0.07979,Low,0.00645,0.05058,-0.04413,NEGATIVE RESPONSE
C01711,1,0,0.00358,Low,0.00842,0.01076,-0.00233,NEGATIVE RESPONSE
C01712,0,0,0.00775,Low,0.01416,0.00911,0.00505,LOW RESPONSE
C01713,0,0,0.00182,Low,0.00428,0.00645,-0.00218,NEGATIVE RESPONSE
C01714,0,0,0.00168,Low,0.00585,0.00655,-0.00071,LOW RESPONSE
C01715,1,0,0.00133,Low,0.00706,0.00637,0.00069,LOW RESPONSE
C01716,0,0,0.00532,Low,0.00731,0.00882,-0.0015,NEGATIVE RESPONSE
C01717,1,0,0.00734,Low,0.00703,0.00646,0.00057,LOW RESPONSE
C01718,0,0,0.00313,Low,0.01242,0.00688,0.00554,LOW RESPONSE
C01719,1,0,0.00642,Low,0.00737,0.00655,0.00082,LOW RESPONSE
C01720,1,0,0.00714,Low,0.00799,0.01026,-0.00227,NEGATIVE RESPONSE
C01721,0,0,0.00775,Low,0.00652,0.01107,-0.00455,NEGATIVE RESPONSE
C01722,0,0,0.00587,Low,0.00628,0.00697,-0.00069,LOW RESPONSE
C01723,1,0,0.00392,Low,0.01002,0.00856,0.00146,LOW RESPONSE
C01724,0,0,0.00695,Low,0.00886,0.00716,0.0017,LOW RESPONSE
C01725,1,0,0.0037,Low,0.00909,0.00864,0.00044,LOW RESPONSE
C01726,1,1,0.13177,Low,0.00639,0.07246,-0.06607,NEGATIVE RESPONSE
C01727,1,0,0.00649,Low,0.00886,0.00868,0.00017,LOW RESPONSE
C01728,1,0,0.00927,Low,0.01705,0.01736,-0.00031,LOW RESPONSE
C01729,1,0,0.00375,Low,0.00974,0.01504,-0.0053,NEGATIVE RESPONSE
C01730,0,0,0.01794,Low,0.01308,0.00848,0.0046,LOW RESPONSE
C01731,1,0,0.11503,Low,0.01002,0.02777,-0.01775,NEGATIVE RESPONSE
C01732,0,0,0.03914,Low,0.00839,0.0362,-0.02781,NEGATIVE RESPONSE
C01733,0,0,0.00113,Low,0.00892,0.0044,0.00452,LOW RESPONSE
C01734,1,0,0.00577,Low,0.0089,0.01083,-0.00193,NEGATIVE RESPONSE
C01735,1,0,0.00772,Low,0.00521,0.00735,-0.00214,NEGATIVE RESPONSE
C01736,1,0,0.01101,Low,0.00876,0.00714,0.00161,LOW RESPONSE
C01737,1,0,0.00188,Low,0.01525,0.00864,0.0066,LOW RESPONSE
C01738,1,0,0.00772,Low,0.00772,0.0185,-0.01077,NEGATIVE RESPONSE
C01739,1,0,0.00605,Low,0.00522,0.01065,-0.00543,NEGATIVE RESPONSE
C01740,1,0,0.01102,Low,0.00877,0.00962,-0.00085,LOW RESPONSE
C01741,0,0,0.0021,Low,0.00633,0.00582,0.00051,LOW RESPONSE
C01742,1,0,0.00375,Low,0.0073,0.00988,-0.00259,NEGATIVE RESPONSE
C01743,1,0,0.00125,Low,0.01162,0.01136,0.00026,LOW RESPONSE
C01744,0,0,0.02107,Low,0.01084,0.01974,-0.0089,NEGATIVE RESPONSE
C01745,0,0,0.02327,Low,0.00807,0.01268,-0.00462,NEGATIVE RESPONSE
C01746,1,0,0.01277,Low,0.00967,0.00839,0.00128,LOW RESPONSE
C01747,0,0,0.02422,Low,0.02114,0.01551,0.00563,LOW RESPONSE
C01748,0,1,0.1864,Low,0.03457,0.04761,-0.01304,NEGATIVE RESPONSE
C01749,0,0,0.00444,Low,0.01104,0.00781,0.00323,LOW RESPONSE
C01750,0,0,0.00734,Low,0.02702,0.00766,0.01936,LOW RESPONSE
C01751,1,0,0.0022,Low,0.00848,0.0066,0.00188,LOW RESPONSE
C01752,1,0,0.01303,Low,0.00948,0.01155,-0.00207,NEGATIVE RESPONSE
C01753,1,0,0.00527,Low,0.00853,0.01107,-0.00254,NEGATIVE RESPONSE
C01754,1,0,0.00992,Low,0.00915,0.00724,0.00191,LOW RESPONSE
C01755,1,1,0.27074,Low,0.03625,0.54965,-0.5134,NEGATIVE RESPONSE
C01756,1,0,0.02199,Low,0.01209,0.01204,5e-05,LOW RESPONSE
C01757,1,0,0.00984,Low,0.0081,0.00766,0.00043,LOW RESPONSE
C01758,1,1,0.94081,Critical,0.01124,0.12148,-0.11024,NEGATIVE RESPONSE
C01759,1,0,0.00376,Low,0.00696,0.00606,0.0009,LOW RESPONSE
C01760,1,0,0.01227,Low,0.01222,0.01392,-0.0017,NEGATIVE RESPONSE
C01761,1,0,0.00449,Low,0.01146,0.00815,0.00331,LOW RESPONSE
C01762,1,0,0.01112,Low,0.00904,0.01741,-0.00836,NEGATIVE RESPONSE
C01763,0,0,0.04931,Low,0.01083,0.01119,-0.00036,LOW RESPONSE
C01764,1,0,0.00568,Low,0.01703,0.01166,0.00537,LOW RESPONSE
C01765,0,0,0.22366,Low,0.00827,0.03693,-0.02866,NEGATIVE RESPONSE
C01766,1,0,0.00831,Low,0.01208,0.01458,-0.0025,NEGATIVE RESPONSE
C01767,0,0,0.01257,Low,0.0073,0.00662,0.00068,LOW RESPONSE
C01768,1,0,0.02469,Low,0.01172,0.00831,0.00341,LOW RESPONSE
C01769,0,0,0.01725,Low,0.00913,0.00663,0.0025,LOW RESPONSE
C01770,1,0,0.02035,Low,0.01331,0.0091,0.00421,LOW RESPONSE
C01771,1,0,0.00999,Low,0.00996,0.0317,-0.02174,NEGATIVE RESPONSE
C01772,0,0,0.00481,Low,0.02655,0.00702,0.01953,LOW RESPONSE
C01773,0,0,0.0052,Low,0.0134,0.00935,0.00405,LOW RESPONSE
C01774,1,0,0.01682,Low,0.00833,0.00984,-0.00152,NEGATIVE RESPONSE
C01775,1,0,0.23376,Low,0.01856,0.07162,-0.05305,NEGATIVE RESPONSE
C01776,1,0,0.00481,Low,0.01233,0.00739,0.00494,LOW RESPONSE
C01777,1,0,0.01565,Low,0.01356,0.00628,0.00728,LOW RESPONSE
C01778,0,0,0.00422,Low,0.00902,0.00653,0.0025,LOW RESPONSE
C01779,0,0,0.00279,Low,0.00967,0.0088,0.00087,LOW RESPONSE
C01780,1,0,0.00896,Low,0.0152,0.00873,0.00646,LOW RESPONSE
C01781,1,0,0.00303,Low,0.00667,0.00913,-0.00246,NEGATIVE RESPONSE
C01782,0,1,0.93619,Critical,0.02552,0.03866,-0.01314,NEGATIVE RESPONSE
C01783,1,0,0.00237,Low,0.0056,0.00581,-0.00021,LOW RESPONSE
C01784,1,0,0.30081,Medium,0.01126,0.07852,-0.06726,NEGATIVE RESPONSE
C01785,1,0,0.00266,Low,0.00708,0.0054,0.00168,LOW RESPONSE
C01786,1,0,0.00714,Low,0.01085,0.0085,0.00235,LOW RESPONSE
C01787,1,0,0.04175,Low,0.00931,0.05694,-0.04763,NEGATIVE RESPONSE
C01788,1,0,0.0021,Low,0.01388,0.00713,0.00675,LOW RESPONSE
C01789,1,0,0.01049,Low,0.01295,0.00665,0.0063,LOW RESPONSE
C01790,1,0,0.0543,Low,0.01304,0.0643,-0.05126,NEGATIVE RESPONSE
C01791,1,0,0.0111,Low,0.00875,0.00827,0.00047,LOW RESPONSE
C01792,1,0,0.018,Low,0.01828,0.01617,0.00211,LOW RESPONSE
C01793,1,0,0.01143,Low,0.01179,0.00633,0.00547,LOW RESPONSE
C01794,0,0,0.02457,Low,0.01477,0.01173,0.00303,LOW RESPONSE
C01795,1,0,0.00515,Low,0.03007,0.01406,0.01602,LOW RESPONSE
C01796,1,0,0.02365,Low,0.0189,0.01107,0.00782,LOW RESPONSE
C01797,1,0,0.00974,Low,0.01049,0.01001,0.00048,LOW RESPONSE
C01798,1,0,0.00564,Low,0.01149,0.00842,0.00307,LOW RESPONSE
C01799,1,0,0.00959,Low,0.00785,0.00789,-4e-05,LOW RESPONSE
C01800,0,0,0.00876,Low,0.00673,0.00736,-0.00064,LOW RESPONSE
C01801,1,0,0.0202,Low,0.01115,0.01245,-0.0013,NEGATIVE RESPONSE
C01802,0,0,0.00799,Low,0.00767,0.00982,-0.00215,NEGATIVE RESPONSE
C01803,0,1,0.97021,Critical,0.03537,0.09699,-0.06161,NEGATIVE RESPONSE
C01804,1,0,0.00118,Low,0.00933,0.00747,0.00186,LOW RESPONSE
C01805,0,0,0.01511,Low,0.00825,0.01383,-0.00558,NEGATIVE RESPONSE
C01806,1,0,0.00151,Low,0.00759,0.01226,-0.00466,NEGATIVE RESPONSE
C01807,1,0,0.00336,Low,0.00516,0.00704,-0.00189,NEGATIVE RESPONSE
C01808,1,0,0.00196,Low,0.01074,0.01291,-0.00216,NEGATIVE RESPONSE
C01809,1,0,0.00695,Low,0.01363,0.00755,0.00609,LOW RESPONSE
C01810,1,0,0.00369,Low,0.00822,0.00704,0.00118,LOW RESPONSE
C01811,1,0,0.00403,Low,0.01048,0.01465,-0.00417,NEGATIVE RESPONSE
C01812,0,0,0.0183,Low,0.00909,0.00969,-0.0006,LOW RESPONSE
C01813,1,0,0.00769,Low,0.00872,0.00726,0.00146,LOW RESPONSE
C01814,0,0,0.01047,Low,0.01121,0.01091,0.0003,LOW RESPONSE
C01815,1,0,0.0027,Low,0.00582,0.00527,0.00055,LOW RESPONSE
C01816,1,0,0.01959,Low,0.01679,0.01959,-0.00281,NEGATIVE RESPONSE
C01817,1,0,0.00414,Low,0.00542,0.01319,-0.00777,NEGATIVE RESPONSE
C01818,1,0,0.00493,Low,0.00918,0.00946,-0.00028,LOW RESPONSE
C01819,0,0,0.00779,Low,0.01606,0.01195,0.00411,LOW RESPONSE
C01820,1,1,0.90332,Critical,0.0055,0.13374,-0.12824,NEGATIVE RESPONSE
C01821,1,0,0.01222,Low,0.01617,0.00835,0.00782,LOW RESPONSE
C01822,1,0,0.03433,Low,0.02208,0.0295,-0.00742,NEGATIVE RESPONSE
C01823,1,0,0.00369,Low,0.01884,0.00986,0.00898,LOW RESPONSE
C01824,1,0,0.01504,Low,0.00942,0.01308,-0.00365,NEGATIVE RESPONSE
C01825,1,0,0.0067,Low,0.00722,0.00699,0.00023,LOW RESPONSE
C01826,1,0,0.00585,Low,0.00968,0.01182,-0.00214,NEGATIVE RESPONSE
C01827,1,0,0.01348,Low,0.0114,0.02036,-0.00896,NEGATIVE RESPONSE
C01828,1,0,0.02335,Low,0.01683,0.01555,0.00127,LOW RESPONSE
C01829,1,0,0.06226,Low,0.00787,0.05182,-0.04395,NEGATIVE RESPONSE
C01830,1,0,0.00314,Low,0.01011,0.00586,0.00424,LOW RESPONSE
C01831,1,0,0.00475,Low,0.00909,0.0082,0.00089,LOW RESPONSE
C01832,1,0,0.00518,Low,0.01059,0.00751,0.00308,LOW RESPONSE
C01833,1,0,0.00952,Low,0.01093,0.01204,-0.00112,NEGATIVE RESPONSE
C01834,1,0,0.00289,Low,0.00662,0.00802,-0.00141,NEGATIVE RESPONSE
C01835,1,0,0.00866,Low,0.01077,0.00696,0.00381,LOW RESPONSE
C01836,0,0,0.00441,Low,0.01063,0.01797,-0.00734,NEGATIVE RESPONSE
C01837,0,0,0.00569,Low,0.00999,0.01138,-0.00139,NEGATIVE RESPONSE
C01838,1,0,0.00661,Low,0.00899,0.00818,0.00081,LOW RESPONSE
C01839,1,0,0.02128,Low,0.00976,0.00802,0.00174,LOW RESPONSE
C01840,1,0,0.26045,Low,0.00643,0.04839,-0.04197,NEGATIVE RESPONSE
C01841,0,0,0.00483,Low,0.00893,0.00972,-0.0008,LOW RESPONSE
C01842,1,0,0.02328,Low,0.02565,0.00992,0.01573,LOW RESPONSE
C01843,1,0,0.00844,Low,0.01435,0.0112,0.00315,LOW RESPONSE
C01844,0,0,0.00405,Low,0.00747,0.00661,0.00085,LOW RESPONSE
C01845,1,0,0.00523,Low,0.00866,0.00717,0.0015,LOW RESPONSE
C01846,1,0,0.01185,Low,0.02746,0.00726,0.0202,LOW RESPONSE
C01847,0,0,0.00279,Low,0.00615,0.00724,-0.00109,NEGATIVE RESPONSE
C01848,1,0,0.01798,Low,0.01552,0.01139,0.00414,LOW RESPONSE
C01849,1,0,0.00908,Low,0.0079,0.00703,0.00088,LOW RESPONSE
C01850,1,0,0.01054,Low,0.01363,0.00969,0.00394,LOW RESPONSE
C01851,1,0,0.00851,Low,0.01006,0.01043,-0.00037,LOW RESPONSE
C01852,0,0,0.012,Low,0.01235,0.00753,0.00482,LOW RESPONSE
C01853,1,0,0.00368,Low,0.0084,0.0086,-0.0002,LOW RESPONSE
C01854,0,0,0.01143,Low,0.01908,0.02583,-0.00675,NEGATIVE RESPONSE
C01855,1,0,0.01518,Low,0.00874,0.00785,0.00089,LOW RESPONSE
C01856,1,0,0.01107,Low,0.01917,0.00896,0.01021,LOW RESPONSE
C01857,1,0,0.26823,Low,0.01009,0.05385,-0.04376,NEGATIVE RESPONSE
C01858,1,1,0.95929,Critical,0.00872,0.1459,-0.13718,NEGATIVE RESPONSE
C01859,0,0,0.01213,Low,0.0078,0.01529,-0.00749,NEGATIVE RESPONSE
C01860,1,0,0.00595,Low,0.01333,0.01105,0.00228,LOW RESPONSE
C01861,0,0,0.01493,Low,0.0062,0.00703,-0.00083,LOW RESPONSE
C01862,1,0,0.04733,Low,0.02356,0.00945,0.01411,HIGHLY PERSUADABLE
C01863,0,0,0.01566,Low,0.0099,0.01668,-0.00679,NEGATIVE RESPONSE
C01864,1,0,0.01571,Low,0.01612,0.01215,0.00397,LOW RESPONSE
C01865,1,0,0.00874,Low,0.00985,0.00616,0.00369,LOW RESPONSE
C01866,0,0,0.07578,Low,0.00906,0.01829,-0.00923,NEGATIVE RESPONSE
C01867,1,0,0.0084,Low,0.01063,0.01247,-0.00184,NEGATIVE RESPONSE
C01868,1,0,0.00397,Low,0.00728,0.01178,-0.0045,NEGATIVE RESPONSE
C01869,1,0,0.22634,Low,0.00542,0.07456,-0.06913,NEGATIVE RESPONSE
C01870,0,0,0.01275,Low,0.00858,0.00881,-0.00022,LOW RESPONSE
C01871,0,0,0.01994,Low,0.01118,0.01189,-0.00071,LOW RESPONSE
C01872,1,0,0.00696,Low,0.01717,0.00839,0.00879,LOW RESPONSE
C01873,0,0,0.02454,Low,0.01557,0.01099,0.00458,LOW RESPONSE
C01874,1,0,0.01734,Low,0.00812,0.00586,0.00227,LOW RESPONSE
C01875,0,0,0.00722,Low,0.00583,0.00503,0.00079,LOW RESPONSE
C01876,0,0,0.00969,Low,0.0159,0.00951,0.00638,LOW RESPONSE
C01877,0,0,0.00168,Low,0.01269,0.01108,0.00161,LOW RESPONSE
C01878,0,0,0.00637,Low,0.01337,0.00561,0.00776,LOW RESPONSE
C01879,1,0,0.01893,Low,0.01084,0.00959,0.00125,LOW RESPONSE
C01880,1,0,0.00482,Low,0.00597,0.00892,-0.00295,NEGATIVE RESPONSE
C01881,0,0,0.04016,Low,0.01585,0.01201,0.00384,PERSUADABLE
C01882,1,0,0.02585,Low,0.00916,0.02135,-0.01219,NEGATIVE RESPONSE
C01883,1,0,0.01012,Low,0.01785,0.01707,0.00079,LOW RESPONSE
C01884,0,0,0.00602,Low,0.00637,0.00772,-0.00134,NEGATIVE RESPONSE
C01885,1,1,0.38351,Medium,0.01186,0.36317,-0.35131,NEGATIVE RESPONSE
C01886,0,0,0.00311,Low,0.00896,0.00979,-0.00083,LOW RESPONSE
C01887,1,0,0.11,Low,0.00535,0.03207,-0.02672,NEGATIVE RESPONSE
C01888,1,0,0.00736,Low,0.01131,0.00912,0.0022,LOW RESPONSE
C01889,0,0,0.01367,Low,0.00793,0.01175,-0.00382,NEGATIVE RESPONSE
C01890,0,0,0.00595,Low,0.00671,0.0096,-0.00289,NEGATIVE RESPONSE
C01891,1,0,0.00452,Low,0.00721,0.00689,0.00031,LOW RESPONSE
C01892,1,0,0.00754,Low,0.01437,0.00642,0.00795,LOW RESPONSE
C01893,1,0,0.12593,Low,0.00842,0.09306,-0.08464,NEGATIVE RESPONSE
C01894,1,0,0.00895,Low,0.01584,0.01058,0.00526,LOW RESPONSE
C01895,0,0,0.01991,Low,0.00975,0.00718,0.00258,LOW RESPONSE
C01896,1,0,0.00107,Low,0.00628,0.00584,0.00045,LOW RESPONSE
C01897,1,0,0.01113,Low,0.01514,0.01163,0.00351,LOW RESPONSE
C01898,1,0,0.00522,Low,0.00489,0.00601,-0.00111,NEGATIVE RESPONSE
C01899,1,0,0.00944,Low,0.01037,0.01248,-0.00211,NEGATIVE RESPONSE
C01900,1,0,0.00183,Low,0.00782,0.00668,0.00114,LOW RESPONSE
C01901,0,0,0.00889,Low,0.01092,0.01359,-0.00267,NEGATIVE RESPONSE
C01902,1,0,0.01286,Low,0.01253,0.0092,0.00333,LOW RESPONSE
C01903,1,0,0.01145,Low,0.00962,0.0108,-0.00118,NEGATIVE RESPONSE
C01904,1,0,0.01339,Low,0.01944,0.01084,0.00859,LOW RESPONSE
C01905,0,0,0.00615,Low,0.01136,0.01541,-0.00404,NEGATIVE RESPONSE
C01906,1,0,0.21104,Low,0.01559,0.04923,-0.03364,NEGATIVE RESPONSE
C01907,1,0,0.0051,Low,0.01324,0.00671,0.00653,LOW RESPONSE
C01908,0,0,0.00581,Low,0.00788,0.00724,0.00063,LOW RESPONSE
C01909,0,0,0.00343,Low,0.00592,0.00878,-0.00286,NEGATIVE RESPONSE
C01910,1,0,0.00868,Low,0.0112,0.00907,0.00213,LOW RESPONSE
C01911,1,0,0.00666,Low,0.0068,0.01044,-0.00364,NEGATIVE RESPONSE
C01912,0,0,0.01571,Low,0.03216,0.01282,0.01934,LOW RESPONSE
C01913,1,0,0.00702,Low,0.0103,0.00766,0.00265,LOW RESPONSE
C01914,0,0,0.01375,Low,0.01042,0.01031,0.00011,LOW RESPONSE
C01915,1,1,0.7942,High,0.03135,0.29056,-0.2592,NEGATIVE RESPONSE
C01916,0,0,0.01111,Low,0.00979,0.00759,0.0022,LOW RESPONSE
C01917,0,0,0.02442,Low,0.00768,0.00726,0.00042,LOW RESPONSE
C01918,0,0,0.01261,Low,0.01381,0.01355,0.00026,LOW RESPONSE
C01919,1,0,0.00191,Low,0.00995,0.00662,0.00333,LOW RESPONSE
C01920,0,1,0.95413,Critical,0.03217,0.07629,-0.04412,NEGATIVE RESPONSE
C01921,1,0,0.00904,Low,0.00559,0.04709,-0.0415,NEGATIVE RESPONSE
C01922,0,0,0.0187,Low,0.01187,0.01644,-0.00457,NEGATIVE RESPONSE
C01923,1,0,0.00884,Low,0.00897,0.00995,-0.00098,LOW RESPONSE
C01924,1,0,0.00918,Low,0.00824,0.0265,-0.01827,NEGATIVE RESPONSE
C01925,1,0,0.01148,Low,0.0083,0.0104,-0.0021,NEGATIVE RESPONSE
C01926,1,0,0.0137,Low,0.00749,0.007,0.00049,LOW RESPONSE
C01927,1,0,0.20333,Low,0.00913,0.07627,-0.06714,NEGATIVE RESPONSE
C01928,1,0,0.45744,Medium,0.01177,0.07311,-0.06134,NEGATIVE RESPONSE
C01929,1,0,0.06165,Low,0.01111,0.014,-0.00289,NEGATIVE RESPONSE
C01930,0,0,0.01712,Low,0.00634,0.00993,-0.00359,NEGATIVE RESPONSE
C01931,1,0,0.005,Low,0.00627,0.00641,-0.00014,LOW RESPONSE
C01932,1,0,0.06412,Low,0.00847,0.05729,-0.04883,NEGATIVE RESPONSE
C01933,0,0,0.00114,Low,0.00723,0.00588,0.00135,LOW RESPONSE
C01934,1,0,0.00783,Low,0.00972,0.00686,0.00286,LOW RESPONSE
C01935,1,0,0.00441,Low,0.00545,0.00663,-0.00118,NEGATIVE RESPONSE
C01936,1,0,0.19309,Low,0.01105,0.07777,-0.06673,NEGATIVE RESPONSE
C01937,1,0,0.00473,Low,0.00479,0.00856,-0.00377,NEGATIVE RESPONSE
C01938,1,0,0.0944,Low,0.00671,0.04685,-0.04013,NEGATIVE RESPONSE
C01939,1,0,0.07192,Low,0.01613,0.11179,-0.09566,NEGATIVE RESPONSE
C01940,1,0,0.0116,Low,0.01124,0.01364,-0.0024,NEGATIVE RESPONSE
C01941,1,0,0.01195,Low,0.00882,0.01031,-0.00149,NEGATIVE RESPONSE
C01942,1,0,0.00339,Low,0.01318,0.00859,0.00459,LOW RESPONSE
C01943,1,0,0.00787,Low,0.00924,0.0089,0.00034,LOW RESPONSE
C01944,1,0,0.00771,Low,0.00828,0.00806,0.00022,LOW RESPONSE
C01945,1,0,0.01049,Low,0.00993,0.01113,-0.00121,NEGATIVE RESPONSE
C01946,0,1,0.94748,Critical,0.01342,0.12621,-0.1128,NEGATIVE RESPONSE
C01947,1,0,0.08023,Low,0.02433,0.01209,0.01223,HIGHLY PERSUADABLE
C01948,0,0,0.00397,Low,0.00358,0.00642,-0.00284,NEGATIVE RESPONSE
C01949,1,0,0.01898,Low,0.00889,0.01274,-0.00385,NEGATIVE RESPONSE
C01950,1,0,0.01435,Low,0.00651,0.01123,-0.00472,NEGATIVE RESPONSE
C01951,1,0,0.0017,Low,0.00775,0.00588,0.00188,LOW RESPONSE
C01952,0,0,0.01239,Low,0.00576,0.01106,-0.0053,NEGATIVE RESPONSE
C01953,1,0,0.0167,Low,0.01179,0.00913,0.00266,LOW RESPONSE
C01954,1,0,0.01023,Low,0.01526,0.02618,-0.01092,NEGATIVE RESPONSE
C01955,1,0,0.12628,Low,0.00686,0.03439,-0.02754,NEGATIVE RESPONSE
C01956,1,0,0.02168,Low,0.02593,0.00998,0.01596,LOW RESPONSE
C01957,1,0,0.01571,Low,0.01143,0.01031,0.00112,LOW RESPONSE
C01958,0,0,0.39136,Medium,0.00993,0.20711,-0.19718,NEGATIVE RESPONSE
C01959,1,0,0.30627,Medium,0.01838,0.06997,-0.05159,NEGATIVE RESPONSE
C01960,1,0,0.00226,Low,0.0129,0.00673,0.00617,LOW RESPONSE
C01961,0,0,0.00493,Low,0.00575,0.0118,-0.00605,NEGATIVE RESPONSE
C01962,1,0,0.03879,Low,0.01695,0.01006,0.00688,PERSUADABLE
C01963,1,0,0.00547,Low,0.00841,0.00837,4e-05,LOW RESPONSE
C01964,1,0,0.01215,Low,0.01117,0.01001,0.00116,LOW RESPONSE
C01965,0,0,0.03776,Low,0.0251,0.03885,-0.01375,NEGATIVE RESPONSE
C01966,1,0,0.01011,Low,0.00505,0.00657,-0.00151,NEGATIVE RESPONSE
C01967,0,0,0.02242,Low,0.02908,0.02794,0.00114,LOW RESPONSE
C01968,0,0,0.00135,Low,0.01395,0.01108,0.00288,LOW RESPONSE
C01969,1,0,0.00796,Low,0.00761,0.0119,-0.00429,NEGATIVE RESPONSE
C01970,1,0,0.25161,Low,0.00953,0.1099,-0.10037,NEGATIVE RESPONSE
C01971,0,0,0.00435,Low,0.00934,0.01183,-0.00249,NEGATIVE RESPONSE
C01972,0,1,0.96931,Critical,0.04799,0.10943,-0.06144,NEGATIVE RESPONSE
C01973,1,0,0.00498,Low,0.00985,0.00761,0.00224,LOW RESPONSE
C01974,0,0,0.00726,Low,0.00555,0.00684,-0.00129,NEGATIVE RESPONSE
C01975,1,0,0.01122,Low,0.00761,0.01181,-0.0042,NEGATIVE RESPONSE
C01976,1,0,0.02587,Low,0.00561,0.04207,-0.03646,NEGATIVE RESPONSE
C01977,1,0,0.01559,Low,0.00971,0.02606,-0.01635,NEGATIVE RESPONSE
C01978,1,1,0.95101,Critical,0.01241,0.20157,-0.18916,NEGATIVE RESPONSE
C01979,1,0,0.40675,Medium,0.01004,0.06253,-0.05249,NEGATIVE RESPONSE
C01980,1,0,0.33427,Medium,0.00642,0.04465,-0.03823,NEGATIVE RESPONSE
C01981,1,1,0.94086,Critical,0.0092,0.28098,-0.27178,NEGATIVE RESPONSE
C01982,1,0,0.00911,Low,0.00708,0.00807,-0.00098,LOW RESPONSE
C01983,1,0,0.02918,Low,0.01292,0.01401,-0.00109,NEGATIVE RESPONSE
C01984,1,0,0.00228,Low,0.01216,0.00963,0.00253,LOW RESPONSE
C01985,1,0,0.01663,Low,0.00794,0.00957,-0.00163,NEGATIVE RESPONSE
C01986,0,0,0.01392,Low,0.01275,0.01199,0.00076,LOW RESPONSE
C01987,0,0,0.06427,Low,0.00567,0.08278,-0.07711,NEGATIVE RESPONSE
C01988,0,0,0.00598,Low,0.01053,0.01508,-0.00455,NEGATIVE RESPONSE
C01989,1,0,0.00929,Low,0.01677,0.00741,0.00935,LOW RESPONSE
C01990,1,1,0.93717,Critical,0.0166,0.1976,-0.18099,NEGATIVE RESPONSE
C01991,1,0,0.00365,Low,0.00809,0.0073,0.00079,LOW RESPONSE
C01992,1,0,0.00191,Low,0.0074,0.00684,0.00056,LOW RESPONSE
C01993,1,0,0.5014,Medium,0.00817,0.08746,-0.07929,NEGATIVE RESPONSE
C01994,0,0,0.04058,Low,0.00868,0.00857,0.00011,LOW RESPONSE
C01995,1,0,0.00525,Low,0.01255,0.0128,-0.00025,LOW RESPONSE
C01996,0,0,0.28539,Low,0.01569,0.0602,-0.04451,NEGATIVE RESPONSE
C01997,1,0,0.0017,Low,0.01359,0.00767,0.00592,LOW RESPONSE
C01998,0,0,0.00506,Low,0.00576,0.01179,-0.00602,NEGATIVE RESPONSE
C01999,0,0,0.00566,Low,0.00913,0.00899,0.00014,LOW RESPONSE
C02000,1,0,0.01793,Low,0.01042,0.00631,0.00411,LOW RESPONSE
C02001,1,1,0.36068,Medium,0.01213,0.18281,-0.17068,NEGATIVE RESPONSE
C02002,0,0,0.0089,Low,0.01054,0.00662,0.00393,LOW RESPONSE
C02003,0,0,0.01037,Low,0.01083,0.00771,0.00311,LOW RESPONSE
C02004,0,0,0.04225,Low,0.02235,0.01112,0.01123,HIGHLY PERSUADABLE
C02005,0,0,0.00869,Low,0.00954,0.01264,-0.00309,NEGATIVE RESPONSE
C02006,1,0,0.14552,Low,0.00937,0.0601,-0.05073,NEGATIVE RESPONSE
C02007,1,0,0.00312,Low,0.01693,0.00734,0.00959,LOW RESPONSE
C02008,1,0,0.53535,Medium,0.01352,0.07043,-0.0569,NEGATIVE RESPONSE
C02009,1,0,0.1903,Low,0.01475,0.05698,-0.04223,NEGATIVE RESPONSE
C02010,1,0,0.018,Low,0.0106,0.01116,-0.00056,LOW RESPONSE
C02011,1,0,0.01021,Low,0.01207,0.0074,0.00467,LOW RESPONSE
C02012,0,0,0.00496,Low,0.00657,0.00672,-0.00014,LOW RESPONSE
C02013,1,0,0.01385,Low,0.01794,0.00644,0.0115,LOW RESPONSE
C02014,0,0,0.00526,Low,0.00893,0.00602,0.00291,LOW RESPONSE
C02015,0,0,0.00259,Low,0.0072,0.0091,-0.0019,NEGATIVE RESPONSE
C02016,1,0,0.00091,Low,0.00918,0.00524,0.00393,LOW RESPONSE
C02017,0,0,0.01339,Low,0.0087,0.00829,0.00041,LOW RESPONSE
C02018,1,0,0.0048,Low,0.01341,0.01169,0.00172,LOW RESPONSE
C02019,1,0,0.00269,Low,0.01274,0.00893,0.0038,LOW RESPONSE
C02020,0,0,0.00349,Low,0.00543,0.00726,-0.00183,NEGATIVE RESPONSE
C02021,1,0,0.10536,Low,0.00715,0.07275,-0.0656,NEGATIVE RESPONSE
C02022,1,0,0.00265,Low,0.00495,0.00693,-0.00198,NEGATIVE RESPONSE
C02023,0,0,0.0148,Low,0.00824,0.01254,-0.0043,NEGATIVE RESPONSE
C02024,1,0,0.00526,Low,0.00853,0.0074,0.00113,LOW RESPONSE
C02025,1,0,0.00253,Low,0.0144,0.00737,0.00703,LOW RESPONSE
C02026,0,0,0.00462,Low,0.01032,0.00607,0.00425,LOW RESPONSE
C02027,0,0,0.01177,Low,0.00993,0.00794,0.002,LOW RESPONSE
C02028,0,0,0.00462,Low,0.00798,0.00674,0.00124,LOW RESPONSE
C02029,0,0,0.01611,Low,0.00989,0.01141,-0.00151,NEGATIVE RESPONSE
C02030,1,0,0.12363,Low,0.01123,0.03982,-0.02858,NEGATIVE RESPONSE
C02031,1,0,0.00827,Low,0.01116,0.00838,0.00277,LOW RESPONSE
C02032,1,0,0.00858,Low,0.00563,0.01253,-0.0069,NEGATIVE RESPONSE
C02033,1,0,0.00552,Low,0.01188,0.00774,0.00414,LOW RESPONSE
C02034,0,0,0.02375,Low,0.00575,0.04991,-0.04416,NEGATIVE RESPONSE
C02035,0,0,0.04215,Low,0.00986,0.09813,-0.08827,NEGATIVE RESPONSE
C02036,1,0,0.00668,Low,0.00582,0.01093,-0.00511,NEGATIVE RESPONSE
C02037,1,0,0.09767,Low,0.01194,0.04555,-0.03362,NEGATIVE RESPONSE
C02038,0,0,0.01157,Low,0.00922,0.00937,-0.00015,LOW RESPONSE
C02039,1,0,0.00419,Low,0.0074,0.00517,0.00223,LOW RESPONSE
C02040,1,0,0.03338,Low,0.02157,0.07066,-0.04909,NEGATIVE RESPONSE
C02041,1,0,0.05274,Low,0.02297,0.01408,0.00889,HIGHLY PERSUADABLE
C02042,1,0,0.00551,Low,0.00916,0.00959,-0.00043,LOW RESPONSE
C02043,1,0,0.00315,Low,0.00717,0.00921,-0.00204,NEGATIVE RESPONSE
C02044,0,0,0.02164,Low,0.01064,0.00643,0.00421,LOW RESPONSE
C02045,1,0,0.00446,Low,0.00645,0.01027,-0.00382,NEGATIVE RESPONSE
C02046,1,0,0.00753,Low,0.00788,0.00677,0.00111,LOW RESPONSE
C02047,0,0,0.00422,Low,0.01076,0.01724,-0.00649,NEGATIVE RESPONSE
C02048,1,0,0.01495,Low,0.01061,0.00811,0.00249,LOW RESPONSE
C02049,1,0,0.02496,Low,0.00659,0.00939,-0.0028,NEGATIVE RESPONSE
C02050,1,0,0.0108,Low,0.01462,0.01153,0.00309,LOW RESPONSE
C02051,0,0,0.00855,Low,0.01014,0.00828,0.00186,LOW RESPONSE
C02052,1,0,0.08145,Low,0.0137,0.01535,-0.00165,NEGATIVE RESPONSE
C02053,0,0,0.00415,Low,0.00551,0.01262,-0.0071,NEGATIVE RESPONSE
C02054,1,0,0.00135,Low,0.01218,0.01154,0.00064,LOW RESPONSE
C02055,1,0,0.01236,Low,0.01061,0.00702,0.00359,LOW RESPONSE
C02056,0,0,0.21238,Low,0.00694,0.07524,-0.06831,NEGATIVE RESPONSE
C02057,1,0,0.01519,Low,0.01433,0.00712,0.00721,LOW RESPONSE
C02058,1,0,0.00366,Low,0.00754,0.00742,0.00012,LOW RESPONSE
C02059,0,0,0.01149,Low,0.01383,0.00636,0.00746,LOW RESPONSE
C02060,1,0,0.01814,Low,0.01436,0.01747,-0.00311,NEGATIVE RESPONSE
C02061,0,0,0.00237,Low,0.00576,0.00689,-0.00113,NEGATIVE RESPONSE
C02062,1,0,0.06675,Low,0.00599,0.06003,-0.05404,NEGATIVE RESPONSE
C02063,1,0,0.00638,Low,0.01162,0.00796,0.00366,LOW RESPONSE
C02064,1,0,0.03422,Low,0.03109,0.00965,0.02144,HIGHLY PERSUADABLE
C02065,1,0,0.00896,Low,0.00962,0.00906,0.00056,LOW RESPONSE
C02066,0,0,0.00359,Low,0.00751,0.01012,-0.00262,NEGATIVE RESPONSE
C02067,1,0,0.00287,Low,0.01117,0.00558,0.00559,LOW RESPONSE
C02068,1,0,0.02486,Low,0.01281,0.08244,-0.06964,NEGATIVE RESPONSE
C02069,1,0,0.02089,Low,0.00699,0.00953,-0.00253,NEGATIVE RESPONSE
C02070,1,0,0.00454,Low,0.00568,0.00555,0.00013,LOW RESPONSE
C02071,0,0,0.16475,Low,0.0088,0.06797,-0.05917,NEGATIVE RESPONSE
C02072,1,0,0.0047,Low,0.00712,0.00688,0.00024,LOW RESPONSE
C02073,1,0,0.00875,Low,0.0093,0.00791,0.00139,LOW RESPONSE
C02074,0,0,0.25199,Low,0.01092,0.09804,-0.08712,NEGATIVE RESPONSE
C02075,1,0,0.14814,Low,0.01058,0.08041,-0.06984,NEGATIVE RESPONSE
C02076,0,0,0.01259,Low,0.01535,0.00928,0.00608,LOW RESPONSE
C02077,1,0,0.00502,Low,0.00794,0.00938,-0.00143,NEGATIVE RESPONSE
C02078,1,0,0.00365,Low,0.01059,0.00762,0.00297,LOW RESPONSE
C02079,1,0,0.01502,Low,0.01663,0.00961,0.00702,LOW RESPONSE
C02080,1,0,0.00713,Low,0.01338,0.00984,0.00354,LOW RESPONSE
C02081,1,0,0.00934,Low,0.0061,0.00797,-0.00186,NEGATIVE RESPONSE
C02082,1,0,0.2122,Low,0.00724,0.04638,-0.03914,NEGATIVE RESPONSE
C02083,0,0,0.02237,Low,0.0132,0.01756,-0.00436,NEGATIVE RESPONSE
C02084,1,0,0.01294,Low,0.00762,0.00889,-0.00127,NEGATIVE RESPONSE
C02085,1,0,0.01052,Low,0.00703,0.00598,0.00104,LOW RESPONSE
C02086,1,0,0.00987,Low,0.01028,0.01433,-0.00405,NEGATIVE RESPONSE
C02087,1,0,0.13031,Low,0.00573,0.07231,-0.06658,NEGATIVE RESPONSE
C02088,0,0,0.09939,Low,0.00703,0.12517,-0.11814,NEGATIVE RESPONSE
C02089,1,0,0.00228,Low,0.00589,0.00695,-0.00106,NEGATIVE RESPONSE
C02090,1,0,0.00603,Low,0.02315,0.0078,0.01535,LOW RESPONSE
C02091,1,0,0.00795,Low,0.01156,0.00616,0.0054,LOW RESPONSE
C02092,1,0,0.01577,Low,0.01433,0.00622,0.0081,LOW RESPONSE
C02093,1,0,0.01487,Low,0.01045,0.01258,-0.00213,NEGATIVE RESPONSE
C02094,1,0,0.15511,Low,0.00987,0.07284,-0.06296,NEGATIVE RESPONSE
C02095,1,0,0.00251,Low,0.00963,0.0089,0.00073,LOW RESPONSE
C02096,0,0,0.00527,Low,0.01022,0.01571,-0.00549,NEGATIVE RESPONSE
C02097,0,0,0.08909,Low,0.01256,0.08566,-0.0731,NEGATIVE RESPONSE
C02098,1,0,0.00512,Low,0.00732,0.00948,-0.00216,NEGATIVE RESPONSE
C02099,1,0,0.01058,Low,0.00628,0.00946,-0.00318,NEGATIVE RESPONSE
C02100,0,0,0.01384,Low,0.00932,0.00854,0.00079,LOW RESPONSE
C02101,1,0,0.48591,Medium,0.01467,0.13657,-0.12191,NEGATIVE RESPONSE
C02102,1,0,0.01313,Low,0.01025,0.00932,0.00094,LOW RESPONSE
C02103,0,0,0.08311,Low,0.01038,0.00908,0.0013,PERSUADABLE
C02104,1,0,0.01708,Low,0.01485,0.00953,0.00532,LOW RESPONSE
C02105,0,0,0.00749,Low,0.01108,0.00899,0.00209,LOW RESPONSE
C02106,1,0,0.02408,Low,0.01137,0.00633,0.00504,LOW RESPONSE
C02107,1,0,0.01608,Low,0.00813,0.00728,0.00085,LOW RESPONSE
C02108,1,0,0.00225,Low,0.00779,0.00871,-0.00092,LOW RESPONSE
C02109,0,0,0.0474,Low,0.03879,0.18744,-0.14864,NEGATIVE RESPONSE
C02110,0,0,0.00686,Low,0.00814,0.01016,-0.00202,NEGATIVE RESPONSE
C02111,1,0,0.02975,Low,0.01688,0.06609,-0.04922,NEGATIVE RESPONSE
C02112,1,0,0.00748,Low,0.00695,0.00613,0.00083,LOW RESPONSE
C02113,1,0,0.002,Low,0.00581,0.00552,0.0003,LOW RESPONSE
C02114,1,0,0.14502,Low,0.00767,0.06283,-0.05515,NEGATIVE RESPONSE
C02115,0,0,0.11723,Low,0.00737,0.0482,-0.04083,NEGATIVE RESPONSE
C02116,0,0,0.00396,Low,0.00675,0.02349,-0.01673,NEGATIVE RESPONSE
C02117,1,0,0.02583,Low,0.01592,0.01302,0.0029,LOW RESPONSE
C02118,1,0,0.00423,Low,0.01146,0.01236,-0.0009,LOW RESPONSE
C02119,1,0,0.00629,Low,0.01251,0.01152,0.00098,LOW RESPONSE
C02120,1,0,0.01129,Low,0.01044,0.00797,0.00247,LOW RESPONSE
C02121,1,0,0.01266,Low,0.0151,0.01028,0.00482,LOW RESPONSE
C02122,1,0,0.00843,Low,0.00854,0.0078,0.00074,LOW RESPONSE
C02123,1,0,0.00123,Low,0.00958,0.00653,0.00304,LOW RESPONSE
C02124,0,0,0.01156,Low,0.0154,0.00923,0.00617,LOW RESPONSE
C02125,1,0,0.01692,Low,0.01803,0.01155,0.00648,LOW RESPONSE
C02126,1,0,0.01151,Low,0.01449,0.0085,0.00599,LOW RESPONSE
C02127,0,0,0.04693,Low,0.00785,0.02143,-0.01357,NEGATIVE RESPONSE
C02128,1,0,0.01068,Low,0.0211,0.0139,0.0072,LOW RESPONSE
C02129,1,0,0.04573,Low,0.00448,0.04219,-0.03772,NEGATIVE RESPONSE
C02130,1,0,0.02049,Low,0.00967,0.00925,0.00042,LOW RESPONSE
C02131,1,0,0.01116,Low,0.01989,0.00876,0.01113,LOW RESPONSE
C02132,1,1,0.52333,Medium,0.01813,0.28106,-0.26292,NEGATIVE RESPONSE
C02133,1,0,0.0023,Low,0.00423,0.00524,-0.00101,NEGATIVE RESPONSE
C02134,1,0,0.00189,Low,0.01059,0.00933,0.00126,LOW RESPONSE
C02135,1,0,0.03067,Low,0.03091,0.01598,0.01493,LOW RESPONSE
C02136,0,0,0.00588,Low,0.00888,0.00767,0.00121,LOW RESPONSE
C02137,1,0,0.00234,Low,0.0048,0.00626,-0.00146,NEGATIVE RESPONSE
C02138,1,0,0.01055,Low,0.0062,0.00601,0.00019,LOW RESPONSE
C02139,1,0,0.01923,Low,0.00927,0.0074,0.00186,LOW RESPONSE
C02140,1,0,0.12005,Low,0.00995,0.04366,-0.03371,NEGATIVE RESPONSE
C02141,1,0,0.00167,Low,0.01113,0.01026,0.00087,LOW RESPONSE
C02142,0,0,0.24948,Low,0.0054,0.1026,-0.09719,NEGATIVE RESPONSE
C02143,1,0,0.00766,Low,0.00919,0.01331,-0.00412,NEGATIVE RESPONSE
C02144,0,0,0.01083,Low,0.01636,0.00912,0.00724,LOW RESPONSE
C02145,1,0,0.0091,Low,0.01514,0.01087,0.00427,LOW RESPONSE
C02146,1,0,0.00719,Low,0.00861,0.00821,0.0004,LOW RESPONSE
C02147,0,0,0.03608,Low,0.01637,0.00644,0.00993,HIGHLY PERSUADABLE
C02148,1,0,0.0025,Low,0.00697,0.0081,-0.00113,NEGATIVE RESPONSE
C02149,1,0,0.0103,Low,0.01305,0.01052,0.00254,LOW RESPONSE
C02150,1,0,0.00786,Low,0.01093,0.01373,-0.0028,NEGATIVE RESPONSE
C02151,1,0,0.00945,Low,0.00835,0.01036,-0.00201,NEGATIVE RESPONSE
C02152,0,0,0.03009,Low,0.01164,0.00655,0.00509,LOW RESPONSE
C02153,1,0,0.00475,Low,0.00843,0.00947,-0.00105,NEGATIVE RESPONSE
C02154,0,0,0.00919,Low,0.01203,0.00555,0.00648,LOW RESPONSE
C02155,0,0,0.01341,Low,0.00959,0.0223,-0.01271,NEGATIVE RESPONSE
C02156,1,1,0.93068,Critical,0.01402,0.17771,-0.16368,NEGATIVE RESPONSE
C02157,1,0,0.00825,Low,0.01213,0.00753,0.00459,LOW RESPONSE
C02158,0,0,0.00338,Low,0.01722,0.01073,0.00649,LOW RESPONSE
C02159,1,0,0.01679,Low,0.00854,0.00855,-1e-05,LOW RESPONSE
C02160,1,0,0.01738,Low,0.01494,0.0128,0.00214,LOW RESPONSE
C02161,1,0,0.00328,Low,0.00938,0.00771,0.00167,LOW RESPONSE
C02162,1,0,0.00329,Low,0.01317,0.00529,0.00788,LOW RESPONSE
C02163,0,0,0.00373,Low,0.00952,0.00777,0.00175,LOW RESPONSE
C02164,1,0,0.00255,Low,0.0104,0.00699,0.00341,LOW RESPONSE
C02165,1,0,0.01213,Low,0.01062,0.00736,0.00326,LOW RESPONSE
C02166,1,0,0.01003,Low,0.0217,0.01642,0.00528,LOW RESPONSE
C02167,1,0,0.0112,Low,0.00532,0.00779,-0.00247,NEGATIVE RESPONSE
C02168,1,0,0.011,Low,0.00808,0.00945,-0.00137,NEGATIVE RESPONSE
C02169,1,0,0.11291,Low,0.00597,0.04583,-0.03985,NEGATIVE RESPONSE
C02170,1,0,0.00348,Low,0.0096,0.01072,-0.00113,NEGATIVE RESPONSE
C02171,1,0,0.00608,Low,0.0054,0.01335,-0.00795,NEGATIVE RESPONSE
C02172,1,0,0.00276,Low,0.00642,0.00716,-0.00074,LOW RESPONSE
C02173,1,0,0.08985,Low,0.03076,0.01921,0.01155,HIGHLY PERSUADABLE
C02174,0,0,0.12984,Low,0.02292,0.03417,-0.01125,NEGATIVE RESPONSE
C02175,1,0,0.00568,Low,0.01123,0.00764,0.00359,LOW RESPONSE
C02176,1,0,0.00274,Low,0.02107,0.01479,0.00629,LOW RESPONSE
C02177,0,0,0.01323,Low,0.01187,0.01365,-0.00179,NEGATIVE RESPONSE
C02178,1,0,0.01065,Low,0.00654,0.03445,-0.02791,NEGATIVE RESPONSE
C02179,1,0,0.02715,Low,0.00441,0.06147,-0.05705,NEGATIVE RESPONSE
C02180,1,0,0.00419,Low,0.00786,0.00734,0.00052,LOW RESPONSE
C02181,1,0,0.0094,Low,0.01145,0.02383,-0.01238,NEGATIVE RESPONSE
C02182,1,0,0.01813,Low,0.01543,0.00904,0.00638,LOW RESPONSE
C02183,1,0,0.01597,Low,0.00602,0.03658,-0.03055,NEGATIVE RESPONSE
C02184,1,0,0.02064,Low,0.01101,0.00828,0.00272,LOW RESPONSE
C02185,1,0,0.08165,Low,0.00832,0.03913,-0.0308,NEGATIVE RESPONSE
C02186,1,0,0.024,Low,0.00458,0.01143,-0.00685,NEGATIVE RESPONSE
C02187,0,0,0.00604,Low,0.02393,0.01455,0.00938,LOW RESPONSE
C02188,0,0,0.00308,Low,0.00903,0.00804,0.00099,LOW RESPONSE
C02189,1,0,0.00598,Low,0.01547,0.01816,-0.00269,NEGATIVE RESPONSE
C02190,1,0,0.00572,Low,0.0134,0.00783,0.00557,LOW RESPONSE
C02191,1,0,0.00433,Low,0.00516,0.00783,-0.00267,NEGATIVE RESPONSE
C02192,1,0,0.01452,Low,0.00778,0.00739,0.00039,LOW RESPONSE
C02193,1,0,0.09057,Low,0.01286,0.08674,-0.07388,NEGATIVE RESPONSE
C02194,1,0,0.00472,Low,0.00957,0.00762,0.00195,LOW RESPONSE
C02195,0,0,0.00518,Low,0.01424,0.01196,0.00229,LOW RESPONSE
C02196,0,0,0.23318,Low,0.00748,0.08751,-0.08002,NEGATIVE RESPONSE
C02197,1,0,0.08484,Low,0.00689,0.02459,-0.0177,NEGATIVE RESPONSE
C02198,1,0,0.0019,Low,0.00678,0.00719,-0.00041,LOW RESPONSE
C02199,1,0,0.00607,Low,0.0079,0.00854,-0.00064,LOW RESPONSE
C02200,1,0,0.01687,Low,0.01441,0.00973,0.00467,LOW RESPONSE
C02201,1,0,0.01469,Low,0.01891,0.0117,0.0072,LOW RESPONSE
C02202,1,0,0.01743,Low,0.0142,0.01186,0.00234,LOW RESPONSE
C02203,1,0,0.01068,Low,0.00994,0.00732,0.00262,LOW RESPONSE
C02204,0,0,0.00408,Low,0.00773,0.00867,-0.00094,LOW RESPONSE
C02205,0,0,0.00471,Low,0.00871,0.00839,0.00032,LOW RESPONSE
C02206,1,0,0.02183,Low,0.01238,0.01365,-0.00127,NEGATIVE RESPONSE
C02207,0,0,0.01493,Low,0.01485,0.01723,-0.00238,NEGATIVE RESPONSE
C02208,1,0,0.01108,Low,0.01338,0.00885,0.00453,LOW RESPONSE
C02209,0,0,0.01183,Low,0.01996,0.01045,0.00951,LOW RESPONSE
C02210,1,0,0.00379,Low,0.00596,0.01114,-0.00518,NEGATIVE RESPONSE
C02211,1,0,0.00501,Low,0.00711,0.01081,-0.00371,NEGATIVE RESPONSE
C02212,0,0,0.01047,Low,0.00658,0.00603,0.00055,LOW RESPONSE
C02213,0,0,0.01026,Low,0.00797,0.00891,-0.00094,LOW RESPONSE
C02214,1,0,0.00756,Low,0.01465,0.00823,0.00642,LOW RESPONSE
C02215,1,0,0.0056,Low,0.02102,0.01516,0.00586,LOW RESPONSE
C02216,1,0,0.00142,Low,0.01552,0.00958,0.00594,LOW RESPONSE
C02217,1,0,0.00468,Low,0.01009,0.0097,0.00039,LOW RESPONSE
C02218,1,0,0.81446,Critical,0.01282,0.10118,-0.08836,NEGATIVE RESPONSE
C02219,1,0,0.00781,Low,0.01178,0.01,0.00178,LOW RESPONSE
C02220,1,0,0.00448,Low,0.00584,0.00675,-0.00091,LOW RESPONSE
C02221,0,0,0.02106,Low,0.01428,0.01048,0.0038,LOW RESPONSE
C02222,1,0,0.00252,Low,0.01188,0.00999,0.00189,LOW RESPONSE
C02223,0,0,0.20539,Low,0.00542,0.05308,-0.04766,NEGATIVE RESPONSE
C02224,1,0,0.00385,Low,0.00596,0.00531,0.00065,LOW RESPONSE
C02225,0,0,0.00856,Low,0.00801,0.01724,-0.00923,NEGATIVE RESPONSE
C02226,1,0,0.00148,Low,0.00612,0.00739,-0.00127,NEGATIVE RESPONSE
C02227,1,0,0.29487,Low,0.01108,0.06603,-0.05495,NEGATIVE RESPONSE
C02228,1,0,0.09234,Low,0.00961,0.05524,-0.04564,NEGATIVE RESPONSE
C02229,0,0,0.00887,Low,0.01201,0.01291,-0.0009,LOW RESPONSE
C02230,1,0,0.00334,Low,0.00804,0.00596,0.00208,LOW RESPONSE
C02231,1,0,0.01988,Low,0.0269,0.01411,0.01279,LOW RESPONSE
C02232,0,0,0.014,Low,0.01052,0.01012,0.0004,LOW RESPONSE
C02233,1,0,0.00588,Low,0.00793,0.00579,0.00214,LOW RESPONSE
C02234,0,0,0.02123,Low,0.00908,0.02052,-0.01145,NEGATIVE RESPONSE
C02235,1,0,0.00497,Low,0.00743,0.00933,-0.0019,NEGATIVE RESPONSE
C02236,0,0,0.00567,Low,0.00841,0.00595,0.00246,LOW RESPONSE
C02237,1,0,0.25723,Low,0.01147,0.09482,-0.08335,NEGATIVE RESPONSE
C02238,1,0,0.00246,Low,0.00897,0.01041,-0.00143,NEGATIVE RESPONSE
C02239,0,0,0.00572,Low,0.00635,0.0137,-0.00734,NEGATIVE RESPONSE
C02240,1,0,0.00187,Low,0.0071,0.01273,-0.00563,NEGATIVE RESPONSE
C02241,1,0,0.006,Low,0.00909,0.00793,0.00117,LOW RESPONSE
C02242,0,0,0.08804,Low,0.0175,0.06994,-0.05245,NEGATIVE RESPONSE
C02243,0,0,0.00696,Low,0.00639,0.00707,-0.00068,LOW RESPONSE
C02244,1,0,0.01978,Low,0.00659,0.00841,-0.00182,NEGATIVE RESPONSE
C02245,1,0,0.02834,Low,0.01267,0.00977,0.0029,LOW RESPONSE
C02246,1,0,0.01439,Low,0.01006,0.01456,-0.00451,NEGATIVE RESPONSE
C02247,0,1,0.95808,Critical,0.02116,0.06499,-0.04383,NEGATIVE RESPONSE
C02248,1,0,0.03609,Low,0.00655,0.01111,-0.00456,NEGATIVE RESPONSE
C02249,1,0,0.01198,Low,0.01015,0.00555,0.00459,LOW RESPONSE
C02250,1,0,0.00658,Low,0.02375,0.01057,0.01319,LOW RESPONSE
C02251,1,0,0.02258,Low,0.01681,0.01473,0.00207,LOW RESPONSE
C02252,1,0,0.00637,Low,0.01352,0.01153,0.00199,LOW RESPONSE
C02253,1,1,0.94609,Critical,0.02027,0.20624,-0.18597,NEGATIVE RESPONSE
C02254,1,0,0.00806,Low,0.01154,0.00955,0.00198,LOW RESPONSE
C02255,0,0,0.01154,Low,0.01273,0.00942,0.00331,LOW RESPONSE
C02256,0,0,0.11192,Low,0.01617,0.07989,-0.06372,NEGATIVE RESPONSE
C02257,0,0,0.01176,Low,0.00706,0.01847,-0.01141,NEGATIVE RESPONSE
C02258,1,0,0.00599,Low,0.0099,0.0089,0.001,LOW RESPONSE
C02259,1,0,0.00125,Low,0.00661,0.00631,0.00029,LOW RESPONSE
C02260,1,0,0.0086,Low,0.01023,0.00743,0.00279,LOW RESPONSE
C02261,1,0,0.00727,Low,0.01187,0.01146,0.00041,LOW RESPONSE
C02262,1,0,0.04024,Low,0.02847,0.01062,0.01785,HIGHLY PERSUADABLE
C02263,0,0,0.00346,Low,0.00545,0.0085,-0.00305,NEGATIVE RESPONSE
C02264,0,0,0.00314,Low,0.01725,0.00972,0.00754,LOW RESPONSE
C02265,1,0,0.00357,Low,0.01356,0.01031,0.00325,LOW RESPONSE
C02266,1,0,0.0151,Low,0.00887,0.0095,-0.00063,LOW RESPONSE
C02267,1,0,0.02695,Low,0.00957,0.01159,-0.00201,NEGATIVE RESPONSE
C02268,1,1,0.93406,Critical,0.01676,0.16627,-0.14951,NEGATIVE RESPONSE
C02269,1,0,0.00216,Low,0.00902,0.00672,0.0023,LOW RESPONSE
C02270,0,0,0.00808,Low,0.0079,0.00717,0.00073,LOW RESPONSE
C02271,0,0,0.01719,Low,0.00832,0.00865,-0.00033,LOW RESPONSE
C02272,1,0,0.01397,Low,0.00907,0.00713,0.00194,LOW RESPONSE
C02273,1,0,0.00392,Low,0.02048,0.01289,0.00759,LOW RESPONSE
C02274,0,0,0.02355,Low,0.01209,0.00861,0.00347,LOW RESPONSE
C02275,1,0,0.00557,Low,0.00744,0.00675,0.00069,LOW RESPONSE
C02276,1,0,0.00471,Low,0.01612,0.00832,0.0078,LOW RESPONSE
C02277,0,1,0.96343,Critical,0.04849,0.07407,-0.02558,NEGATIVE RESPONSE
C02278,0,0,0.01114,Low,0.0104,0.0076,0.00279,LOW RESPONSE
C02279,0,0,0.01841,Low,0.01933,0.00935,0.00998,LOW RESPONSE
C02280,0,0,0.33694,Medium,0.0083,0.09649,-0.08819,NEGATIVE RESPONSE
C02281,1,0,0.15433,Low,0.0061,0.05422,-0.04812,NEGATIVE RESPONSE
C02282,1,0,0.00474,Low,0.00474,0.00836,-0.00362,NEGATIVE RESPONSE
C02283,1,0,0.00554,Low,0.00847,0.00659,0.00189,LOW RESPONSE
C02284,1,0,0.03031,Low,0.0103,0.00925,0.00105,LOW RESPONSE
C02285,1,0,0.00352,Low,0.00575,0.01232,-0.00656,NEGATIVE RESPONSE
C02286,1,0,0.78909,High,0.00895,0.12602,-0.11707,NEGATIVE RESPONSE
C02287,1,0,0.00562,Low,0.00648,0.00701,-0.00052,LOW RESPONSE
C02288,1,0,0.0077,Low,0.01574,0.00821,0.00753,LOW RESPONSE
C02289,1,0,0.25548,Low,0.01521,0.14564,-0.13043,NEGATIVE RESPONSE
C02290,1,0,0.01118,Low,0.01375,0.01088,0.00286,LOW RESPONSE
C02291,0,0,0.09611,Low,0.01407,0.05789,-0.04383,NEGATIVE RESPONSE
C02292,0,0,0.00922,Low,0.00862,0.01205,-0.00343,NEGATIVE RESPONSE
C02293,1,0,0.11055,Low,0.00655,0.05488,-0.04834,NEGATIVE RESPONSE
C02294,1,0,0.01419,Low,0.00658,0.00757,-0.00099,LOW RESPONSE
C02295,1,0,0.0041,Low,0.00618,0.00516,0.00102,LOW RESPONSE
C02296,0,0,0.03967,Low,0.01586,0.01662,-0.00076,LOW RESPONSE
C02297,1,0,0.00868,Low,0.01348,0.00691,0.00657,LOW RESPONSE
C02298,1,0,0.00247,Low,0.01149,0.00976,0.00173,LOW RESPONSE
C02299,0,0,0.0085,Low,0.00792,0.00602,0.0019,LOW RESPONSE
C02300,1,0,0.00188,Low,0.01011,0.0111,-0.00099,LOW RESPONSE
C02301,1,0,0.00702,Low,0.00934,0.00941,-7e-05,LOW RESPONSE
C02302,0,0,0.00753,Low,0.00578,0.0075,-0.00172,NEGATIVE RESPONSE
C02303,1,0,0.01027,Low,0.02384,0.01155,0.01228,LOW RESPONSE
C02304,1,0,0.00939,Low,0.01085,0.00859,0.00226,LOW RESPONSE
C02305,0,0,0.11072,Low,0.00905,0.10333,-0.09428,NEGATIVE RESPONSE
C02306,1,0,0.00781,Low,0.00826,0.01105,-0.00279,NEGATIVE RESPONSE
C02307,0,0,0.00423,Low,0.00707,0.01379,-0.00671,NEGATIVE RESPONSE
C02308,1,0,0.01413,Low,0.01189,0.00776,0.00413,LOW RESPONSE
C02309,0,0,0.36007,Medium,0.00882,0.10386,-0.09503,NEGATIVE RESPONSE
C02310,1,1,0.96411,Critical,0.00978,0.18406,-0.17428,NEGATIVE RESPONSE
C02311,1,0,0.00414,Low,0.00826,0.00764,0.00062,LOW RESPONSE
C02312,1,0,0.01578,Low,0.00641,0.00942,-0.00301,NEGATIVE RESPONSE
C02313,1,1,0.9626,Critical,0.01119,0.2746,-0.26341,NEGATIVE RESPONSE
C02314,1,0,0.00399,Low,0.00881,0.009,-0.00019,LOW RESPONSE
C02315,1,0,0.03407,Low,0.01828,0.07449,-0.05621,NEGATIVE RESPONSE
C02316,0,0,0.08396,Low,0.01237,0.09689,-0.08452,NEGATIVE RESPONSE
C02317,1,0,0.29703,Low,0.01799,0.07991,-0.06192,NEGATIVE RESPONSE
C02318,0,0,0.00422,Low,0.0137,0.00928,0.00442,LOW RESPONSE
C02319,1,0,0.02831,Low,0.00665,0.0087,-0.00206,NEGATIVE RESPONSE
C02320,1,0,0.00731,Low,0.00757,0.00646,0.00111,LOW RESPONSE
C02321,1,0,0.00758,Low,0.01929,0.00894,0.01035,LOW RESPONSE
C02322,1,0,0.01843,Low,0.0132,0.00856,0.00465,LOW RESPONSE
C02323,1,1,0.95895,Critical,0.01948,0.21607,-0.1966,NEGATIVE RESPONSE
C02324,0,0,0.00613,Low,0.00732,0.00861,-0.00129,NEGATIVE RESPONSE
C02325,0,0,0.00471,Low,0.00919,0.00688,0.00231,LOW RESPONSE
C02326,1,1,0.94379,Critical,0.02015,0.13905,-0.1189,NEGATIVE RESPONSE
C02327,1,0,0.00324,Low,0.00827,0.00796,0.00031,LOW RESPONSE
C02328,0,0,0.00424,Low,0.01077,0.01008,0.00069,LOW RESPONSE
C02329,1,0,0.0141,Low,0.00958,0.02633,-0.01675,NEGATIVE RESPONSE
C02330,0,0,0.00562,Low,0.00758,0.00934,-0.00177,NEGATIVE RESPONSE
C02331,1,0,0.00429,Low,0.00655,0.02108,-0.01453,NEGATIVE RESPONSE
C02332,1,0,0.02262,Low,0.00637,0.01016,-0.00379,NEGATIVE RESPONSE
C02333,1,0,0.01237,Low,0.00802,0.01134,-0.00332,NEGATIVE RESPONSE
C02334,0,0,0.02203,Low,0.01044,0.01426,-0.00383,NEGATIVE RESPONSE
C02335,0,0,0.00172,Low,0.00779,0.00894,-0.00114,NEGATIVE RESPONSE
C02336,1,0,0.00393,Low,0.00814,0.0098,-0.00166,NEGATIVE RESPONSE
C02337,1,0,0.17357,Low,0.01575,0.05181,-0.03605,NEGATIVE RESPONSE
C02338,1,0,0.00514,Low,0.01413,0.00791,0.00622,LOW RESPONSE
C02339,1,0,0.01231,Low,0.01213,0.01413,-0.002,NEGATIVE RESPONSE
C02340,0,0,0.0014,Low,0.01019,0.00739,0.0028,LOW RESPONSE
C02341,1,0,0.0142,Low,0.01049,0.00781,0.00268,LOW RESPONSE
C02342,1,0,0.00417,Low,0.01528,0.01186,0.00343,LOW RESPONSE
C02343,1,0,0.00725,Low,0.00728,0.00787,-0.00059,LOW RESPONSE
C02344,1,1,0.91859,Critical,0.00877,0.13508,-0.1263,NEGATIVE RESPONSE
C02345,1,0,0.02906,Low,0.01246,0.00935,0.0031,LOW RESPONSE
C02346,1,0,0.00438,Low,0.00872,0.00681,0.00191,LOW RESPONSE
C02347,0,0,0.05438,Low,0.01023,0.00621,0.00402,PERSUADABLE
C02348,1,0,0.01979,Low,0.01444,0.00794,0.0065,LOW RESPONSE
C02349,1,0,0.01086,Low,0.02329,0.02455,-0.00126,NEGATIVE RESPONSE
C02350,1,0,0.00816,Low,0.00859,0.00957,-0.00098,LOW RESPONSE
C02351,0,0,0.00643,Low,0.00699,0.00633,0.00067,LOW RESPONSE
C02352,1,0,0.00503,Low,0.01136,0.0089,0.00247,LOW RESPONSE
C02353,1,0,0.18944,Low,0.00673,0.03495,-0.02822,NEGATIVE RESPONSE
C02354,0,0,0.0065,Low,0.04102,0.02106,0.01995,HIGHLY PERSUADABLE
C02355,0,0,0.03073,Low,0.01188,0.01435,-0.00246,NEGATIVE RESPONSE
C02356,1,0,0.00437,Low,0.01017,0.00806,0.00211,LOW RESPONSE
C02357,1,0,0.00671,Low,0.00713,0.00617,0.00096,LOW RESPONSE
C02358,1,0,0.00673,Low,0.00973,0.00853,0.0012,LOW RESPONSE
C02359,1,0,0.00988,Low,0.00871,0.00708,0.00163,LOW RESPONSE
C02360,1,0,0.0015,Low,0.00633,0.00461,0.00172,LOW RESPONSE
C02361,1,0,0.01065,Low,0.00588,0.00608,-0.0002,LOW RESPONSE
C02362,0,0,0.00525,Low,0.01083,0.00739,0.00344,LOW RESPONSE
C02363,1,0,0.01519,Low,0.00863,0.00681,0.00183,LOW RESPONSE
C02364,0,0,0.0098,Low,0.01344,0.01191,0.00154,LOW RESPONSE
C02365,1,0,0.02391,Low,0.00866,0.00968,-0.00102,NEGATIVE RESPONSE
C02366,1,0,0.00108,Low,0.00783,0.00932,-0.00149,NEGATIVE RESPONSE
C02367,1,0,0.0098,Low,0.00982,0.0064,0.00342,LOW RESPONSE
C02368,1,0,0.0136,Low,0.01025,0.02403,-0.01378,NEGATIVE RESPONSE
C02369,0,0,0.00659,Low,0.00652,0.00511,0.00141,LOW RESPONSE
C02370,1,0,0.09413,Low,0.01202,0.07081,-0.05879,NEGATIVE RESPONSE
C02371,1,0,0.01028,Low,0.00815,0.01006,-0.00192,NEGATIVE RESPONSE
C02372,1,0,0.1641,Low,0.00782,0.02744,-0.01962,NEGATIVE RESPONSE
C02373,1,0,0.00525,Low,0.00952,0.00627,0.00325,LOW RESPONSE
C02374,1,0,0.02565,Low,0.01612,0.00943,0.00669,LOW RESPONSE
C02375,1,0,0.02303,Low,0.04723,0.01553,0.0317,HIGHLY PERSUADABLE
C02376,1,0,0.02271,Low,0.01566,0.00956,0.0061,LOW RESPONSE
C02377,0,0,0.18673,Low,0.00859,0.04704,-0.03845,NEGATIVE RESPONSE
C02378,1,0,0.26554,Low,0.01856,0.11103,-0.09247,NEGATIVE RESPONSE
C02379,1,0,0.017,Low,0.01984,0.02263,-0.00279,NEGATIVE RESPONSE
C02380,1,0,0.00179,Low,0.0063,0.01014,-0.00384,NEGATIVE RESPONSE
C02381,0,0,0.0033,Low,0.0063,0.00649,-0.0002,LOW RESPONSE
C02382,1,0,0.00345,Low,0.00588,0.00713,-0.00125,NEGATIVE RESPONSE
C02383,1,0,0.0681,Low,0.02065,0.01513,0.00552,PERSUADABLE
C02384,1,0,0.23862,Low,0.00952,0.14939,-0.13986,NEGATIVE RESPONSE
C02385,1,0,0.00415,Low,0.00613,0.00643,-0.00031,LOW RESPONSE
C02386,0,0,0.04912,Low,0.01494,0.01096,0.00397,PERSUADABLE
C02387,1,0,0.00342,Low,0.00709,0.00784,-0.00075,LOW RESPONSE
C02388,1,0,0.00904,Low,0.01107,0.00695,0.00412,LOW RESPONSE
C02389,1,0,0.00609,Low,0.00763,0.00911,-0.00148,NEGATIVE RESPONSE
C02390,1,0,0.01227,Low,0.00996,0.00839,0.00157,LOW RESPONSE
C02391,1,0,0.01176,Low,0.00988,0.0056,0.00428,LOW RESPONSE
C02392,1,0,0.00745,Low,0.01383,0.00683,0.007,LOW RESPONSE
C02393,1,0,0.00319,Low,0.0084,0.01292,-0.00452,NEGATIVE RESPONSE
C02394,1,0,0.02712,Low,0.00956,0.00739,0.00218,LOW RESPONSE
C02395,0,0,0.00471,Low,0.00494,0.01031,-0.00537,NEGATIVE RESPONSE
C02396,1,0,0.01565,Low,0.02491,0.01035,0.01455,LOW RESPONSE
C02397,0,0,0.00424,Low,0.01253,0.00758,0.00495,LOW RESPONSE
C02398,1,0,0.00216,Low,0.00786,0.00544,0.00242,LOW RESPONSE
C02399,1,1,0.9788,Critical,0.0183,0.44787,-0.42958,NEGATIVE RESPONSE
C02400,1,0,0.00274,Low,0.00649,0.00686,-0.00037,LOW RESPONSE
C02401,1,0,0.00737,Low,0.00887,0.01337,-0.0045,NEGATIVE RESPONSE
C02402,1,0,0.02265,Low,0.00702,0.00739,-0.00037,LOW RESPONSE
C02403,1,0,0.0082,Low,0.00926,0.00695,0.00231,LOW RESPONSE
C02404,1,0,0.03932,Low,0.01334,0.01373,-0.00038,LOW RESPONSE
C02405,0,0,0.0115,Low,0.00713,0.01894,-0.01181,NEGATIVE RESPONSE
C02406,1,0,0.00464,Low,0.00919,0.02084,-0.01165,NEGATIVE RESPONSE
C02407,1,0,0.0066,Low,0.01389,0.01845,-0.00456,NEGATIVE RESPONSE
C02408,1,0,0.00711,Low,0.01026,0.01053,-0.00027,LOW RESPONSE
C02409,1,1,0.98191,Critical,0.02308,0.27911,-0.25603,NEGATIVE RESPONSE
C02410,1,0,0.00315,Low,0.01044,0.00943,0.00101,LOW RESPONSE
C02411,1,0,0.00551,Low,0.01345,0.00852,0.00492,LOW RESPONSE
C02412,1,0,0.08518,Low,0.01017,0.06398,-0.05381,NEGATIVE RESPONSE
C02413,0,0,0.00515,Low,0.01032,0.00731,0.00301,LOW RESPONSE
C02414,1,0,0.00475,Low,0.00645,0.01127,-0.00482,NEGATIVE RESPONSE
C02415,0,0,0.00478,Low,0.01292,0.00798,0.00494,LOW RESPONSE
C02416,1,0,0.04253,Low,0.00705,0.06868,-0.06163,NEGATIVE RESPONSE
C02417,0,0,0.02586,Low,0.00812,0.00852,-0.0004,LOW RESPONSE
C02418,1,0,0.0089,Low,0.01332,0.01076,0.00256,LOW RESPONSE
C02419,1,0,0.31313,Medium,0.01211,0.06392,-0.0518,NEGATIVE RESPONSE
C02420,1,0,0.02368,Low,0.00808,0.01067,-0.00259,NEGATIVE RESPONSE
C02421,1,0,0.00764,Low,0.01218,0.01535,-0.00317,NEGATIVE RESPONSE
C02422,1,0,0.0036,Low,0.00579,0.00733,-0.00154,NEGATIVE RESPONSE
C02423,1,0,0.00349,Low,0.00995,0.01294,-0.00299,NEGATIVE RESPONSE
C02424,1,0,0.01087,Low,0.01355,0.00723,0.00632,LOW RESPONSE
C02425,1,0,0.00423,Low,0.01083,0.01055,0.00027,LOW RESPONSE
C02426,0,0,0.00474,Low,0.00583,0.00663,-0.0008,LOW RESPONSE
C02427,1,1,0.96522,Critical,0.01271,0.31731,-0.3046,NEGATIVE RESPONSE
C02428,1,0,0.22483,Low,0.00958,0.05279,-0.04321,NEGATIVE RESPONSE
C02429,1,0,0.25509,Low,0.02478,0.09365,-0.06886,NEGATIVE RESPONSE
C02430,1,0,0.00566,Low,0.01661,0.01464,0.00196,LOW RESPONSE
C02431,1,0,0.00099,Low,0.00398,0.00606,-0.00208,NEGATIVE RESPONSE
C02432,1,0,0.04637,Low,0.01087,0.00894,0.00193,PERSUADABLE
C02433,1,0,0.00586,Low,0.01817,0.00836,0.00981,LOW RESPONSE
C02434,1,0,0.01117,Low,0.01375,0.00985,0.00389,LOW RESPONSE
C02435,0,0,0.01274,Low,0.00838,0.00815,0.00024,LOW RESPONSE
C02436,1,0,0.01907,Low,0.00934,0.01003,-0.00069,LOW RESPONSE
C02437,1,0,0.00144,Low,0.01159,0.01213,-0.00054,LOW RESPONSE
C02438,1,0,0.01045,Low,0.00871,0.0071,0.00161,LOW RESPONSE
C02439,1,0,0.00817,Low,0.01136,0.00976,0.0016,LOW RESPONSE
C02440,1,0,0.00877,Low,0.00882,0.0065,0.00232,LOW RESPONSE
C02441,1,0,0.01191,Low,0.01699,0.00852,0.00847,LOW RESPONSE
C02442,1,0,0.00095,Low,0.0096,0.00587,0.00373,LOW RESPONSE
C02443,1,0,0.00447,Low,0.01721,0.0066,0.01061,LOW RESPONSE
C02444,1,0,0.02814,Low,0.0143,0.01797,-0.00367,NEGATIVE RESPONSE
C02445,1,0,0.00872,Low,0.00839,0.00637,0.00202,LOW RESPONSE
C02446,1,0,0.01905,Low,0.03031,0.01417,0.01614,LOW RESPONSE
C02447,1,0,0.0052,Low,0.00703,0.01665,-0.00963,NEGATIVE RESPONSE
C02448,1,0,0.00433,Low,0.01137,0.00956,0.00182,LOW RESPONSE
C02449,1,1,0.97778,Critical,0.01127,0.23204,-0.22077,NEGATIVE RESPONSE
C02450,1,0,0.01713,Low,0.00923,0.01086,-0.00163,NEGATIVE RESPONSE
C02451,1,0,0.02048,Low,0.00733,0.00781,-0.00048,LOW RESPONSE
C02452,1,0,0.0188,Low,0.00903,0.00853,0.0005,LOW RESPONSE
C02453,1,0,0.00448,Low,0.01032,0.0069,0.00342,LOW RESPONSE
C02454,1,0,0.00684,Low,0.0061,0.02776,-0.02166,NEGATIVE RESPONSE
C02455,0,0,0.00557,Low,0.00565,0.00637,-0.00072,LOW RESPONSE
C02456,0,0,0.01458,Low,0.00926,0.00776,0.0015,LOW RESPONSE
C02457,1,0,0.08567,Low,0.01519,0.01534,-0.00015,LOW RESPONSE
C02458,1,0,0.00585,Low,0.00746,0.00852,-0.00106,NEGATIVE RESPONSE
C02459,0,1,0.55299,Medium,0.02015,0.23331,-0.21316,NEGATIVE RESPONSE
C02460,1,0,0.00303,Low,0.00902,0.0111,-0.00209,NEGATIVE RESPONSE
C02461,1,0,0.00896,Low,0.01931,0.02351,-0.00421,NEGATIVE RESPONSE
C02462,1,0,0.00857,Low,0.01299,0.01072,0.00227,LOW RESPONSE
C02463,1,0,0.00438,Low,0.01101,0.00967,0.00134,LOW RESPONSE
C02464,1,0,0.00478,Low,0.01025,0.00635,0.00391,LOW RESPONSE
C02465,1,0,0.0062,Low,0.01238,0.00766,0.00473,LOW RESPONSE
C02466,0,0,0.28008,Low,0.01006,0.131,-0.12094,NEGATIVE RESPONSE
C02467,1,0,0.00578,Low,0.00536,0.0091,-0.00374,NEGATIVE RESPONSE
C02468,0,0,0.00361,Low,0.0169,0.01273,0.00417,LOW RESPONSE
C02469,1,0,0.00627,Low,0.01036,0.01146,-0.0011,NEGATIVE RESPONSE
C02470,0,0,0.01208,Low,0.00809,0.01,-0.00191,NEGATIVE RESPONSE
C02471,0,0,0.0074,Low,0.01248,0.00879,0.00369,LOW RESPONSE
C02472,0,0,0.00474,Low,0.0076,0.01394,-0.00635,NEGATIVE RESPONSE
C02473,1,0,0.00249,Low,0.00688,0.00725,-0.00037,LOW RESPONSE
C02474,1,0,0.00306,Low,0.00519,0.00685,-0.00166,NEGATIVE RESPONSE
C02475,1,0,0.01016,Low,0.02392,0.0078,0.01612,LOW RESPONSE
C02476,1,0,0.01369,Low,0.01566,0.009,0.00666,LOW RESPONSE
C02477,0,0,0.00999,Low,0.00837,0.01288,-0.00451,NEGATIVE RESPONSE
C02478,1,0,0.00576,Low,0.0089,0.00681,0.0021,LOW RESPONSE
C02479,1,0,0.00644,Low,0.00695,0.01158,-0.00463,NEGATIVE RESPONSE
C02480,0,0,0.00932,Low,0.01183,0.01218,-0.00035,LOW RESPONSE
C02481,0,1,0.69996,High,0.03595,0.14622,-0.11027,NEGATIVE RESPONSE
C02482,1,0,0.29994,Low,0.01816,0.0447,-0.02654,NEGATIVE RESPONSE
C02483,1,0,0.01134,Low,0.00827,0.00994,-0.00168,NEGATIVE RESPONSE
C02484,1,0,0.10818,Low,0.0134,0.05852,-0.04512,NEGATIVE RESPONSE
C02485,0,0,0.03586,Low,0.02437,0.00981,0.01456,HIGHLY PERSUADABLE
C02486,0,0,0.03373,Low,0.00704,0.01003,-0.00299,NEGATIVE RESPONSE
C02487,1,0,0.26866,Low,0.00861,0.14536,-0.13674,NEGATIVE RESPONSE
C02488,1,0,0.00375,Low,0.00742,0.0097,-0.00228,NEGATIVE RESPONSE
C02489,1,0,0.00788,Low,0.00509,0.00831,-0.00322,NEGATIVE RESPONSE
C02490,1,0,0.01671,Low,0.0081,0.00859,-0.00049,LOW RESPONSE
C02491,1,0,0.00297,Low,0.00461,0.00489,-0.00028,LOW RESPONSE
C02492,0,0,0.00124,Low,0.00894,0.00606,0.00288,LOW RESPONSE
C02493,1,0,0.00334,Low,0.0067,0.00705,-0.00035,LOW RESPONSE
C02494,1,0,0.00244,Low,0.00897,0.00938,-0.00041,LOW RESPONSE
C02495,0,0,0.00522,Low,0.00916,0.00943,-0.00028,LOW RESPONSE
C02496,0,0,0.03759,Low,0.01505,0.00968,0.00537,PERSUADABLE
C02497,1,0,0.00286,Low,0.01005,0.0087,0.00135,LOW RESPONSE
C02498,1,0,0.04733,Low,0.01088,0.04788,-0.037,NEGATIVE RESPONSE
C02499,1,0,0.00577,Low,0.00655,0.00748,-0.00093,LOW RESPONSE
C02500,1,0,0.03738,Low,0.01067,0.00691,0.00375,PERSUADABLE
C02501,1,0,0.19008,Low,0.00746,0.07385,-0.06638,NEGATIVE RESPONSE
C02502,1,0,0.02941,Low,0.01494,0.00705,0.00789,LOW RESPONSE
C02503,0,0,0.00644,Low,0.00703,0.00827,-0.00124,NEGATIVE RESPONSE
C02504,1,0,0.00445,Low,0.00801,0.00995,-0.00194,NEGATIVE RESPONSE
C02505,1,0,0.01643,Low,0.03349,0.0163,0.01719,LOW RESPONSE
C02506,1,0,0.00302,Low,0.00806,0.00991,-0.00185,NEGATIVE RESPONSE
C02507,1,0,0.00599,Low,0.01377,0.0109,0.00288,LOW RESPONSE
C02508,1,0,0.00322,Low,0.00868,0.00756,0.00112,LOW RESPONSE
C02509,0,1,0.97336,Critical,0.03814,0.13473,-0.09659,NEGATIVE RESPONSE
C02510,0,0,0.0078,Low,0.00687,0.00955,-0.00268,NEGATIVE RESPONSE
C02511,1,0,0.03212,Low,0.01396,0.01531,-0.00136,NEGATIVE RESPONSE
C02512,1,0,0.00629,Low,0.01127,0.00885,0.00242,LOW RESPONSE
C02513,1,0,0.20699,Low,0.01139,0.08953,-0.07815,NEGATIVE RESPONSE
C02514,1,0,0.0191,Low,0.00476,0.0091,-0.00435,NEGATIVE RESPONSE
C02515,1,0,0.00599,Low,0.0077,0.00852,-0.00082,LOW RESPONSE
C02516,1,0,0.0047,Low,0.00943,0.01169,-0.00226,NEGATIVE RESPONSE
C02517,1,1,0.17643,Low,0.01184,0.34137,-0.32953,NEGATIVE RESPONSE
C02518,1,0,0.02477,Low,0.01933,0.01063,0.0087,LOW RESPONSE
C02519,1,0,0.00519,Low,0.00806,0.00637,0.00169,LOW RESPONSE
C02520,1,0,0.00559,Low,0.01307,0.00646,0.0066,LOW RESPONSE
C02521,1,0,0.00673,Low,0.00718,0.01424,-0.00706,NEGATIVE RESPONSE
C02522,1,0,0.00628,Low,0.01066,0.00706,0.00359,LOW RESPONSE
C02523,0,0,0.02673,Low,0.01076,0.01436,-0.0036,NEGATIVE RESPONSE
C02524,0,0,0.08032,Low,0.00659,0.05163,-0.04504,NEGATIVE RESPONSE
C02525,0,0,0.00108,Low,0.01148,0.00602,0.00546,LOW RESPONSE
C02526,1,0,0.00481,Low,0.01331,0.00667,0.00664,LOW RESPONSE
C02527,1,0,0.00371,Low,0.00738,0.00951,-0.00212,NEGATIVE RESPONSE
C02528,0,0,0.01419,Low,0.02561,0.02675,-0.00114,NEGATIVE RESPONSE
C02529,1,0,0.06158,Low,0.00972,0.0162,-0.00648,NEGATIVE RESPONSE
C02530,1,0,0.01309,Low,0.00811,0.01036,-0.00225,NEGATIVE RESPONSE
C02531,1,0,0.58027,Medium,0.01256,0.06527,-0.05271,NEGATIVE RESPONSE
C02532,0,0,0.01748,Low,0.00601,0.01244,-0.00643,NEGATIVE RESPONSE
C02533,1,0,0.00753,Low,0.01151,0.00732,0.00418,LOW RESPONSE
C02534,0,0,0.01042,Low,0.01404,0.00994,0.0041,LOW RESPONSE
C02535,1,0,0.00889,Low,0.008,0.00767,0.00033,LOW RESPONSE
C02536,1,0,0.0204,Low,0.02531,0.02217,0.00314,LOW RESPONSE
C02537,0,0,0.01763,Low,0.00901,0.01002,-0.00102,NEGATIVE RESPONSE
C02538,0,0,0.0043,Low,0.01227,0.00822,0.00405,LOW RESPONSE
C02539,1,0,0.01449,Low,0.00692,0.00945,-0.00254,NEGATIVE RESPONSE
C02540,1,0,0.00424,Low,0.00993,0.0114,-0.00146,NEGATIVE RESPONSE
C02541,0,0,0.00709,Low,0.01182,0.00601,0.0058,LOW RESPONSE
C02542,1,0,0.00358,Low,0.01049,0.00826,0.00223,LOW RESPONSE
C02543,0,0,0.01315,Low,0.00793,0.00652,0.00141,LOW RESPONSE
C02544,1,0,0.02226,Low,0.00881,0.0127,-0.00389,NEGATIVE RESPONSE
C02545,1,0,0.00676,Low,0.00821,0.00642,0.00179,LOW RESPONSE
C02546,1,0,0.00271,Low,0.00761,0.0117,-0.0041,NEGATIVE RESPONSE
C02547,1,0,0.00521,Low,0.00626,0.00715,-0.0009,LOW RESPONSE
C02548,1,0,0.00591,Low,0.01063,0.01323,-0.0026,NEGATIVE RESPONSE
C02549,1,0,0.00342,Low,0.01116,0.00688,0.00428,LOW RESPONSE
C02550,0,0,0.00799,Low,0.01736,0.01015,0.00721,LOW RESPONSE
C02551,1,0,0.00365,Low,0.00551,0.0094,-0.00389,NEGATIVE RESPONSE
C02552,1,0,0.0022,Low,0.00685,0.00832,-0.00147,NEGATIVE RESPONSE
C02553,1,0,0.00804,Low,0.01057,0.01125,-0.00068,LOW RESPONSE
C02554,1,0,0.00481,Low,0.01091,0.00913,0.00178,LOW RESPONSE
C02555,1,0,0.09666,Low,0.0098,0.07883,-0.06903,NEGATIVE RESPONSE
C02556,0,1,0.97515,Critical,0.03227,0.06569,-0.03341,NEGATIVE RESPONSE
C02557,1,0,0.00172,Low,0.00427,0.00514,-0.00087,LOW RESPONSE
C02558,1,0,0.0119,Low,0.02217,0.01434,0.00783,LOW RESPONSE
C02559,0,0,0.01117,Low,0.01889,0.00747,0.01142,LOW RESPONSE
C02560,0,0,0.00425,Low,0.00756,0.00898,-0.00142,NEGATIVE RESPONSE
C02561,0,0,0.00362,Low,0.00573,0.00893,-0.0032,NEGATIVE RESPONSE
C02562,0,0,0.00595,Low,0.03281,0.01065,0.02215,LOW RESPONSE
C02563,1,0,0.01156,Low,0.00871,0.00965,-0.00094,LOW RESPONSE
C02564,1,0,0.00215,Low,0.00702,0.00607,0.00095,LOW RESPONSE
C02565,1,0,0.01192,Low,0.01322,0.00687,0.00636,LOW RESPONSE
C02566,1,0,0.0086,Low,0.0077,0.00649,0.00121,LOW RESPONSE
C02567,1,0,0.00665,Low,0.01447,0.01739,-0.00292,NEGATIVE RESPONSE
C02568,1,0,0.13465,Low,0.00929,0.09072,-0.08142,NEGATIVE RESPONSE
C02569,1,0,0.02187,Low,0.01201,0.00791,0.0041,LOW RESPONSE
C02570,0,0,0.34984,Medium,0.01017,0.13086,-0.12068,NEGATIVE RESPONSE
C02571,1,0,0.00684,Low,0.00776,0.00776,0.0,LOW RESPONSE
C02572,1,0,0.00892,Low,0.00668,0.01152,-0.00484,NEGATIVE RESPONSE
C02573,1,0,0.00531,Low,0.00844,0.02186,-0.01342,NEGATIVE RESPONSE
C02574,1,0,0.00545,Low,0.00489,0.00795,-0.00306,NEGATIVE RESPONSE
C02575,0,0,0.00282,Low,0.0127,0.00955,0.00315,LOW RESPONSE
C02576,1,0,0.00362,Low,0.00661,0.00857,-0.00196,NEGATIVE RESPONSE
C02577,1,0,0.01968,Low,0.01481,0.00768,0.00713,LOW RESPONSE
C02578,1,0,0.05052,Low,0.00762,0.05241,-0.04479,NEGATIVE RESPONSE
C02579,1,0,0.01243,Low,0.0139,0.00708,0.00681,LOW RESPONSE
C02580,1,0,0.00565,Low,0.00478,0.01016,-0.00538,NEGATIVE RESPONSE
C02581,1,1,0.95606,Critical,0.01538,0.23541,-0.22003,NEGATIVE RESPONSE
C02582,1,1,0.96635,Critical,0.01039,0.28432,-0.27393,NEGATIVE RESPONSE
C02583,1,0,0.06792,Low,0.00908,0.06215,-0.05307,NEGATIVE RESPONSE
C02584,1,0,0.03911,Low,0.01242,0.00932,0.0031,PERSUADABLE
C02585,1,0,0.00776,Low,0.01251,0.00938,0.00313,LOW RESPONSE
C02586,1,0,0.17861,Low,0.00984,0.03218,-0.02233,NEGATIVE RESPONSE
C02587,0,0,0.01495,Low,0.00893,0.00573,0.0032,LOW RESPONSE
C02588,1,0,0.00395,Low,0.01567,0.0127,0.00297,LOW RESPONSE
C02589,0,0,0.02158,Low,0.021,0.01014,0.01085,LOW RESPONSE
C02590,1,1,0.14075,Low,0.01194,0.16494,-0.15299,NEGATIVE RESPONSE
C02591,1,0,0.00735,Low,0.00604,0.00629,-0.00025,LOW RESPONSE
C02592,1,0,0.0081,Low,0.01727,0.01128,0.00599,LOW RESPONSE
C02593,0,0,0.00637,Low,0.00852,0.00702,0.0015,LOW RESPONSE
C02594,0,0,0.24854,Low,0.0076,0.0588,-0.05121,NEGATIVE RESPONSE
C02595,1,0,0.006,Low,0.00983,0.00682,0.00301,LOW RESPONSE
C02596,0,0,0.01869,Low,0.01275,0.0122,0.00055,LOW RESPONSE
C02597,0,0,0.02746,Low,0.00986,0.00831,0.00155,LOW RESPONSE
C02598,1,0,0.06789,Low,0.01614,0.01519,0.00095,LOW RESPONSE
C02599,0,0,0.00932,Low,0.00804,0.0072,0.00084,LOW RESPONSE
C02600,1,0,0.01517,Low,0.00594,0.00703,-0.00109,NEGATIVE RESPONSE
C02601,1,0,0.1167,Low,0.00773,0.08303,-0.0753,NEGATIVE RESPONSE
C02602,0,0,0.00925,Low,0.01321,0.00816,0.00505,LOW RESPONSE
C02603,1,0,0.0098,Low,0.01816,0.01107,0.00709,LOW RESPONSE
C02604,1,0,0.0049,Low,0.01253,0.00999,0.00254,LOW RESPONSE
C02605,1,0,0.01476,Low,0.00839,0.01599,-0.0076,NEGATIVE RESPONSE
C02606,0,0,0.00265,Low,0.00766,0.00689,0.00077,LOW RESPONSE
C02607,1,0,0.01544,Low,0.00821,0.00686,0.00135,LOW RESPONSE
C02608,1,0,0.00378,Low,0.00802,0.00824,-0.00022,LOW RESPONSE
C02609,1,0,0.01976,Low,0.01243,0.01667,-0.00424,NEGATIVE RESPONSE
C02610,0,0,0.0578,Low,0.0062,0.07731,-0.07111,NEGATIVE RESPONSE
C02611,0,0,0.00429,Low,0.01154,0.01094,0.00059,LOW RESPONSE
C02612,1,0,0.00633,Low,0.00607,0.01155,-0.00547,NEGATIVE RESPONSE
C02613,1,0,0.00799,Low,0.0126,0.00664,0.00596,LOW RESPONSE
C02614,0,0,0.01,Low,0.00977,0.01179,-0.00202,NEGATIVE RESPONSE
C02615,0,0,0.14619,Low,0.00913,0.04435,-0.03522,NEGATIVE RESPONSE
C02616,0,0,0.01439,Low,0.00739,0.01273,-0.00534,NEGATIVE RESPONSE
C02617,1,0,0.00693,Low,0.00953,0.00965,-0.00013,LOW RESPONSE
C02618,1,0,0.00334,Low,0.00997,0.01106,-0.00109,NEGATIVE RESPONSE
C02619,1,0,0.00404,Low,0.00732,0.00713,0.00019,LOW RESPONSE
C02620,1,0,0.008,Low,0.01493,0.0081,0.00683,LOW RESPONSE
C02621,0,0,0.01138,Low,0.00669,0.0093,-0.00261,NEGATIVE RESPONSE
C02622,1,0,0.00822,Low,0.00976,0.00765,0.00211,LOW RESPONSE
C02623,0,0,0.02969,Low,0.00981,0.00917,0.00064,LOW RESPONSE
C02624,1,0,0.00335,Low,0.01191,0.00605,0.00586,LOW RESPONSE
C02625,1,0,0.02005,Low,0.02246,0.01889,0.00357,LOW RESPONSE
C02626,1,0,0.00612,Low,0.00665,0.01313,-0.00647,NEGATIVE RESPONSE
C02627,1,0,0.00556,Low,0.00831,0.00696,0.00135,LOW RESPONSE
C02628,1,0,0.07943,Low,0.00781,0.04448,-0.03667,NEGATIVE RESPONSE
C02629,1,0,0.0071,Low,0.00994,0.00613,0.00381,LOW RESPONSE
C02630,1,0,0.00242,Low,0.00851,0.01077,-0.00225,NEGATIVE RESPONSE
C02631,1,0,0.00908,Low,0.01317,0.00912,0.00405,LOW RESPONSE
C02632,1,0,0.00373,Low,0.01696,0.01466,0.00229,LOW RESPONSE
C02633,1,0,0.00434,Low,0.00936,0.01474,-0.00538,NEGATIVE RESPONSE
C02634,1,0,0.27397,Low,0.00749,0.065,-0.05751,NEGATIVE RESPONSE
C02635,0,0,0.00199,Low,0.00722,0.00681,0.0004,LOW RESPONSE
C02636,0,0,0.06136,Low,0.03838,0.01484,0.02354,HIGHLY PERSUADABLE
C02637,0,0,0.00897,Low,0.02215,0.02202,0.00014,LOW RESPONSE
C02638,1,0,0.02414,Low,0.01384,0.02143,-0.00759,NEGATIVE RESPONSE
C02639,1,0,0.00162,Low,0.0048,0.00569,-0.00089,LOW RESPONSE
C02640,1,1,0.96003,Critical,0.01216,0.26217,-0.25002,NEGATIVE RESPONSE
C02641,1,0,0.01785,Low,0.01316,0.00943,0.00373,LOW RESPONSE
C02642,1,0,0.00607,Low,0.00814,0.00962,-0.00148,NEGATIVE RESPONSE
C02643,1,0,0.00533,Low,0.01064,0.01117,-0.00052,LOW RESPONSE
C02644,1,0,0.02178,Low,0.01007,0.02594,-0.01587,NEGATIVE RESPONSE
C02645,0,0,0.04929,Low,0.01214,0.01191,0.00023,LOW RESPONSE
C02646,1,0,0.0173,Low,0.01584,0.01342,0.00242,LOW RESPONSE
C02647,1,0,0.00527,Low,0.01113,0.00767,0.00346,LOW RESPONSE
C02648,1,0,0.00681,Low,0.00842,0.00671,0.00171,LOW RESPONSE
C02649,0,0,0.00416,Low,0.00866,0.00862,4e-05,LOW RESPONSE
C02650,1,0,0.00111,Low,0.01199,0.01069,0.0013,LOW RESPONSE
C02651,1,0,0.01586,Low,0.00957,0.00984,-0.00027,LOW RESPONSE
C02652,1,0,0.00456,Low,0.01447,0.00856,0.00592,LOW RESPONSE
C02653,0,0,0.00888,Low,0.01459,0.01007,0.00451,LOW RESPONSE
C02654,1,0,0.00195,Low,0.00858,0.00757,0.00101,LOW RESPONSE
C02655,1,0,0.0146,Low,0.02178,0.01673,0.00505,LOW RESPONSE
C02656,1,0,0.00552,Low,0.01539,0.01112,0.00427,LOW RESPONSE
C02657,1,0,0.00513,Low,0.00617,0.0115,-0.00533,NEGATIVE RESPONSE
C02658,0,0,0.02286,Low,0.01366,0.00753,0.00613,LOW RESPONSE
C02659,1,0,0.0152,Low,0.00949,0.00655,0.00295,LOW RESPONSE
C02660,1,0,0.0127,Low,0.02401,0.01088,0.01313,LOW RESPONSE
C02661,1,0,0.01348,Low,0.00968,0.01102,-0.00133,NEGATIVE RESPONSE
C02662,1,0,0.00671,Low,0.00656,0.00827,-0.00171,NEGATIVE RESPONSE
C02663,1,0,0.00537,Low,0.00761,0.00672,0.00089,LOW RESPONSE
C02664,0,0,0.00129,Low,0.00725,0.0062,0.00105,LOW RESPONSE
C02665,0,0,0.158,Low,0.00808,0.05087,-0.04279,NEGATIVE RESPONSE
C02666,1,0,0.00521,Low,0.00751,0.00665,0.00086,LOW RESPONSE
C02667,1,0,0.00598,Low,0.01018,0.00584,0.00433,LOW RESPONSE
C02668,1,0,0.0056,Low,0.00832,0.00644,0.00187,LOW RESPONSE
C02669,1,0,0.00737,Low,0.00766,0.00815,-0.00048,LOW RESPONSE
C02670,1,0,0.01831,Low,0.01076,0.00671,0.00405,LOW RESPONSE
C02671,0,0,0.00596,Low,0.01019,0.00796,0.00223,LOW RESPONSE
C02672,1,0,0.00248,Low,0.00703,0.00824,-0.00121,NEGATIVE RESPONSE
C02673,1,0,0.00302,Low,0.00976,0.00789,0.00187,LOW RESPONSE
C02674,0,1,0.97388,Critical,0.03297,0.15066,-0.11769,NEGATIVE RESPONSE
C02675,1,0,0.01031,Low,0.01179,0.00835,0.00345,LOW RESPONSE
C02676,0,0,0.01019,Low,0.00993,0.00592,0.00401,LOW RESPONSE
C02677,1,0,0.29794,Low,0.0063,0.09095,-0.08465,NEGATIVE RESPONSE
C02678,1,0,0.00709,Low,0.01119,0.00671,0.00448,LOW RESPONSE
C02679,0,0,0.01078,Low,0.00762,0.00767,-5e-05,LOW RESPONSE
C02680,1,0,0.01376,Low,0.01602,0.0217,-0.00568,NEGATIVE RESPONSE
C02681,1,0,0.01576,Low,0.02266,0.01234,0.01031,LOW RESPONSE
C02682,0,0,0.00211,Low,0.00546,0.00562,-0.00016,LOW RESPONSE
C02683,0,0,0.02511,Low,0.01232,0.00755,0.00477,LOW RESPONSE
C02684,1,0,0.00543,Low,0.00789,0.00844,-0.00055,LOW RESPONSE
C02685,0,0,0.00391,Low,0.00478,0.0073,-0.00252,NEGATIVE RESPONSE
C02686,0,0,0.00274,Low,0.00838,0.00706,0.00132,LOW RESPONSE
C02687,0,0,0.00693,Low,0.00862,0.00632,0.00231,LOW RESPONSE
C02688,1,0,0.01029,Low,0.00569,0.01202,-0.00633,NEGATIVE RESPONSE
C02689,0,0,0.01522,Low,0.00985,0.01016,-0.00031,LOW RESPONSE
C02690,1,0,0.01493,Low,0.00968,0.01018,-0.0005,LOW RESPONSE
C02691,0,0,0.01083,Low,0.01038,0.01152,-0.00114,NEGATIVE RESPONSE
C02692,1,0,0.00426,Low,0.00831,0.00705,0.00126,LOW RESPONSE
C02693,1,0,0.01908,Low,0.02249,0.00999,0.0125,LOW RESPONSE
C02694,0,0,0.02064,Low,0.01473,0.01867,-0.00394,NEGATIVE RESPONSE
C02695,1,0,0.00481,Low,0.01279,0.00907,0.00372,LOW RESPONSE
C02696,1,0,0.06986,Low,0.01065,0.03584,-0.02519,NEGATIVE RESPONSE
C02697,1,0,0.00283,Low,0.00984,0.0077,0.00214,LOW RESPONSE
C02698,0,0,0.00401,Low,0.01133,0.01127,6e-05,LOW RESPONSE
C02699,1,0,0.006,Low,0.01805,0.01062,0.00743,LOW RESPONSE
C02700,0,0,0.01903,Low,0.01872,0.01152,0.00719,LOW RESPONSE
C02701,1,0,0.00464,Low,0.00923,0.01183,-0.0026,NEGATIVE RESPONSE
C02702,0,0,0.00709,Low,0.00826,0.00966,-0.0014,NEGATIVE RESPONSE
C02703,1,0,0.00424,Low,0.00744,0.01114,-0.0037,NEGATIVE RESPONSE
C02704,0,0,0.0039,Low,0.00991,0.01094,-0.00103,NEGATIVE RESPONSE
C02705,1,0,0.00703,Low,0.01452,0.00704,0.00748,LOW RESPONSE
C02706,1,0,0.01334,Low,0.01923,0.00984,0.0094,LOW RESPONSE
C02707,1,0,0.00996,Low,0.01818,0.00793,0.01025,LOW RESPONSE
C02708,1,0,0.00119,Low,0.01093,0.00716,0.00377,LOW RESPONSE
C02709,0,0,0.00662,Low,0.00698,0.00614,0.00085,LOW RESPONSE
C02710,0,0,0.00309,Low,0.00571,0.0059,-0.00019,LOW RESPONSE
C02711,1,0,0.0066,Low,0.01393,0.01018,0.00375,LOW RESPONSE
C02712,1,0,0.00415,Low,0.01145,0.01635,-0.00489,NEGATIVE RESPONSE
C02713,1,0,0.04713,Low,0.01179,0.00954,0.00225,PERSUADABLE
C02714,1,0,0.01141,Low,0.01448,0.01261,0.00187,LOW RESPONSE
C02715,1,0,0.00222,Low,0.01559,0.01584,-0.00024,LOW RESPONSE
C02716,1,1,0.94547,Critical,0.01222,0.19534,-0.18312,NEGATIVE RESPONSE
C02717,1,0,0.0044,Low,0.0133,0.01328,1e-05,LOW RESPONSE
C02718,1,0,0.00384,Low,0.00623,0.00552,0.0007,LOW RESPONSE
C02719,1,0,0.04711,Low,0.01245,0.01,0.00245,PERSUADABLE
C02720,1,0,0.04826,Low,0.01452,0.0072,0.00732,PERSUADABLE
C02721,0,0,0.00968,Low,0.01111,0.00652,0.00459,LOW RESPONSE
C02722,1,0,0.0033,Low,0.00843,0.00836,7e-05,LOW RESPONSE
C02723,1,0,0.0062,Low,0.00969,0.01039,-0.0007,LOW RESPONSE
C02724,1,1,0.94445,Critical,0.01371,0.29098,-0.27727,NEGATIVE RESPONSE
C02725,1,0,0.00352,Low,0.01395,0.00711,0.00684,LOW RESPONSE
C02726,1,0,0.00349,Low,0.01014,0.00783,0.00231,LOW RESPONSE
C02727,1,0,0.3061,Medium,0.02138,0.09343,-0.07205,NEGATIVE RESPONSE
C02728,1,0,0.02916,Low,0.00756,0.00958,-0.00202,NEGATIVE RESPONSE
C02729,1,0,0.00532,Low,0.00758,0.00815,-0.00058,LOW RESPONSE
C02730,1,0,0.00157,Low,0.00924,0.00627,0.00297,LOW RESPONSE
C02731,1,0,0.01609,Low,0.01837,0.00866,0.00971,LOW RESPONSE
C02732,1,0,0.0062,Low,0.01139,0.01047,0.00092,LOW RESPONSE
C02733,0,0,0.00481,Low,0.00999,0.0114,-0.00141,NEGATIVE RESPONSE
C02734,1,0,0.01537,Low,0.00866,0.00816,0.00051,LOW RESPONSE
C02735,0,0,0.00259,Low,0.00596,0.00608,-0.00012,LOW RESPONSE
C02736,0,0,0.00742,Low,0.02428,0.01634,0.00794,LOW RESPONSE
C02737,1,0,0.00109,Low,0.00415,0.00678,-0.00263,NEGATIVE RESPONSE
C02738,0,0,0.49567,Medium,0.04696,0.17491,-0.12795,NEGATIVE RESPONSE
C02739,0,0,0.05067,Low,0.01731,0.01094,0.00637,PERSUADABLE
C02740,1,0,0.02147,Low,0.01456,0.00791,0.00665,LOW RESPONSE
C02741,1,0,0.00448,Low,0.00458,0.0059,-0.00133,NEGATIVE RESPONSE
C02742,1,0,0.0024,Low,0.00673,0.00512,0.00161,LOW RESPONSE
C02743,1,0,0.00696,Low,0.01384,0.01129,0.00255,LOW RESPONSE
C02744,1,0,0.10508,Low,0.01476,0.01888,-0.00412,NEGATIVE RESPONSE
C02745,0,0,0.00507,Low,0.01695,0.01134,0.00561,LOW RESPONSE
C02746,0,0,0.01006,Low,0.01152,0.00963,0.0019,LOW RESPONSE
C02747,0,0,0.15513,Low,0.04481,0.18184,-0.13703,NEGATIVE RESPONSE
C02748,1,0,0.00688,Low,0.00595,0.00686,-0.00091,LOW RESPONSE
C02749,1,0,0.00072,Low,0.00933,0.0082,0.00113,LOW RESPONSE
C02750,1,0,0.51731,Medium,0.01044,0.22526,-0.21482,NEGATIVE RESPONSE
C02751,1,0,0.00598,Low,0.00921,0.00701,0.0022,LOW RESPONSE
C02752,1,0,0.00716,Low,0.00934,0.00722,0.00213,LOW RESPONSE
C02753,0,0,0.0031,Low,0.00849,0.00685,0.00165,LOW RESPONSE
C02754,1,0,0.00482,Low,0.00907,0.00513,0.00394,LOW RESPONSE
C02755,1,0,0.00422,Low,0.009,0.01211,-0.00311,NEGATIVE RESPONSE
C02756,1,0,0.04236,Low,0.01717,0.00645,0.01072,HIGHLY PERSUADABLE
C02757,1,0,0.40599,Medium,0.01604,0.09046,-0.07442,NEGATIVE RESPONSE
C02758,1,0,0.00721,Low,0.00829,0.01299,-0.0047,NEGATIVE RESPONSE
C02759,1,0,0.00401,Low,0.01475,0.01068,0.00406,LOW RESPONSE
C02760,1,0,0.0131,Low,0.01086,0.00895,0.0019,LOW RESPONSE
C02761,1,0,0.01314,Low,0.06561,0.20122,-0.13562,NEGATIVE RESPONSE
C02762,0,0,0.00355,Low,0.00543,0.00931,-0.00388,NEGATIVE RESPONSE
C02763,1,0,0.01444,Low,0.02269,0.01149,0.0112,LOW RESPONSE
C02764,0,0,0.00778,Low,0.02389,0.00845,0.01544,LOW RESPONSE
C02765,1,0,0.00856,Low,0.00933,0.00869,0.00064,LOW RESPONSE
C02766,1,0,0.00829,Low,0.00454,0.01303,-0.00849,NEGATIVE RESPONSE
C02767,1,0,0.00251,Low,0.00676,0.00854,-0.00178,NEGATIVE RESPONSE
C02768,1,0,0.01409,Low,0.00835,0.01087,-0.00252,NEGATIVE RESPONSE
C02769,0,0,0.01418,Low,0.0093,0.00757,0.00173,LOW RESPONSE
C02770,1,0,0.00523,Low,0.01439,0.00974,0.00464,LOW RESPONSE
C02771,1,0,0.01464,Low,0.01801,0.00696,0.01105,LOW RESPONSE
C02772,1,0,0.22782,Low,0.01708,0.08727,-0.07019,NEGATIVE RESPONSE
C02773,1,0,0.01241,Low,0.00838,0.01379,-0.00541,NEGATIVE RESPONSE
C02774,1,0,0.00468,Low,0.00949,0.00851,0.00098,LOW RESPONSE
C02775,0,1,0.95762,Critical,0.03089,0.07004,-0.03915,NEGATIVE RESPONSE
C02776,1,0,0.00279,Low,0.00708,0.009,-0.00192,NEGATIVE RESPONSE
C02777,1,0,0.01233,Low,0.01131,0.01179,-0.00048,LOW RESPONSE
C02778,0,0,0.00544,Low,0.0059,0.00791,-0.00201,NEGATIVE RESPONSE
C02779,1,0,0.00459,Low,0.01578,0.007,0.00878,LOW RESPONSE
C02780,1,0,0.00968,Low,0.01424,0.01719,-0.00294,NEGATIVE RESPONSE
C02781,1,0,0.012,Low,0.01524,0.01099,0.00426,LOW RESPONSE
C02782,1,0,0.00914,Low,0.00823,0.00829,-6e-05,LOW RESPONSE
C02783,1,0,0.00547,Low,0.0113,0.00978,0.00151,LOW RESPONSE
C02784,1,0,0.01654,Low,0.02576,0.00711,0.01864,LOW RESPONSE
C02785,1,0,0.00513,Low,0.01038,0.01657,-0.00619,NEGATIVE RESPONSE
C02786,1,0,0.00234,Low,0.01161,0.00732,0.00428,LOW RESPONSE
C02787,1,0,0.01094,Low,0.01355,0.01152,0.00203,LOW RESPONSE
C02788,1,0,0.00345,Low,0.01022,0.00596,0.00426,LOW RESPONSE
C02789,1,0,0.00522,Low,0.00993,0.00996,-3e-05,LOW RESPONSE
C02790,0,0,0.01138,Low,0.01089,0.01037,0.00052,LOW RESPONSE
C02791,0,0,0.00436,Low,0.00746,0.0074,6e-05,LOW RESPONSE
C02792,1,0,0.29729,Low,0.01093,0.14731,-0.13638,NEGATIVE RESPONSE
C02793,0,0,0.02569,Low,0.01021,0.00776,0.00244,LOW RESPONSE
C02794,1,0,0.00652,Low,0.0111,0.01148,-0.00038,LOW RESPONSE
C02795,1,0,0.02539,Low,0.01355,0.01736,-0.00381,NEGATIVE RESPONSE
C02796,0,0,0.03168,Low,0.00572,0.01275,-0.00703,NEGATIVE RESPONSE
C02797,1,0,0.00702,Low,0.01348,0.00976,0.00372,LOW RESPONSE
C02798,1,0,0.00493,Low,0.00672,0.00768,-0.00096,LOW RESPONSE
C02799,1,0,0.2387,Low,0.02502,0.23291,-0.20788,NEGATIVE RESPONSE
C02800,1,0,0.00781,Low,0.00491,0.00599,-0.00109,NEGATIVE RESPONSE
C02801,0,0,0.0265,Low,0.0249,0.00818,0.01672,LOW RESPONSE
C02802,0,0,0.00597,Low,0.00942,0.01038,-0.00097,LOW RESPONSE
C02803,0,0,0.00891,Low,0.00892,0.00847,0.00045,LOW RESPONSE
C02804,1,0,0.01494,Low,0.01128,0.00774,0.00354,LOW RESPONSE
C02805,1,0,0.00268,Low,0.00512,0.00661,-0.00148,NEGATIVE RESPONSE
C02806,0,0,0.00476,Low,0.00857,0.01,-0.00143,NEGATIVE RESPONSE
C02807,1,0,0.01244,Low,0.01019,0.01291,-0.00271,NEGATIVE RESPONSE
C02808,0,0,0.00388,Low,0.00939,0.01002,-0.00063,LOW RESPONSE
C02809,0,0,0.00528,Low,0.00744,0.00649,0.00095,LOW RESPONSE
C02810,0,0,0.00445,Low,0.01185,0.00584,0.00601,LOW RESPONSE
C02811,1,0,0.00701,Low,0.0079,0.01338,-0.00548,NEGATIVE RESPONSE
C02812,1,0,0.00413,Low,0.00797,0.00573,0.00224,LOW RESPONSE
C02813,0,0,0.00338,Low,0.00502,0.01016,-0.00515,NEGATIVE RESPONSE
C02814,1,0,0.54299,Medium,0.02195,0.15193,-0.12999,NEGATIVE RESPONSE
C02815,1,0,0.02492,Low,0.01179,0.01248,-0.00069,LOW RESPONSE
C02816,0,0,0.00463,Low,0.01842,0.00878,0.00964,LOW RESPONSE
C02817,0,0,0.00785,Low,0.0121,0.00791,0.00419,LOW RESPONSE
C02818,0,0,0.01603,Low,0.00971,0.01331,-0.0036,NEGATIVE RESPONSE
C02819,0,0,0.03295,Low,0.02824,0.01332,0.01492,LOW RESPONSE
C02820,0,0,0.00236,Low,0.00705,0.00701,4e-05,LOW RESPONSE
C02821,1,0,0.006,Low,0.00707,0.01331,-0.00624,NEGATIVE RESPONSE
C02822,1,0,0.0116,Low,0.0109,0.00783,0.00307,LOW RESPONSE
C02823,1,0,0.0074,Low,0.00989,0.00767,0.00222,LOW RESPONSE
C02824,1,0,0.00856,Low,0.01676,0.00801,0.00874,LOW RESPONSE
C02825,1,0,0.00646,Low,0.01663,0.00813,0.00849,LOW RESPONSE
C02826,0,0,0.01033,Low,0.00897,0.00701,0.00196,LOW RESPONSE
C02827,1,0,0.0141,Low,0.01835,0.00913,0.00923,LOW RESPONSE
C02828,1,0,0.00826,Low,0.00965,0.01311,-0.00346,NEGATIVE RESPONSE
C02829,1,0,0.00547,Low,0.0145,0.01258,0.00192,LOW RESPONSE
C02830,1,0,0.06331,Low,0.00511,0.05011,-0.045,NEGATIVE RESPONSE
C02831,0,0,0.00413,Low,0.01609,0.02051,-0.00442,NEGATIVE RESPONSE
C02832,1,0,0.0041,Low,0.0089,0.01396,-0.00506,NEGATIVE RESPONSE
C02833,1,0,0.00322,Low,0.01361,0.01071,0.0029,LOW RESPONSE
C02834,1,0,0.0056,Low,0.00658,0.0076,-0.00102,NEGATIVE RESPONSE
C02835,1,0,0.03587,Low,0.01573,0.01304,0.00269,PERSUADABLE
C02836,1,0,0.00665,Low,0.01329,0.01046,0.00282,LOW RESPONSE
C02837,0,0,0.00615,Low,0.01388,0.00983,0.00406,LOW RESPONSE
C02838,1,0,0.00466,Low,0.0107,0.0089,0.0018,LOW RESPONSE
C02839,0,0,0.00629,Low,0.01855,0.00932,0.00923,LOW RESPONSE
C02840,0,0,0.02658,Low,0.00675,0.00604,0.0007,LOW RESPONSE
C02841,1,0,0.03544,Low,0.01003,0.00728,0.00275,PERSUADABLE
C02842,1,0,0.02534,Low,0.00514,0.01098,-0.00584,NEGATIVE RESPONSE
C02843,1,0,0.00348,Low,0.01249,0.00713,0.00536,LOW RESPONSE
C02844,1,0,0.05238,Low,0.01246,0.00942,0.00304,PERSUADABLE
C02845,0,0,0.09664,Low,0.00808,0.06369,-0.05562,NEGATIVE RESPONSE
C02846,0,0,0.00347,Low,0.00361,0.00557,-0.00196,NEGATIVE RESPONSE
C02847,1,0,0.20126,Low,0.00717,0.08171,-0.07454,NEGATIVE RESPONSE
C02848,0,0,0.0043,Low,0.0115,0.00946,0.00205,LOW RESPONSE
C02849,1,1,0.98098,Critical,0.04111,0.41344,-0.37233,NEGATIVE RESPONSE
C02850,1,0,0.00376,Low,0.00722,0.01156,-0.00434,NEGATIVE RESPONSE
C02851,1,0,0.32836,Medium,0.00738,0.06502,-0.05765,NEGATIVE RESPONSE
C02852,1,0,0.00441,Low,0.01546,0.01196,0.0035,LOW RESPONSE
C02853,1,0,0.00472,Low,0.02368,0.01678,0.0069,LOW RESPONSE
C02854,1,0,0.02067,Low,0.01259,0.00852,0.00408,LOW RESPONSE
C02855,0,0,0.01655,Low,0.00897,0.01102,-0.00205,NEGATIVE RESPONSE
C02856,1,0,0.02112,Low,0.01,0.06904,-0.05904,NEGATIVE RESPONSE
C02857,0,0,0.02685,Low,0.00811,0.0095,-0.00139,NEGATIVE RESPONSE
C02858,1,0,0.07432,Low,0.00855,0.00738,0.00117,PERSUADABLE
C02859,1,0,0.00525,Low,0.01056,0.01206,-0.0015,NEGATIVE RESPONSE
C02860,1,0,0.04345,Low,0.00808,0.07422,-0.06614,NEGATIVE RESPONSE
C02861,0,0,0.0026,Low,0.01254,0.01796,-0.00542,NEGATIVE RESPONSE
C02862,1,0,0.01192,Low,0.01127,0.01152,-0.00024,LOW RESPONSE
C02863,0,0,0.00203,Low,0.0071,0.00602,0.00108,LOW RESPONSE
C02864,1,0,0.00928,Low,0.00676,0.00726,-0.0005,LOW RESPONSE
C02865,1,0,0.00953,Low,0.01099,0.00699,0.00401,LOW RESPONSE
C02866,1,0,0.01436,Low,0.02229,0.01,0.01229,LOW RESPONSE
C02867,1,0,0.00839,Low,0.01022,0.0076,0.00263,LOW RESPONSE
C02868,0,0,0.00838,Low,0.00835,0.00921,-0.00086,LOW RESPONSE
C02869,1,0,0.00602,Low,0.01127,0.01159,-0.00032,LOW RESPONSE
C02870,1,0,0.17478,Low,0.02388,0.17002,-0.14613,NEGATIVE RESPONSE
C02871,1,0,0.0082,Low,0.00766,0.00602,0.00165,LOW RESPONSE
C02872,0,0,0.08655,Low,0.0255,0.12304,-0.09754,NEGATIVE RESPONSE
C02873,1,0,0.00302,Low,0.01328,0.00994,0.00335,LOW RESPONSE
C02874,0,0,0.08925,Low,0.00931,0.07004,-0.06073,NEGATIVE RESPONSE
C02875,1,0,0.00374,Low,0.01027,0.00644,0.00383,LOW RESPONSE
C02876,1,0,0.00713,Low,0.00901,0.00928,-0.00027,LOW RESPONSE
C02877,1,0,0.00738,Low,0.01411,0.00682,0.00729,LOW RESPONSE
C02878,1,0,0.0034,Low,0.00757,0.00578,0.00179,LOW RESPONSE
C02879,1,0,0.00738,Low,0.01054,0.00822,0.00232,LOW RESPONSE
C02880,1,0,0.00354,Low,0.01148,0.01494,-0.00346,NEGATIVE RESPONSE
C02881,1,0,0.00484,Low,0.00883,0.00913,-0.0003,LOW RESPONSE
C02882,0,0,0.00893,Low,0.006,0.00733,-0.00133,NEGATIVE RESPONSE
C02883,1,1,0.97326,Critical,0.01863,0.24996,-0.23133,NEGATIVE RESPONSE
C02884,0,0,0.20298,Low,0.00687,0.05781,-0.05093,NEGATIVE RESPONSE
C02885,0,0,0.00492,Low,0.00788,0.0068,0.00108,LOW RESPONSE
C02886,0,1,0.96663,Critical,0.02342,0.09817,-0.07475,NEGATIVE RESPONSE
C02887,1,0,0.03509,Low,0.00801,0.01319,-0.00518,NEGATIVE RESPONSE
C02888,1,0,0.02682,Low,0.00709,0.01401,-0.00693,NEGATIVE RESPONSE
C02889,1,0,0.01115,Low,0.01281,0.01112,0.00169,LOW RESPONSE
C02890,1,0,0.00295,Low,0.01288,0.00805,0.00483,LOW RESPONSE
C02891,1,0,0.00617,Low,0.01473,0.00742,0.00731,LOW RESPONSE
C02892,1,0,0.01276,Low,0.01707,0.0113,0.00577,LOW RESPONSE
C02893,1,0,0.01151,Low,0.01502,0.01607,-0.00105,NEGATIVE RESPONSE
C02894,1,0,0.00697,Low,0.01854,0.0102,0.00835,LOW RESPONSE
C02895,1,0,0.0047,Low,0.00949,0.00813,0.00137,LOW RESPONSE
C02896,1,0,0.34021,Medium,0.02109,0.35051,-0.32942,NEGATIVE RESPONSE
C02897,1,0,0.00955,Low,0.01321,0.01093,0.00228,LOW RESPONSE
C02898,1,0,0.00421,Low,0.00674,0.01171,-0.00497,NEGATIVE RESPONSE
C02899,0,0,0.02876,Low,0.01616,0.12601,-0.10984,NEGATIVE RESPONSE
C02900,1,0,0.00814,Low,0.00912,0.00898,0.00014,LOW RESPONSE
C02901,1,0,0.32543,Medium,0.0288,0.15207,-0.12327,NEGATIVE RESPONSE
C02902,1,0,0.01081,Low,0.02148,0.01258,0.00891,LOW RESPONSE
C02903,1,0,0.00543,Low,0.00591,0.0062,-0.00028,LOW RESPONSE
C02904,1,0,0.00988,Low,0.01,0.00777,0.00222,LOW RESPONSE
C02905,1,0,0.00393,Low,0.01031,0.00724,0.00306,LOW RESPONSE
C02906,1,0,0.00577,Low,0.03231,0.01169,0.02062,LOW RESPONSE
C02907,0,0,0.01395,Low,0.02162,0.01133,0.0103,LOW RESPONSE
C02908,0,0,0.01985,Low,0.01373,0.01072,0.00301,LOW RESPONSE
C02909,1,0,0.05345,Low,0.00988,0.04332,-0.03344,NEGATIVE RESPONSE
C02910,1,0,0.00722,Low,0.01503,0.01008,0.00495,LOW RESPONSE
C02911,0,0,0.00438,Low,0.00634,0.00626,8e-05,LOW RESPONSE
C02912,1,0,0.03638,Low,0.01223,0.00702,0.00521,PERSUADABLE
C02913,1,0,0.00229,Low,0.00685,0.00522,0.00163,LOW RESPONSE
C02914,1,1,0.97142,Critical,0.02205,0.41211,-0.39005,NEGATIVE RESPONSE
C02915,1,0,0.01974,Low,0.01166,0.01331,-0.00165,NEGATIVE RESPONSE
C02916,1,0,0.00348,Low,0.0082,0.00815,5e-05,LOW RESPONSE
C02917,1,0,0.01652,Low,0.0213,0.02661,-0.00531,NEGATIVE RESPONSE
C02918,0,0,0.00793,Low,0.00595,0.01648,-0.01053,NEGATIVE RESPONSE
C02919,1,0,0.00997,Low,0.00877,0.00952,-0.00074,LOW RESPONSE
C02920,1,0,0.00858,Low,0.01555,0.00771,0.00784,LOW RESPONSE
C02921,1,0,0.01517,Low,0.00764,0.00759,6e-05,LOW RESPONSE
C02922,1,0,0.00577,Low,0.01001,0.00653,0.00348,LOW RESPONSE
C02923,0,0,0.00922,Low,0.01218,0.00857,0.00361,LOW RESPONSE
C02924,1,0,0.4365,Medium,0.01091,0.07682,-0.06592,NEGATIVE RESPONSE
C02925,1,0,0.01984,Low,0.01103,0.01259,-0.00156,NEGATIVE RESPONSE
C02926,0,0,0.11518,Low,0.03992,0.01981,0.02011,HIGHLY PERSUADABLE
C02927,1,0,0.00841,Low,0.00805,0.01824,-0.01019,NEGATIVE RESPONSE
C02928,0,0,0.00174,Low,0.00733,0.00666,0.00066,LOW RESPONSE
C02929,1,0,0.00668,Low,0.01124,0.01203,-0.00079,LOW RESPONSE
C02930,1,0,0.0054,Low,0.01043,0.00743,0.003,LOW RESPONSE
C02931,1,0,0.22451,Low,0.02281,0.09141,-0.0686,NEGATIVE RESPONSE
C02932,1,0,0.0085,Low,0.01106,0.01201,-0.00095,LOW RESPONSE
C02933,1,0,0.00823,Low,0.01069,0.01405,-0.00336,NEGATIVE RESPONSE
C02934,1,0,0.00947,Low,0.00772,0.00795,-0.00023,LOW RESPONSE
C02935,1,0,0.02932,Low,0.00781,0.00767,0.00014,LOW RESPONSE
C02936,0,0,0.07417,Low,0.01825,0.08643,-0.06818,NEGATIVE RESPONSE
C02937,1,0,0.00717,Low,0.00558,0.00803,-0.00245,NEGATIVE RESPONSE
C02938,1,0,0.00548,Low,0.00875,0.00799,0.00076,LOW RESPONSE
C02939,1,0,0.08758,Low,0.01344,0.02147,-0.00803,NEGATIVE RESPONSE
C02940,0,0,0.00483,Low,0.00867,0.00802,0.00065,LOW RESPONSE
C02941,1,0,0.0135,Low,0.01509,0.01932,-0.00422,NEGATIVE RESPONSE
C02942,1,1,0.97771,Critical,0.02289,0.42943,-0.40654,NEGATIVE RESPONSE
C02943,1,0,0.00403,Low,0.01148,0.01518,-0.00371,NEGATIVE RESPONSE
C02944,1,0,0.01343,Low,0.01373,0.0151,-0.00137,NEGATIVE RESPONSE
C02945,0,0,0.00751,Low,0.01004,0.01108,-0.00104,NEGATIVE RESPONSE
C02946,1,0,0.00414,Low,0.01158,0.00831,0.00326,LOW RESPONSE
C02947,1,0,0.0151,Low,0.01154,0.01388,-0.00234,NEGATIVE RESPONSE
C02948,0,0,0.00356,Low,0.01023,0.00961,0.00062,LOW RESPONSE
C02949,1,1,0.97298,Critical,0.01508,0.39489,-0.37981,NEGATIVE RESPONSE
C02950,1,0,0.00873,Low,0.01014,0.00849,0.00165,LOW RESPONSE
C02951,0,0,0.01146,Low,0.01268,0.00781,0.00487,LOW RESPONSE
C02952,1,0,0.03293,Low,0.02242,0.01286,0.00956,LOW RESPONSE
C02953,1,0,0.00859,Low,0.01116,0.01483,-0.00367,NEGATIVE RESPONSE
C02954,1,1,0.95831,Critical,0.01453,0.19741,-0.18287,NEGATIVE RESPONSE
C02955,0,0,0.00993,Low,0.0051,0.01241,-0.00732,NEGATIVE RESPONSE
C02956,1,0,0.03552,Low,0.01,0.00983,0.00017,LOW RESPONSE
C02957,1,0,0.02303,Low,0.00715,0.00938,-0.00222,NEGATIVE RESPONSE
C02958,1,0,0.01324,Low,0.00945,0.00851,0.00094,LOW RESPONSE
C02959,1,0,0.01267,Low,0.0147,0.00902,0.00568,LOW RESPONSE
C02960,0,0,0.01239,Low,0.00812,0.00689,0.00124,LOW RESPONSE
C02961,1,0,0.01791,Low,0.00928,0.00859,0.0007,LOW RESPONSE
C02962,1,0,0.02159,Low,0.0167,0.01136,0.00533,LOW RESPONSE
C02963,1,0,0.01423,Low,0.0161,0.01386,0.00224,LOW RESPONSE
C02964,1,0,0.00577,Low,0.01163,0.00911,0.00253,LOW RESPONSE
C02965,1,0,0.00345,Low,0.01906,0.01524,0.00382,LOW RESPONSE
C02966,1,1,0.97297,Critical,0.03014,0.27255,-0.24241,NEGATIVE RESPONSE
C02967,1,0,0.26544,Low,0.00836,0.07437,-0.06601,NEGATIVE RESPONSE
C02968,1,0,0.01561,Low,0.00569,0.0076,-0.00191,NEGATIVE RESPONSE
C02969,1,0,0.00702,Low,0.00812,0.00757,0.00055,LOW RESPONSE
C02970,1,0,0.11045,Low,0.0385,0.06317,-0.02468,NEGATIVE RESPONSE
C02971,1,0,0.00985,Low,0.01466,0.01023,0.00443,LOW RESPONSE
C02972,0,0,0.00722,Low,0.01378,0.0067,0.00707,LOW RESPONSE
C02973,1,0,0.00475,Low,0.00812,0.00622,0.0019,LOW RESPONSE
C02974,1,0,0.01735,Low,0.00962,0.01091,-0.00129,NEGATIVE RESPONSE
C02975,0,0,0.01267,Low,0.00811,0.0101,-0.00199,NEGATIVE RESPONSE
C02976,1,0,0.00293,Low,0.00804,0.00746,0.00057,LOW RESPONSE
C02977,1,0,0.03905,Low,0.01615,0.02266,-0.00651,NEGATIVE RESPONSE
C02978,1,0,0.01087,Low,0.00574,0.00882,-0.00309,NEGATIVE RESPONSE
C02979,1,1,0.95558,Critical,0.01593,0.2772,-0.26126,NEGATIVE RESPONSE
C02980,1,0,0.00962,Low,0.0103,0.01465,-0.00434,NEGATIVE RESPONSE
C02981,0,0,0.01817,Low,0.00668,0.00835,-0.00168,NEGATIVE RESPONSE
C02982,1,0,0.00947,Low,0.00941,0.01137,-0.00196,NEGATIVE RESPONSE
C02983,0,0,0.35393,Medium,0.00805,0.07855,-0.0705,NEGATIVE RESPONSE
C02984,1,0,0.00148,Low,0.00515,0.00509,6e-05,LOW RESPONSE
C02985,1,0,0.00447,Low,0.01454,0.00988,0.00466,LOW RESPONSE
C02986,1,0,0.03467,Low,0.02045,0.01117,0.00928,HIGHLY PERSUADABLE
C02987,1,0,0.02142,Low,0.01076,0.02039,-0.00963,NEGATIVE RESPONSE
C02988,1,0,0.01431,Low,0.02347,0.00842,0.01505,LOW RESPONSE
C02989,1,0,0.00718,Low,0.01299,0.01019,0.0028,LOW RESPONSE
C02990,1,0,0.01729,Low,0.02672,0.03501,-0.00829,NEGATIVE RESPONSE
C02991,1,0,0.00485,Low,0.01387,0.02092,-0.00704,NEGATIVE RESPONSE
C02992,1,0,0.0083,Low,0.00835,0.00871,-0.00036,LOW RESPONSE
C02993,0,0,0.01308,Low,0.00611,0.01002,-0.00391,NEGATIVE RESPONSE
C02994,0,0,0.31318,Medium,0.00498,0.13339,-0.12841,NEGATIVE RESPONSE
C02995,1,0,0.01718,Low,0.0063,0.0095,-0.00321,NEGATIVE RESPONSE
C02996,1,0,0.00524,Low,0.00842,0.00665,0.00177,LOW RESPONSE
C02997,0,0,0.01753,Low,0.01403,0.01165,0.00238,LOW RESPONSE
C02998,1,0,0.00896,Low,0.01003,0.00735,0.00269,LOW RESPONSE
C02999,1,0,0.00312,Low,0.00806,0.01127,-0.00321,NEGATIVE RESPONSE
C03000,1,1,0.96394,Critical,0.01842,0.26966,-0.25124,NEGATIVE RESPONSE
C03001,1,0,0.00952,Low,0.00759,0.0075,9e-05,LOW RESPONSE
C03002,1,0,0.00305,Low,0.00586,0.007,-0.00114,NEGATIVE RESPONSE
C03003,1,0,0.02337,Low,0.01412,0.00859,0.00553,LOW RESPONSE
C03004,1,0,0.02051,Low,0.03277,0.01499,0.01778,LOW RESPONSE
C03005,0,0,0.00452,Low,0.01017,0.01338,-0.00321,NEGATIVE RESPONSE
C03006,1,0,0.45111,Medium,0.00872,0.08679,-0.07807,NEGATIVE RESPONSE
C03007,1,0,0.00318,Low,0.00657,0.00658,-1e-05,LOW RESPONSE
C03008,0,0,0.32583,Medium,0.01434,0.09007,-0.07573,NEGATIVE RESPONSE
C03009,1,0,0.00886,Low,0.01973,0.01194,0.0078,LOW RESPONSE
C03010,0,0,0.02748,Low,0.02682,0.01232,0.01449,LOW RESPONSE
C03011,1,0,0.2317,Low,0.03162,0.09397,-0.06235,NEGATIVE RESPONSE
C03012,0,0,0.01625,Low,0.03049,0.0117,0.01879,LOW RESPONSE
C03013,0,0,0.03321,Low,0.01281,0.01477,-0.00196,NEGATIVE RESPONSE
C03014,1,0,0.00238,Low,0.0075,0.01241,-0.00491,NEGATIVE RESPONSE
C03015,1,0,0.00243,Low,0.00986,0.00871,0.00115,LOW RESPONSE
C03016,1,0,0.00704,Low,0.00859,0.01024,-0.00165,NEGATIVE RESPONSE
C03017,1,0,0.00746,Low,0.01173,0.01027,0.00146,LOW RESPONSE
C03018,1,0,0.00481,Low,0.00697,0.00586,0.00112,LOW RESPONSE
C03019,0,0,0.01873,Low,0.00978,0.01217,-0.00239,NEGATIVE RESPONSE
C03020,1,0,0.16201,Low,0.00665,0.038,-0.03135,NEGATIVE RESPONSE
C03021,1,0,0.15158,Low,0.01787,0.20227,-0.1844,NEGATIVE RESPONSE
C03022,1,0,0.00327,Low,0.00712,0.0103,-0.00318,NEGATIVE RESPONSE
C03023,1,0,0.01496,Low,0.01043,0.00882,0.00162,LOW RESPONSE
C03024,0,0,0.02112,Low,0.00804,0.01324,-0.0052,NEGATIVE RESPONSE
C03025,0,0,0.01071,Low,0.01444,0.00793,0.00651,LOW RESPONSE
C03026,1,0,0.02354,Low,0.00908,0.01743,-0.00836,NEGATIVE RESPONSE
C03027,0,0,0.11946,Low,0.00734,0.07689,-0.06955,NEGATIVE RESPONSE
C03028,1,0,0.00858,Low,0.01218,0.00771,0.00447,LOW RESPONSE
C03029,1,0,0.04496,Low,0.01071,0.00955,0.00116,PERSUADABLE
C03030,1,0,0.21605,Low,0.0059,0.08721,-0.08131,NEGATIVE RESPONSE
C03031,1,0,0.00556,Low,0.01444,0.00987,0.00457,LOW RESPONSE
C03032,1,0,0.00362,Low,0.00637,0.00651,-0.00013,LOW RESPONSE
C03033,1,0,0.13425,Low,0.01596,0.07411,-0.05815,NEGATIVE RESPONSE
C03034,1,0,0.01306,Low,0.01041,0.00975,0.00066,LOW RESPONSE
C03035,1,0,0.25808,Low,0.01506,0.06968,-0.05463,NEGATIVE RESPONSE
C03036,1,0,0.03574,Low,0.01593,0.0201,-0.00418,NEGATIVE RESPONSE
C03037,1,0,0.07458,Low,0.01255,0.05895,-0.04639,NEGATIVE RESPONSE
C03038,0,0,0.0175,Low,0.01439,0.01049,0.0039,LOW RESPONSE
C03039,1,0,0.14684,Low,0.00791,0.06827,-0.06036,NEGATIVE RESPONSE
C03040,1,0,0.00429,Low,0.00794,0.00614,0.00179,LOW RESPONSE
C03041,1,0,0.01156,Low,0.03074,0.01764,0.0131,LOW RESPONSE
C03042,1,0,0.00789,Low,0.01226,0.01792,-0.00566,NEGATIVE RESPONSE
C03043,1,0,0.02131,Low,0.0098,0.01364,-0.00384,NEGATIVE RESPONSE
C03044,1,0,0.01407,Low,0.01231,0.01014,0.00218,LOW RESPONSE
C03045,0,0,0.03544,Low,0.01202,0.01847,-0.00645,NEGATIVE RESPONSE
C03046,1,0,0.00313,Low,0.01359,0.00678,0.00681,LOW RESPONSE
C03047,1,0,0.00089,Low,0.00818,0.00745,0.00073,LOW RESPONSE
C03048,1,0,0.00429,Low,0.009,0.00643,0.00257,LOW RESPONSE
C03049,1,0,0.01035,Low,0.01133,0.00927,0.00206,LOW RESPONSE
C03050,0,0,0.01745,Low,0.00817,0.01024,-0.00207,NEGATIVE RESPONSE
C03051,1,0,0.00861,Low,0.0075,0.00728,0.00022,LOW RESPONSE
C03052,0,0,0.18572,Low,0.01047,0.046,-0.03553,NEGATIVE RESPONSE
C03053,1,0,0.02944,Low,0.02664,0.0136,0.01305,LOW RESPONSE
C03054,1,0,0.06777,Low,0.01056,0.11027,-0.09972,NEGATIVE RESPONSE
C03055,1,0,0.00769,Low,0.01211,0.00974,0.00237,LOW RESPONSE
C03056,1,0,0.00562,Low,0.01183,0.00836,0.00347,LOW RESPONSE
C03057,1,0,0.12913,Low,0.01862,0.07458,-0.05596,NEGATIVE RESPONSE
C03058,1,0,0.00896,Low,0.00817,0.00717,0.001,LOW RESPONSE
C03059,0,0,0.01169,Low,0.00855,0.01201,-0.00347,NEGATIVE RESPONSE
C03060,1,0,0.04611,Low,0.01647,0.01841,-0.00194,NEGATIVE RESPONSE
C03061,1,0,0.01912,Low,0.01237,0.01018,0.00219,LOW RESPONSE
C03062,0,0,0.01292,Low,0.00871,0.01454,-0.00583,NEGATIVE RESPONSE
C03063,0,0,0.01268,Low,0.00829,0.01132,-0.00303,NEGATIVE RESPONSE
C03064,1,0,0.04697,Low,0.00645,0.00715,-0.00069,LOW RESPONSE
C03065,0,0,0.01918,Low,0.01584,0.01218,0.00367,LOW RESPONSE
C03066,1,0,0.02799,Low,0.02311,0.01018,0.01293,LOW RESPONSE
C03067,0,0,0.01583,Low,0.00918,0.01314,-0.00396,NEGATIVE RESPONSE
C03068,1,0,0.00631,Low,0.02126,0.02426,-0.00301,NEGATIVE RESPONSE
C03069,1,0,0.16426,Low,0.01628,0.07974,-0.06346,NEGATIVE RESPONSE
C03070,1,1,0.95971,Critical,0.00892,0.45069,-0.44177,NEGATIVE RESPONSE
C03071,0,0,0.08565,Low,0.00625,0.0392,-0.03295,NEGATIVE RESPONSE
C03072,1,0,0.00895,Low,0.01067,0.00839,0.00229,LOW RESPONSE
C03073,1,0,0.00646,Low,0.01326,0.01204,0.00123,LOW RESPONSE
C03074,1,0,0.00777,Low,0.01253,0.01528,-0.00274,NEGATIVE RESPONSE
C03075,0,0,0.12727,Low,0.01734,0.06067,-0.04333,NEGATIVE RESPONSE
C03076,0,0,0.00373,Low,0.01153,0.00804,0.00349,LOW RESPONSE
C03077,0,0,0.01896,Low,0.00786,0.00934,-0.00148,NEGATIVE RESPONSE
C03078,0,0,0.00575,Low,0.00556,0.00709,-0.00153,NEGATIVE RESPONSE
C03079,0,0,0.01643,Low,0.01813,0.0148,0.00332,LOW RESPONSE
C03080,1,0,0.00844,Low,0.00851,0.00679,0.00171,LOW RESPONSE
C03081,0,0,0.00435,Low,0.01289,0.00851,0.00439,LOW RESPONSE
C03082,0,0,0.0179,Low,0.01224,0.00752,0.00472,LOW RESPONSE
C03083,0,0,0.02353,Low,0.011,0.01449,-0.00349,NEGATIVE RESPONSE
C03084,0,0,0.15125,Low,0.0196,0.20909,-0.18949,NEGATIVE RESPONSE
C03085,1,1,0.96753,Critical,0.02327,0.28896,-0.26569,NEGATIVE RESPONSE
C03086,1,0,0.0029,Low,0.0079,0.00789,2e-05,LOW RESPONSE
C03087,0,0,0.19417,Low,0.00628,0.06507,-0.05879,NEGATIVE RESPONSE
C03088,1,0,0.00072,Low,0.00891,0.00631,0.00261,LOW RESPONSE
C03089,1,0,0.00392,Low,0.00589,0.01404,-0.00815,NEGATIVE RESPONSE
C03090,1,0,0.01,Low,0.01178,0.00914,0.00264,LOW RESPONSE
C03091,1,0,0.11164,Low,0.02777,0.056,-0.02823,NEGATIVE RESPONSE
C03092,0,0,0.02212,Low,0.01949,0.04728,-0.02779,NEGATIVE RESPONSE
C03093,1,0,0.00552,Low,0.00631,0.00619,0.00012,LOW RESPONSE
C03094,1,0,0.00895,Low,0.01837,0.0094,0.00897,LOW RESPONSE
C03095,1,0,0.0028,Low,0.00838,0.00957,-0.0012,NEGATIVE RESPONSE
C03096,0,0,0.00085,Low,0.02358,0.00658,0.017,LOW RESPONSE
C03097,1,0,0.00304,Low,0.00751,0.008,-0.00049,LOW RESPONSE
C03098,1,0,0.00689,Low,0.02121,0.00803,0.01318,LOW RESPONSE
C03099,1,0,0.0064,Low,0.01332,0.00981,0.00351,LOW RESPONSE
C03100,0,0,0.00683,Low,0.00622,0.00975,-0.00354,NEGATIVE RESPONSE
C03101,1,0,0.00537,Low,0.00989,0.0091,0.00079,LOW RESPONSE
C03102,0,0,0.00466,Low,0.0051,0.01306,-0.00796,NEGATIVE RESPONSE
C03103,0,0,0.01002,Low,0.01843,0.00673,0.0117,LOW RESPONSE
C03104,1,0,0.00761,Low,0.00876,0.01347,-0.00471,NEGATIVE RESPONSE
C03105,1,1,0.977,Critical,0.01329,0.40329,-0.39,NEGATIVE RESPONSE
C03106,0,0,0.03362,Low,0.01515,0.00763,0.00752,LOW RESPONSE
C03107,0,0,0.01008,Low,0.0131,0.00876,0.00434,LOW RESPONSE
C03108,0,0,0.02231,Low,0.01932,0.00969,0.00964,LOW RESPONSE
C03109,1,0,0.01865,Low,0.00968,0.00735,0.00233,LOW RESPONSE
C03110,1,0,0.00695,Low,0.00653,0.00705,-0.00052,LOW RESPONSE
C03111,1,0,0.00363,Low,0.00661,0.00669,-7e-05,LOW RESPONSE
C03112,1,0,0.02609,Low,0.01062,0.06115,-0.05053,NEGATIVE RESPONSE
C03113,1,0,0.01947,Low,0.00818,0.01543,-0.00725,NEGATIVE RESPONSE
C03114,0,0,0.00322,Low,0.00993,0.01153,-0.0016,NEGATIVE RESPONSE
C03115,1,0,0.04548,Low,0.0406,0.02959,0.011,HIGHLY PERSUADABLE
C03116,1,0,0.00336,Low,0.0098,0.00676,0.00304,LOW RESPONSE
C03117,0,0,0.01332,Low,0.00804,0.00661,0.00143,LOW RESPONSE
C03118,1,0,0.00297,Low,0.0139,0.00726,0.00664,LOW RESPONSE
C03119,1,0,0.01274,Low,0.01336,0.01093,0.00244,LOW RESPONSE
C03120,1,0,0.00432,Low,0.00837,0.00756,0.00081,LOW RESPONSE
C03121,1,1,0.97508,Critical,0.03264,0.35831,-0.32567,NEGATIVE RESPONSE
C03122,0,0,0.00254,Low,0.01255,0.01117,0.00138,LOW RESPONSE
C03123,1,0,0.00449,Low,0.01225,0.01628,-0.00403,NEGATIVE RESPONSE
C03124,1,0,0.00403,Low,0.01273,0.01053,0.0022,LOW RESPONSE
C03125,1,0,0.00325,Low,0.01183,0.01282,-0.00099,LOW RESPONSE
C03126,0,0,0.01039,Low,0.01929,0.00726,0.01203,LOW RESPONSE
C03127,1,0,0.00953,Low,0.00777,0.00947,-0.0017,NEGATIVE RESPONSE
C03128,1,0,0.00245,Low,0.00849,0.0054,0.00309,LOW RESPONSE
C03129,1,0,0.01178,Low,0.0078,0.0109,-0.0031,NEGATIVE RESPONSE
C03130,1,0,0.01709,Low,0.00787,0.00986,-0.00198,NEGATIVE RESPONSE
C03131,0,0,0.00662,Low,0.00963,0.00889,0.00074,LOW RESPONSE
C03132,1,0,0.04652,Low,0.01909,0.00923,0.00986,HIGHLY PERSUADABLE
C03133,1,0,0.04844,Low,0.01049,0.00812,0.00237,PERSUADABLE
C03134,1,0,0.00588,Low,0.01045,0.00984,0.00061,LOW RESPONSE
C03135,1,0,0.00694,Low,0.01114,0.01237,-0.00123,NEGATIVE RESPONSE
C03136,1,0,0.02832,Low,0.00869,0.03947,-0.03078,NEGATIVE RESPONSE
C03137,1,1,0.04432,Low,0.00772,0.06745,-0.05973,NEGATIVE RESPONSE
C03138,1,0,0.26582,Low,0.02043,0.09678,-0.07635,NEGATIVE RESPONSE
C03139,1,0,0.01069,Low,0.01242,0.01201,0.00041,LOW RESPONSE
C03140,1,0,0.00673,Low,0.01269,0.00699,0.0057,LOW RESPONSE
C03141,1,0,0.00603,Low,0.01025,0.01151,-0.00126,NEGATIVE RESPONSE
C03142,1,0,0.00587,Low,0.01308,0.00825,0.00483,LOW RESPONSE
C03143,0,0,0.00196,Low,0.00537,0.00606,-0.00069,LOW RESPONSE
C03144,1,0,0.01634,Low,0.01264,0.00749,0.00515,LOW RESPONSE
C03145,0,0,0.03253,Low,0.00475,0.04042,-0.03567,NEGATIVE RESPONSE
C03146,0,0,0.01023,Low,0.00688,0.0069,-1e-05,LOW RESPONSE
C03147,0,0,0.00449,Low,0.00913,0.00664,0.00248,LOW RESPONSE
C03148,0,1,0.96793,Critical,0.02552,0.11014,-0.08462,NEGATIVE RESPONSE
C03149,1,0,0.00317,Low,0.01606,0.00804,0.00803,LOW RESPONSE
C03150,1,0,0.0335,Low,0.01542,0.05085,-0.03543,NEGATIVE RESPONSE
C03151,1,0,0.00354,Low,0.00675,0.00847,-0.00172,NEGATIVE RESPONSE
C03152,1,0,0.00588,Low,0.01456,0.00996,0.0046,LOW RESPONSE
C03153,0,0,0.00826,Low,0.01423,0.00902,0.00521,LOW RESPONSE
C03154,1,0,0.00773,Low,0.00706,0.00897,-0.00191,NEGATIVE RESPONSE
C03155,1,0,0.01424,Low,0.01657,0.00873,0.00784,LOW RESPONSE
C03156,1,0,0.01225,Low,0.00776,0.01373,-0.00596,NEGATIVE RESPONSE
C03157,1,0,0.00425,Low,0.01466,0.02187,-0.00721,NEGATIVE RESPONSE
C03158,1,0,0.00232,Low,0.00723,0.01006,-0.00283,NEGATIVE RESPONSE
C03159,1,0,0.32058,Medium,0.02265,0.10367,-0.08101,NEGATIVE RESPONSE
C03160,1,0,0.02389,Low,0.00889,0.00718,0.00171,LOW RESPONSE
C03161,1,0,0.02444,Low,0.01159,0.00755,0.00403,LOW RESPONSE
C03162,1,0,0.01763,Low,0.00837,0.01523,-0.00686,NEGATIVE RESPONSE
C03163,0,0,0.00908,Low,0.00881,0.01355,-0.00473,NEGATIVE RESPONSE
C03164,1,0,0.01047,Low,0.00798,0.0097,-0.00172,NEGATIVE RESPONSE
C03165,0,0,0.00347,Low,0.01602,0.01285,0.00318,LOW RESPONSE
C03166,1,0,0.00481,Low,0.0066,0.0063,0.0003,LOW RESPONSE
C03167,1,0,0.01121,Low,0.00815,0.01317,-0.00502,NEGATIVE RESPONSE
C03168,1,0,0.00723,Low,0.00482,0.0059,-0.00108,NEGATIVE RESPONSE
C03169,0,0,0.01011,Low,0.01231,0.0251,-0.0128,NEGATIVE RESPONSE
C03170,1,0,0.00959,Low,0.00565,0.00925,-0.0036,NEGATIVE RESPONSE
C03171,0,0,0.21372,Low,0.00936,0.11425,-0.10489,NEGATIVE RESPONSE
C03172,1,0,0.02152,Low,0.01271,0.00888,0.00383,LOW RESPONSE
C03173,1,0,0.02005,Low,0.01176,0.01108,0.00068,LOW RESPONSE
C03174,1,0,0.00696,Low,0.01128,0.01693,-0.00565,NEGATIVE RESPONSE
C03175,1,1,0.95873,Critical,0.00878,0.15888,-0.1501,NEGATIVE RESPONSE
C03176,1,0,0.00412,Low,0.00813,0.00886,-0.00073,LOW RESPONSE
C03177,1,0,0.0055,Low,0.01063,0.01286,-0.00223,NEGATIVE RESPONSE
C03178,0,0,0.00258,Low,0.01156,0.00911,0.00245,LOW RESPONSE
C03179,0,0,0.02248,Low,0.05786,0.0267,0.03116,HIGHLY PERSUADABLE
C03180,1,0,0.03599,Low,0.01532,0.01629,-0.00098,LOW RESPONSE
C03181,0,1,0.97126,Critical,0.03164,0.13353,-0.10189,NEGATIVE RESPONSE
C03182,1,0,0.00486,Low,0.01529,0.01015,0.00514,LOW RESPONSE
C03183,0,0,0.00498,Low,0.00936,0.01462,-0.00526,NEGATIVE RESPONSE
C03184,0,0,0.01012,Low,0.00877,0.00994,-0.00117,NEGATIVE RESPONSE
C03185,1,0,0.02054,Low,0.00898,0.01224,-0.00326,NEGATIVE RESPONSE
C03186,1,0,0.01262,Low,0.01469,0.01216,0.00253,LOW RESPONSE
C03187,0,1,0.38624,Medium,0.05007,0.08997,-0.0399,NEGATIVE RESPONSE
C03188,1,0,0.02755,Low,0.00703,0.011,-0.00397,NEGATIVE RESPONSE
C03189,1,0,0.01111,Low,0.0141,0.01504,-0.00093,LOW RESPONSE
C03190,1,0,0.15633,Low,0.00567,0.08391,-0.07824,NEGATIVE RESPONSE
C03191,0,0,0.00678,Low,0.01884,0.00913,0.00971,LOW RESPONSE
C03192,1,0,0.00907,Low,0.02455,0.01934,0.00521,LOW RESPONSE
C03193,1,0,0.01337,Low,0.01336,0.01552,-0.00217,NEGATIVE RESPONSE
C03194,1,0,0.01473,Low,0.01529,0.01573,-0.00044,LOW RESPONSE
C03195,1,0,0.04703,Low,0.02621,0.07219,-0.04598,NEGATIVE RESPONSE
C03196,0,0,0.10069,Low,0.00733,0.10477,-0.09743,NEGATIVE RESPONSE
C03197,1,0,0.07363,Low,0.03034,0.01971,0.01063,HIGHLY PERSUADABLE
C03198,0,0,0.01131,Low,0.01473,0.01082,0.00391,LOW RESPONSE
C03199,1,0,0.02155,Low,0.01578,0.00833,0.00744,LOW RESPONSE
C03200,1,0,0.00745,Low,0.0129,0.01413,-0.00123,NEGATIVE RESPONSE
C03201,0,0,0.00561,Low,0.01587,0.00988,0.00599,LOW RESPONSE
C03202,1,0,0.0021,Low,0.01007,0.01114,-0.00106,NEGATIVE RESPONSE
C03203,1,0,0.0033,Low,0.0106,0.00959,0.00101,LOW RESPONSE
C03204,1,0,0.01108,Low,0.02519,0.01156,0.01363,LOW RESPONSE
C03205,0,0,0.0058,Low,0.01163,0.02154,-0.00991,NEGATIVE RESPONSE
C03206,1,0,0.00331,Low,0.01433,0.00659,0.00775,LOW RESPONSE
C03207,0,0,0.00277,Low,0.0116,0.00813,0.00347,LOW RESPONSE
C03208,1,0,0.00387,Low,0.00928,0.01096,-0.00168,NEGATIVE RESPONSE
C03209,1,0,0.01067,Low,0.00904,0.01492,-0.00589,NEGATIVE RESPONSE
C03210,1,0,0.01576,Low,0.01097,0.01938,-0.00841,NEGATIVE RESPONSE
C03211,1,0,0.00712,Low,0.01563,0.00831,0.00732,LOW RESPONSE
C03212,1,0,0.03556,Low,0.00646,0.01617,-0.00971,NEGATIVE RESPONSE
C03213,0,0,0.01372,Low,0.00984,0.02185,-0.01202,NEGATIVE RESPONSE
C03214,1,0,0.01378,Low,0.01258,0.00812,0.00446,LOW RESPONSE
C03215,0,0,0.02202,Low,0.00883,0.01203,-0.0032,NEGATIVE RESPONSE
C03216,0,0,0.01744,Low,0.0146,0.01669,-0.00209,NEGATIVE RESPONSE
C03217,0,0,0.01959,Low,0.0108,0.01532,-0.00452,NEGATIVE RESPONSE
C03218,1,0,0.01629,Low,0.01021,0.01055,-0.00034,LOW RESPONSE
C03219,1,0,0.00908,Low,0.00981,0.01494,-0.00514,NEGATIVE RESPONSE
C03220,1,0,0.0192,Low,0.01953,0.01287,0.00666,LOW RESPONSE
C03221,1,0,0.01276,Low,0.00799,0.0122,-0.00422,NEGATIVE RESPONSE
C03222,0,0,0.01251,Low,0.02143,0.02229,-0.00086,LOW RESPONSE
C03223,1,0,0.00405,Low,0.01255,0.00587,0.00668,LOW RESPONSE
C03224,1,0,0.01362,Low,0.00849,0.01187,-0.00338,NEGATIVE RESPONSE
C03225,1,0,0.0734,Low,0.03066,0.21719,-0.18653,NEGATIVE RESPONSE
C03226,0,0,0.00705,Low,0.01072,0.01158,-0.00086,LOW RESPONSE
C03227,1,0,0.00475,Low,0.00712,0.00743,-0.00031,LOW RESPONSE
C03228,1,0,0.00665,Low,0.00753,0.012,-0.00446,NEGATIVE RESPONSE
C03229,1,0,0.37471,Medium,0.04187,0.15835,-0.11648,NEGATIVE RESPONSE
C03230,1,0,0.03467,Low,0.02868,0.01779,0.01088,HIGHLY PERSUADABLE
C03231,1,0,0.00326,Low,0.00655,0.00906,-0.00251,NEGATIVE RESPONSE
C03232,0,0,0.00569,Low,0.01113,0.02646,-0.01532,NEGATIVE RESPONSE
C03233,0,0,0.01416,Low,0.00929,0.01534,-0.00605,NEGATIVE RESPONSE
C03234,1,0,0.02641,Low,0.0084,0.01358,-0.00518,NEGATIVE RESPONSE
C03235,1,0,0.0719,Low,0.02203,0.0248,-0.00277,NEGATIVE RESPONSE
C03236,1,0,0.00604,Low,0.01079,0.01125,-0.00045,LOW RESPONSE
C03237,0,0,0.0092,Low,0.02279,0.02083,0.00197,LOW RESPONSE
C03238,0,0,0.01764,Low,0.02945,0.02186,0.00758,LOW RESPONSE
C03239,1,0,0.01287,Low,0.00939,0.00837,0.00102,LOW RESPONSE
C03240,1,0,0.05091,Low,0.00906,0.04456,-0.0355,NEGATIVE RESPONSE
C03241,1,0,0.00768,Low,0.01091,0.00905,0.00186,LOW RESPONSE
C03242,1,0,0.01131,Low,0.01608,0.01066,0.00542,LOW RESPONSE
C03243,0,0,0.0037,Low,0.00783,0.00914,-0.00131,NEGATIVE RESPONSE
C03244,1,0,0.08507,Low,0.01234,0.01248,-0.00014,LOW RESPONSE
C03245,1,0,0.00618,Low,0.00855,0.00799,0.00056,LOW RESPONSE
C03246,1,0,0.00102,Low,0.00787,0.01392,-0.00605,NEGATIVE RESPONSE
C03247,1,1,0.97507,Critical,0.01238,0.35565,-0.34327,NEGATIVE RESPONSE
C03248,1,0,0.00322,Low,0.02685,0.01298,0.01387,LOW RESPONSE
C03249,1,0,0.01096,Low,0.01108,0.00934,0.00174,LOW RESPONSE
C03250,1,0,0.01574,Low,0.02056,0.0136,0.00696,LOW RESPONSE
C03251,1,0,0.36968,Medium,0.02207,0.13035,-0.10828,NEGATIVE RESPONSE
C03252,1,0,0.0049,Low,0.0158,0.01221,0.00359,LOW RESPONSE
C03253,1,0,0.00652,Low,0.00632,0.0073,-0.00098,LOW RESPONSE
C03254,1,0,0.0087,Low,0.01117,0.0072,0.00397,LOW RESPONSE
C03255,0,0,0.00222,Low,0.01384,0.0188,-0.00496,NEGATIVE RESPONSE
C03256,0,0,0.02458,Low,0.01274,0.01328,-0.00053,LOW RESPONSE
C03257,1,0,0.12467,Low,0.00671,0.08542,-0.07871,NEGATIVE RESPONSE
C03258,0,0,0.0152,Low,0.01675,0.01523,0.00151,LOW RESPONSE
C03259,1,0,0.02507,Low,0.01844,0.01562,0.00282,LOW RESPONSE
C03260,1,1,0.2662,Low,0.01187,0.26927,-0.25741,NEGATIVE RESPONSE
C03261,0,0,0.01114,Low,0.00826,0.01156,-0.0033,NEGATIVE RESPONSE
C03262,0,0,0.0361,Low,0.01064,0.01438,-0.00374,NEGATIVE RESPONSE
C03263,1,1,0.96648,Critical,0.0214,0.35436,-0.33296,NEGATIVE RESPONSE
C03264,0,0,0.01408,Low,0.01331,0.01723,-0.00392,NEGATIVE RESPONSE
C03265,0,0,0.00451,Low,0.03425,0.0114,0.02285,HIGHLY PERSUADABLE
C03266,0,0,0.00955,Low,0.00805,0.00662,0.00144,LOW RESPONSE
C03267,1,0,0.00909,Low,0.01372,0.01092,0.00281,LOW RESPONSE
C03268,1,0,0.02898,Low,0.02625,0.02892,-0.00266,NEGATIVE RESPONSE
C03269,1,0,0.00759,Low,0.01448,0.0088,0.00568,LOW RESPONSE
C03270,0,0,0.00954,Low,0.02457,0.01192,0.01265,LOW RESPONSE
C03271,1,0,0.01657,Low,0.01135,0.00995,0.00139,LOW RESPONSE
C03272,1,0,0.00263,Low,0.00457,0.00543,-0.00085,LOW RESPONSE
C03273,1,0,0.0037,Low,0.00982,0.01237,-0.00255,NEGATIVE RESPONSE
C03274,0,0,0.00872,Low,0.00897,0.00911,-0.00014,LOW RESPONSE
C03275,1,0,0.00327,Low,0.01008,0.00718,0.00289,LOW RESPONSE
C03276,0,0,0.00654,Low,0.00782,0.01002,-0.00219,NEGATIVE RESPONSE
C03277,1,0,0.01079,Low,0.0113,0.00924,0.00207,LOW RESPONSE
C03278,0,0,0.00704,Low,0.01771,0.00942,0.00828,LOW RESPONSE
C03279,1,0,0.15082,Low,0.01037,0.10093,-0.09056,NEGATIVE RESPONSE
C03280,1,0,0.09277,Low,0.01769,0.174,-0.15632,NEGATIVE RESPONSE
C03281,0,0,0.00718,Low,0.0228,0.00989,0.0129,LOW RESPONSE
C03282,1,0,0.04435,Low,0.0241,0.01217,0.01193,HIGHLY PERSUADABLE
C03283,1,1,0.97858,Critical,0.02319,0.46943,-0.44624,NEGATIVE RESPONSE
C03284,0,0,0.01615,Low,0.01602,0.01389,0.00213,LOW RESPONSE
C03285,1,0,0.02033,Low,0.00942,0.0096,-0.00018,LOW RESPONSE
C03286,1,0,0.0674,Low,0.0088,0.01121,-0.00241,NEGATIVE RESPONSE
C03287,1,0,0.02689,Low,0.01434,0.01334,0.001,LOW RESPONSE
C03288,1,0,0.02257,Low,0.01177,0.01457,-0.0028,NEGATIVE RESPONSE
C03289,0,0,0.00828,Low,0.00664,0.00933,-0.00269,NEGATIVE RESPONSE
C03290,1,0,0.00083,Low,0.01414,0.01733,-0.00319,NEGATIVE RESPONSE
C03291,0,0,0.00837,Low,0.01117,0.0083,0.00287,LOW RESPONSE
C03292,0,0,0.00348,Low,0.01025,0.0123,-0.00205,NEGATIVE RESPONSE
C03293,1,0,0.00488,Low,0.01387,0.01892,-0.00505,NEGATIVE RESPONSE
C03294,1,0,0.01654,Low,0.01769,0.01861,-0.00093,LOW RESPONSE
C03295,1,0,0.0217,Low,0.01696,0.02002,-0.00306,NEGATIVE RESPONSE
C03296,1,0,0.0117,Low,0.0204,0.00911,0.01128,LOW RESPONSE
C03297,0,0,0.00575,Low,0.01502,0.00858,0.00643,LOW RESPONSE
C03298,1,0,0.01099,Low,0.01199,0.00801,0.00398,LOW RESPONSE
C03299,0,0,0.02454,Low,0.01673,0.0116,0.00513,LOW RESPONSE
C03300,1,0,0.39881,Medium,0.01054,0.18462,-0.17408,NEGATIVE RESPONSE
C03301,1,0,0.00895,Low,0.00903,0.01864,-0.00961,NEGATIVE RESPONSE
C03302,0,0,0.24332,Low,0.00722,0.07303,-0.06581,NEGATIVE RESPONSE
C03303,1,0,0.51051,Medium,0.01862,0.2686,-0.24998,NEGATIVE RESPONSE
C03304,1,0,0.05655,Low,0.00958,0.01142,-0.00185,NEGATIVE RESPONSE
C03305,1,0,0.00507,Low,0.01962,0.009,0.01062,LOW RESPONSE
C03306,1,0,0.00236,Low,0.01122,0.01285,-0.00163,NEGATIVE RESPONSE
C03307,1,0,0.01559,Low,0.01291,0.0103,0.00261,LOW RESPONSE
C03308,0,0,0.00876,Low,0.01673,0.02673,-0.01,NEGATIVE RESPONSE
C03309,1,0,0.00713,Low,0.01187,0.00874,0.00313,LOW RESPONSE
C03310,0,0,0.01634,Low,0.00975,0.00933,0.00043,LOW RESPONSE
C03311,1,0,0.00444,Low,0.04246,0.01647,0.02599,HIGHLY PERSUADABLE
C03312,1,0,0.01299,Low,0.01442,0.01446,-4e-05,LOW RESPONSE
C03313,1,1,0.97965,Critical,0.01827,0.47942,-0.46115,NEGATIVE RESPONSE
C03314,0,0,0.00537,Low,0.01513,0.01485,0.00028,LOW RESPONSE
C03315,1,1,0.96444,Critical,0.01087,0.22722,-0.21635,NEGATIVE RESPONSE
C03316,1,0,0.03592,Low,0.04192,0.09734,-0.05542,NEGATIVE RESPONSE
C03317,0,0,0.01016,Low,0.00866,0.01866,-0.01,NEGATIVE RESPONSE
C03318,1,0,0.00614,Low,0.01254,0.00743,0.00511,LOW RESPONSE
C03319,1,0,0.11962,Low,0.01397,0.1773,-0.16333,NEGATIVE RESPONSE
C03320,1,0,0.16164,Low,0.03194,0.14044,-0.10851,NEGATIVE RESPONSE
C03321,1,0,0.00889,Low,0.01132,0.01323,-0.00191,NEGATIVE RESPONSE
C03322,0,0,0.02829,Low,0.01929,0.02004,-0.00075,LOW RESPONSE
C03323,1,0,0.02419,Low,0.01605,0.13177,-0.11572,NEGATIVE RESPONSE
C03324,1,0,0.02239,Low,0.01426,0.01207,0.00219,LOW RESPONSE
C03325,0,0,0.00615,Low,0.01537,0.01119,0.00419,LOW RESPONSE
C03326,1,1,0.96598,Critical,0.00888,0.36184,-0.35297,NEGATIVE RESPONSE
C03327,1,0,0.00963,Low,0.01198,0.00894,0.00304,LOW RESPONSE
C03328,1,0,0.00937,Low,0.01772,0.00945,0.00827,LOW RESPONSE
C03329,1,0,0.25904,Low,0.01769,0.22303,-0.20534,NEGATIVE RESPONSE
C03330,0,1,0.97866,Critical,0.04724,0.24738,-0.20014,NEGATIVE RESPONSE
C03331,1,0,0.012,Low,0.01348,0.00844,0.00504,LOW RESPONSE
C03332,1,0,0.03018,Low,0.01281,0.01113,0.00167,LOW RESPONSE
C03333,1,0,0.05997,Low,0.01463,0.01772,-0.00309,NEGATIVE RESPONSE
C03334,0,0,0.00286,Low,0.01257,0.00756,0.00501,LOW RESPONSE
C03335,1,0,0.03918,Low,0.0307,0.01656,0.01413,HIGHLY PERSUADABLE
C03336,0,0,0.00969,Low,0.00867,0.00858,9e-05,LOW RESPONSE
C03337,1,0,0.01627,Low,0.02609,0.01632,0.00977,LOW RESPONSE
C03338,1,1,0.97886,Critical,0.05992,0.53081,-0.47089,NEGATIVE RESPONSE
C03339,1,0,0.02756,Low,0.0124,0.01446,-0.00206,NEGATIVE RESPONSE
C03340,1,0,0.01552,Low,0.01241,0.0149,-0.00249,NEGATIVE RESPONSE
C03341,0,0,0.00915,Low,0.00993,0.01509,-0.00516,NEGATIVE RESPONSE
C03342,1,0,0.00115,Low,0.01005,0.01079,-0.00074,LOW RESPONSE
C03343,1,1,0.98023,Critical,0.01485,0.48628,-0.47143,NEGATIVE RESPONSE
C03344,1,0,0.17967,Low,0.01962,0.12741,-0.10779,NEGATIVE RESPONSE
C03345,1,1,0.04872,Low,0.01635,0.44009,-0.42374,NEGATIVE RESPONSE
C03346,1,0,0.00976,Low,0.02408,0.01848,0.00559,LOW RESPONSE
C03347,1,0,0.01427,Low,0.01511,0.00997,0.00514,LOW RESPONSE
C03348,0,0,0.59822,Medium,0.01364,0.11377,-0.10013,NEGATIVE RESPONSE
C03349,1,0,0.00347,Low,0.01337,0.00668,0.00668,LOW RESPONSE
C03350,0,0,0.00563,Low,0.00869,0.00954,-0.00086,LOW RESPONSE
C03351,1,0,0.00173,Low,0.00982,0.00875,0.00107,LOW RESPONSE
C03352,0,0,0.00954,Low,0.01399,0.01082,0.00316,LOW RESPONSE
C03353,1,0,0.0037,Low,0.01661,0.00852,0.00809,LOW RESPONSE
C03354,1,0,0.01119,Low,0.00535,0.00827,-0.00292,NEGATIVE RESPONSE
C03355,1,0,0.00375,Low,0.01651,0.00893,0.00758,LOW RESPONSE
C03356,0,0,0.01019,Low,0.01355,0.01149,0.00205,LOW RESPONSE
C03357,1,0,0.01035,Low,0.02506,0.01395,0.01111,LOW RESPONSE
C03358,1,0,0.0175,Low,0.01311,0.01545,-0.00235,NEGATIVE RESPONSE
C03359,0,0,0.04137,Low,0.01708,0.02253,-0.00545,NEGATIVE RESPONSE
C03360,1,0,0.01281,Low,0.01014,0.01215,-0.002,NEGATIVE RESPONSE
C03361,1,0,0.00809,Low,0.01206,0.01274,-0.00067,LOW RESPONSE
C03362,0,0,0.15462,Low,0.00948,0.13915,-0.12967,NEGATIVE RESPONSE
C03363,0,0,0.00278,Low,0.02258,0.03482,-0.01224,NEGATIVE RESPONSE
C03364,1,0,0.00346,Low,0.00687,0.01128,-0.00441,NEGATIVE RESPONSE
C03365,1,0,0.03683,Low,0.01301,0.01596,-0.00295,NEGATIVE RESPONSE
C03366,1,0,0.14937,Low,0.00698,0.13344,-0.12646,NEGATIVE RESPONSE
C03367,1,0,0.00928,Low,0.01537,0.01714,-0.00177,NEGATIVE RESPONSE
C03368,1,0,0.06699,Low,0.0056,0.07207,-0.06647,NEGATIVE RESPONSE
C03369,1,0,0.12265,Low,0.01402,0.07829,-0.06427,NEGATIVE RESPONSE
C03370,0,0,0.00365,Low,0.00986,0.01043,-0.00057,LOW RESPONSE
C03371,0,0,0.00415,Low,0.01463,0.02534,-0.01071,NEGATIVE RESPONSE
C03372,1,0,0.01356,Low,0.00821,0.00927,-0.00107,NEGATIVE RESPONSE
C03373,1,0,0.06238,Low,0.01247,0.10559,-0.09312,NEGATIVE RESPONSE
C03374,0,0,0.01017,Low,0.01456,0.01248,0.00208,LOW RESPONSE
C03375,0,0,0.00294,Low,0.00642,0.00709,-0.00067,LOW RESPONSE
C03376,1,0,0.00974,Low,0.00872,0.00512,0.0036,LOW RESPONSE
C03377,1,0,0.00636,Low,0.01244,0.01252,-8e-05,LOW RESPONSE
C03378,1,0,0.00782,Low,0.00872,0.00727,0.00144,LOW RESPONSE
C03379,1,0,0.0088,Low,0.00876,0.0076,0.00117,LOW RESPONSE
C03380,1,0,0.02846,Low,0.00954,0.02553,-0.01599,NEGATIVE RESPONSE
C03381,1,0,0.00445,Low,0.00713,0.00674,0.00039,LOW RESPONSE
C03382,1,0,0.0203,Low,0.01599,0.01173,0.00426,LOW RESPONSE
C03383,1,0,0.00973,Low,0.01396,0.00987,0.0041,LOW RESPONSE
C03384,1,0,0.0068,Low,0.01376,0.02201,-0.00825,NEGATIVE RESPONSE
C03385,1,0,0.00908,Low,0.00802,0.02178,-0.01376,NEGATIVE RESPONSE
C03386,1,0,0.02885,Low,0.01663,0.01422,0.00242,LOW RESPONSE
C03387,1,0,0.01698,Low,0.0148,0.0102,0.0046,LOW RESPONSE
C03388,1,0,0.02345,Low,0.01369,0.01128,0.00241,LOW RESPONSE
C03389,1,0,0.01226,Low,0.01848,0.00861,0.00987,LOW RESPONSE
C03390,1,0,0.01629,Low,0.00879,0.02771,-0.01892,NEGATIVE RESPONSE
C03391,0,0,0.01432,Low,0.01197,0.02184,-0.00986,NEGATIVE RESPONSE
C03392,1,0,0.01924,Low,0.02645,0.01468,0.01178,LOW RESPONSE
C03393,0,0,0.0063,Low,0.02633,0.00938,0.01695,LOW RESPONSE
C03394,1,0,0.01332,Low,0.0218,0.01409,0.00771,LOW RESPONSE
C03395,1,1,0.97077,Critical,0.01161,0.21323,-0.20162,NEGATIVE RESPONSE
C03396,0,0,0.00506,Low,0.01129,0.01226,-0.00097,LOW RESPONSE
C03397,1,0,0.02145,Low,0.0205,0.03702,-0.01652,NEGATIVE RESPONSE
C03398,1,0,0.01259,Low,0.01615,0.00947,0.00668,LOW RESPONSE
C03399,0,0,0.028,Low,0.00961,0.01206,-0.00245,NEGATIVE RESPONSE
C03400,1,0,0.03152,Low,0.02138,0.0179,0.00348,LOW RESPONSE
C03401,1,0,0.004,Low,0.00774,0.00997,-0.00223,NEGATIVE RESPONSE
C03402,0,0,0.42743,Medium,0.00946,0.14572,-0.13626,NEGATIVE RESPONSE
C03403,1,0,0.02922,Low,0.02007,0.0302,-0.01012,NEGATIVE RESPONSE
C03404,1,0,0.01067,Low,0.01312,0.01991,-0.00679,NEGATIVE RESPONSE
C03405,1,1,0.95104,Critical,0.01116,0.32588,-0.31472,NEGATIVE RESPONSE
C03406,1,0,0.02501,Low,0.00873,0.0146,-0.00587,NEGATIVE RESPONSE
C03407,1,0,0.00438,Low,0.0095,0.00964,-0.00014,LOW RESPONSE
C03408,0,0,0.00387,Low,0.0049,0.0109,-0.006,NEGATIVE RESPONSE
C03409,1,0,0.09658,Low,0.02045,0.18652,-0.16608,NEGATIVE RESPONSE
C03410,1,0,0.00605,Low,0.00733,0.00737,-4e-05,LOW RESPONSE
C03411,1,0,0.03398,Low,0.00912,0.01244,-0.00332,NEGATIVE RESPONSE
C03412,0,0,0.01184,Low,0.01385,0.02716,-0.01331,NEGATIVE RESPONSE
C03413,0,0,0.26072,Low,0.01239,0.29188,-0.27949,NEGATIVE RESPONSE
C03414,1,0,0.08307,Low,0.00836,0.1322,-0.12384,NEGATIVE RESPONSE
C03415,1,0,0.02574,Low,0.01152,0.00838,0.00314,LOW RESPONSE
C03416,1,0,0.03464,Low,0.01044,0.01776,-0.00732,NEGATIVE RESPONSE
C03417,1,0,0.04684,Low,0.01593,0.07448,-0.05855,NEGATIVE RESPONSE
C03418,1,0,0.00595,Low,0.011,0.00966,0.00134,LOW RESPONSE
C03419,1,0,0.0137,Low,0.01806,0.01233,0.00573,LOW RESPONSE
C03420,1,0,0.00502,Low,0.01218,0.00999,0.0022,LOW RESPONSE
C03421,1,0,0.00248,Low,0.00933,0.01078,-0.00145,NEGATIVE RESPONSE
C03422,0,0,0.00276,Low,0.00754,0.00925,-0.00171,NEGATIVE RESPONSE
C03423,0,0,0.0114,Low,0.01155,0.00872,0.00283,LOW RESPONSE
C03424,1,0,0.01204,Low,0.02103,0.01096,0.01007,LOW RESPONSE
C03425,1,0,0.01666,Low,0.05427,0.01766,0.03661,HIGHLY PERSUADABLE
C03426,1,0,0.02249,Low,0.03384,0.0155,0.01833,LOW RESPONSE
C03427,1,0,0.00975,Low,0.01422,0.01462,-0.0004,LOW RESPONSE
C03428,1,0,0.00736,Low,0.00703,0.01133,-0.0043,NEGATIVE RESPONSE
C03429,1,0,0.07836,Low,0.00538,0.08411,-0.07874,NEGATIVE RESPONSE
C03430,1,0,0.01817,Low,0.00959,0.00833,0.00126,LOW RESPONSE
C03431,1,0,0.85424,Critical,0.06236,0.22257,-0.16022,NEGATIVE RESPONSE
C03432,1,0,0.01109,Low,0.01815,0.01488,0.00327,LOW RESPONSE
C03433,0,0,0.08418,Low,0.00863,0.11142,-0.10279,NEGATIVE RESPONSE
C03434,0,0,0.01046,Low,0.01133,0.01024,0.00109,LOW RESPONSE
C03435,0,0,0.15717,Low,0.0158,0.23838,-0.22258,NEGATIVE RESPONSE
C03436,0,0,0.00628,Low,0.00558,0.00963,-0.00405,NEGATIVE RESPONSE
C03437,0,0,0.01161,Low,0.02009,0.0074,0.01269,LOW RESPONSE
C03438,1,0,0.01343,Low,0.00894,0.01424,-0.0053,NEGATIVE RESPONSE
C03439,1,0,0.0171,Low,0.00971,0.00858,0.00113,LOW RESPONSE
C03440,1,0,0.00993,Low,0.01084,0.01524,-0.0044,NEGATIVE RESPONSE
C03441,0,1,0.97405,Critical,0.05203,0.18754,-0.1355,NEGATIVE RESPONSE
C03442,1,0,0.00369,Low,0.01258,0.01025,0.00233,LOW RESPONSE
C03443,1,0,0.07421,Low,0.03297,0.01996,0.013,HIGHLY PERSUADABLE
C03444,1,1,0.96488,Critical,0.01086,0.39006,-0.3792,NEGATIVE RESPONSE
C03445,0,0,0.04689,Low,0.0101,0.10261,-0.09251,NEGATIVE RESPONSE
C03446,1,0,0.32882,Medium,0.00978,0.06642,-0.05664,NEGATIVE RESPONSE
C03447,1,0,0.2022,Low,0.00939,0.21393,-0.20454,NEGATIVE RESPONSE
C03448,0,0,0.20211,Low,0.01062,0.14752,-0.1369,NEGATIVE RESPONSE
C03449,1,0,0.01972,Low,0.01525,0.01499,0.00026,LOW RESPONSE
C03450,1,0,0.11031,Low,0.00693,0.15149,-0.14457,NEGATIVE RESPONSE
C03451,1,0,0.65213,High,0.01325,0.23664,-0.22339,NEGATIVE RESPONSE
C03452,1,0,0.01427,Low,0.01157,0.02218,-0.01061,NEGATIVE RESPONSE
C03453,1,0,0.58365,Medium,0.01166,0.19758,-0.18592,NEGATIVE RESPONSE
C03454,1,0,0.00445,Low,0.00895,0.00807,0.00088,LOW RESPONSE
C03455,0,0,0.26077,Low,0.01071,0.17097,-0.16026,NEGATIVE RESPONSE
C03456,1,0,0.18895,Low,0.00971,0.07234,-0.06263,NEGATIVE RESPONSE
C03457,1,0,0.06729,Low,0.01126,0.12302,-0.11176,NEGATIVE RESPONSE
C03458,0,0,0.01263,Low,0.00995,0.01293,-0.00298,NEGATIVE RESPONSE
C03459,1,0,0.03682,Low,0.01853,0.01261,0.00592,PERSUADABLE
C03460,1,0,0.0089,Low,0.01148,0.01226,-0.00078,LOW RESPONSE
C03461,1,0,0.00498,Low,0.00851,0.01868,-0.01017,NEGATIVE RESPONSE
C03462,1,0,0.15224,Low,0.02715,0.10063,-0.07348,NEGATIVE RESPONSE
C03463,1,0,0.00863,Low,0.01941,0.02124,-0.00183,NEGATIVE RESPONSE
C03464,1,0,0.00828,Low,0.02132,0.01819,0.00313,LOW RESPONSE
C03465,1,0,0.00624,Low,0.01058,0.00722,0.00337,LOW RESPONSE
C03466,1,0,0.00551,Low,0.00859,0.01016,-0.00157,NEGATIVE RESPONSE
C03467,1,0,0.02218,Low,0.01802,0.02337,-0.00536,NEGATIVE RESPONSE
C03468,1,0,0.00381,Low,0.01354,0.01021,0.00333,LOW RESPONSE
C03469,1,0,0.0083,Low,0.01646,0.00956,0.0069,LOW RESPONSE
C03470,1,0,0.20433,Low,0.01574,0.15828,-0.14254,NEGATIVE RESPONSE
C03471,1,0,0.00082,Low,0.01255,0.00783,0.00472,LOW RESPONSE
C03472,0,0,0.02701,Low,0.01219,0.01292,-0.00073,LOW RESPONSE
C03473,0,0,0.06033,Low,0.01087,0.02091,-0.01004,NEGATIVE RESPONSE
C03474,1,0,0.01232,Low,0.02117,0.01908,0.00209,LOW RESPONSE
C03475,0,1,0.15415,Low,0.02306,0.11351,-0.09045,NEGATIVE RESPONSE
C03476,0,0,0.00224,Low,0.00727,0.0076,-0.00033,LOW RESPONSE
C03477,1,0,0.0033,Low,0.0085,0.0108,-0.00231,NEGATIVE RESPONSE
C03478,1,0,0.03227,Low,0.02552,0.02952,-0.00399,NEGATIVE RESPONSE
C03479,0,0,0.00215,Low,0.0078,0.00825,-0.00045,LOW RESPONSE
C03480,0,0,0.01947,Low,0.00573,0.03364,-0.02791,NEGATIVE RESPONSE
C03481,1,0,0.00614,Low,0.00934,0.01004,-0.00071,LOW RESPONSE
C03482,1,0,0.0157,Low,0.01044,0.04301,-0.03257,NEGATIVE RESPONSE
C03483,1,0,0.15274,Low,0.01744,0.03737,-0.01993,NEGATIVE RESPONSE
C03484,1,0,0.01142,Low,0.00492,0.03478,-0.02986,NEGATIVE RESPONSE
C03485,1,0,0.0063,Low,0.00971,0.01045,-0.00074,LOW RESPONSE
C03486,1,0,0.12995,Low,0.00948,0.04508,-0.03559,NEGATIVE RESPONSE
C03487,1,0,0.10361,Low,0.00704,0.02758,-0.02054,NEGATIVE RESPONSE
C03488,0,0,0.00206,Low,0.00814,0.01097,-0.00284,NEGATIVE RESPONSE
C03489,1,0,0.03501,Low,0.00736,0.02778,-0.02043,NEGATIVE RESPONSE
C03490,0,0,0.00873,Low,0.00938,0.00863,0.00075,LOW RESPONSE
C03491,1,0,0.07883,Low,0.0095,0.0612,-0.0517,NEGATIVE RESPONSE
C03492,1,0,0.05586,Low,0.01051,0.0324,-0.02189,NEGATIVE RESPONSE
C03493,1,0,0.16431,Low,0.00695,0.07738,-0.07043,NEGATIVE RESPONSE
C03494,0,0,0.00446,Low,0.00544,0.00958,-0.00414,NEGATIVE RESPONSE
C03495,1,0,0.01722,Low,0.00998,0.00888,0.00109,LOW RESPONSE
C03496,1,0,0.06386,Low,0.00491,0.01951,-0.01459,NEGATIVE RESPONSE
C03497,0,1,0.95796,Critical,0.02539,0.0928,-0.0674,NEGATIVE RESPONSE
C03498,1,0,0.00309,Low,0.0076,0.00748,0.00012,LOW RESPONSE
C03499,1,0,0.09565,Low,0.0063,0.04999,-0.04369,NEGATIVE RESPONSE
C03500,1,0,0.01695,Low,0.00513,0.01731,-0.01218,NEGATIVE RESPONSE
C03501,0,0,0.00115,Low,0.00415,0.00827,-0.00412,NEGATIVE RESPONSE
C03502,1,0,0.08074,Low,0.01267,0.04445,-0.03178,NEGATIVE RESPONSE
C03503,1,0,0.06437,Low,0.00682,0.02374,-0.01693,NEGATIVE RESPONSE
C03504,1,0,0.01991,Low,0.01012,0.01121,-0.00109,NEGATIVE RESPONSE
C03505,1,0,0.00134,Low,0.00942,0.00585,0.00357,LOW RESPONSE
C03506,1,0,0.0099,Low,0.00953,0.00844,0.00109,LOW RESPONSE
C03507,0,0,0.04171,Low,0.00682,0.01517,-0.00834,NEGATIVE RESPONSE
C03508,1,0,0.06479,Low,0.00503,0.0262,-0.02117,NEGATIVE RESPONSE
C03509,1,0,0.03792,Low,0.00644,0.02148,-0.01505,NEGATIVE RESPONSE
C03510,1,0,0.00332,Low,0.00875,0.00604,0.0027,LOW RESPONSE
C03511,1,0,0.06397,Low,0.00698,0.05396,-0.04699,NEGATIVE RESPONSE
C03512,1,0,0.07377,Low,0.0066,0.03974,-0.03314,NEGATIVE RESPONSE
C03513,1,0,0.00172,Low,0.00719,0.00479,0.00241,LOW RESPONSE
C03514,0,0,0.40256,Medium,0.00995,0.09676,-0.08681,NEGATIVE RESPONSE
C03515,1,0,0.18374,Low,0.0075,0.03578,-0.02828,NEGATIVE RESPONSE
C03516,0,0,0.00826,Low,0.00889,0.00725,0.00164,LOW RESPONSE
C03517,1,0,0.00224,Low,0.00386,0.00615,-0.00229,NEGATIVE RESPONSE
C03518,0,0,0.00649,Low,0.00747,0.01013,-0.00265,NEGATIVE RESPONSE
C03519,1,0,0.00125,Low,0.00553,0.00679,-0.00126,NEGATIVE RESPONSE
C03520,1,0,0.0044,Low,0.00374,0.02306,-0.01932,NEGATIVE RESPONSE
C03521,1,0,0.00501,Low,0.0101,0.03272,-0.02262,NEGATIVE RESPONSE
C03522,1,0,0.00593,Low,0.0044,0.00851,-0.00411,NEGATIVE RESPONSE
C03523,1,0,0.00756,Low,0.00628,0.00843,-0.00215,NEGATIVE RESPONSE
C03524,1,0,0.00891,Low,0.00739,0.03893,-0.03154,NEGATIVE RESPONSE
C03525,1,0,0.05377,Low,0.00691,0.02335,-0.01644,NEGATIVE RESPONSE
C03526,1,0,0.00284,Low,0.00417,0.00688,-0.00271,NEGATIVE RESPONSE
C03527,1,0,0.00631,Low,0.01229,0.00718,0.00511,LOW RESPONSE
C03528,1,0,0.00553,Low,0.01521,0.00664,0.00857,LOW RESPONSE
C03529,0,0,0.12652,Low,0.00749,0.04487,-0.03737,NEGATIVE RESPONSE
C03530,1,0,0.01087,Low,0.00517,0.01959,-0.01442,NEGATIVE RESPONSE
C03531,0,0,0.2192,Low,0.00813,0.04721,-0.03908,NEGATIVE RESPONSE
C03532,1,0,0.02457,Low,0.00952,0.0381,-0.02857,NEGATIVE RESPONSE
C03533,0,0,0.00983,Low,0.00543,0.00931,-0.00388,NEGATIVE RESPONSE
C03534,1,0,0.01073,Low,0.0058,0.02206,-0.01626,NEGATIVE RESPONSE
C03535,0,0,0.09289,Low,0.00927,0.08591,-0.07664,NEGATIVE RESPONSE
C03536,1,0,0.06029,Low,0.00451,0.03326,-0.02875,NEGATIVE RESPONSE
C03537,0,0,0.05561,Low,0.0104,0.03003,-0.01963,NEGATIVE RESPONSE
C03538,0,0,0.00586,Low,0.01503,0.0064,0.00863,LOW RESPONSE
C03539,1,0,0.01332,Low,0.011,0.00805,0.00295,LOW RESPONSE
C03540,0,0,0.18653,Low,0.00762,0.0625,-0.05488,NEGATIVE RESPONSE
C03541,0,0,0.02335,Low,0.00645,0.03491,-0.02845,NEGATIVE RESPONSE
C03542,1,0,0.00422,Low,0.00898,0.00911,-0.00013,LOW RESPONSE
C03543,1,0,0.26758,Low,0.00813,0.0682,-0.06007,NEGATIVE RESPONSE
C03544,1,0,0.04595,Low,0.00886,0.03564,-0.02679,NEGATIVE RESPONSE
C03545,0,0,0.00525,Low,0.02294,0.00784,0.0151,LOW RESPONSE
C03546,1,0,0.0117,Low,0.00563,0.02914,-0.02351,NEGATIVE RESPONSE
C03547,1,0,0.01717,Low,0.00424,0.04316,-0.03893,NEGATIVE RESPONSE
C03548,0,0,0.00764,Low,0.00358,0.02813,-0.02455,NEGATIVE RESPONSE
C03549,1,0,0.10055,Low,0.00621,0.07406,-0.06786,NEGATIVE RESPONSE
C03550,1,0,0.00185,Low,0.00595,0.00675,-0.0008,LOW RESPONSE
C03551,0,0,0.00878,Low,0.00729,0.00828,-0.00099,LOW RESPONSE
C03552,1,0,0.00211,Low,0.01227,0.00712,0.00515,LOW RESPONSE
C03553,1,0,0.00137,Low,0.0073,0.00697,0.00033,LOW RESPONSE
C03554,1,0,0.0199,Low,0.02589,0.00987,0.01602,LOW RESPONSE
C03555,0,0,0.02921,Low,0.00657,0.03776,-0.03119,NEGATIVE RESPONSE
C03556,0,0,0.00175,Low,0.00895,0.00585,0.0031,LOW RESPONSE
C03557,0,0,0.00706,Low,0.00551,0.00896,-0.00345,NEGATIVE RESPONSE
C03558,1,0,0.00301,Low,0.00939,0.00535,0.00403,LOW RESPONSE
C03559,0,0,0.00573,Low,0.00664,0.00953,-0.00289,NEGATIVE RESPONSE
C03560,0,0,0.00314,Low,0.01432,0.0068,0.00752,LOW RESPONSE
C03561,1,0,0.07748,Low,0.00845,0.05198,-0.04353,NEGATIVE RESPONSE
C03562,1,0,0.00515,Low,0.02744,0.01324,0.01419,LOW RESPONSE
C03563,1,0,0.03108,Low,0.00851,0.03359,-0.02508,NEGATIVE RESPONSE
C03564,1,0,0.11423,Low,0.00655,0.03184,-0.02529,NEGATIVE RESPONSE
C03565,0,0,0.00679,Low,0.00485,0.01844,-0.0136,NEGATIVE RESPONSE
C03566,1,0,0.01041,Low,0.00821,0.01123,-0.00301,NEGATIVE RESPONSE
C03567,0,0,0.04801,Low,0.00422,0.03724,-0.03302,NEGATIVE RESPONSE
C03568,0,0,0.00267,Low,0.00781,0.00642,0.00138,LOW RESPONSE
C03569,0,0,0.00782,Low,0.01209,0.01059,0.0015,LOW RESPONSE
C03570,1,0,0.00337,Low,0.00771,0.00623,0.00148,LOW RESPONSE
C03571,1,0,0.00445,Low,0.01212,0.00698,0.00515,LOW RESPONSE
C03572,0,0,0.04322,Low,0.00562,0.04858,-0.04296,NEGATIVE RESPONSE
C03573,1,0,0.0129,Low,0.00647,0.00712,-0.00065,LOW RESPONSE
C03574,1,0,0.03252,Low,0.00712,0.03002,-0.0229,NEGATIVE RESPONSE
C03575,1,0,0.00396,Low,0.0046,0.00756,-0.00296,NEGATIVE RESPONSE
C03576,1,0,0.04054,Low,0.00768,0.02095,-0.01328,NEGATIVE RESPONSE
C03577,1,0,0.00762,Low,0.00515,0.00613,-0.00098,LOW RESPONSE
C03578,0,0,0.04712,Low,0.01057,0.04123,-0.03066,NEGATIVE RESPONSE
C03579,0,0,0.10238,Low,0.01631,0.05467,-0.03836,NEGATIVE RESPONSE
C03580,1,0,0.04857,Low,0.00789,0.03406,-0.02618,NEGATIVE RESPONSE
C03581,1,0,0.0085,Low,0.0055,0.00707,-0.00156,NEGATIVE RESPONSE
C03582,1,0,0.00509,Low,0.00773,0.00605,0.00167,LOW RESPONSE
C03583,1,0,0.01066,Low,0.00918,0.01422,-0.00504,NEGATIVE RESPONSE
C03584,0,0,0.09026,Low,0.00729,0.04078,-0.0335,NEGATIVE RESPONSE
C03585,0,0,0.00223,Low,0.00434,0.00545,-0.0011,NEGATIVE RESPONSE
C03586,1,0,0.00293,Low,0.0084,0.01029,-0.00189,NEGATIVE RESPONSE
C03587,1,0,0.0026,Low,0.01513,0.00819,0.00693,LOW RESPONSE
C03588,0,0,0.013,Low,0.0065,0.01918,-0.01268,NEGATIVE RESPONSE
C03589,1,0,0.00389,Low,0.00625,0.00928,-0.00303,NEGATIVE RESPONSE
C03590,1,0,0.00876,Low,0.01812,0.01386,0.00426,LOW RESPONSE
C03591,1,0,0.01566,Low,0.00653,0.02669,-0.02016,NEGATIVE RESPONSE
C03592,1,0,0.00702,Low,0.00708,0.01443,-0.00735,NEGATIVE RESPONSE
C03593,1,0,0.00107,Low,0.00522,0.00636,-0.00114,NEGATIVE RESPONSE
C03594,1,0,0.03038,Low,0.0056,0.05625,-0.05066,NEGATIVE RESPONSE
C03595,0,0,0.00382,Low,0.005,0.00555,-0.00055,LOW RESPONSE
C03596,1,0,0.00875,Low,0.01139,0.01168,-0.00029,LOW RESPONSE
C03597,1,0,0.00774,Low,0.012,0.01013,0.00187,LOW RESPONSE
C03598,1,0,0.141,Low,0.00918,0.07445,-0.06527,NEGATIVE RESPONSE
C03599,1,0,0.1014,Low,0.01363,0.10394,-0.09031,NEGATIVE RESPONSE
C03600,0,0,0.00782,Low,0.00659,0.00995,-0.00336,NEGATIVE RESPONSE
C03601,1,0,0.00535,Low,0.01326,0.00677,0.00649,LOW RESPONSE
C03602,1,0,0.0015,Low,0.00578,0.00627,-0.00049,LOW RESPONSE
C03603,1,0,0.07325,Low,0.00526,0.02252,-0.01726,NEGATIVE RESPONSE
C03604,1,0,0.00669,Low,0.00511,0.00582,-0.00071,LOW RESPONSE
C03605,1,0,0.03674,Low,0.00407,0.01908,-0.01501,NEGATIVE RESPONSE
C03606,0,0,0.00521,Low,0.00828,0.01409,-0.00581,NEGATIVE RESPONSE
C03607,1,0,0.01574,Low,0.00873,0.01395,-0.00522,NEGATIVE RESPONSE
C03608,1,0,0.01559,Low,0.01026,0.00714,0.00312,LOW RESPONSE
C03609,1,0,0.03959,Low,0.01338,0.05534,-0.04196,NEGATIVE RESPONSE
C03610,1,0,0.00334,Low,0.00502,0.0064,-0.00138,NEGATIVE RESPONSE
C03611,1,0,0.0041,Low,0.00555,0.01978,-0.01423,NEGATIVE RESPONSE
C03612,0,0,0.1534,Low,0.01675,0.05089,-0.03414,NEGATIVE RESPONSE
C03613,1,0,0.04919,Low,0.00523,0.02664,-0.02141,NEGATIVE RESPONSE
C03614,0,0,0.00415,Low,0.00769,0.00746,0.00024,LOW RESPONSE
C03615,1,0,0.0076,Low,0.00789,0.01262,-0.00472,NEGATIVE RESPONSE
C03616,1,0,0.09855,Low,0.01292,0.04826,-0.03534,NEGATIVE RESPONSE
C03617,0,0,0.23593,Low,0.01202,0.0397,-0.02767,NEGATIVE RESPONSE
C03618,1,0,0.00065,Low,0.00524,0.00593,-0.00069,LOW RESPONSE
C03619,0,0,0.07296,Low,0.00671,0.02895,-0.02224,NEGATIVE RESPONSE
C03620,1,0,0.051,Low,0.00565,0.03225,-0.0266,NEGATIVE RESPONSE
C03621,1,0,0.13398,Low,0.00633,0.02775,-0.02142,NEGATIVE RESPONSE
C03622,1,0,0.00974,Low,0.00716,0.00829,-0.00113,NEGATIVE RESPONSE
C03623,0,0,0.05856,Low,0.00662,0.02504,-0.01842,NEGATIVE RESPONSE
C03624,1,0,0.00194,Low,0.01254,0.00655,0.006,LOW RESPONSE
C03625,1,0,0.00079,Low,0.00429,0.00511,-0.00081,LOW RESPONSE
C03626,1,0,0.00872,Low,0.00856,0.00919,-0.00063,LOW RESPONSE
C03627,1,0,0.01155,Low,0.01415,0.01016,0.00399,LOW RESPONSE
C03628,0,0,0.00998,Low,0.00819,0.02469,-0.01649,NEGATIVE RESPONSE
C03629,1,0,0.00647,Low,0.00925,0.00772,0.00153,LOW RESPONSE
C03630,1,0,0.00841,Low,0.00732,0.00851,-0.00119,NEGATIVE RESPONSE
C03631,0,0,0.00317,Low,0.00524,0.00573,-0.00049,LOW RESPONSE
C03632,1,0,0.00304,Low,0.00698,0.00655,0.00043,LOW RESPONSE
C03633,1,0,0.00317,Low,0.01579,0.00672,0.00907,LOW RESPONSE
C03634,1,0,0.01869,Low,0.00441,0.02721,-0.0228,NEGATIVE RESPONSE
C03635,1,0,0.00734,Low,0.00946,0.01513,-0.00568,NEGATIVE RESPONSE
C03636,1,0,0.00382,Low,0.00425,0.00496,-0.00071,LOW RESPONSE
C03637,1,0,0.00242,Low,0.00792,0.00825,-0.00033,LOW RESPONSE
C03638,1,0,0.00328,Low,0.00767,0.0055,0.00217,LOW RESPONSE
C03639,0,0,0.0163,Low,0.00418,0.02275,-0.01857,NEGATIVE RESPONSE
C03640,1,0,0.04853,Low,0.00528,0.04786,-0.04258,NEGATIVE RESPONSE
C03641,0,0,0.01298,Low,0.00428,0.01699,-0.01271,NEGATIVE RESPONSE
C03642,0,0,0.00388,Low,0.01755,0.00862,0.00893,LOW RESPONSE
C03643,1,0,0.00428,Low,0.00556,0.00598,-0.00042,LOW RESPONSE
C03644,0,0,0.0237,Low,0.00432,0.02166,-0.01734,NEGATIVE RESPONSE
C03645,1,0,0.01019,Low,0.00622,0.00906,-0.00284,NEGATIVE RESPONSE
C03646,1,0,0.02997,Low,0.01011,0.03807,-0.02796,NEGATIVE RESPONSE
C03647,1,0,0.02543,Low,0.0043,0.04116,-0.03685,NEGATIVE RESPONSE
C03648,1,0,0.01227,Low,0.00416,0.029,-0.02484,NEGATIVE RESPONSE
C03649,1,0,0.00293,Low,0.00603,0.00623,-0.0002,LOW RESPONSE
C03650,0,0,0.01922,Low,0.00583,0.02672,-0.02089,NEGATIVE RESPONSE
C03651,1,0,0.0072,Low,0.00512,0.00672,-0.0016,NEGATIVE RESPONSE
C03652,1,0,0.00555,Low,0.01219,0.01131,0.00088,LOW RESPONSE
C03653,1,0,0.00175,Low,0.00612,0.00931,-0.00319,NEGATIVE RESPONSE
C03654,1,0,0.00415,Low,0.00957,0.00699,0.00257,LOW RESPONSE
C03655,1,0,0.00737,Low,0.00975,0.01281,-0.00306,NEGATIVE RESPONSE
C03656,1,0,0.01111,Low,0.00409,0.01525,-0.01116,NEGATIVE RESPONSE
C03657,1,1,0.96245,Critical,0.01206,0.22435,-0.21229,NEGATIVE RESPONSE
C03658,0,0,0.03948,Low,0.00535,0.05135,-0.046,NEGATIVE RESPONSE
C03659,0,0,0.00726,Low,0.00736,0.00532,0.00203,LOW RESPONSE
C03660,1,0,0.00787,Low,0.00658,0.00846,-0.00188,NEGATIVE RESPONSE
C03661,0,0,0.01727,Low,0.0046,0.02863,-0.02403,NEGATIVE RESPONSE
C03662,1,1,0.91126,Critical,0.00558,0.08831,-0.08274,NEGATIVE RESPONSE
C03663,1,0,0.01028,Low,0.00363,0.00701,-0.00338,NEGATIVE RESPONSE
C03664,1,0,0.06682,Low,0.00637,0.03243,-0.02605,NEGATIVE RESPONSE
C03665,1,0,0.02099,Low,0.00591,0.01636,-0.01045,NEGATIVE RESPONSE
C03666,0,0,0.11964,Low,0.009,0.07611,-0.06711,NEGATIVE RESPONSE
C03667,1,0,0.13717,Low,0.01834,0.05697,-0.03863,NEGATIVE RESPONSE
C03668,0,0,0.01546,Low,0.01273,0.01619,-0.00346,NEGATIVE RESPONSE
C03669,0,0,0.02301,Low,0.00481,0.01967,-0.01487,NEGATIVE RESPONSE
C03670,1,0,0.01692,Low,0.00456,0.02283,-0.01827,NEGATIVE RESPONSE
C03671,1,0,0.01481,Low,0.00546,0.0274,-0.02194,NEGATIVE RESPONSE
C03672,0,0,0.00576,Low,0.00685,0.00662,0.00023,LOW RESPONSE
C03673,1,0,0.00645,Low,0.00857,0.00583,0.00274,LOW RESPONSE
C03674,1,0,0.18796,Low,0.0058,0.03292,-0.02713,NEGATIVE RESPONSE
C03675,1,0,0.0052,Low,0.00861,0.0054,0.00321,LOW RESPONSE
C03676,1,0,0.02281,Low,0.00469,0.03524,-0.03055,NEGATIVE RESPONSE
C03677,1,0,0.00432,Low,0.00584,0.00725,-0.00141,NEGATIVE RESPONSE
C03678,1,0,0.09896,Low,0.00718,0.0549,-0.04772,NEGATIVE RESPONSE
C03679,1,0,0.00287,Low,0.0049,0.0062,-0.00131,NEGATIVE RESPONSE
C03680,1,0,0.0501,Low,0.00711,0.03226,-0.02515,NEGATIVE RESPONSE
C03681,1,0,0.01404,Low,0.00525,0.00747,-0.00222,NEGATIVE RESPONSE
C03682,1,0,0.00224,Low,0.00552,0.00697,-0.00145,NEGATIVE RESPONSE
C03683,1,0,0.00352,Low,0.00652,0.00666,-0.00014,LOW RESPONSE
C03684,1,0,0.00653,Low,0.00501,0.00708,-0.00208,NEGATIVE RESPONSE
C03685,0,0,0.00214,Low,0.00574,0.00552,0.00022,LOW RESPONSE
C03686,1,0,0.03631,Low,0.0057,0.03974,-0.03404,NEGATIVE RESPONSE
C03687,1,0,0.01249,Low,0.00945,0.00952,-7e-05,LOW RESPONSE
C03688,0,0,0.0086,Low,0.02852,0.01429,0.01422,LOW RESPONSE
C03689,0,0,0.02354,Low,0.00969,0.05567,-0.04598,NEGATIVE RESPONSE
C03690,0,0,0.00536,Low,0.00694,0.00741,-0.00047,LOW RESPONSE
C03691,1,0,0.00775,Low,0.00628,0.00685,-0.00057,LOW RESPONSE
C03692,1,0,0.00227,Low,0.00549,0.00759,-0.0021,NEGATIVE RESPONSE
C03693,1,0,0.04115,Low,0.00531,0.03431,-0.029,NEGATIVE RESPONSE
C03694,0,0,0.00391,Low,0.01215,0.01172,0.00043,LOW RESPONSE
C03695,1,0,0.00317,Low,0.00523,0.00461,0.00061,LOW RESPONSE
C03696,1,0,0.01423,Low,0.00377,0.02154,-0.01778,NEGATIVE RESPONSE
C03697,1,0,0.00525,Low,0.00814,0.00644,0.0017,LOW RESPONSE
C03698,1,0,0.02884,Low,0.01034,0.04452,-0.03418,NEGATIVE RESPONSE
C03699,0,0,0.07194,Low,0.00555,0.05004,-0.0445,NEGATIVE RESPONSE
C03700,0,0,0.00104,Low,0.00596,0.01125,-0.00529,NEGATIVE RESPONSE
C03701,1,0,0.06049,Low,0.0091,0.06616,-0.05706,NEGATIVE RESPONSE
C03702,0,0,0.01152,Low,0.00562,0.02902,-0.0234,NEGATIVE RESPONSE
C03703,0,0,0.13652,Low,0.0106,0.08159,-0.07098,NEGATIVE RESPONSE
C03704,1,0,0.00753,Low,0.00413,0.0064,-0.00227,NEGATIVE RESPONSE
C03705,1,0,0.00086,Low,0.00547,0.00638,-0.00091,LOW RESPONSE
C03706,1,0,0.00127,Low,0.01219,0.00831,0.00388,LOW RESPONSE
C03707,1,0,0.00483,Low,0.00693,0.00635,0.00058,LOW RESPONSE
C03708,1,0,0.01346,Low,0.00525,0.01854,-0.01329,NEGATIVE RESPONSE
C03709,1,0,0.10068,Low,0.00513,0.02604,-0.02092,NEGATIVE RESPONSE
C03710,1,0,0.06654,Low,0.00765,0.04642,-0.03877,NEGATIVE RESPONSE
C03711,1,0,0.00332,Low,0.00543,0.01179,-0.00637,NEGATIVE RESPONSE
C03712,1,0,0.09405,Low,0.00741,0.0334,-0.026,NEGATIVE RESPONSE
C03713,1,0,0.05969,Low,0.01075,0.04309,-0.03234,NEGATIVE RESPONSE
C03714,1,1,0.2327,Low,0.01342,0.20724,-0.19382,NEGATIVE RESPONSE
C03715,1,0,0.00067,Low,0.00569,0.007,-0.00132,NEGATIVE RESPONSE
C03716,1,0,0.04878,Low,0.00584,0.03849,-0.03265,NEGATIVE RESPONSE
C03717,1,0,0.0964,Low,0.00873,0.02597,-0.01724,NEGATIVE RESPONSE
C03718,1,0,0.01065,Low,0.00561,0.00821,-0.00259,NEGATIVE RESPONSE
C03719,1,0,0.00234,Low,0.00527,0.00666,-0.00139,NEGATIVE RESPONSE
C03720,1,0,0.01571,Low,0.00527,0.01153,-0.00626,NEGATIVE RESPONSE
C03721,0,0,0.15279,Low,0.00642,0.0704,-0.06398,NEGATIVE RESPONSE
C03722,0,0,0.14227,Low,0.00849,0.0431,-0.03462,NEGATIVE RESPONSE
C03723,1,0,0.0014,Low,0.01289,0.00744,0.00545,LOW RESPONSE
C03724,1,0,0.01669,Low,0.00592,0.0093,-0.00339,NEGATIVE RESPONSE
C03725,1,0,0.00984,Low,0.00524,0.00821,-0.00297,NEGATIVE RESPONSE
C03726,1,0,0.00209,Low,0.00618,0.00631,-0.00013,LOW RESPONSE
C03727,1,1,0.94088,Critical,0.01108,0.0932,-0.08212,NEGATIVE RESPONSE
C03728,1,0,0.05958,Low,0.00664,0.04527,-0.03863,NEGATIVE RESPONSE
C03729,0,0,0.05827,Low,0.00646,0.03659,-0.03014,NEGATIVE RESPONSE
C03730,0,0,0.09826,Low,0.00524,0.03385,-0.02861,NEGATIVE RESPONSE
C03731,0,0,0.01857,Low,0.00794,0.00736,0.00057,LOW RESPONSE
C03732,0,0,0.00554,Low,0.00841,0.00681,0.0016,LOW RESPONSE
C03733,0,0,0.02334,Low,0.00987,0.04598,-0.03611,NEGATIVE RESPONSE
C03734,1,0,0.00218,Low,0.00982,0.0073,0.00251,LOW RESPONSE
C03735,1,0,0.06979,Low,0.00854,0.06717,-0.05863,NEGATIVE RESPONSE
C03736,1,0,0.14462,Low,0.00884,0.04417,-0.03533,NEGATIVE RESPONSE
C03737,0,0,0.00307,Low,0.01241,0.01135,0.00106,LOW RESPONSE
C03738,1,0,0.00312,Low,0.00909,0.00575,0.00334,LOW RESPONSE
C03739,1,0,0.0019,Low,0.00575,0.01031,-0.00457,NEGATIVE RESPONSE
C03740,1,0,0.04196,Low,0.01457,0.03752,-0.02295,NEGATIVE RESPONSE
C03741,1,0,0.0195,Low,0.01197,0.01303,-0.00106,NEGATIVE RESPONSE
C03742,1,0,0.02468,Low,0.0068,0.04011,-0.03331,NEGATIVE RESPONSE
C03743,0,0,0.09519,Low,0.00762,0.033,-0.02539,NEGATIVE RESPONSE
C03744,0,0,0.04213,Low,0.01207,0.04125,-0.02918,NEGATIVE RESPONSE
C03745,1,0,0.01495,Low,0.00987,0.00869,0.00117,LOW RESPONSE
C03746,0,0,0.01786,Low,0.01101,0.01248,-0.00147,NEGATIVE RESPONSE
C03747,1,0,0.00135,Low,0.00573,0.00618,-0.00044,LOW RESPONSE
C03748,1,0,0.00511,Low,0.00805,0.00742,0.00063,LOW RESPONSE
C03749,1,0,0.01159,Low,0.01177,0.02702,-0.01525,NEGATIVE RESPONSE
C03750,1,0,0.00977,Low,0.01285,0.03861,-0.02575,NEGATIVE RESPONSE
C03751,0,0,0.00133,Low,0.00417,0.00803,-0.00386,NEGATIVE RESPONSE
C03752,0,0,0.00144,Low,0.00486,0.00741,-0.00255,NEGATIVE RESPONSE
C03753,1,0,0.04335,Low,0.00385,0.02592,-0.02207,NEGATIVE RESPONSE
C03754,1,0,0.03639,Low,0.00478,0.04456,-0.03979,NEGATIVE RESPONSE
C03755,1,0,0.00394,Low,0.0072,0.00867,-0.00148,NEGATIVE RESPONSE
C03756,0,0,0.03504,Low,0.00718,0.03145,-0.02427,NEGATIVE RESPONSE
C03757,1,0,0.01657,Low,0.0078,0.01443,-0.00663,NEGATIVE RESPONSE
C03758,0,0,0.1945,Low,0.00971,0.05787,-0.04816,NEGATIVE RESPONSE
C03759,1,0,0.01369,Low,0.00451,0.02153,-0.01702,NEGATIVE RESPONSE
C03760,1,0,0.00676,Low,0.00463,0.01667,-0.01204,NEGATIVE RESPONSE
C03761,1,0,0.00721,Low,0.02541,0.01782,0.00759,LOW RESPONSE
C03762,0,0,0.00317,Low,0.00577,0.00742,-0.00165,NEGATIVE RESPONSE
C03763,1,0,0.00806,Low,0.00651,0.01219,-0.00568,NEGATIVE RESPONSE
C03764,1,0,0.05179,Low,0.00897,0.0346,-0.02563,NEGATIVE RESPONSE
C03765,1,0,0.0138,Low,0.00651,0.00855,-0.00204,NEGATIVE RESPONSE
C03766,1,0,0.00553,Low,0.00945,0.00638,0.00307,LOW RESPONSE
C03767,0,0,0.00811,Low,0.00902,0.00557,0.00345,LOW RESPONSE
C03768,0,0,0.00337,Low,0.02155,0.01552,0.00603,LOW RESPONSE
C03769,1,0,0.00807,Low,0.00677,0.00906,-0.00229,NEGATIVE RESPONSE
C03770,1,0,0.00607,Low,0.00452,0.00651,-0.00199,NEGATIVE RESPONSE
C03771,1,0,0.00464,Low,0.01177,0.00578,0.006,LOW RESPONSE
C03772,1,1,0.94858,Critical,0.00703,0.17247,-0.16544,NEGATIVE RESPONSE
C03773,1,0,0.13927,Low,0.00732,0.02457,-0.01725,NEGATIVE RESPONSE
C03774,1,0,0.03301,Low,0.00972,0.02651,-0.0168,NEGATIVE RESPONSE
C03775,1,0,0.01589,Low,0.00712,0.01148,-0.00437,NEGATIVE RESPONSE
C03776,1,0,0.01467,Low,0.00453,0.01862,-0.01408,NEGATIVE RESPONSE
C03777,1,0,0.0065,Low,0.00658,0.00725,-0.00067,LOW RESPONSE
C03778,1,0,0.00853,Low,0.00701,0.01168,-0.00467,NEGATIVE RESPONSE
C03779,1,0,0.00829,Low,0.00683,0.00496,0.00187,LOW RESPONSE
C03780,1,0,0.03547,Low,0.0059,0.02344,-0.01754,NEGATIVE RESPONSE
C03781,1,0,0.01623,Low,0.00521,0.03045,-0.02524,NEGATIVE RESPONSE
C03782,1,0,0.06627,Low,0.01406,0.06671,-0.05265,NEGATIVE RESPONSE
C03783,0,0,0.10023,Low,0.00432,0.03792,-0.0336,NEGATIVE RESPONSE
C03784,1,0,0.00276,Low,0.00729,0.00658,0.0007,LOW RESPONSE
C03785,1,0,0.1179,Low,0.00763,0.04855,-0.04091,NEGATIVE RESPONSE
C03786,1,0,0.0025,Low,0.00635,0.00652,-0.00017,LOW RESPONSE
C03787,1,0,0.01616,Low,0.00602,0.02719,-0.02117,NEGATIVE RESPONSE
C03788,1,0,0.00511,Low,0.00833,0.00856,-0.00023,LOW RESPONSE
C03789,1,0,0.03249,Low,0.00403,0.02376,-0.01973,NEGATIVE RESPONSE
C03790,1,0,0.00469,Low,0.00549,0.02078,-0.01529,NEGATIVE RESPONSE
C03791,0,0,0.05661,Low,0.00474,0.06005,-0.05532,NEGATIVE RESPONSE
C03792,0,0,0.00792,Low,0.00717,0.00479,0.00239,LOW RESPONSE
C03793,1,0,0.01885,Low,0.00659,0.02378,-0.01719,NEGATIVE RESPONSE
C03794,0,0,0.11422,Low,0.01123,0.05154,-0.04031,NEGATIVE RESPONSE
C03795,0,0,0.01033,Low,0.00801,0.00805,-4e-05,LOW RESPONSE
C03796,0,0,0.00381,Low,0.00991,0.00866,0.00125,LOW RESPONSE
C03797,0,0,0.00917,Low,0.00569,0.01011,-0.00443,NEGATIVE RESPONSE
C03798,0,0,0.0915,Low,0.00564,0.03733,-0.03169,NEGATIVE RESPONSE
C03799,0,0,0.10905,Low,0.00549,0.05261,-0.04713,NEGATIVE RESPONSE
C03800,0,0,0.02866,Low,0.00635,0.0096,-0.00325,NEGATIVE RESPONSE
C03801,1,0,0.13478,Low,0.00533,0.0421,-0.03677,NEGATIVE RESPONSE
C03802,1,0,0.04632,Low,0.00436,0.04082,-0.03646,NEGATIVE RESPONSE
C03803,1,0,0.00177,Low,0.0053,0.00592,-0.00062,LOW RESPONSE
C03804,0,0,0.00404,Low,0.00479,0.00582,-0.00103,NEGATIVE RESPONSE
C03805,0,0,0.03933,Low,0.0046,0.02611,-0.02151,NEGATIVE RESPONSE
C03806,0,0,0.00979,Low,0.01302,0.01401,-0.00099,LOW RESPONSE
C03807,0,0,0.00949,Low,0.00499,0.00928,-0.00429,NEGATIVE RESPONSE
C03808,1,0,0.00534,Low,0.00546,0.00857,-0.00311,NEGATIVE RESPONSE
C03809,0,0,0.03132,Low,0.00455,0.03414,-0.02959,NEGATIVE RESPONSE
C03810,1,0,0.0208,Low,0.00585,0.0174,-0.01155,NEGATIVE RESPONSE
C03811,0,0,0.00543,Low,0.00535,0.00583,-0.00048,LOW RESPONSE
C03812,1,0,0.00723,Low,0.0044,0.00635,-0.00196,NEGATIVE RESPONSE
C03813,1,0,0.0028,Low,0.00621,0.006,0.00021,LOW RESPONSE
C03814,0,0,0.29981,Low,0.00809,0.04991,-0.04181,NEGATIVE RESPONSE
C03815,1,0,0.0915,Low,0.00703,0.0435,-0.03647,NEGATIVE RESPONSE
C03816,1,0,0.01013,Low,0.01027,0.00726,0.00301,LOW RESPONSE
C03817,0,0,0.0843,Low,0.00664,0.02828,-0.02165,NEGATIVE RESPONSE
C03818,0,0,0.00561,Low,0.00621,0.01098,-0.00477,NEGATIVE RESPONSE
C03819,1,0,0.00501,Low,0.00968,0.01029,-0.00061,LOW RESPONSE
C03820,1,0,0.00248,Low,0.00622,0.00764,-0.00143,NEGATIVE RESPONSE
C03821,1,0,0.06111,Low,0.00877,0.02857,-0.0198,NEGATIVE RESPONSE
C03822,1,0,0.021,Low,0.00556,0.02077,-0.0152,NEGATIVE RESPONSE
C03823,1,0,0.02794,Low,0.00474,0.0158,-0.01106,NEGATIVE RESPONSE
C03824,1,0,0.00193,Low,0.00763,0.00815,-0.00051,LOW RESPONSE
C03825,0,0,0.0184,Low,0.0065,0.0095,-0.003,NEGATIVE RESPONSE
C03826,1,0,0.02364,Low,0.00988,0.0067,0.00318,LOW RESPONSE
C03827,1,0,0.00261,Low,0.00749,0.00669,0.0008,LOW RESPONSE
C03828,1,1,0.93078,Critical,0.0088,0.11363,-0.10483,NEGATIVE RESPONSE
C03829,0,0,0.00346,Low,0.00964,0.0064,0.00324,LOW RESPONSE
C03830,1,0,0.04296,Low,0.00894,0.03593,-0.02699,NEGATIVE RESPONSE
C03831,1,0,0.00908,Low,0.01616,0.02447,-0.00831,NEGATIVE RESPONSE
C03832,1,0,0.00416,Low,0.00648,0.0088,-0.00232,NEGATIVE RESPONSE
C03833,1,0,0.00457,Low,0.00975,0.00745,0.0023,LOW RESPONSE
C03834,1,0,0.00252,Low,0.00534,0.00682,-0.00148,NEGATIVE RESPONSE
C03835,1,0,0.07718,Low,0.00637,0.03985,-0.03349,NEGATIVE RESPONSE
C03836,0,0,0.15763,Low,0.00568,0.03364,-0.02796,NEGATIVE RESPONSE
C03837,1,0,0.10024,Low,0.00555,0.02207,-0.01653,NEGATIVE RESPONSE
C03838,1,0,0.07883,Low,0.00678,0.03295,-0.02617,NEGATIVE RESPONSE
C03839,1,0,0.22954,Low,0.0158,0.06478,-0.04898,NEGATIVE RESPONSE
C03840,1,0,0.01987,Low,0.01028,0.01102,-0.00074,LOW RESPONSE
C03841,0,0,0.00294,Low,0.00628,0.0088,-0.00252,NEGATIVE RESPONSE
C03842,0,0,0.08525,Low,0.00785,0.0363,-0.02845,NEGATIVE RESPONSE
C03843,1,0,0.04792,Low,0.00543,0.02237,-0.01694,NEGATIVE RESPONSE
C03844,0,0,0.02631,Low,0.00512,0.01928,-0.01416,NEGATIVE RESPONSE
C03845,1,0,0.04373,Low,0.00898,0.04615,-0.03717,NEGATIVE RESPONSE
C03846,1,0,0.18942,Low,0.00973,0.04913,-0.03939,NEGATIVE RESPONSE
C03847,1,0,0.00874,Low,0.00399,0.01742,-0.01343,NEGATIVE RESPONSE
C03848,0,0,0.41312,Medium,0.01199,0.05003,-0.03804,NEGATIVE RESPONSE
C03849,0,0,0.06428,Low,0.0051,0.03356,-0.02846,NEGATIVE RESPONSE
C03850,0,0,0.0038,Low,0.00969,0.0082,0.00149,LOW RESPONSE
C03851,1,0,0.00472,Low,0.00609,0.00529,0.0008,LOW RESPONSE
C03852,0,0,0.16267,Low,0.02326,0.04534,-0.02208,NEGATIVE RESPONSE
C03853,0,0,0.00843,Low,0.00554,0.01033,-0.00479,NEGATIVE RESPONSE
C03854,1,0,0.06623,Low,0.00867,0.05309,-0.04443,NEGATIVE RESPONSE
C03855,1,0,0.03245,Low,0.00741,0.0292,-0.02179,NEGATIVE RESPONSE
C03856,1,0,0.00291,Low,0.01402,0.00875,0.00527,LOW RESPONSE
C03857,1,0,0.12077,Low,0.007,0.04221,-0.03521,NEGATIVE RESPONSE
C03858,1,0,0.00481,Low,0.00936,0.00682,0.00254,LOW RESPONSE
C03859,0,0,0.00518,Low,0.0058,0.00653,-0.00073,LOW RESPONSE
C03860,0,0,0.00868,Low,0.00986,0.00885,0.001,LOW RESPONSE
C03861,1,0,0.10979,Low,0.00621,0.04738,-0.04117,NEGATIVE RESPONSE
C03862,1,0,0.07371,Low,0.0072,0.03732,-0.03011,NEGATIVE RESPONSE
C03863,1,0,0.01209,Low,0.00926,0.00957,-0.00031,LOW RESPONSE
C03864,1,0,0.01391,Low,0.01197,0.01019,0.00179,LOW RESPONSE
C03865,1,0,0.08504,Low,0.01183,0.05744,-0.04562,NEGATIVE RESPONSE
C03866,1,0,0.03288,Low,0.00443,0.03296,-0.02853,NEGATIVE RESPONSE
C03867,1,0,0.02659,Low,0.00451,0.02762,-0.02311,NEGATIVE RESPONSE
C03868,1,0,0.06839,Low,0.00414,0.04411,-0.03997,NEGATIVE RESPONSE
C03869,1,0,0.06146,Low,0.00472,0.02888,-0.02416,NEGATIVE RESPONSE
C03870,0,0,0.15386,Low,0.00579,0.14691,-0.14112,NEGATIVE RESPONSE
C03871,1,0,0.00291,Low,0.01615,0.00743,0.00872,LOW RESPONSE
C03872,1,0,0.00273,Low,0.00644,0.00735,-0.00091,LOW RESPONSE
C03873,1,0,0.02471,Low,0.01132,0.00986,0.00146,LOW RESPONSE
C03874,0,0,0.04243,Low,0.00598,0.04602,-0.04005,NEGATIVE RESPONSE
C03875,1,0,0.00293,Low,0.00726,0.00874,-0.00148,NEGATIVE RESPONSE
C03876,1,0,0.00907,Low,0.00736,0.01026,-0.0029,NEGATIVE RESPONSE
C03877,0,0,0.07273,Low,0.00675,0.03292,-0.02616,NEGATIVE RESPONSE
C03878,1,0,0.00484,Low,0.00605,0.00483,0.00122,LOW RESPONSE
C03879,0,0,0.00476,Low,0.00562,0.00799,-0.00237,NEGATIVE RESPONSE
C03880,0,0,0.00266,Low,0.00435,0.00677,-0.00242,NEGATIVE RESPONSE
C03881,1,0,0.00819,Low,0.0055,0.04163,-0.03613,NEGATIVE RESPONSE
C03882,1,0,0.00056,Low,0.00574,0.00566,9e-05,LOW RESPONSE
C03883,0,0,0.00237,Low,0.00946,0.00683,0.00264,LOW RESPONSE
C03884,1,0,0.11089,Low,0.00519,0.07255,-0.06736,NEGATIVE RESPONSE
C03885,1,0,0.01696,Low,0.00618,0.02569,-0.01951,NEGATIVE RESPONSE
C03886,1,0,0.00403,Low,0.00999,0.00872,0.00127,LOW RESPONSE
C03887,1,0,0.296,Low,0.00941,0.07675,-0.06734,NEGATIVE RESPONSE
C03888,1,0,0.00562,Low,0.00567,0.00966,-0.004,NEGATIVE RESPONSE
C03889,1,0,0.15612,Low,0.00717,0.0348,-0.02762,NEGATIVE RESPONSE
C03890,1,0,0.0718,Low,0.01239,0.03141,-0.01902,NEGATIVE RESPONSE
C03891,0,0,0.0082,Low,0.00681,0.00784,-0.00103,NEGATIVE RESPONSE
C03892,1,0,0.03146,Low,0.00706,0.00659,0.00047,LOW RESPONSE
C03893,1,0,0.08605,Low,0.00988,0.06488,-0.055,NEGATIVE RESPONSE
C03894,1,0,0.01662,Low,0.00557,0.00721,-0.00164,NEGATIVE RESPONSE
C03895,1,0,0.01319,Low,0.00795,0.00964,-0.00169,NEGATIVE RESPONSE
C03896,1,0,0.00672,Low,0.00507,0.00925,-0.00419,NEGATIVE RESPONSE
C03897,1,0,0.0034,Low,0.00545,0.00523,0.00022,LOW RESPONSE
C03898,1,0,0.00415,Low,0.0068,0.00582,0.00098,LOW RESPONSE
C03899,1,0,0.01591,Low,0.00741,0.02347,-0.01606,NEGATIVE RESPONSE
C03900,1,0,0.00586,Low,0.00658,0.00629,0.00029,LOW RESPONSE
C03901,1,0,0.00268,Low,0.00525,0.00664,-0.00139,NEGATIVE RESPONSE
C03902,1,0,0.0428,Low,0.00483,0.02602,-0.02119,NEGATIVE RESPONSE
C03903,1,0,0.10454,Low,0.01497,0.04695,-0.03199,NEGATIVE RESPONSE
C03904,0,0,0.00412,Low,0.00767,0.00626,0.00141,LOW RESPONSE
C03905,1,0,0.05342,Low,0.0473,0.06969,-0.02239,NEGATIVE RESPONSE
C03906,0,0,0.02081,Low,0.00811,0.00663,0.00148,LOW RESPONSE
C03907,1,0,0.03749,Low,0.00456,0.01956,-0.015,NEGATIVE RESPONSE
C03908,1,0,0.04637,Low,0.00574,0.05081,-0.04507,NEGATIVE RESPONSE
C03909,1,0,0.02866,Low,0.00485,0.02441,-0.01955,NEGATIVE RESPONSE
C03910,1,0,0.01345,Low,0.00369,0.0188,-0.01511,NEGATIVE RESPONSE
C03911,1,0,0.02863,Low,0.0041,0.01732,-0.01322,NEGATIVE RESPONSE
C03912,1,0,0.08102,Low,0.01476,0.03193,-0.01717,NEGATIVE RESPONSE
C03913,1,1,0.95743,Critical,0.0079,0.1042,-0.0963,NEGATIVE RESPONSE
C03914,1,0,0.002,Low,0.00518,0.00829,-0.00311,NEGATIVE RESPONSE
C03915,1,0,0.07619,Low,0.00605,0.02715,-0.0211,NEGATIVE RESPONSE
C03916,0,0,0.00682,Low,0.01087,0.015,-0.00413,NEGATIVE RESPONSE
C03917,0,0,0.00425,Low,0.00674,0.00725,-0.00051,LOW RESPONSE
C03918,1,0,0.1645,Low,0.00662,0.02345,-0.01683,NEGATIVE RESPONSE
C03919,1,0,0.00109,Low,0.00493,0.00618,-0.00125,NEGATIVE RESPONSE
C03920,1,0,0.08655,Low,0.01027,0.02559,-0.01532,NEGATIVE RESPONSE
C03921,1,0,0.02904,Low,0.00511,0.03045,-0.02534,NEGATIVE RESPONSE
C03922,1,0,0.00778,Low,0.00653,0.00752,-0.00099,LOW RESPONSE
C03923,1,0,0.01909,Low,0.00469,0.02699,-0.0223,NEGATIVE RESPONSE
C03924,1,0,0.06877,Low,0.00514,0.03198,-0.02684,NEGATIVE RESPONSE
C03925,1,0,0.00617,Low,0.0058,0.00742,-0.00162,NEGATIVE RESPONSE
C03926,1,0,0.00534,Low,0.00902,0.00736,0.00166,LOW RESPONSE
C03927,1,0,0.01064,Low,0.01233,0.0112,0.00113,LOW RESPONSE
C03928,1,0,0.01816,Low,0.0078,0.02455,-0.01675,NEGATIVE RESPONSE
C03929,0,0,0.01035,Low,0.00354,0.00953,-0.00599,NEGATIVE RESPONSE
C03930,0,0,0.04918,Low,0.00557,0.02174,-0.01617,NEGATIVE RESPONSE
C03931,1,0,0.01894,Low,0.00894,0.015,-0.00606,NEGATIVE RESPONSE
C03932,1,0,0.01428,Low,0.0048,0.01049,-0.00569,NEGATIVE RESPONSE
C03933,1,0,0.03598,Low,0.01016,0.07504,-0.06488,NEGATIVE RESPONSE
C03934,1,0,0.06516,Low,0.00797,0.03746,-0.02949,NEGATIVE RESPONSE
C03935,1,0,0.06262,Low,0.00436,0.02714,-0.02279,NEGATIVE RESPONSE
C03936,0,0,0.00093,Low,0.00575,0.00676,-0.00101,NEGATIVE RESPONSE
C03937,0,0,0.08971,Low,0.01089,0.03189,-0.021,NEGATIVE RESPONSE
C03938,1,0,0.03394,Low,0.0057,0.01517,-0.00947,NEGATIVE RESPONSE
C03939,1,0,0.01128,Low,0.00617,0.02033,-0.01416,NEGATIVE RESPONSE
C03940,1,0,0.13856,Low,0.01388,0.03364,-0.01976,NEGATIVE RESPONSE
C03941,1,0,0.01543,Low,0.01644,0.01374,0.00271,LOW RESPONSE
C03942,1,0,0.00715,Low,0.00743,0.0087,-0.00127,NEGATIVE RESPONSE
C03943,1,0,0.08918,Low,0.00806,0.06963,-0.06157,NEGATIVE RESPONSE
C03944,0,0,0.01793,Low,0.00404,0.03262,-0.02858,NEGATIVE RESPONSE
C03945,0,0,0.00952,Low,0.00544,0.00913,-0.00369,NEGATIVE RESPONSE
C03946,0,0,0.20914,Low,0.00536,0.07491,-0.06955,NEGATIVE RESPONSE
C03947,0,0,0.00288,Low,0.00908,0.00779,0.00129,LOW RESPONSE
C03948,1,0,0.00798,Low,0.00518,0.00671,-0.00153,NEGATIVE RESPONSE
C03949,1,0,0.09032,Low,0.01146,0.03304,-0.02158,NEGATIVE RESPONSE
C03950,0,0,0.09927,Low,0.00467,0.06828,-0.0636,NEGATIVE RESPONSE
C03951,1,0,0.0029,Low,0.00493,0.01245,-0.00752,NEGATIVE RESPONSE
C03952,1,1,0.94139,Critical,0.01486,0.11148,-0.09661,NEGATIVE RESPONSE
C03953,1,0,0.014,Low,0.01021,0.04136,-0.03115,NEGATIVE RESPONSE
C03954,0,0,0.00277,Low,0.00742,0.00951,-0.00208,NEGATIVE RESPONSE
C03955,0,0,0.00805,Low,0.0085,0.00825,0.00025,LOW RESPONSE
C03956,1,0,0.00573,Low,0.01207,0.01008,0.00199,LOW RESPONSE
C03957,1,0,0.02315,Low,0.00657,0.04435,-0.03778,NEGATIVE RESPONSE
C03958,1,0,0.00714,Low,0.00807,0.00586,0.00221,LOW RESPONSE
C03959,1,0,0.00136,Low,0.0047,0.00685,-0.00215,NEGATIVE RESPONSE
C03960,1,0,0.01864,Low,0.00574,0.02703,-0.02129,NEGATIVE RESPONSE
C03961,1,0,0.00597,Low,0.00565,0.00955,-0.0039,NEGATIVE RESPONSE
C03962,1,0,0.00265,Low,0.00811,0.00679,0.00132,LOW RESPONSE
C03963,1,0,0.02477,Low,0.00481,0.01868,-0.01387,NEGATIVE RESPONSE
C03964,1,0,0.00965,Low,0.00421,0.01687,-0.01266,NEGATIVE RESPONSE
C03965,1,0,0.00621,Low,0.00657,0.0073,-0.00073,LOW RESPONSE
C03966,0,0,0.00276,Low,0.01109,0.00724,0.00385,LOW RESPONSE
C03967,1,0,0.1929,Low,0.00569,0.03225,-0.02656,NEGATIVE RESPONSE
C03968,1,0,0.00078,Low,0.00643,0.00449,0.00194,LOW RESPONSE
C03969,1,0,0.00904,Low,0.01163,0.01071,0.00092,LOW RESPONSE
C03970,1,0,0.01898,Low,0.0057,0.00897,-0.00327,NEGATIVE RESPONSE
C03971,1,0,0.01502,Low,0.01124,0.00756,0.00369,LOW RESPONSE
C03972,0,0,0.03568,Low,0.00595,0.03695,-0.03099,NEGATIVE RESPONSE
C03973,1,0,0.01721,Low,0.00626,0.02706,-0.0208,NEGATIVE RESPONSE
C03974,1,0,0.00285,Low,0.00868,0.00585,0.00283,LOW RESPONSE
C03975,1,0,0.24577,Low,0.00951,0.03838,-0.02887,NEGATIVE RESPONSE
C03976,1,0,0.07446,Low,0.00573,0.02969,-0.02396,NEGATIVE RESPONSE
C03977,0,0,0.0592,Low,0.0086,0.04552,-0.03692,NEGATIVE RESPONSE
C03978,0,0,0.13142,Low,0.00909,0.07708,-0.06798,NEGATIVE RESPONSE
C03979,1,0,0.3066,Medium,0.0042,0.03903,-0.03483,NEGATIVE RESPONSE
C03980,1,0,0.00318,Low,0.0066,0.00664,-4e-05,LOW RESPONSE
C03981,1,0,0.16842,Low,0.00478,0.0621,-0.05732,NEGATIVE RESPONSE
C03982,1,0,0.0159,Low,0.00515,0.026,-0.02085,NEGATIVE RESPONSE
C03983,1,0,0.02441,Low,0.00655,0.04874,-0.04218,NEGATIVE RESPONSE
C03984,0,0,0.03749,Low,0.00552,0.02706,-0.02154,NEGATIVE RESPONSE
C03985,1,0,0.24303,Low,0.00679,0.02613,-0.01933,NEGATIVE RESPONSE
C03986,1,0,0.0629,Low,0.00664,0.02492,-0.01828,NEGATIVE RESPONSE
C03987,1,0,0.02763,Low,0.00523,0.02075,-0.01552,NEGATIVE RESPONSE
C03988,0,0,0.06219,Low,0.00665,0.04531,-0.03866,NEGATIVE RESPONSE
C03989,0,0,0.04624,Low,0.00485,0.03217,-0.02732,NEGATIVE RESPONSE
C03990,0,0,0.02869,Low,0.00392,0.02633,-0.02241,NEGATIVE RESPONSE
C03991,1,0,0.11407,Low,0.00778,0.01979,-0.01202,NEGATIVE RESPONSE
C03992,1,0,0.03915,Low,0.00665,0.02062,-0.01397,NEGATIVE RESPONSE
C03993,0,0,0.0763,Low,0.00513,0.02917,-0.02404,NEGATIVE RESPONSE
C03994,0,0,0.01798,Low,0.00437,0.03063,-0.02626,NEGATIVE RESPONSE
C03995,0,0,0.28977,Low,0.00823,0.07605,-0.06781,NEGATIVE RESPONSE
C03996,1,0,0.00751,Low,0.00484,0.02445,-0.01961,NEGATIVE RESPONSE
C03997,1,0,0.02695,Low,0.00379,0.02183,-0.01805,NEGATIVE RESPONSE
C03998,1,0,0.03354,Low,0.00538,0.02113,-0.01576,NEGATIVE RESPONSE
C03999,1,0,0.00593,Low,0.01436,0.00981,0.00455,LOW RESPONSE
C04000,1,0,0.08118,Low,0.0079,0.02685,-0.01895,NEGATIVE RESPONSE
C04001,1,0,0.0051,Low,0.00972,0.00863,0.00109,LOW RESPONSE
C04002,1,0,0.12258,Low,0.00921,0.04602,-0.03681,NEGATIVE RESPONSE
C04003,1,0,0.00326,Low,0.00382,0.00569,-0.00187,NEGATIVE RESPONSE
C04004,1,0,0.00634,Low,0.0119,0.02958,-0.01768,NEGATIVE RESPONSE
C04005,0,0,0.00499,Low,0.00618,0.0068,-0.00062,LOW RESPONSE
C04006,1,0,0.00402,Low,0.01014,0.01597,-0.00583,NEGATIVE RESPONSE
C04007,0,0,0.00339,Low,0.00705,0.0055,0.00155,LOW RESPONSE
C04008,0,0,0.11862,Low,0.00937,0.03121,-0.02184,NEGATIVE RESPONSE
C04009,1,0,0.11796,Low,0.01531,0.0802,-0.06489,NEGATIVE RESPONSE
C04010,1,0,0.11637,Low,0.01745,0.07307,-0.05562,NEGATIVE RESPONSE
C04011,0,0,0.01621,Low,0.0068,0.02201,-0.01521,NEGATIVE RESPONSE
C04012,1,0,0.05453,Low,0.00531,0.03338,-0.02807,NEGATIVE RESPONSE
C04013,1,0,0.03399,Low,0.00591,0.0334,-0.02749,NEGATIVE RESPONSE
C04014,0,0,0.01158,Low,0.0051,0.0543,-0.0492,NEGATIVE RESPONSE
C04015,1,0,0.01005,Low,0.00574,0.00542,0.00031,LOW RESPONSE
C04016,1,0,0.10333,Low,0.00544,0.03102,-0.02558,NEGATIVE RESPONSE
C04017,1,0,0.00453,Low,0.01017,0.00636,0.00381,LOW RESPONSE
C04018,1,0,0.1116,Low,0.00694,0.08001,-0.07307,NEGATIVE RESPONSE
C04019,0,0,0.1024,Low,0.0048,0.03809,-0.03329,NEGATIVE RESPONSE
C04020,0,1,0.17115,Low,0.03266,0.0437,-0.01103,NEGATIVE RESPONSE
C04021,0,0,0.01637,Low,0.008,0.02567,-0.01767,NEGATIVE RESPONSE
C04022,1,0,0.07237,Low,0.01387,0.04496,-0.0311,NEGATIVE RESPONSE
C04023,1,0,0.01765,Low,0.00815,0.01221,-0.00406,NEGATIVE RESPONSE
C04024,1,0,0.00723,Low,0.01021,0.00638,0.00383,LOW RESPONSE
C04025,1,0,0.00031,Low,0.00481,0.00454,0.00026,LOW RESPONSE
C04026,1,0,0.01834,Low,0.01027,0.00712,0.00315,LOW RESPONSE
C04027,1,0,0.06859,Low,0.00591,0.02548,-0.01956,NEGATIVE RESPONSE
C04028,1,0,0.0907,Low,0.0067,0.03559,-0.02889,NEGATIVE RESPONSE
C04029,1,0,0.00723,Low,0.00567,0.00798,-0.00231,NEGATIVE RESPONSE
C04030,1,0,0.2273,Low,0.00801,0.08661,-0.0786,NEGATIVE RESPONSE
C04031,1,0,0.0043,Low,0.0042,0.01489,-0.01069,NEGATIVE RESPONSE
C04032,1,0,0.00368,Low,0.0104,0.011,-0.0006,LOW RESPONSE
C04033,1,0,0.00505,Low,0.0061,0.00514,0.00096,LOW RESPONSE
C04034,1,0,0.00965,Low,0.00529,0.01066,-0.00536,NEGATIVE RESPONSE
C04035,1,0,0.0061,Low,0.00378,0.01616,-0.01238,NEGATIVE RESPONSE
C04036,1,0,0.00251,Low,0.0053,0.01277,-0.00747,NEGATIVE RESPONSE
C04037,0,0,0.0548,Low,0.00478,0.02708,-0.0223,NEGATIVE RESPONSE
C04038,1,0,0.06008,Low,0.00534,0.02952,-0.02418,NEGATIVE RESPONSE
C04039,0,0,0.00116,Low,0.01524,0.00849,0.00675,LOW RESPONSE
C04040,1,0,0.03253,Low,0.01101,0.0292,-0.01819,NEGATIVE RESPONSE
C04041,1,0,0.00433,Low,0.01194,0.01461,-0.00268,NEGATIVE RESPONSE
C04042,0,0,0.0663,Low,0.00364,0.03735,-0.03371,NEGATIVE RESPONSE
C04043,1,0,0.00344,Low,0.00575,0.00919,-0.00344,NEGATIVE RESPONSE
C04044,1,0,0.00606,Low,0.0043,0.02153,-0.01723,NEGATIVE RESPONSE
C04045,1,0,0.03691,Low,0.00837,0.01132,-0.00294,NEGATIVE RESPONSE
C04046,0,0,0.00895,Low,0.00704,0.00646,0.00059,LOW RESPONSE
C04047,0,0,0.06086,Low,0.00437,0.02339,-0.01902,NEGATIVE RESPONSE
C04048,0,0,0.00258,Low,0.00752,0.00699,0.00053,LOW RESPONSE
C04049,1,0,0.01036,Low,0.00936,0.00798,0.00138,LOW RESPONSE
C04050,1,0,0.04081,Low,0.00903,0.04664,-0.0376,NEGATIVE RESPONSE
C04051,1,0,0.00359,Low,0.00935,0.01264,-0.00329,NEGATIVE RESPONSE
C04052,1,0,0.00173,Low,0.00526,0.00565,-0.00038,LOW RESPONSE
C04053,0,0,0.00786,Low,0.00598,0.00645,-0.00047,LOW RESPONSE
C04054,1,0,0.00344,Low,0.00413,0.0078,-0.00366,NEGATIVE RESPONSE
C04055,1,0,0.00296,Low,0.00603,0.01139,-0.00537,NEGATIVE RESPONSE
C04056,0,1,0.96098,Critical,0.0163,0.13539,-0.1191,NEGATIVE RESPONSE
C04057,1,0,0.06864,Low,0.00574,0.02263,-0.01688,NEGATIVE RESPONSE
C04058,1,0,0.00875,Low,0.00509,0.00645,-0.00136,NEGATIVE RESPONSE
C04059,0,0,0.00416,Low,0.00548,0.00759,-0.00211,NEGATIVE RESPONSE
C04060,1,0,0.00221,Low,0.00722,0.00586,0.00136,LOW RESPONSE
C04061,1,0,0.00977,Low,0.00877,0.01046,-0.00169,NEGATIVE RESPONSE
C04062,0,0,0.02982,Low,0.00548,0.02522,-0.01975,NEGATIVE RESPONSE
C04063,1,0,0.00897,Low,0.00546,0.00944,-0.00397,NEGATIVE RESPONSE
C04064,1,0,0.1815,Low,0.00833,0.04804,-0.03971,NEGATIVE RESPONSE
C04065,1,0,0.00156,Low,0.01187,0.00759,0.00428,LOW RESPONSE
C04066,1,0,0.02459,Low,0.00672,0.03927,-0.03255,NEGATIVE RESPONSE
C04067,1,1,0.89589,Critical,0.00779,0.12571,-0.11792,NEGATIVE RESPONSE
C04068,1,0,0.00715,Low,0.00985,0.01043,-0.00058,LOW RESPONSE
C04069,0,0,0.00649,Low,0.00631,0.01033,-0.00402,NEGATIVE RESPONSE
C04070,1,0,0.00718,Low,0.00532,0.01992,-0.0146,NEGATIVE RESPONSE
C04071,0,0,0.00869,Low,0.00576,0.00756,-0.0018,NEGATIVE RESPONSE
C04072,0,0,0.02375,Low,0.00919,0.01046,-0.00127,NEGATIVE RESPONSE
C04073,0,0,0.0024,Low,0.00701,0.00559,0.00141,LOW RESPONSE
C04074,1,0,0.0317,Low,0.00589,0.04165,-0.03576,NEGATIVE RESPONSE
C04075,1,0,0.02799,Low,0.00627,0.02233,-0.01606,NEGATIVE RESPONSE
C04076,0,0,0.0366,Low,0.00459,0.02798,-0.02339,NEGATIVE RESPONSE
C04077,1,0,0.039,Low,0.01408,0.01433,-0.00025,LOW RESPONSE
C04078,1,0,0.03019,Low,0.00697,0.01073,-0.00376,NEGATIVE RESPONSE
C04079,0,0,0.00955,Low,0.01134,0.01783,-0.00649,NEGATIVE RESPONSE
C04080,0,0,0.01426,Low,0.00797,0.00885,-0.00088,LOW RESPONSE
C04081,0,0,0.01963,Low,0.00757,0.02637,-0.01879,NEGATIVE RESPONSE
C04082,0,0,0.02324,Low,0.00775,0.00649,0.00126,LOW RESPONSE
C04083,0,0,0.00065,Low,0.00409,0.0052,-0.00111,NEGATIVE RESPONSE
C04084,0,0,0.01811,Low,0.00928,0.01049,-0.00121,NEGATIVE RESPONSE
C04085,1,0,0.04431,Low,0.00785,0.01638,-0.00852,NEGATIVE RESPONSE
C04086,0,0,0.00291,Low,0.01387,0.00828,0.00559,LOW RESPONSE
C04087,0,0,0.04608,Low,0.00908,0.0096,-0.00051,LOW RESPONSE
C04088,0,1,0.92645,Critical,0.02153,0.05199,-0.03046,NEGATIVE RESPONSE
C04089,1,0,0.01086,Low,0.00519,0.02118,-0.01599,NEGATIVE RESPONSE
C04090,1,0,0.33156,Medium,0.00606,0.07627,-0.07021,NEGATIVE RESPONSE
C04091,1,0,0.00785,Low,0.00872,0.00659,0.00213,LOW RESPONSE
C04092,1,0,0.03179,Low,0.00723,0.03458,-0.02735,NEGATIVE RESPONSE
C04093,0,0,0.00105,Low,0.00475,0.00783,-0.00308,NEGATIVE RESPONSE
C04094,0,0,0.00308,Low,0.00803,0.00689,0.00115,LOW RESPONSE
C04095,1,0,0.00484,Low,0.00864,0.00927,-0.00063,LOW RESPONSE
C04096,0,0,0.41643,Medium,0.01007,0.07276,-0.06269,NEGATIVE RESPONSE
C04097,1,0,0.00705,Low,0.00839,0.00646,0.00193,LOW RESPONSE
C04098,1,0,0.10547,Low,0.01135,0.03227,-0.02092,NEGATIVE RESPONSE
C04099,0,0,0.32521,Medium,0.00613,0.06084,-0.05472,NEGATIVE RESPONSE
C04100,1,0,0.00181,Low,0.00495,0.00571,-0.00075,LOW RESPONSE
C04101,1,0,0.00833,Low,0.00598,0.01048,-0.0045,NEGATIVE RESPONSE
C04102,1,0,0.00134,Low,0.00404,0.00708,-0.00304,NEGATIVE RESPONSE
C04103,1,0,0.01189,Low,0.0062,0.00576,0.00043,LOW RESPONSE
C04104,1,0,0.01103,Low,0.00598,0.02851,-0.02253,NEGATIVE RESPONSE
C04105,1,0,0.04228,Low,0.00819,0.03878,-0.03059,NEGATIVE RESPONSE
C04106,0,0,0.08133,Low,0.00433,0.05235,-0.04802,NEGATIVE RESPONSE
C04107,0,0,0.05598,Low,0.00776,0.04395,-0.0362,NEGATIVE RESPONSE
C04108,1,0,0.00328,Low,0.006,0.01272,-0.00672,NEGATIVE RESPONSE
C04109,1,0,0.00431,Low,0.00464,0.00488,-0.00024,LOW RESPONSE
C04110,1,0,0.01087,Low,0.01796,0.01179,0.00617,LOW RESPONSE
C04111,0,0,0.04922,Low,0.00713,0.0508,-0.04367,NEGATIVE RESPONSE
C04112,1,0,0.0122,Low,0.00954,0.0061,0.00344,LOW RESPONSE
C04113,1,0,0.00208,Low,0.00544,0.00736,-0.00192,NEGATIVE RESPONSE
C04114,1,0,0.17293,Low,0.00779,0.08727,-0.07948,NEGATIVE RESPONSE
C04115,0,0,0.00224,Low,0.00404,0.00517,-0.00113,NEGATIVE RESPONSE
C04116,1,0,0.12044,Low,0.01389,0.02846,-0.01457,NEGATIVE RESPONSE
C04117,1,0,0.02413,Low,0.00648,0.03361,-0.02714,NEGATIVE RESPONSE
C04118,1,1,0.96616,Critical,0.01137,0.11346,-0.1021,NEGATIVE RESPONSE
C04119,1,0,0.00614,Low,0.00651,0.00817,-0.00165,NEGATIVE RESPONSE
C04120,0,0,0.00448,Low,0.00442,0.02399,-0.01956,NEGATIVE RESPONSE
C04121,1,0,0.06872,Low,0.00624,0.03496,-0.02872,NEGATIVE RESPONSE
C04122,1,0,0.00687,Low,0.00596,0.01732,-0.01136,NEGATIVE RESPONSE
C04123,1,0,0.02442,Low,0.00853,0.05202,-0.04349,NEGATIVE RESPONSE
C04124,1,0,0.00442,Low,0.01033,0.01174,-0.00141,NEGATIVE RESPONSE
C04125,0,0,0.00496,Low,0.00472,0.00639,-0.00166,NEGATIVE RESPONSE
C04126,0,0,0.00496,Low,0.00863,0.0143,-0.00566,NEGATIVE RESPONSE
C04127,1,0,0.20315,Low,0.01152,0.05798,-0.04646,NEGATIVE RESPONSE
C04128,1,0,0.00976,Low,0.0108,0.01189,-0.00109,NEGATIVE RESPONSE
C04129,1,0,0.0163,Low,0.00617,0.02319,-0.01702,NEGATIVE RESPONSE
C04130,0,0,0.00374,Low,0.00619,0.00522,0.00097,LOW RESPONSE
C04131,1,0,0.16213,Low,0.00593,0.0483,-0.04237,NEGATIVE RESPONSE
C04132,1,0,0.01876,Low,0.00557,0.03383,-0.02826,NEGATIVE RESPONSE
C04133,0,0,0.11756,Low,0.01008,0.04376,-0.03367,NEGATIVE RESPONSE
C04134,1,0,0.06106,Low,0.00782,0.03389,-0.02607,NEGATIVE RESPONSE
C04135,1,0,0.00896,Low,0.00431,0.026,-0.02169,NEGATIVE RESPONSE
C04136,1,0,0.04887,Low,0.01639,0.05558,-0.03919,NEGATIVE RESPONSE
C04137,1,0,0.0032,Low,0.00421,0.00632,-0.00211,NEGATIVE RESPONSE
C04138,1,0,0.15306,Low,0.00708,0.04054,-0.03346,NEGATIVE RESPONSE
C04139,1,0,0.03407,Low,0.00424,0.01915,-0.01491,NEGATIVE RESPONSE
C04140,0,0,0.02442,Low,0.00866,0.04025,-0.03159,NEGATIVE RESPONSE
C04141,0,0,0.28066,Low,0.00667,0.08397,-0.0773,NEGATIVE RESPONSE
C04142,1,0,0.04855,Low,0.00751,0.04622,-0.03871,NEGATIVE RESPONSE
C04143,1,0,0.0827,Low,0.0073,0.03864,-0.03135,NEGATIVE RESPONSE
C04144,1,0,0.03927,Low,0.00722,0.0478,-0.04058,NEGATIVE RESPONSE
C04145,0,0,0.03183,Low,0.00535,0.02828,-0.02294,NEGATIVE RESPONSE
C04146,1,0,0.04223,Low,0.00428,0.02618,-0.0219,NEGATIVE RESPONSE
C04147,0,0,0.00372,Low,0.00728,0.00904,-0.00176,NEGATIVE RESPONSE
C04148,1,0,0.00744,Low,0.00608,0.00717,-0.00109,NEGATIVE RESPONSE
C04149,1,0,0.00403,Low,0.00594,0.00746,-0.00152,NEGATIVE RESPONSE
C04150,1,0,0.00189,Low,0.0033,0.00705,-0.00375,NEGATIVE RESPONSE
C04151,1,0,0.00683,Low,0.00966,0.0073,0.00236,LOW RESPONSE
C04152,1,0,0.02803,Low,0.00965,0.03545,-0.0258,NEGATIVE RESPONSE
C04153,1,0,0.04664,Low,0.00685,0.02832,-0.02147,NEGATIVE RESPONSE
C04154,0,0,0.00122,Low,0.00374,0.00792,-0.00419,NEGATIVE RESPONSE
C04155,1,0,0.17895,Low,0.01133,0.05705,-0.04572,NEGATIVE RESPONSE
C04156,1,0,0.11446,Low,0.00863,0.04623,-0.0376,NEGATIVE RESPONSE
C04157,1,0,0.00414,Low,0.00565,0.00745,-0.00181,NEGATIVE RESPONSE
C04158,1,0,0.06684,Low,0.00567,0.03082,-0.02515,NEGATIVE RESPONSE
C04159,0,0,0.03392,Low,0.00544,0.0552,-0.04975,NEGATIVE RESPONSE
C04160,1,0,0.24165,Low,0.00968,0.05033,-0.04065,NEGATIVE RESPONSE
C04161,0,0,0.03137,Low,0.00445,0.03457,-0.03013,NEGATIVE RESPONSE
C04162,1,0,0.00358,Low,0.00552,0.00608,-0.00056,LOW RESPONSE
C04163,1,0,0.02469,Low,0.00715,0.00943,-0.00229,NEGATIVE RESPONSE
C04164,1,0,0.01713,Low,0.00558,0.01969,-0.01411,NEGATIVE RESPONSE
C04165,1,0,0.01036,Low,0.00724,0.00997,-0.00273,NEGATIVE RESPONSE
C04166,0,0,0.0022,Low,0.00911,0.00786,0.00126,LOW RESPONSE
C04167,1,0,0.00092,Low,0.00556,0.00581,-0.00025,LOW RESPONSE
C04168,1,0,0.20187,Low,0.00607,0.05016,-0.04408,NEGATIVE RESPONSE
C04169,1,0,0.00127,Low,0.00449,0.00564,-0.00115,NEGATIVE RESPONSE
C04170,1,0,0.18112,Low,0.00604,0.0441,-0.03805,NEGATIVE RESPONSE
C04171,0,0,0.00522,Low,0.00552,0.00847,-0.00295,NEGATIVE RESPONSE
C04172,1,0,0.01531,Low,0.01336,0.01206,0.0013,LOW RESPONSE
C04173,0,0,0.00607,Low,0.00629,0.0085,-0.00221,NEGATIVE RESPONSE
C04174,1,0,0.01636,Low,0.00613,0.0072,-0.00106,NEGATIVE RESPONSE
C04175,0,0,0.02521,Low,0.00917,0.02594,-0.01677,NEGATIVE RESPONSE
C04176,0,0,0.46952,Medium,0.014,0.05431,-0.04032,NEGATIVE RESPONSE
C04177,1,0,0.00099,Low,0.0076,0.00855,-0.00095,LOW RESPONSE
C04178,0,0,0.00999,Low,0.00578,0.00813,-0.00235,NEGATIVE RESPONSE
C04179,1,0,0.00224,Low,0.0068,0.01016,-0.00337,NEGATIVE RESPONSE
C04180,1,0,0.01435,Low,0.00803,0.00706,0.00097,LOW RESPONSE
C04181,0,0,0.06118,Low,0.00777,0.02336,-0.01559,NEGATIVE RESPONSE
C04182,0,0,0.00381,Low,0.00723,0.00784,-0.00061,LOW RESPONSE
C04183,1,0,0.01562,Low,0.00461,0.00737,-0.00276,NEGATIVE RESPONSE
C04184,0,0,0.00446,Low,0.00749,0.00736,0.00012,LOW RESPONSE
C04185,1,0,0.0464,Low,0.00665,0.03122,-0.02457,NEGATIVE RESPONSE
C04186,0,0,0.00822,Low,0.00957,0.00826,0.00131,LOW RESPONSE
C04187,1,0,0.01623,Low,0.00541,0.01992,-0.01451,NEGATIVE RESPONSE
C04188,1,0,0.0309,Low,0.00447,0.03091,-0.02644,NEGATIVE RESPONSE
C04189,1,0,0.01071,Low,0.00404,0.00575,-0.00171,NEGATIVE RESPONSE
C04190,1,0,0.00212,Low,0.00452,0.00545,-0.00093,LOW RESPONSE
C04191,1,0,0.00191,Low,0.00473,0.00503,-0.0003,LOW RESPONSE
C04192,1,0,0.01148,Low,0.0052,0.00941,-0.00421,NEGATIVE RESPONSE
C04193,0,0,0.01417,Low,0.00533,0.03226,-0.02692,NEGATIVE RESPONSE
C04194,1,0,0.19981,Low,0.00534,0.04308,-0.03774,NEGATIVE RESPONSE
C04195,0,0,0.00558,Low,0.00941,0.00762,0.00179,LOW RESPONSE
C04196,1,0,0.00416,Low,0.01056,0.00745,0.00311,LOW RESPONSE
C04197,1,0,0.07083,Low,0.00576,0.03153,-0.02577,NEGATIVE RESPONSE
C04198,1,0,0.15264,Low,0.00828,0.03599,-0.02771,NEGATIVE RESPONSE
C04199,1,0,0.05189,Low,0.0055,0.01979,-0.01429,NEGATIVE RESPONSE
C04200,0,0,0.24584,Low,0.00549,0.07726,-0.07177,NEGATIVE RESPONSE
C04201,1,0,0.04648,Low,0.00516,0.04258,-0.03742,NEGATIVE RESPONSE
C04202,0,0,0.00714,Low,0.00868,0.00621,0.00247,LOW RESPONSE
C04203,0,0,0.06093,Low,0.00895,0.02799,-0.01904,NEGATIVE RESPONSE
C04204,1,0,0.23109,Low,0.00857,0.06716,-0.05859,NEGATIVE RESPONSE
C04205,1,0,0.13783,Low,0.00572,0.03955,-0.03383,NEGATIVE RESPONSE
C04206,1,0,0.02383,Low,0.00402,0.01989,-0.01587,NEGATIVE RESPONSE
C04207,1,0,0.04388,Low,0.00545,0.0185,-0.01305,NEGATIVE RESPONSE
C04208,1,0,0.12808,Low,0.01003,0.07845,-0.06842,NEGATIVE RESPONSE
C04209,0,0,0.00613,Low,0.00829,0.00675,0.00154,LOW RESPONSE
C04210,1,0,0.01819,Low,0.02423,0.00896,0.01527,LOW RESPONSE
C04211,0,0,0.00333,Low,0.0045,0.00907,-0.00457,NEGATIVE RESPONSE
C04212,1,0,0.04437,Low,0.00612,0.04389,-0.03778,NEGATIVE RESPONSE
C04213,1,0,0.02332,Low,0.00324,0.03142,-0.02818,NEGATIVE RESPONSE
C04214,1,0,0.07467,Low,0.00669,0.03921,-0.03252,NEGATIVE RESPONSE
C04215,0,0,0.03457,Low,0.00565,0.03545,-0.02979,NEGATIVE RESPONSE
C04216,0,0,0.00727,Low,0.0073,0.00672,0.00058,LOW RESPONSE
C04217,0,0,0.04465,Low,0.00478,0.0281,-0.02332,NEGATIVE RESPONSE
C04218,1,0,0.04134,Low,0.00462,0.03021,-0.02558,NEGATIVE RESPONSE
C04219,1,0,0.00547,Low,0.01575,0.01702,-0.00127,NEGATIVE RESPONSE
C04220,1,0,0.00588,Low,0.0063,0.00558,0.00072,LOW RESPONSE
C04221,0,0,0.2555,Low,0.02071,0.13653,-0.11582,NEGATIVE RESPONSE
C04222,1,0,0.07926,Low,0.00722,0.02431,-0.01709,NEGATIVE RESPONSE
C04223,1,0,0.0269,Low,0.00599,0.03035,-0.02436,NEGATIVE RESPONSE
C04224,1,0,0.01565,Low,0.00614,0.04348,-0.03734,NEGATIVE RESPONSE
C04225,1,0,0.0065,Low,0.00784,0.00793,-1e-04,LOW RESPONSE
C04226,0,0,0.03121,Low,0.01146,0.04934,-0.03788,NEGATIVE RESPONSE
C04227,0,0,0.14996,Low,0.00731,0.0641,-0.05679,NEGATIVE RESPONSE
C04228,1,0,0.00721,Low,0.00836,0.00918,-0.00082,LOW RESPONSE
C04229,1,0,0.01059,Low,0.01079,0.00755,0.00324,LOW RESPONSE
C04230,1,0,0.01116,Low,0.00692,0.00997,-0.00306,NEGATIVE RESPONSE
C04231,0,0,0.01577,Low,0.0133,0.00691,0.00639,LOW RESPONSE
C04232,0,0,0.12297,Low,0.0048,0.04082,-0.03602,NEGATIVE RESPONSE
C04233,0,0,0.00197,Low,0.01028,0.00911,0.00117,LOW RESPONSE
C04234,1,0,0.00532,Low,0.01,0.00851,0.0015,LOW RESPONSE
C04235,0,0,0.01352,Low,0.01156,0.00615,0.00541,LOW RESPONSE
C04236,1,0,0.00727,Low,0.01466,0.01142,0.00324,LOW RESPONSE
C04237,0,0,0.02768,Low,0.00487,0.0076,-0.00272,NEGATIVE RESPONSE
C04238,1,0,0.0056,Low,0.00588,0.00869,-0.0028,NEGATIVE RESPONSE
C04239,1,0,0.00456,Low,0.00934,0.00687,0.00246,LOW RESPONSE
C04240,0,0,0.01776,Low,0.00668,0.00726,-0.00059,LOW RESPONSE
C04241,1,0,0.10474,Low,0.006,0.03596,-0.02996,NEGATIVE RESPONSE
C04242,1,0,0.0013,Low,0.00883,0.00709,0.00175,LOW RESPONSE
C04243,0,0,0.00755,Low,0.00912,0.00632,0.0028,LOW RESPONSE
C04244,1,0,0.00248,Low,0.0075,0.00799,-0.00049,LOW RESPONSE
C04245,1,0,0.01776,Low,0.02146,0.00664,0.01482,LOW RESPONSE
C04246,0,0,0.11056,Low,0.0089,0.11283,-0.10393,NEGATIVE RESPONSE
C04247,0,0,0.04953,Low,0.0058,0.02532,-0.01952,NEGATIVE RESPONSE
C04248,0,0,0.03858,Low,0.00692,0.03367,-0.02675,NEGATIVE RESPONSE
C04249,1,0,0.00748,Low,0.00496,0.00966,-0.0047,NEGATIVE RESPONSE
C04250,1,0,0.00256,Low,0.00623,0.00635,-0.00012,LOW RESPONSE
C04251,0,0,0.00281,Low,0.00562,0.01763,-0.01201,NEGATIVE RESPONSE
C04252,0,0,0.01953,Low,0.00754,0.02601,-0.01847,NEGATIVE RESPONSE
C04253,1,0,0.00153,Low,0.01495,0.0151,-0.00015,LOW RESPONSE
C04254,0,0,0.01079,Low,0.00884,0.01044,-0.00159,NEGATIVE RESPONSE
C04255,0,0,0.06174,Low,0.00846,0.02924,-0.02078,NEGATIVE RESPONSE
C04256,1,0,0.00818,Low,0.00447,0.03779,-0.03333,NEGATIVE RESPONSE
C04257,0,0,0.01151,Low,0.01262,0.01866,-0.00603,NEGATIVE RESPONSE
C04258,1,0,0.00343,Low,0.00577,0.00556,0.00021,LOW RESPONSE
C04259,0,0,0.01579,Low,0.0049,0.00716,-0.00226,NEGATIVE RESPONSE
C04260,0,0,0.12467,Low,0.02192,0.05415,-0.03223,NEGATIVE RESPONSE
C04261,1,0,0.01972,Low,0.00732,0.02884,-0.02152,NEGATIVE RESPONSE
C04262,1,0,0.00389,Low,0.00814,0.00704,0.0011,LOW RESPONSE
C04263,1,0,0.00263,Low,0.01295,0.00493,0.00802,LOW RESPONSE
C04264,1,0,0.10118,Low,0.00835,0.04094,-0.03259,NEGATIVE RESPONSE
C04265,1,0,0.02918,Low,0.00879,0.00831,0.00048,LOW RESPONSE
C04266,1,0,0.00318,Low,0.00615,0.00624,-9e-05,LOW RESPONSE
C04267,0,0,0.02684,Low,0.00854,0.00847,7e-05,LOW RESPONSE
C04268,1,0,0.01395,Low,0.0061,0.01631,-0.01021,NEGATIVE RESPONSE
C04269,1,0,0.02215,Low,0.00647,0.00534,0.00114,LOW RESPONSE
C04270,1,0,0.12671,Low,0.00588,0.0393,-0.03341,NEGATIVE RESPONSE
C04271,1,0,0.00369,Low,0.0067,0.00751,-0.00081,LOW RESPONSE
C04272,1,0,0.00227,Low,0.00514,0.00537,-0.00023,LOW RESPONSE
C04273,0,0,0.00604,Low,0.00823,0.00664,0.0016,LOW RESPONSE
C04274,1,0,0.00776,Low,0.00793,0.00777,0.00016,LOW RESPONSE
C04275,1,0,0.02171,Low,0.01974,0.06664,-0.0469,NEGATIVE RESPONSE
C04276,1,0,0.0033,Low,0.0054,0.00653,-0.00113,NEGATIVE RESPONSE
C04277,1,0,0.02035,Low,0.00686,0.00666,0.0002,LOW RESPONSE
C04278,1,0,0.00168,Low,0.00586,0.00724,-0.00138,NEGATIVE RESPONSE
C04279,1,0,0.01758,Low,0.00629,0.00594,0.00036,LOW RESPONSE
C04280,1,0,0.02566,Low,0.00522,0.03583,-0.03061,NEGATIVE RESPONSE
C04281,1,0,0.10424,Low,0.00544,0.03021,-0.02478,NEGATIVE RESPONSE
C04282,0,0,0.00553,Low,0.00629,0.01137,-0.00508,NEGATIVE RESPONSE
C04283,1,0,0.04873,Low,0.00718,0.04158,-0.0344,NEGATIVE RESPONSE
C04284,0,0,0.00574,Low,0.00368,0.0112,-0.00753,NEGATIVE RESPONSE
C04285,1,0,0.00177,Low,0.00558,0.00848,-0.0029,NEGATIVE RESPONSE
C04286,1,0,0.04643,Low,0.00911,0.0604,-0.05129,NEGATIVE RESPONSE
C04287,1,0,0.04269,Low,0.03124,0.11939,-0.08815,NEGATIVE RESPONSE
C04288,0,0,0.02192,Low,0.00747,0.04629,-0.03882,NEGATIVE RESPONSE
C04289,0,0,0.0026,Low,0.01088,0.01251,-0.00163,NEGATIVE RESPONSE
C04290,0,0,0.09555,Low,0.0045,0.03252,-0.02802,NEGATIVE RESPONSE
C04291,0,0,0.01682,Low,0.00362,0.02713,-0.02351,NEGATIVE RESPONSE
C04292,0,0,0.05984,Low,0.00954,0.05997,-0.05043,NEGATIVE RESPONSE
C04293,1,0,0.01117,Low,0.0124,0.01099,0.0014,LOW RESPONSE
C04294,0,0,0.01595,Low,0.0056,0.02635,-0.02076,NEGATIVE RESPONSE
C04295,0,0,0.0095,Low,0.01043,0.01429,-0.00386,NEGATIVE RESPONSE
C04296,1,0,0.02679,Low,0.00565,0.01755,-0.0119,NEGATIVE RESPONSE
C04297,1,0,0.017,Low,0.01005,0.0062,0.00385,LOW RESPONSE
C04298,1,0,0.0134,Low,0.01086,0.0055,0.00536,LOW RESPONSE
C04299,1,0,0.10378,Low,0.0049,0.04726,-0.04236,NEGATIVE RESPONSE
C04300,1,0,0.22339,Low,0.01202,0.05947,-0.04746,NEGATIVE RESPONSE
C04301,0,0,0.03789,Low,0.00622,0.0498,-0.04358,NEGATIVE RESPONSE
C04302,1,1,0.93273,Critical,0.0102,0.126,-0.1158,NEGATIVE RESPONSE
C04303,1,0,0.01237,Low,0.01155,0.00919,0.00236,LOW RESPONSE
C04304,1,0,0.12183,Low,0.00552,0.02833,-0.02281,NEGATIVE RESPONSE
C04305,1,0,0.03062,Low,0.00678,0.02433,-0.01755,NEGATIVE RESPONSE
C04306,0,0,0.02129,Low,0.01717,0.01864,-0.00148,NEGATIVE RESPONSE
C04307,1,0,0.003,Low,0.00699,0.00615,0.00084,LOW RESPONSE
C04308,1,0,0.00985,Low,0.00435,0.02256,-0.01821,NEGATIVE RESPONSE
C04309,1,0,0.01074,Low,0.00546,0.03263,-0.02718,NEGATIVE RESPONSE
C04310,1,0,0.01013,Low,0.00631,0.00729,-0.00098,LOW RESPONSE
C04311,0,0,0.04129,Low,0.00608,0.09563,-0.08955,NEGATIVE RESPONSE
C04312,1,0,0.10542,Low,0.01033,0.05662,-0.04629,NEGATIVE RESPONSE
C04313,1,0,0.00983,Low,0.00638,0.00707,-0.00069,LOW RESPONSE
C04314,1,0,0.03805,Low,0.00635,0.05576,-0.04941,NEGATIVE RESPONSE
C04315,0,0,0.01266,Low,0.00964,0.00894,0.0007,LOW RESPONSE
C04316,1,0,0.00695,Low,0.01258,0.01157,0.00101,LOW RESPONSE
C04317,1,0,0.01005,Low,0.00825,0.00565,0.0026,LOW RESPONSE
C04318,1,0,0.00575,Low,0.00932,0.00639,0.00293,LOW RESPONSE
C04319,1,0,0.02603,Low,0.007,0.04188,-0.03488,NEGATIVE RESPONSE
C04320,0,0,0.00516,Low,0.00676,0.00661,0.00016,LOW RESPONSE
C04321,0,1,0.27094,Low,0.01676,0.09231,-0.07555,NEGATIVE RESPONSE
C04322,1,0,0.09817,Low,0.00555,0.03637,-0.03082,NEGATIVE RESPONSE
C04323,1,0,0.23074,Low,0.00742,0.04713,-0.03971,NEGATIVE RESPONSE
C04324,1,0,0.00933,Low,0.01193,0.00839,0.00354,LOW RESPONSE
C04325,0,0,0.02185,Low,0.00872,0.00931,-0.00059,LOW RESPONSE
C04326,1,0,0.07394,Low,0.0063,0.02991,-0.02361,NEGATIVE RESPONSE
C04327,0,0,0.00957,Low,0.00987,0.00945,0.00042,LOW RESPONSE
C04328,1,0,0.00171,Low,0.00834,0.01046,-0.00212,NEGATIVE RESPONSE
C04329,0,0,0.00191,Low,0.00404,0.00749,-0.00345,NEGATIVE RESPONSE
C04330,0,1,0.93625,Critical,0.02474,0.05566,-0.03092,NEGATIVE RESPONSE
C04331,1,0,0.00939,Low,0.00841,0.04095,-0.03255,NEGATIVE RESPONSE
C04332,1,0,0.05439,Low,0.0096,0.03894,-0.02934,NEGATIVE RESPONSE
C04333,1,0,0.01275,Low,0.00699,0.02415,-0.01716,NEGATIVE RESPONSE
C04334,1,0,0.03414,Low,0.00732,0.03016,-0.02284,NEGATIVE RESPONSE
C04335,1,0,0.00188,Low,0.00585,0.0055,0.00035,LOW RESPONSE
C04336,1,0,0.25153,Low,0.00854,0.06564,-0.0571,NEGATIVE RESPONSE
C04337,1,0,0.0073,Low,0.01019,0.0099,0.00029,LOW RESPONSE
C04338,0,0,0.12464,Low,0.00532,0.07789,-0.07257,NEGATIVE RESPONSE
C04339,0,0,0.01272,Low,0.00527,0.02566,-0.02039,NEGATIVE RESPONSE
C04340,1,0,0.00701,Low,0.00902,0.00952,-0.0005,LOW RESPONSE
C04341,0,0,0.00555,Low,0.01,0.00595,0.00405,LOW RESPONSE
C04342,1,0,0.1054,Low,0.00576,0.04583,-0.04007,NEGATIVE RESPONSE
C04343,0,0,0.48586,Medium,0.01117,0.09704,-0.08587,NEGATIVE RESPONSE
C04344,1,0,0.00258,Low,0.00573,0.00552,0.00021,LOW RESPONSE
C04345,0,0,0.01182,Low,0.00551,0.02452,-0.01901,NEGATIVE RESPONSE
C04346,1,0,0.01815,Low,0.00768,0.00894,-0.00126,NEGATIVE RESPONSE
C04347,0,0,0.12034,Low,0.00507,0.026,-0.02093,NEGATIVE RESPONSE
C04348,1,0,0.00352,Low,0.01112,0.01407,-0.00295,NEGATIVE RESPONSE
C04349,1,0,0.10781,Low,0.00409,0.02765,-0.02356,NEGATIVE RESPONSE
C04350,0,0,0.00323,Low,0.00553,0.00806,-0.00254,NEGATIVE RESPONSE
C04351,0,0,0.00493,Low,0.00622,0.00672,-0.00049,LOW RESPONSE
C04352,0,0,0.01446,Low,0.00599,0.00725,-0.00126,NEGATIVE RESPONSE
C04353,0,0,0.00898,Low,0.00834,0.01074,-0.0024,NEGATIVE RESPONSE
C04354,0,0,0.0363,Low,0.00792,0.01063,-0.00271,NEGATIVE RESPONSE
C04355,0,0,0.04329,Low,0.0058,0.03902,-0.03322,NEGATIVE RESPONSE
C04356,1,0,0.00172,Low,0.00858,0.00542,0.00316,LOW RESPONSE
C04357,1,0,0.04012,Low,0.00547,0.0464,-0.04093,NEGATIVE RESPONSE
C04358,1,0,0.02489,Low,0.02241,0.03353,-0.01112,NEGATIVE RESPONSE
C04359,1,0,0.0225,Low,0.00792,0.00765,0.00027,LOW RESPONSE
C04360,1,1,0.94769,Critical,0.00545,0.09554,-0.0901,NEGATIVE RESPONSE
C04361,1,0,0.02165,Low,0.00611,0.02402,-0.01791,NEGATIVE RESPONSE
C04362,0,0,0.01167,Low,0.00624,0.00913,-0.00289,NEGATIVE RESPONSE
C04363,1,0,0.01158,Low,0.00562,0.01011,-0.00449,NEGATIVE RESPONSE
C04364,0,0,0.03826,Low,0.01032,0.04067,-0.03035,NEGATIVE RESPONSE
C04365,1,0,0.01942,Low,0.00455,0.04035,-0.0358,NEGATIVE RESPONSE
C04366,0,0,0.01534,Low,0.0066,0.00705,-0.00045,LOW RESPONSE
C04367,1,0,0.00647,Low,0.01048,0.01026,0.00022,LOW RESPONSE
C04368,0,0,0.00429,Low,0.00862,0.01264,-0.00402,NEGATIVE RESPONSE
C04369,1,0,0.53501,Medium,0.02546,0.07791,-0.05245,NEGATIVE RESPONSE
C04370,0,0,0.0168,Low,0.00461,0.0117,-0.00709,NEGATIVE RESPONSE
C04371,0,0,0.02446,Low,0.00394,0.02537,-0.02143,NEGATIVE RESPONSE
C04372,0,0,0.00559,Low,0.00769,0.00695,0.00075,LOW RESPONSE
C04373,1,0,0.11726,Low,0.00628,0.03377,-0.02749,NEGATIVE RESPONSE
C04374,0,0,0.06653,Low,0.00635,0.0506,-0.04425,NEGATIVE RESPONSE
C04375,0,0,0.00245,Low,0.00876,0.00618,0.00259,LOW RESPONSE
C04376,1,0,0.00157,Low,0.01163,0.00741,0.00422,LOW RESPONSE
C04377,1,0,0.00637,Low,0.004,0.00694,-0.00294,NEGATIVE RESPONSE
C04378,0,0,0.04433,Low,0.00576,0.02748,-0.02172,NEGATIVE RESPONSE
C04379,1,0,0.0041,Low,0.00637,0.00568,0.00069,LOW RESPONSE
C04380,0,0,0.00911,Low,0.00537,0.00722,-0.00184,NEGATIVE RESPONSE
C04381,1,0,0.17902,Low,0.00914,0.05532,-0.04617,NEGATIVE RESPONSE
C04382,1,0,0.0012,Low,0.01167,0.00746,0.00421,LOW RESPONSE
C04383,0,0,0.00589,Low,0.00683,0.01184,-0.00501,NEGATIVE RESPONSE
C04384,0,0,0.00312,Low,0.00664,0.00551,0.00113,LOW RESPONSE
C04385,1,0,0.1786,Low,0.00514,0.05846,-0.05332,NEGATIVE RESPONSE
C04386,1,0,0.01044,Low,0.01408,0.00914,0.00494,LOW RESPONSE
C04387,1,0,0.16205,Low,0.00565,0.04578,-0.04014,NEGATIVE RESPONSE
C04388,0,0,0.05614,Low,0.00442,0.03361,-0.02919,NEGATIVE RESPONSE
C04389,1,0,0.02403,Low,0.00639,0.03306,-0.02666,NEGATIVE RESPONSE
C04390,0,0,0.00199,Low,0.0221,0.00862,0.01349,LOW RESPONSE
C04391,1,0,0.04925,Low,0.00619,0.01906,-0.01287,NEGATIVE RESPONSE
C04392,1,0,0.04243,Low,0.00646,0.02788,-0.02142,NEGATIVE RESPONSE
C04393,1,0,0.04666,Low,0.04098,0.03783,0.00315,PERSUADABLE
C04394,0,0,0.06408,Low,0.00512,0.04036,-0.03523,NEGATIVE RESPONSE
C04395,1,0,0.29951,Low,0.00887,0.0764,-0.06753,NEGATIVE RESPONSE
C04396,0,0,0.03643,Low,0.00635,0.0478,-0.04145,NEGATIVE RESPONSE
C04397,1,0,0.03179,Low,0.00642,0.03586,-0.02943,NEGATIVE RESPONSE
C04398,1,0,0.00423,Low,0.00502,0.00561,-0.00059,LOW RESPONSE
C04399,0,0,0.00678,Low,0.01663,0.01762,-0.00099,LOW RESPONSE
C04400,1,0,0.03541,Low,0.00407,0.02036,-0.01629,NEGATIVE RESPONSE
C04401,1,0,0.04083,Low,0.00433,0.02278,-0.01844,NEGATIVE RESPONSE
C04402,0,0,0.00976,Low,0.00661,0.00726,-0.00065,LOW RESPONSE
C04403,1,0,0.00804,Low,0.00945,0.00956,-0.00011,LOW RESPONSE
C04404,1,0,0.166,Low,0.00502,0.03348,-0.02846,NEGATIVE RESPONSE
C04405,1,0,0.04061,Low,0.01796,0.04246,-0.0245,NEGATIVE RESPONSE
C04406,1,0,0.00305,Low,0.0047,0.01034,-0.00564,NEGATIVE RESPONSE
C04407,0,0,0.01482,Low,0.00759,0.01128,-0.00369,NEGATIVE RESPONSE
C04408,0,0,0.01277,Low,0.00724,0.00797,-0.00073,LOW RESPONSE
C04409,1,0,0.26615,Low,0.00679,0.04663,-0.03985,NEGATIVE RESPONSE
C04410,0,0,0.0086,Low,0.00758,0.0071,0.00047,LOW RESPONSE
C04411,0,0,0.00374,Low,0.01284,0.01314,-0.0003,LOW RESPONSE
C04412,1,0,0.05828,Low,0.01468,0.03921,-0.02453,NEGATIVE RESPONSE
C04413,1,0,0.00202,Low,0.00587,0.02103,-0.01517,NEGATIVE RESPONSE
C04414,1,0,0.00553,Low,0.00891,0.0093,-0.00038,LOW RESPONSE
C04415,1,0,0.01168,Low,0.00553,0.02343,-0.01791,NEGATIVE RESPONSE
C04416,1,0,0.04735,Low,0.00709,0.03459,-0.02751,NEGATIVE RESPONSE
C04417,1,0,0.02059,Low,0.00493,0.00793,-0.00299,NEGATIVE RESPONSE
C04418,1,0,0.01161,Low,0.0051,0.00935,-0.00425,NEGATIVE RESPONSE
C04419,1,0,0.0253,Low,0.00562,0.01731,-0.01169,NEGATIVE RESPONSE
C04420,0,0,0.00507,Low,0.01244,0.00901,0.00343,LOW RESPONSE
C04421,1,0,0.07937,Low,0.01101,0.05086,-0.03985,NEGATIVE RESPONSE
C04422,1,0,0.03786,Low,0.00681,0.03458,-0.02777,NEGATIVE RESPONSE
C04423,1,0,0.06964,Low,0.00657,0.04946,-0.04289,NEGATIVE RESPONSE
C04424,0,0,0.13057,Low,0.01639,0.07812,-0.06173,NEGATIVE RESPONSE
C04425,1,0,0.01685,Low,0.01527,0.00635,0.00892,LOW RESPONSE
C04426,0,0,0.00652,Low,0.00619,0.00828,-0.00209,NEGATIVE RESPONSE
C04427,1,0,0.09542,Low,0.00574,0.04362,-0.03788,NEGATIVE RESPONSE
C04428,1,0,0.00488,Low,0.00998,0.00685,0.00312,LOW RESPONSE
C04429,0,0,0.01469,Low,0.01002,0.00953,0.00049,LOW RESPONSE
C04430,1,0,0.02293,Low,0.00382,0.02487,-0.02105,NEGATIVE RESPONSE
C04431,0,0,0.10868,Low,0.0065,0.05278,-0.04628,NEGATIVE RESPONSE
C04432,1,0,0.00212,Low,0.01098,0.00691,0.00407,LOW RESPONSE
C04433,1,0,0.03384,Low,0.00428,0.02215,-0.01787,NEGATIVE RESPONSE
C04434,1,0,0.01415,Low,0.00458,0.03351,-0.02893,NEGATIVE RESPONSE
C04435,0,0,0.01631,Low,0.00977,0.00951,0.00026,LOW RESPONSE
C04436,1,0,0.00213,Low,0.00476,0.0266,-0.02184,NEGATIVE RESPONSE
C04437,1,0,0.00969,Low,0.00451,0.00757,-0.00306,NEGATIVE RESPONSE
C04438,1,0,0.00286,Low,0.00521,0.00795,-0.00274,NEGATIVE RESPONSE
C04439,1,0,0.04271,Low,0.00729,0.0264,-0.01911,NEGATIVE RESPONSE
C04440,1,0,0.01727,Low,0.01476,0.01441,0.00035,LOW RESPONSE
C04441,1,0,0.07175,Low,0.00486,0.03833,-0.03347,NEGATIVE RESPONSE
C04442,1,0,0.00866,Low,0.00587,0.00961,-0.00374,NEGATIVE RESPONSE
C04443,0,0,0.25996,Low,0.01005,0.05979,-0.04974,NEGATIVE RESPONSE
C04444,1,0,0.01335,Low,0.00696,0.01273,-0.00577,NEGATIVE RESPONSE
C04445,1,0,0.05113,Low,0.006,0.02411,-0.01811,NEGATIVE RESPONSE
C04446,1,0,0.00153,Low,0.00667,0.00823,-0.00156,NEGATIVE RESPONSE
C04447,0,0,0.01651,Low,0.00994,0.01068,-0.00074,LOW RESPONSE
C04448,1,0,0.15149,Low,0.00943,0.0425,-0.03307,NEGATIVE RESPONSE
C04449,1,0,0.01709,Low,0.01512,0.01497,0.00014,LOW RESPONSE
C04450,1,0,0.0043,Low,0.01333,0.01039,0.00293,LOW RESPONSE
C04451,1,0,0.00478,Low,0.00808,0.03046,-0.02238,NEGATIVE RESPONSE
C04452,1,0,0.2572,Low,0.00806,0.0296,-0.02154,NEGATIVE RESPONSE
C04453,1,0,0.00365,Low,0.00729,0.00721,8e-05,LOW RESPONSE
C04454,1,0,0.00224,Low,0.01083,0.00576,0.00507,LOW RESPONSE
C04455,0,0,0.00501,Low,0.00672,0.00959,-0.00288,NEGATIVE RESPONSE
C04456,1,0,0.01723,Low,0.01036,0.00807,0.00228,LOW RESPONSE
C04457,0,0,0.03771,Low,0.00873,0.01085,-0.00212,NEGATIVE RESPONSE
C04458,1,0,0.03523,Low,0.0093,0.05647,-0.04717,NEGATIVE RESPONSE
C04459,0,0,0.00843,Low,0.00749,0.00634,0.00115,LOW RESPONSE
C04460,1,0,0.03976,Low,0.00572,0.04416,-0.03844,NEGATIVE RESPONSE
C04461,1,0,0.002,Low,0.00694,0.00601,0.00093,LOW RESPONSE
C04462,1,0,0.07031,Low,0.01247,0.05256,-0.04009,NEGATIVE RESPONSE
C04463,1,0,0.00157,Low,0.00821,0.00622,0.00199,LOW RESPONSE
C04464,0,0,0.02557,Low,0.00461,0.03431,-0.0297,NEGATIVE RESPONSE
C04465,1,0,0.00993,Low,0.01312,0.00994,0.00318,LOW RESPONSE
C04466,0,0,0.27256,Low,0.00891,0.06606,-0.05714,NEGATIVE RESPONSE
C04467,0,0,0.02298,Low,0.01536,0.00637,0.00899,LOW RESPONSE
C04468,1,0,0.02012,Low,0.00712,0.00689,0.00023,LOW RESPONSE
C04469,1,0,0.02383,Low,0.00966,0.02318,-0.01352,NEGATIVE RESPONSE
C04470,1,0,0.01511,Low,0.00619,0.01168,-0.00549,NEGATIVE RESPONSE
C04471,1,0,0.00067,Low,0.00571,0.00495,0.00076,LOW RESPONSE
C04472,0,0,0.03107,Low,0.00954,0.00695,0.00259,LOW RESPONSE
C04473,1,0,0.00322,Low,0.00494,0.00595,-0.00101,NEGATIVE RESPONSE
C04474,1,0,0.05722,Low,0.00776,0.02469,-0.01693,NEGATIVE RESPONSE
C04475,1,0,0.05802,Low,0.00877,0.03513,-0.02635,NEGATIVE RESPONSE
C04476,1,0,0.00899,Low,0.0068,0.00659,0.00021,LOW RESPONSE
C04477,1,0,0.00569,Low,0.00449,0.00572,-0.00123,NEGATIVE RESPONSE
C04478,0,0,0.00484,Low,0.00446,0.0372,-0.03274,NEGATIVE RESPONSE
C04479,0,0,0.002,Low,0.00697,0.00725,-0.00028,LOW RESPONSE
C04480,0,0,0.07753,Low,0.00585,0.03841,-0.03256,NEGATIVE RESPONSE
C04481,0,0,0.03889,Low,0.01508,0.0094,0.00568,PERSUADABLE
C04482,1,0,0.00249,Low,0.00459,0.00806,-0.00347,NEGATIVE RESPONSE
C04483,1,0,0.00369,Low,0.00496,0.00731,-0.00235,NEGATIVE RESPONSE
C04484,1,0,0.01827,Low,0.00913,0.00855,0.00058,LOW RESPONSE
C04485,1,0,0.00365,Low,0.01048,0.01049,-2e-05,LOW RESPONSE
C04486,1,0,0.00252,Low,0.0056,0.00773,-0.00213,NEGATIVE RESPONSE
C04487,1,0,0.03054,Low,0.00664,0.03176,-0.02513,NEGATIVE RESPONSE
C04488,0,0,0.08621,Low,0.00736,0.02967,-0.02231,NEGATIVE RESPONSE
C04489,1,0,0.01411,Low,0.008,0.02523,-0.01723,NEGATIVE RESPONSE
C04490,1,0,0.00332,Low,0.00851,0.00762,0.00089,LOW RESPONSE
C04491,1,0,0.00492,Low,0.01264,0.02564,-0.013,NEGATIVE RESPONSE
C04492,1,0,0.00294,Low,0.0074,0.0067,0.00071,LOW RESPONSE
C04493,0,0,0.0408,Low,0.00555,0.04983,-0.04428,NEGATIVE RESPONSE
C04494,1,0,0.06088,Low,0.00589,0.03161,-0.02572,NEGATIVE RESPONSE
C04495,1,0,0.38187,Medium,0.00531,0.04363,-0.03831,NEGATIVE RESPONSE
C04496,0,0,0.00468,Low,0.00448,0.01113,-0.00664,NEGATIVE RESPONSE
C04497,1,0,0.12538,Low,0.00979,0.11521,-0.10542,NEGATIVE RESPONSE
C04498,1,0,0.04952,Low,0.00738,0.02862,-0.02124,NEGATIVE RESPONSE
C04499,0,1,0.90362,Critical,0.01585,0.04036,-0.02451,NEGATIVE RESPONSE
C04500,1,0,0.13604,Low,0.00994,0.05892,-0.04898,NEGATIVE RESPONSE
C04501,1,0,0.01572,Low,0.00683,0.0082,-0.00137,NEGATIVE RESPONSE
C04502,1,0,0.00441,Low,0.01731,0.01194,0.00537,LOW RESPONSE
C04503,1,1,0.93904,Critical,0.01798,0.07427,-0.05629,NEGATIVE RESPONSE
C04504,0,0,0.00379,Low,0.01134,0.00955,0.0018,LOW RESPONSE
C04505,1,0,0.00341,Low,0.01424,0.00763,0.00661,LOW RESPONSE
C04506,1,0,0.00628,Low,0.00687,0.01292,-0.00606,NEGATIVE RESPONSE
C04507,1,0,0.0234,Low,0.00521,0.00973,-0.00452,NEGATIVE RESPONSE
C04508,1,0,0.00888,Low,0.01405,0.01117,0.00288,LOW RESPONSE
C04509,1,0,0.01024,Low,0.00782,0.0114,-0.00358,NEGATIVE RESPONSE
C04510,1,0,0.29367,Low,0.00929,0.07748,-0.0682,NEGATIVE RESPONSE
C04511,0,0,0.04319,Low,0.00402,0.03905,-0.03503,NEGATIVE RESPONSE
C04512,1,1,0.9164,Critical,0.01508,0.08165,-0.06658,NEGATIVE RESPONSE
C04513,1,0,0.0038,Low,0.00531,0.00924,-0.00394,NEGATIVE RESPONSE
C04514,0,0,0.00922,Low,0.01172,0.00743,0.0043,LOW RESPONSE
C04515,0,0,0.00916,Low,0.01221,0.00839,0.00382,LOW RESPONSE
C04516,1,0,0.12668,Low,0.00677,0.03622,-0.02945,NEGATIVE RESPONSE
C04517,1,0,0.10353,Low,0.00542,0.02778,-0.02236,NEGATIVE RESPONSE
C04518,1,0,0.17329,Low,0.00683,0.0429,-0.03607,NEGATIVE RESPONSE
C04519,1,0,0.01522,Low,0.01066,0.0066,0.00405,LOW RESPONSE
C04520,1,0,0.00308,Low,0.00671,0.02874,-0.02202,NEGATIVE RESPONSE
C04521,1,0,0.00243,Low,0.00724,0.00849,-0.00125,NEGATIVE RESPONSE
C04522,0,0,0.0015,Low,0.00484,0.00632,-0.00147,NEGATIVE RESPONSE
C04523,1,0,0.00971,Low,0.01119,0.008,0.00319,LOW RESPONSE
C04524,0,0,0.0247,Low,0.01166,0.05755,-0.04589,NEGATIVE RESPONSE
C04525,1,0,0.00924,Low,0.0153,0.00681,0.00849,LOW RESPONSE
C04526,0,0,0.00508,Low,0.00754,0.00564,0.0019,LOW RESPONSE
C04527,0,0,0.01754,Low,0.00458,0.03569,-0.03111,NEGATIVE RESPONSE
C04528,0,0,0.00872,Low,0.01618,0.00769,0.00849,LOW RESPONSE
C04529,1,0,0.05213,Low,0.00676,0.0261,-0.01934,NEGATIVE RESPONSE
C04530,0,0,0.01688,Low,0.00531,0.02404,-0.01873,NEGATIVE RESPONSE
C04531,1,0,0.03612,Low,0.00621,0.03591,-0.0297,NEGATIVE RESPONSE
C04532,1,0,0.01827,Low,0.0088,0.04023,-0.03142,NEGATIVE RESPONSE
C04533,1,0,0.13248,Low,0.00467,0.04132,-0.03665,NEGATIVE RESPONSE
C04534,1,0,0.08321,Low,0.00453,0.02795,-0.02342,NEGATIVE RESPONSE
C04535,1,0,0.00505,Low,0.00732,0.0094,-0.00208,NEGATIVE RESPONSE
C04536,1,0,0.00436,Low,0.00791,0.00878,-0.00086,LOW RESPONSE
C04537,1,0,0.02929,Low,0.00505,0.02647,-0.02142,NEGATIVE RESPONSE
C04538,0,0,0.00351,Low,0.01057,0.00614,0.00443,LOW RESPONSE
C04539,1,0,0.4374,Medium,0.00835,0.0992,-0.09085,NEGATIVE RESPONSE
C04540,1,0,0.03223,Low,0.01417,0.01542,-0.00125,NEGATIVE RESPONSE
C04541,0,0,0.03406,Low,0.0051,0.02751,-0.0224,NEGATIVE RESPONSE
C04542,1,0,0.01372,Low,0.00922,0.00874,0.00047,LOW RESPONSE
C04543,0,0,0.02723,Low,0.00935,0.0228,-0.01345,NEGATIVE RESPONSE
C04544,0,1,0.09418,Low,0.00892,0.03641,-0.02749,NEGATIVE RESPONSE
C04545,0,0,0.00301,Low,0.00792,0.00695,0.00097,LOW RESPONSE
C04546,1,0,0.02973,Low,0.04339,0.08782,-0.04442,NEGATIVE RESPONSE
C04547,1,0,0.00793,Low,0.01408,0.01139,0.00269,LOW RESPONSE
C04548,0,0,0.01237,Low,0.00655,0.00615,0.00041,LOW RESPONSE
C04549,1,0,0.00445,Low,0.0099,0.00746,0.00244,LOW RESPONSE
C04550,0,0,0.01055,Low,0.00765,0.0075,0.00015,LOW RESPONSE
C04551,1,0,0.06603,Low,0.01201,0.06594,-0.05393,NEGATIVE RESPONSE
C04552,1,0,0.12009,Low,0.00754,0.07304,-0.0655,NEGATIVE RESPONSE
C04553,1,0,0.01117,Low,0.00982,0.00769,0.00214,LOW RESPONSE
C04554,1,0,0.13065,Low,0.00639,0.05947,-0.05308,NEGATIVE RESPONSE
C04555,1,0,0.01401,Low,0.01057,0.01117,-0.0006,LOW RESPONSE
C04556,1,0,0.05179,Low,0.00681,0.03701,-0.0302,NEGATIVE RESPONSE
C04557,0,0,0.01265,Low,0.00462,0.03544,-0.03082,NEGATIVE RESPONSE
C04558,0,0,0.24053,Low,0.00597,0.033,-0.02703,NEGATIVE RESPONSE
C04559,1,0,0.01243,Low,0.00447,0.01819,-0.01372,NEGATIVE RESPONSE
C04560,0,0,0.13601,Low,0.00804,0.06796,-0.05992,NEGATIVE RESPONSE
C04561,1,0,0.09886,Low,0.00721,0.03205,-0.02484,NEGATIVE RESPONSE
C04562,1,0,0.06805,Low,0.0059,0.04799,-0.04209,NEGATIVE RESPONSE
C04563,0,0,0.00375,Low,0.0045,0.01729,-0.01279,NEGATIVE RESPONSE
C04564,1,0,0.00766,Low,0.00919,0.00654,0.00265,LOW RESPONSE
C04565,1,0,0.04372,Low,0.01023,0.0305,-0.02027,NEGATIVE RESPONSE
C04566,1,0,0.00302,Low,0.00792,0.0072,0.00071,LOW RESPONSE
C04567,0,0,0.06576,Low,0.00789,0.05023,-0.04235,NEGATIVE RESPONSE
C04568,1,0,0.13601,Low,0.00798,0.04374,-0.03577,NEGATIVE RESPONSE
C04569,1,0,0.05867,Low,0.00441,0.03569,-0.03128,NEGATIVE RESPONSE
C04570,1,0,0.12834,Low,0.01758,0.04935,-0.03177,NEGATIVE RESPONSE
C04571,0,0,0.003,Low,0.00879,0.00882,-3e-05,LOW RESPONSE
C04572,1,0,0.21442,Low,0.00714,0.05285,-0.0457,NEGATIVE RESPONSE
C04573,1,0,0.04477,Low,0.00557,0.04459,-0.03902,NEGATIVE RESPONSE
C04574,1,0,0.18853,Low,0.00736,0.10837,-0.10102,NEGATIVE RESPONSE
C04575,1,0,0.00175,Low,0.00974,0.01058,-0.00085,LOW RESPONSE
C04576,0,0,0.00273,Low,0.00624,0.00592,0.00031,LOW RESPONSE
C04577,1,0,0.01089,Low,0.00647,0.01108,-0.00461,NEGATIVE RESPONSE
C04578,1,0,0.06439,Low,0.00989,0.07254,-0.06265,NEGATIVE RESPONSE
C04579,0,0,0.0447,Low,0.00652,0.03797,-0.03145,NEGATIVE RESPONSE
C04580,0,0,0.04066,Low,0.00815,0.06156,-0.0534,NEGATIVE RESPONSE
C04581,1,0,0.00305,Low,0.00779,0.00647,0.00132,LOW RESPONSE
C04582,1,0,0.00402,Low,0.0039,0.01113,-0.00723,NEGATIVE RESPONSE
C04583,0,0,0.10131,Low,0.00422,0.02859,-0.02437,NEGATIVE RESPONSE
C04584,1,0,0.00376,Low,0.00628,0.00838,-0.0021,NEGATIVE RESPONSE
C04585,1,0,0.04085,Low,0.00534,0.02477,-0.01943,NEGATIVE RESPONSE
C04586,0,0,0.00345,Low,0.00996,0.00942,0.00053,LOW RESPONSE
C04587,0,0,0.05902,Low,0.00581,0.04232,-0.03651,NEGATIVE RESPONSE
C04588,1,0,0.0551,Low,0.008,0.03348,-0.02547,NEGATIVE RESPONSE
C04589,0,1,0.07995,Low,0.05235,0.05066,0.00169,PERSUADABLE
C04590,1,0,0.00477,Low,0.00693,0.00576,0.00117,LOW RESPONSE
C04591,1,0,0.01211,Low,0.00761,0.00662,0.00099,LOW RESPONSE
C04592,1,0,0.00641,Low,0.01378,0.01967,-0.00589,NEGATIVE RESPONSE
C04593,1,0,0.01511,Low,0.01852,0.01051,0.008,LOW RESPONSE
C04594,1,0,0.00898,Low,0.00551,0.00677,-0.00125,NEGATIVE RESPONSE
C04595,0,0,0.02009,Low,0.01157,0.01225,-0.00069,LOW RESPONSE
C04596,1,0,0.15282,Low,0.00976,0.0458,-0.03605,NEGATIVE RESPONSE
C04597,0,0,0.10495,Low,0.00681,0.04357,-0.03676,NEGATIVE RESPONSE
C04598,1,0,0.02339,Low,0.00993,0.00882,0.00111,LOW RESPONSE
C04599,0,0,0.28717,Low,0.00715,0.04114,-0.03399,NEGATIVE RESPONSE
C04600,0,0,0.00663,Low,0.01177,0.00736,0.00441,LOW RESPONSE
C04601,1,0,0.00308,Low,0.01023,0.01527,-0.00504,NEGATIVE RESPONSE
C04602,0,0,0.00924,Low,0.00928,0.01304,-0.00376,NEGATIVE RESPONSE
C04603,1,0,0.08181,Low,0.00958,0.0333,-0.02372,NEGATIVE RESPONSE
C04604,1,0,0.08214,Low,0.00825,0.04298,-0.03473,NEGATIVE RESPONSE
C04605,1,1,0.94161,Critical,0.01032,0.10279,-0.09247,NEGATIVE RESPONSE
C04606,1,0,0.09889,Low,0.00991,0.04641,-0.0365,NEGATIVE RESPONSE
C04607,0,0,0.01234,Low,0.00761,0.00957,-0.00196,NEGATIVE RESPONSE
C04608,0,0,0.09822,Low,0.00576,0.03282,-0.02707,NEGATIVE RESPONSE
C04609,1,0,0.03762,Low,0.01095,0.02839,-0.01744,NEGATIVE RESPONSE
C04610,1,0,0.05411,Low,0.00388,0.04068,-0.0368,NEGATIVE RESPONSE
C04611,0,0,0.00475,Low,0.01037,0.01229,-0.00193,NEGATIVE RESPONSE
C04612,0,0,0.24014,Low,0.0126,0.04068,-0.02808,NEGATIVE RESPONSE
C04613,0,0,0.01749,Low,0.0089,0.04933,-0.04042,NEGATIVE RESPONSE
C04614,1,0,0.0447,Low,0.01366,0.04296,-0.0293,NEGATIVE RESPONSE
C04615,1,0,0.00844,Low,0.01547,0.00934,0.00613,LOW RESPONSE
C04616,1,0,0.00772,Low,0.00667,0.01121,-0.00454,NEGATIVE RESPONSE
C04617,1,0,0.03172,Low,0.00486,0.05575,-0.05089,NEGATIVE RESPONSE
C04618,0,0,0.01188,Low,0.01246,0.0089,0.00356,LOW RESPONSE
C04619,0,0,0.06993,Low,0.01036,0.05837,-0.04801,NEGATIVE RESPONSE
C04620,1,0,0.03736,Low,0.01043,0.03805,-0.02762,NEGATIVE RESPONSE
C04621,1,1,0.52401,Medium,0.0115,0.21429,-0.2028,NEGATIVE RESPONSE
C04622,1,0,0.04271,Low,0.00995,0.00861,0.00134,PERSUADABLE
C04623,1,0,0.00752,Low,0.0125,0.01028,0.00222,LOW RESPONSE
C04624,1,0,0.54591,Medium,0.01162,0.05261,-0.04099,NEGATIVE RESPONSE
C04625,1,0,0.02168,Low,0.00553,0.01097,-0.00544,NEGATIVE RESPONSE
C04626,1,0,0.00587,Low,0.0085,0.00511,0.00339,LOW RESPONSE
C04627,0,0,0.00824,Low,0.00812,0.00897,-0.00085,LOW RESPONSE
C04628,0,0,0.00411,Low,0.00766,0.00761,5e-05,LOW RESPONSE
C04629,0,0,0.00394,Low,0.00842,0.00845,-4e-05,LOW RESPONSE
C04630,0,0,0.01608,Low,0.00543,0.01328,-0.00785,NEGATIVE RESPONSE
C04631,0,0,0.09798,Low,0.00993,0.04919,-0.03926,NEGATIVE RESPONSE
C04632,0,0,0.01333,Low,0.00651,0.00735,-0.00084,LOW RESPONSE
C04633,1,0,0.53341,Medium,0.00767,0.07422,-0.06655,NEGATIVE RESPONSE
C04634,1,0,0.00886,Low,0.01168,0.01433,-0.00265,NEGATIVE RESPONSE
C04635,0,0,0.06129,Low,0.00719,0.02528,-0.01809,NEGATIVE RESPONSE
C04636,1,0,0.11399,Low,0.00949,0.09321,-0.08372,NEGATIVE RESPONSE
C04637,1,1,0.97853,Critical,0.01332,0.301,-0.28769,NEGATIVE RESPONSE
C04638,0,0,0.02384,Low,0.00536,0.02066,-0.0153,NEGATIVE RESPONSE
C04639,0,0,0.00349,Low,0.00403,0.00457,-0.00054,LOW RESPONSE
C04640,1,0,0.03984,Low,0.00916,0.02373,-0.01457,NEGATIVE RESPONSE
C04641,0,0,0.03393,Low,0.0056,0.02307,-0.01747,NEGATIVE RESPONSE
C04642,1,1,0.94347,Critical,0.01139,0.08909,-0.0777,NEGATIVE RESPONSE
C04643,1,0,0.02072,Low,0.00437,0.02972,-0.02534,NEGATIVE RESPONSE
C04644,0,0,0.0675,Low,0.00622,0.04945,-0.04323,NEGATIVE RESPONSE
C04645,1,0,0.00725,Low,0.00556,0.00669,-0.00114,NEGATIVE RESPONSE
C04646,0,0,0.19611,Low,0.00693,0.06468,-0.05774,NEGATIVE RESPONSE
C04647,1,0,0.00603,Low,0.00844,0.00938,-0.00094,LOW RESPONSE
C04648,1,0,0.0037,Low,0.01289,0.00644,0.00646,LOW RESPONSE
C04649,0,0,0.00769,Low,0.00943,0.00841,0.00102,LOW RESPONSE
C04650,1,0,0.25074,Low,0.01415,0.04796,-0.03381,NEGATIVE RESPONSE
C04651,0,0,0.0034,Low,0.011,0.00859,0.00241,LOW RESPONSE
C04652,0,0,0.00202,Low,0.01752,0.0148,0.00272,LOW RESPONSE
C04653,0,0,0.01264,Low,0.01654,0.01643,0.00011,LOW RESPONSE
C04654,1,0,0.00745,Low,0.00978,0.01116,-0.00138,NEGATIVE RESPONSE
C04655,1,0,0.00668,Low,0.00453,0.00632,-0.00178,NEGATIVE RESPONSE
C04656,1,0,0.20158,Low,0.00556,0.09888,-0.09332,NEGATIVE RESPONSE
C04657,1,0,0.05645,Low,0.008,0.03061,-0.02261,NEGATIVE RESPONSE
C04658,0,0,0.02386,Low,0.00392,0.02639,-0.02247,NEGATIVE RESPONSE
C04659,0,0,0.04372,Low,0.01005,0.0064,0.00365,PERSUADABLE
C04660,0,1,0.9606,Critical,0.03482,0.07306,-0.03823,NEGATIVE RESPONSE
C04661,1,0,0.05387,Low,0.00461,0.01685,-0.01223,NEGATIVE RESPONSE
C04662,0,0,0.15695,Low,0.0062,0.04206,-0.03587,NEGATIVE RESPONSE
C04663,1,0,0.00254,Low,0.00835,0.00863,-0.00028,LOW RESPONSE
C04664,1,0,0.0091,Low,0.00552,0.02122,-0.0157,NEGATIVE RESPONSE
C04665,0,0,0.00198,Low,0.00473,0.00673,-0.002,NEGATIVE RESPONSE
C04666,0,0,0.0114,Low,0.0135,0.01123,0.00227,LOW RESPONSE
C04667,1,0,0.00484,Low,0.00792,0.01087,-0.00295,NEGATIVE RESPONSE
C04668,0,0,0.00435,Low,0.02625,0.01637,0.00988,LOW RESPONSE
C04669,0,0,0.0156,Low,0.00626,0.02348,-0.01722,NEGATIVE RESPONSE
C04670,1,0,0.00797,Low,0.00821,0.00797,0.00025,LOW RESPONSE
C04671,0,0,0.01043,Low,0.0085,0.00913,-0.00064,LOW RESPONSE
C04672,0,0,0.0223,Low,0.00737,0.00933,-0.00197,NEGATIVE RESPONSE
C04673,0,0,0.12107,Low,0.0053,0.04547,-0.04017,NEGATIVE RESPONSE
C04674,0,0,0.19263,Low,0.00792,0.03667,-0.02875,NEGATIVE RESPONSE
C04675,1,0,0.15011,Low,0.0066,0.053,-0.0464,NEGATIVE RESPONSE
C04676,0,0,0.01863,Low,0.01567,0.01242,0.00325,LOW RESPONSE
C04677,0,0,0.00351,Low,0.00437,0.00819,-0.00381,NEGATIVE RESPONSE
C04678,1,0,0.00457,Low,0.01621,0.01129,0.00493,LOW RESPONSE
C04679,1,0,0.1527,Low,0.00773,0.04605,-0.03832,NEGATIVE RESPONSE
C04680,1,0,0.01702,Low,0.00819,0.01162,-0.00343,NEGATIVE RESPONSE
C04681,1,0,0.00931,Low,0.01158,0.00961,0.00197,LOW RESPONSE
C04682,0,0,0.00808,Low,0.01019,0.00772,0.00247,LOW RESPONSE
C04683,0,0,0.11853,Low,0.00579,0.05481,-0.04902,NEGATIVE RESPONSE
C04684,1,0,0.00742,Low,0.00938,0.01312,-0.00374,NEGATIVE RESPONSE
C04685,1,0,0.01073,Low,0.00759,0.00653,0.00106,LOW RESPONSE
C04686,1,0,0.06311,Low,0.0062,0.05757,-0.05137,NEGATIVE RESPONSE
C04687,0,0,0.00962,Low,0.00595,0.00709,-0.00114,NEGATIVE RESPONSE
C04688,0,0,0.00644,Low,0.00869,0.00901,-0.00032,LOW RESPONSE
C04689,0,0,0.23333,Low,0.00651,0.04674,-0.04022,NEGATIVE RESPONSE
C04690,0,0,0.02,Low,0.00777,0.00787,-9e-05,LOW RESPONSE
C04691,1,0,0.01045,Low,0.00891,0.00874,0.00016,LOW RESPONSE
C04692,1,0,0.00575,Low,0.00439,0.00688,-0.00249,NEGATIVE RESPONSE
C04693,1,0,0.00208,Low,0.00767,0.00804,-0.00037,LOW RESPONSE
C04694,1,0,0.01968,Low,0.00775,0.02523,-0.01749,NEGATIVE RESPONSE
C04695,0,0,0.00552,Low,0.00559,0.02113,-0.01553,NEGATIVE RESPONSE
C04696,0,0,0.00303,Low,0.00796,0.0074,0.00056,LOW RESPONSE
C04697,1,0,0.03939,Low,0.00946,0.0355,-0.02604,NEGATIVE RESPONSE
C04698,1,0,0.31625,Medium,0.0117,0.07152,-0.05982,NEGATIVE RESPONSE
C04699,1,0,0.05943,Low,0.00584,0.03218,-0.02634,NEGATIVE RESPONSE
C04700,1,0,0.01617,Low,0.01028,0.01212,-0.00183,NEGATIVE RESPONSE
C04701,1,0,0.0158,Low,0.00663,0.02483,-0.0182,NEGATIVE RESPONSE
C04702,1,1,0.9607,Critical,0.01942,0.2724,-0.25298,NEGATIVE RESPONSE
C04703,0,0,0.02055,Low,0.01065,0.00718,0.00347,LOW RESPONSE
C04704,0,0,0.00683,Low,0.01402,0.01097,0.00305,LOW RESPONSE
C04705,0,0,0.00648,Low,0.00879,0.02228,-0.01349,NEGATIVE RESPONSE
C04706,0,0,0.02712,Low,0.01057,0.01642,-0.00585,NEGATIVE RESPONSE
C04707,1,0,0.07134,Low,0.01217,0.06936,-0.05718,NEGATIVE RESPONSE
C04708,1,0,0.00215,Low,0.00869,0.00685,0.00184,LOW RESPONSE
C04709,1,0,0.01656,Low,0.01025,0.00747,0.00278,LOW RESPONSE
C04710,1,0,0.0234,Low,0.00683,0.0644,-0.05758,NEGATIVE RESPONSE
C04711,1,0,0.16785,Low,0.00676,0.03422,-0.02746,NEGATIVE RESPONSE
C04712,1,0,0.00182,Low,0.00521,0.0056,-0.0004,LOW RESPONSE
C04713,1,0,0.03486,Low,0.02086,0.05625,-0.0354,NEGATIVE RESPONSE
C04714,1,0,0.00254,Low,0.00604,0.00562,0.00041,LOW RESPONSE
C04715,1,0,0.03367,Low,0.01431,0.00795,0.00636,LOW RESPONSE
C04716,0,0,0.00461,Low,0.0051,0.00931,-0.00422,NEGATIVE RESPONSE
C04717,0,0,0.01206,Low,0.00811,0.01029,-0.00218,NEGATIVE RESPONSE
C04718,1,0,0.00679,Low,0.00965,0.00853,0.00112,LOW RESPONSE
C04719,1,0,0.00559,Low,0.00599,0.00644,-0.00045,LOW RESPONSE
C04720,1,0,0.01973,Low,0.00974,0.00835,0.00139,LOW RESPONSE
C04721,1,0,0.01482,Low,0.01637,0.00758,0.00879,LOW RESPONSE
C04722,1,0,0.01143,Low,0.01465,0.01158,0.00306,LOW RESPONSE
C04723,1,0,0.04199,Low,0.01187,0.04435,-0.03248,NEGATIVE RESPONSE
C04724,0,0,0.01673,Low,0.00661,0.02939,-0.02278,NEGATIVE RESPONSE
C04725,1,0,0.00362,Low,0.00669,0.00571,0.00097,LOW RESPONSE
C04726,1,0,0.00688,Low,0.01026,0.00768,0.00258,LOW RESPONSE
C04727,1,0,0.00358,Low,0.00567,0.01133,-0.00566,NEGATIVE RESPONSE
C04728,0,0,0.28194,Low,0.01206,0.03589,-0.02383,NEGATIVE RESPONSE
C04729,0,0,0.00337,Low,0.00721,0.00617,0.00104,LOW RESPONSE
C04730,0,0,0.01789,Low,0.00463,0.008,-0.00336,NEGATIVE RESPONSE
C04731,1,0,0.01063,Low,0.00724,0.00718,6e-05,LOW RESPONSE
C04732,0,0,0.00682,Low,0.01161,0.0076,0.00401,LOW RESPONSE
C04733,1,0,0.09891,Low,0.01347,0.06067,-0.0472,NEGATIVE RESPONSE
C04734,1,0,0.01094,Low,0.01289,0.00662,0.00627,LOW RESPONSE
C04735,1,0,0.01299,Low,0.00869,0.02128,-0.0126,NEGATIVE RESPONSE
C04736,1,0,0.04955,Low,0.00559,0.03614,-0.03055,NEGATIVE RESPONSE
C04737,1,0,0.02781,Low,0.01104,0.00911,0.00193,LOW RESPONSE
C04738,1,0,0.04045,Low,0.00628,0.03847,-0.03218,NEGATIVE RESPONSE
C04739,0,0,0.00423,Low,0.00718,0.02473,-0.01755,NEGATIVE RESPONSE
C04740,0,0,0.06175,Low,0.00698,0.04145,-0.03447,NEGATIVE RESPONSE
C04741,1,0,0.00927,Low,0.00602,0.02667,-0.02065,NEGATIVE RESPONSE
C04742,0,0,0.0279,Low,0.00524,0.04002,-0.03477,NEGATIVE RESPONSE
C04743,1,0,0.04271,Low,0.00652,0.03752,-0.031,NEGATIVE RESPONSE
C04744,1,0,0.02447,Low,0.00731,0.06742,-0.06011,NEGATIVE RESPONSE
C04745,1,0,0.00565,Low,0.00804,0.01036,-0.00232,NEGATIVE RESPONSE
C04746,0,0,0.26045,Low,0.03598,0.28034,-0.24436,NEGATIVE RESPONSE
C04747,0,0,0.01593,Low,0.00417,0.02495,-0.02078,NEGATIVE RESPONSE
C04748,0,0,0.00261,Low,0.01186,0.01051,0.00135,LOW RESPONSE
C04749,1,0,0.21691,Low,0.01599,0.09002,-0.07403,NEGATIVE RESPONSE
C04750,0,0,0.03247,Low,0.01015,0.01006,8e-05,LOW RESPONSE
C04751,1,0,0.00325,Low,0.00497,0.00895,-0.00398,NEGATIVE RESPONSE
C04752,1,0,0.0045,Low,0.00618,0.02065,-0.01447,NEGATIVE RESPONSE
C04753,1,0,0.00238,Low,0.0075,0.00838,-0.00088,LOW RESPONSE
C04754,0,0,0.00296,Low,0.01289,0.00677,0.00611,LOW RESPONSE
C04755,1,0,0.00729,Low,0.00535,0.00889,-0.00353,NEGATIVE RESPONSE
C04756,0,0,0.00285,Low,0.00709,0.00735,-0.00025,LOW RESPONSE
C04757,0,0,0.00668,Low,0.00838,0.00687,0.00151,LOW RESPONSE
C04758,1,0,0.17155,Low,0.01251,0.03457,-0.02206,NEGATIVE RESPONSE
C04759,0,0,0.00807,Low,0.00678,0.00744,-0.00066,LOW RESPONSE
C04760,1,0,0.01121,Low,0.00543,0.0271,-0.02167,NEGATIVE RESPONSE
C04761,0,0,0.08368,Low,0.00573,0.05881,-0.05309,NEGATIVE RESPONSE
C04762,0,0,0.00239,Low,0.00664,0.01206,-0.00542,NEGATIVE RESPONSE
C04763,1,0,0.02403,Low,0.02268,0.01005,0.01262,LOW RESPONSE
C04764,1,0,0.01278,Low,0.00815,0.0514,-0.04325,NEGATIVE RESPONSE
C04765,0,0,0.00568,Low,0.00453,0.0077,-0.00317,NEGATIVE RESPONSE
C04766,0,0,0.04097,Low,0.00593,0.03019,-0.02426,NEGATIVE RESPONSE
C04767,1,0,0.01084,Low,0.00746,0.00762,-0.00016,LOW RESPONSE
C04768,1,0,0.02068,Low,0.01077,0.0307,-0.01993,NEGATIVE RESPONSE
C04769,1,0,0.01605,Low,0.00753,0.02385,-0.01632,NEGATIVE RESPONSE
C04770,0,0,0.02144,Low,0.01784,0.00887,0.00897,LOW RESPONSE
C04771,0,0,0.04344,Low,0.00917,0.0262,-0.01703,NEGATIVE RESPONSE
C04772,0,0,0.2997,Low,0.00818,0.10646,-0.09828,NEGATIVE RESPONSE
C04773,1,0,0.15327,Low,0.00594,0.04774,-0.0418,NEGATIVE RESPONSE
C04774,1,0,0.02034,Low,0.02221,0.05146,-0.02925,NEGATIVE RESPONSE
C04775,1,0,0.0959,Low,0.00899,0.03905,-0.03006,NEGATIVE RESPONSE
C04776,1,0,0.01266,Low,0.00896,0.00996,-0.00101,NEGATIVE RESPONSE
C04777,1,0,0.00242,Low,0.00576,0.0063,-0.00053,LOW RESPONSE
C04778,1,0,0.00467,Low,0.00932,0.0088,0.00051,LOW RESPONSE
C04779,1,0,0.02065,Low,0.01309,0.00753,0.00556,LOW RESPONSE
C04780,0,0,0.00565,Low,0.01527,0.01194,0.00333,LOW RESPONSE
C04781,1,0,0.05022,Low,0.00596,0.02314,-0.01718,NEGATIVE RESPONSE
C04782,1,0,0.00888,Low,0.0074,0.00558,0.00182,LOW RESPONSE
C04783,0,0,0.01228,Low,0.00962,0.01117,-0.00155,NEGATIVE RESPONSE
C04784,1,0,0.00242,Low,0.0077,0.01005,-0.00235,NEGATIVE RESPONSE
C04785,0,0,0.00322,Low,0.00839,0.01088,-0.00249,NEGATIVE RESPONSE
C04786,1,0,0.00488,Low,0.00386,0.00835,-0.00449,NEGATIVE RESPONSE
C04787,1,0,0.01453,Low,0.01038,0.01317,-0.00279,NEGATIVE RESPONSE
C04788,0,0,0.00361,Low,0.00731,0.00828,-0.00097,LOW RESPONSE
C04789,0,0,0.01041,Low,0.00694,0.00644,0.0005,LOW RESPONSE
C04790,0,0,0.0535,Low,0.00785,0.03255,-0.0247,NEGATIVE RESPONSE
C04791,1,0,0.00532,Low,0.0049,0.00781,-0.00291,NEGATIVE RESPONSE
C04792,1,0,0.02919,Low,0.00519,0.02711,-0.02192,NEGATIVE RESPONSE
C04793,0,0,0.07767,Low,0.00571,0.04488,-0.03917,NEGATIVE RESPONSE
C04794,0,0,0.0017,Low,0.00967,0.00976,-9e-05,LOW RESPONSE
C04795,0,0,0.00165,Low,0.00909,0.00742,0.00168,LOW RESPONSE
C04796,1,0,0.00278,Low,0.01363,0.00686,0.00676,LOW RESPONSE
C04797,0,0,0.00292,Low,0.0062,0.00862,-0.00242,NEGATIVE RESPONSE
C04798,1,0,0.00497,Low,0.00423,0.01028,-0.00605,NEGATIVE RESPONSE
C04799,0,0,0.00818,Low,0.00953,0.0089,0.00062,LOW RESPONSE
C04800,0,0,0.1913,Low,0.00495,0.05019,-0.04524,NEGATIVE RESPONSE
C04801,0,0,0.04599,Low,0.00904,0.04692,-0.03788,NEGATIVE RESPONSE
C04802,1,0,0.04141,Low,0.00451,0.02522,-0.02072,NEGATIVE RESPONSE
C04803,1,0,0.23049,Low,0.01046,0.0468,-0.03634,NEGATIVE RESPONSE
C04804,1,0,0.0084,Low,0.01057,0.05095,-0.04038,NEGATIVE RESPONSE
C04805,1,0,0.01474,Low,0.01072,0.01181,-0.00108,NEGATIVE RESPONSE
C04806,0,0,0.01846,Low,0.00633,0.03037,-0.02404,NEGATIVE RESPONSE
C04807,1,0,0.04306,Low,0.0135,0.00855,0.00495,PERSUADABLE
C04808,0,0,0.02354,Low,0.00449,0.03658,-0.03209,NEGATIVE RESPONSE
C04809,1,0,0.14891,Low,0.01438,0.05159,-0.03721,NEGATIVE RESPONSE
C04810,1,0,0.08853,Low,0.00897,0.04093,-0.03196,NEGATIVE RESPONSE
C04811,1,0,0.00833,Low,0.01416,0.00898,0.00518,LOW RESPONSE
C04812,1,0,0.02036,Low,0.0305,0.01461,0.01589,LOW RESPONSE
C04813,1,0,0.06353,Low,0.01068,0.04191,-0.03123,NEGATIVE RESPONSE
C04814,1,0,0.04355,Low,0.00827,0.02112,-0.01286,NEGATIVE RESPONSE
C04815,0,0,0.00788,Low,0.01339,0.00817,0.00522,LOW RESPONSE
C04816,1,0,0.16458,Low,0.01001,0.02496,-0.01495,NEGATIVE RESPONSE
C04817,0,0,0.02108,Low,0.01884,0.01926,-0.00041,LOW RESPONSE
C04818,0,0,0.00803,Low,0.02212,0.01819,0.00393,LOW RESPONSE
C04819,1,0,0.02712,Low,0.00637,0.04635,-0.03998,NEGATIVE RESPONSE
C04820,0,1,0.92887,Critical,0.02313,0.05119,-0.02806,NEGATIVE RESPONSE
C04821,1,0,0.011,Low,0.00928,0.00808,0.0012,LOW RESPONSE
C04822,1,0,0.00108,Low,0.00495,0.00634,-0.00139,NEGATIVE RESPONSE
C04823,1,0,0.00202,Low,0.01189,0.01046,0.00143,LOW RESPONSE
C04824,1,0,0.00762,Low,0.0039,0.02305,-0.01915,NEGATIVE RESPONSE
C04825,0,0,0.2747,Low,0.01099,0.06139,-0.0504,NEGATIVE RESPONSE
C04826,1,0,0.00202,Low,0.00478,0.00588,-0.0011,NEGATIVE RESPONSE
C04827,0,0,0.02776,Low,0.01008,0.02894,-0.01885,NEGATIVE RESPONSE
C04828,1,0,0.00382,Low,0.01848,0.00987,0.00862,LOW RESPONSE
C04829,1,0,0.00686,Low,0.007,0.00758,-0.00057,LOW RESPONSE
C04830,1,0,0.02511,Low,0.00877,0.04599,-0.03722,NEGATIVE RESPONSE
C04831,0,0,0.01236,Low,0.00984,0.00816,0.00168,LOW RESPONSE
C04832,0,0,0.0071,Low,0.00672,0.00787,-0.00115,NEGATIVE RESPONSE
C04833,1,0,0.00979,Low,0.0094,0.00754,0.00187,LOW RESPONSE
C04834,1,0,0.01353,Low,0.00409,0.02612,-0.02203,NEGATIVE RESPONSE
C04835,0,0,0.00378,Low,0.00798,0.00738,0.00061,LOW RESPONSE
C04836,1,0,0.00235,Low,0.00719,0.01032,-0.00313,NEGATIVE RESPONSE
C04837,0,0,0.05342,Low,0.00519,0.03049,-0.0253,NEGATIVE RESPONSE
C04838,1,0,0.02109,Low,0.02059,0.01545,0.00514,LOW RESPONSE
C04839,1,0,0.00364,Low,0.00763,0.01258,-0.00495,NEGATIVE RESPONSE
C04840,1,0,0.00293,Low,0.00799,0.00823,-0.00024,LOW RESPONSE
C04841,1,0,0.10735,Low,0.0095,0.02301,-0.0135,NEGATIVE RESPONSE
C04842,1,0,0.00214,Low,0.00606,0.01354,-0.00747,NEGATIVE RESPONSE
C04843,1,0,0.08683,Low,0.00625,0.03784,-0.03159,NEGATIVE RESPONSE
C04844,1,0,0.05038,Low,0.00442,0.04052,-0.0361,NEGATIVE RESPONSE
C04845,1,0,0.1628,Low,0.00691,0.04939,-0.04248,NEGATIVE RESPONSE
C04846,1,0,0.00639,Low,0.01066,0.01449,-0.00382,NEGATIVE RESPONSE
C04847,0,0,0.00483,Low,0.00675,0.00494,0.00182,LOW RESPONSE
C04848,0,0,0.01226,Low,0.01282,0.0118,0.00103,LOW RESPONSE
C04849,1,0,0.03242,Low,0.00652,0.02729,-0.02077,NEGATIVE RESPONSE
C04850,1,0,0.00559,Low,0.00667,0.00691,-0.00024,LOW RESPONSE
C04851,0,0,0.0981,Low,0.01357,0.06838,-0.0548,NEGATIVE RESPONSE
C04852,1,0,0.00723,Low,0.00882,0.00874,8e-05,LOW RESPONSE
C04853,0,0,0.47435,Medium,0.00903,0.08776,-0.07872,NEGATIVE RESPONSE
C04854,1,0,0.19342,Low,0.00827,0.05284,-0.04456,NEGATIVE RESPONSE
C04855,0,0,0.00416,Low,0.00837,0.00977,-0.0014,NEGATIVE RESPONSE
C04856,1,0,0.44132,Medium,0.01341,0.15259,-0.13918,NEGATIVE RESPONSE
C04857,1,0,0.00484,Low,0.00629,0.00938,-0.00309,NEGATIVE RESPONSE
C04858,1,0,0.41006,Medium,0.02061,0.10634,-0.08573,NEGATIVE RESPONSE
C04859,1,0,0.00511,Low,0.01013,0.00738,0.00274,LOW RESPONSE
C04860,0,0,0.11138,Low,0.00779,0.04408,-0.03629,NEGATIVE RESPONSE
C04861,1,0,0.00532,Low,0.01153,0.01412,-0.00259,NEGATIVE RESPONSE
C04862,1,0,0.03289,Low,0.00647,0.03026,-0.02379,NEGATIVE RESPONSE
C04863,1,0,0.00273,Low,0.00921,0.01404,-0.00483,NEGATIVE RESPONSE
C04864,1,0,0.13546,Low,0.01006,0.08869,-0.07863,NEGATIVE RESPONSE
C04865,1,0,0.06844,Low,0.00542,0.07986,-0.07444,NEGATIVE RESPONSE
C04866,0,0,0.06857,Low,0.00736,0.03138,-0.02403,NEGATIVE RESPONSE
C04867,1,0,0.04346,Low,0.00513,0.0431,-0.03797,NEGATIVE RESPONSE
C04868,1,0,0.00467,Low,0.00947,0.03855,-0.02908,NEGATIVE RESPONSE
C04869,1,0,0.10093,Low,0.00624,0.02826,-0.02203,NEGATIVE RESPONSE
C04870,0,0,0.09287,Low,0.01059,0.04748,-0.03689,NEGATIVE RESPONSE
C04871,1,0,0.00432,Low,0.01222,0.00755,0.00466,LOW RESPONSE
C04872,0,0,0.05618,Low,0.00585,0.03423,-0.02839,NEGATIVE RESPONSE
C04873,0,0,0.27624,Low,0.01319,0.03415,-0.02096,NEGATIVE RESPONSE
C04874,0,0,0.02582,Low,0.00672,0.02777,-0.02106,NEGATIVE RESPONSE
C04875,1,0,0.00522,Low,0.00584,0.01143,-0.0056,NEGATIVE RESPONSE
C04876,0,0,0.01915,Low,0.00933,0.00925,8e-05,LOW RESPONSE
C04877,1,0,0.01786,Low,0.00546,0.04205,-0.0366,NEGATIVE RESPONSE
C04878,1,0,0.04798,Low,0.00801,0.0385,-0.03049,NEGATIVE RESPONSE
C04879,1,0,0.01835,Low,0.00588,0.04178,-0.0359,NEGATIVE RESPONSE
C04880,1,0,0.1529,Low,0.00836,0.02964,-0.02128,NEGATIVE RESPONSE
C04881,1,0,0.00158,Low,0.00828,0.00723,0.00105,LOW RESPONSE
C04882,1,0,0.00286,Low,0.00643,0.0069,-0.00047,LOW RESPONSE
C04883,1,0,0.15015,Low,0.00793,0.10615,-0.09822,NEGATIVE RESPONSE
C04884,0,0,0.19532,Low,0.00688,0.03727,-0.03038,NEGATIVE RESPONSE
C04885,0,0,0.00554,Low,0.01004,0.01257,-0.00253,NEGATIVE RESPONSE
C04886,0,0,0.02125,Low,0.0107,0.00912,0.00158,LOW RESPONSE
C04887,0,0,0.0093,Low,0.00814,0.02754,-0.01939,NEGATIVE RESPONSE
C04888,0,0,0.00506,Low,0.00933,0.00974,-0.00041,LOW RESPONSE
C04889,1,0,0.00625,Low,0.00798,0.00946,-0.00149,NEGATIVE RESPONSE
C04890,1,0,0.03894,Low,0.00474,0.02403,-0.01929,NEGATIVE RESPONSE
C04891,1,0,0.12036,Low,0.01129,0.06491,-0.05362,NEGATIVE RESPONSE
C04892,0,0,0.01183,Low,0.005,0.0186,-0.01361,NEGATIVE RESPONSE
C04893,0,0,0.01069,Low,0.00722,0.01299,-0.00577,NEGATIVE RESPONSE
C04894,0,0,0.03679,Low,0.01075,0.04909,-0.03834,NEGATIVE RESPONSE
C04895,1,0,0.00262,Low,0.01594,0.01038,0.00556,LOW RESPONSE
C04896,0,0,0.02264,Low,0.01255,0.04411,-0.03156,NEGATIVE RESPONSE
C04897,0,0,0.00698,Low,0.01207,0.00858,0.00349,LOW RESPONSE
C04898,1,0,0.07768,Low,0.01027,0.05993,-0.04966,NEGATIVE RESPONSE
C04899,0,0,0.0206,Low,0.00633,0.01848,-0.01215,NEGATIVE RESPONSE
C04900,0,0,0.07736,Low,0.01445,0.08812,-0.07367,NEGATIVE RESPONSE
C04901,0,0,0.19872,Low,0.00706,0.0442,-0.03715,NEGATIVE RESPONSE
C04902,1,0,0.10395,Low,0.00647,0.06772,-0.06125,NEGATIVE RESPONSE
C04903,0,0,0.00665,Low,0.00677,0.00888,-0.00211,NEGATIVE RESPONSE
C04904,0,0,0.14773,Low,0.01009,0.16081,-0.15072,NEGATIVE RESPONSE
C04905,0,0,0.01259,Low,0.01676,0.01117,0.00559,LOW RESPONSE
C04906,1,0,0.16088,Low,0.01434,0.03288,-0.01855,NEGATIVE RESPONSE
C04907,1,0,0.02031,Low,0.01564,0.0403,-0.02466,NEGATIVE RESPONSE
C04908,1,0,0.02213,Low,0.00996,0.04323,-0.03327,NEGATIVE RESPONSE
C04909,0,0,0.02475,Low,0.00818,0.02426,-0.01608,NEGATIVE RESPONSE
C04910,1,0,0.00674,Low,0.00894,0.00683,0.00211,LOW RESPONSE
C04911,0,0,0.03556,Low,0.0138,0.03665,-0.02285,NEGATIVE RESPONSE
C04912,0,0,0.04226,Low,0.01033,0.06079,-0.05046,NEGATIVE RESPONSE
C04913,1,0,0.14022,Low,0.00725,0.03576,-0.02851,NEGATIVE RESPONSE
C04914,0,0,0.02748,Low,0.00995,0.00802,0.00193,LOW RESPONSE
C04915,0,0,0.01614,Low,0.01242,0.01058,0.00184,LOW RESPONSE
C04916,0,0,0.00662,Low,0.01365,0.00997,0.00368,LOW RESPONSE
C04917,0,0,0.00234,Low,0.00784,0.00965,-0.00181,NEGATIVE RESPONSE
C04918,1,0,0.03408,Low,0.0061,0.03242,-0.02632,NEGATIVE RESPONSE
C04919,0,0,0.00376,Low,0.00697,0.00867,-0.0017,NEGATIVE RESPONSE
C04920,1,0,0.01132,Low,0.01589,0.0148,0.00108,LOW RESPONSE
C04921,1,0,0.02786,Low,0.00497,0.02687,-0.0219,NEGATIVE RESPONSE
C04922,1,0,0.00361,Low,0.01233,0.01329,-0.00096,LOW RESPONSE
C04923,0,0,0.00483,Low,0.01087,0.00894,0.00193,LOW RESPONSE
C04924,0,0,0.0637,Low,0.00659,0.03953,-0.03294,NEGATIVE RESPONSE
C04925,1,0,0.01016,Low,0.01067,0.00715,0.00353,LOW RESPONSE
C04926,0,0,0.00873,Low,0.00897,0.01046,-0.00149,NEGATIVE RESPONSE
C04927,0,0,0.00495,Low,0.00624,0.00635,-0.00011,LOW RESPONSE
C04928,1,0,0.00183,Low,0.00823,0.01079,-0.00256,NEGATIVE RESPONSE
C04929,0,0,0.0077,Low,0.00755,0.01399,-0.00643,NEGATIVE RESPONSE
C04930,0,0,0.00671,Low,0.01029,0.01438,-0.00409,NEGATIVE RESPONSE
C04931,1,0,0.00314,Low,0.0075,0.00779,-0.0003,LOW RESPONSE
C04932,0,0,0.00936,Low,0.00696,0.00817,-0.00121,NEGATIVE RESPONSE
C04933,0,0,0.02417,Low,0.00772,0.04772,-0.04,NEGATIVE RESPONSE
C04934,1,0,0.00466,Low,0.01041,0.01382,-0.00341,NEGATIVE RESPONSE
C04935,1,0,0.0183,Low,0.00525,0.04009,-0.03484,NEGATIVE RESPONSE
C04936,1,0,0.10841,Low,0.0092,0.07678,-0.06758,NEGATIVE RESPONSE
C04937,1,0,0.15334,Low,0.01065,0.04187,-0.03123,NEGATIVE RESPONSE
C04938,1,0,0.04929,Low,0.01699,0.0127,0.00429,PERSUADABLE
C04939,1,1,0.18658,Low,0.01311,0.15156,-0.13846,NEGATIVE RESPONSE
C04940,1,0,0.00141,Low,0.01129,0.02399,-0.0127,NEGATIVE RESPONSE
C04941,1,0,0.02224,Low,0.01294,0.00654,0.0064,LOW RESPONSE
C04942,0,0,0.25338,Low,0.01887,0.11086,-0.09199,NEGATIVE RESPONSE
C04943,1,0,0.20217,Low,0.01146,0.05095,-0.03949,NEGATIVE RESPONSE
C04944,1,0,0.06386,Low,0.00621,0.05189,-0.04568,NEGATIVE RESPONSE
C04945,1,0,0.08626,Low,0.00993,0.03536,-0.02543,NEGATIVE RESPONSE
C04946,0,0,0.23362,Low,0.01632,0.06859,-0.05228,NEGATIVE RESPONSE
C04947,1,0,0.30235,Medium,0.01323,0.05712,-0.04389,NEGATIVE RESPONSE
C04948,0,0,0.00336,Low,0.00766,0.01206,-0.0044,NEGATIVE RESPONSE
C04949,0,0,0.12489,Low,0.00985,0.05258,-0.04273,NEGATIVE RESPONSE
C04950,1,0,0.003,Low,0.00698,0.00722,-0.00023,LOW RESPONSE
C04951,1,0,0.45541,Medium,0.01191,0.0638,-0.05188,NEGATIVE RESPONSE
C04952,1,0,0.00304,Low,0.00909,0.01155,-0.00246,NEGATIVE RESPONSE
C04953,1,0,0.00216,Low,0.00764,0.00463,0.00301,LOW RESPONSE
C04954,0,0,0.02891,Low,0.00419,0.03559,-0.0314,NEGATIVE RESPONSE
C04955,1,0,0.14757,Low,0.01555,0.04724,-0.03168,NEGATIVE RESPONSE
C04956,0,0,0.00646,Low,0.00698,0.01042,-0.00344,NEGATIVE RESPONSE
C04957,1,0,0.25579,Low,0.01171,0.07195,-0.06025,NEGATIVE RESPONSE
C04958,1,0,0.20703,Low,0.00648,0.04069,-0.03421,NEGATIVE RESPONSE
C04959,1,0,0.01674,Low,0.00664,0.01781,-0.01117,NEGATIVE RESPONSE
C04960,1,0,0.00223,Low,0.00404,0.00604,-0.002,NEGATIVE RESPONSE
C04961,0,0,0.00461,Low,0.00547,0.00754,-0.00206,NEGATIVE RESPONSE
C04962,1,0,0.0124,Low,0.00917,0.03362,-0.02446,NEGATIVE RESPONSE
C04963,1,0,0.01201,Low,0.01827,0.01523,0.00305,LOW RESPONSE
C04964,1,0,0.00644,Low,0.0122,0.01015,0.00204,LOW RESPONSE
C04965,1,0,0.01039,Low,0.01767,0.00688,0.01079,LOW RESPONSE
C04966,1,0,0.01898,Low,0.01126,0.06112,-0.04985,NEGATIVE RESPONSE
C04967,1,0,0.03392,Low,0.01283,0.04918,-0.03635,NEGATIVE RESPONSE
C04968,1,0,0.00142,Low,0.00678,0.00873,-0.00195,NEGATIVE RESPONSE
C04969,1,0,0.014,Low,0.01276,0.01165,0.00111,LOW RESPONSE
C04970,1,0,0.19756,Low,0.01588,0.08377,-0.06788,NEGATIVE RESPONSE
C04971,1,0,0.00157,Low,0.00463,0.00718,-0.00255,NEGATIVE RESPONSE
C04972,1,0,0.0833,Low,0.01868,0.04492,-0.02624,NEGATIVE RESPONSE
C04973,1,0,0.00978,Low,0.01021,0.00523,0.00498,LOW RESPONSE
C04974,1,0,0.01033,Low,0.00669,0.0103,-0.0036,NEGATIVE RESPONSE
C04975,1,0,0.04632,Low,0.01116,0.02729,-0.01613,NEGATIVE RESPONSE
C04976,0,0,0.00427,Low,0.01735,0.01606,0.00129,LOW RESPONSE
C04977,0,0,0.44625,Medium,0.01678,0.0553,-0.03851,NEGATIVE RESPONSE
C04978,1,0,0.03869,Low,0.00704,0.03997,-0.03293,NEGATIVE RESPONSE
C04979,1,0,0.21654,Low,0.01136,0.04914,-0.03778,NEGATIVE RESPONSE
C04980,0,0,0.00216,Low,0.00804,0.01417,-0.00613,NEGATIVE RESPONSE
C04981,1,0,0.11068,Low,0.01991,0.06359,-0.04368,NEGATIVE RESPONSE
C04982,0,0,0.00215,Low,0.0069,0.00864,-0.00174,NEGATIVE RESPONSE
C04983,1,0,0.00471,Low,0.00803,0.00723,0.00081,LOW RESPONSE
C04984,0,0,0.00593,Low,0.00452,0.01094,-0.00642,NEGATIVE RESPONSE
C04985,1,0,0.00271,Low,0.01016,0.00767,0.00249,LOW RESPONSE
C04986,1,0,0.10545,Low,0.01054,0.03871,-0.02816,NEGATIVE RESPONSE
C04987,0,0,0.09525,Low,0.00762,0.08873,-0.0811,NEGATIVE RESPONSE
C04988,1,0,0.52436,Medium,0.01551,0.07645,-0.06094,NEGATIVE RESPONSE
C04989,1,0,0.1029,Low,0.00884,0.03305,-0.02421,NEGATIVE RESPONSE
C04990,1,0,0.05669,Low,0.00877,0.05719,-0.04842,NEGATIVE RESPONSE
C04991,1,0,0.00459,Low,0.01335,0.0064,0.00695,LOW RESPONSE
C04992,0,0,0.03102,Low,0.00809,0.0277,-0.01962,NEGATIVE RESPONSE
C04993,1,0,0.01843,Low,0.015,0.00936,0.00565,LOW RESPONSE
C04994,1,0,0.0032,Low,0.01104,0.01006,0.00097,LOW RESPONSE
C04995,1,0,0.01206,Low,0.01232,0.01042,0.0019,LOW RESPONSE
C04996,1,0,0.05012,Low,0.00963,0.02693,-0.0173,NEGATIVE RESPONSE
C04997,1,0,0.01591,Low,0.02629,0.01104,0.01525,LOW RESPONSE
C04998,1,0,0.00741,Low,0.01195,0.01306,-0.00111,NEGATIVE RESPONSE
C04999,0,0,0.0796,Low,0.01001,0.04368,-0.03368,NEGATIVE RESPONSE
C05000,0,0,0.1991,Low,0.00993,0.07094,-0.06102,NEGATIVE RESPONSE
C05001,0,0,0.11861,Low,0.01818,0.04095,-0.02278,NEGATIVE RESPONSE
C05002,1,0,0.00951,Low,0.01232,0.01314,-0.00082,LOW RESPONSE
C05003,0,0,0.01129,Low,0.01176,0.01181,-5e-05,LOW RESPONSE
C05004,1,0,0.01516,Low,0.00977,0.0134,-0.00363,NEGATIVE RESPONSE
C05005,1,0,0.16701,Low,0.00537,0.02676,-0.02138,NEGATIVE RESPONSE
C05006,0,0,0.00507,Low,0.00621,0.00733,-0.00111,NEGATIVE RESPONSE
C05007,1,0,0.13202,Low,0.0104,0.0467,-0.0363,NEGATIVE RESPONSE
C05008,1,0,0.00564,Low,0.00495,0.00697,-0.00202,NEGATIVE RESPONSE
C05009,1,0,0.00139,Low,0.01164,0.00985,0.0018,LOW RESPONSE
C05010,0,0,0.02842,Low,0.01617,0.00735,0.00881,LOW RESPONSE
C05011,0,0,0.00696,Low,0.01575,0.00956,0.00619,LOW RESPONSE
C05012,1,0,0.04982,Low,0.01,0.04011,-0.0301,NEGATIVE RESPONSE
C05013,0,0,0.03154,Low,0.00575,0.0283,-0.02255,NEGATIVE RESPONSE
C05014,1,0,0.22078,Low,0.00796,0.05125,-0.04329,NEGATIVE RESPONSE
C05015,0,0,0.08434,Low,0.00787,0.05809,-0.05022,NEGATIVE RESPONSE
C05016,0,0,0.09303,Low,0.01,0.04643,-0.03643,NEGATIVE RESPONSE
C05017,0,0,0.07392,Low,0.00533,0.04028,-0.03495,NEGATIVE RESPONSE
C05018,0,0,0.02672,Low,0.00518,0.03339,-0.02821,NEGATIVE RESPONSE
C05019,1,0,0.01185,Low,0.01259,0.00983,0.00276,LOW RESPONSE
C05020,0,0,0.0469,Low,0.00883,0.03133,-0.02251,NEGATIVE RESPONSE
C05021,1,0,0.00456,Low,0.00889,0.01159,-0.0027,NEGATIVE RESPONSE
C05022,1,0,0.01641,Low,0.01177,0.0108,0.00097,LOW RESPONSE
C05023,0,1,0.89721,Critical,0.02646,0.05982,-0.03336,NEGATIVE RESPONSE
C05024,1,0,0.06145,Low,0.00925,0.04183,-0.03258,NEGATIVE RESPONSE
C05025,0,0,0.00717,Low,0.00696,0.00822,-0.00127,NEGATIVE RESPONSE
C05026,1,0,0.00449,Low,0.01458,0.00986,0.00472,LOW RESPONSE
C05027,1,0,0.01145,Low,0.00642,0.01545,-0.00903,NEGATIVE RESPONSE
C05028,0,0,0.00673,Low,0.01131,0.00993,0.00138,LOW RESPONSE
C05029,0,0,0.04417,Low,0.00885,0.01204,-0.00319,NEGATIVE RESPONSE
C05030,1,0,0.00626,Low,0.00893,0.00943,-0.0005,LOW RESPONSE
C05031,1,0,0.02683,Low,0.00379,0.03562,-0.03182,NEGATIVE RESPONSE
C05032,1,0,0.01035,Low,0.00364,0.02353,-0.01988,NEGATIVE RESPONSE
C05033,1,0,0.14547,Low,0.01001,0.05328,-0.04327,NEGATIVE RESPONSE
C05034,0,0,0.04269,Low,0.00682,0.03266,-0.02584,NEGATIVE RESPONSE
C05035,1,0,0.10141,Low,0.01077,0.04709,-0.03632,NEGATIVE RESPONSE
C05036,1,0,0.01314,Low,0.00904,0.00836,0.00068,LOW RESPONSE
C05037,1,0,0.04624,Low,0.01006,0.00876,0.0013,PERSUADABLE
C05038,0,1,0.14523,Low,0.04477,0.09592,-0.05115,NEGATIVE RESPONSE
C05039,1,0,0.15976,Low,0.01849,0.0526,-0.03411,NEGATIVE RESPONSE
C05040,1,0,0.00751,Low,0.00981,0.0054,0.00441,LOW RESPONSE
C05041,1,0,0.00768,Low,0.00747,0.00811,-0.00065,LOW RESPONSE
C05042,1,0,0.01784,Low,0.00637,0.00836,-0.00199,NEGATIVE RESPONSE
C05043,1,0,0.0223,Low,0.01598,0.01111,0.00487,LOW RESPONSE
C05044,0,0,0.12627,Low,0.00834,0.13034,-0.122,NEGATIVE RESPONSE
C05045,0,0,0.01009,Low,0.01549,0.01222,0.00327,LOW RESPONSE
C05046,1,0,0.01253,Low,0.00362,0.00689,-0.00327,NEGATIVE RESPONSE
C05047,0,0,0.00206,Low,0.0099,0.01232,-0.00241,NEGATIVE RESPONSE
C05048,0,0,0.21295,Low,0.01583,0.02565,-0.00981,NEGATIVE RESPONSE
C05049,1,0,0.00264,Low,0.01464,0.01115,0.00349,LOW RESPONSE
C05050,0,0,0.00192,Low,0.00556,0.00728,-0.00172,NEGATIVE RESPONSE
C05051,0,0,0.21181,Low,0.01036,0.0475,-0.03714,NEGATIVE RESPONSE
C05052,0,0,0.00542,Low,0.00976,0.00805,0.00171,LOW RESPONSE
C05053,1,0,0.08111,Low,0.00767,0.03003,-0.02236,NEGATIVE RESPONSE
C05054,1,0,0.00526,Low,0.01465,0.00847,0.00618,LOW RESPONSE
C05055,1,0,0.00571,Low,0.00718,0.01204,-0.00486,NEGATIVE RESPONSE
C05056,1,0,0.00928,Low,0.00651,0.00695,-0.00044,LOW RESPONSE
C05057,1,0,0.00877,Low,0.00768,0.00761,8e-05,LOW RESPONSE
C05058,1,0,0.02824,Low,0.0164,0.03606,-0.01966,NEGATIVE RESPONSE
C05059,1,0,0.01839,Low,0.00617,0.02253,-0.01635,NEGATIVE RESPONSE
C05060,0,0,0.01538,Low,0.0049,0.01324,-0.00834,NEGATIVE RESPONSE
C05061,1,0,0.06357,Low,0.00853,0.04233,-0.03381,NEGATIVE RESPONSE
C05062,0,0,0.01981,Low,0.01137,0.00727,0.0041,LOW RESPONSE
C05063,1,0,0.00222,Low,0.0051,0.00682,-0.00172,NEGATIVE RESPONSE
C05064,1,0,0.00679,Low,0.01262,0.00814,0.00448,LOW RESPONSE
C05065,0,0,0.03162,Low,0.01176,0.02672,-0.01496,NEGATIVE RESPONSE
C05066,1,0,0.00497,Low,0.00597,0.00912,-0.00315,NEGATIVE RESPONSE
C05067,0,0,0.15317,Low,0.00653,0.07251,-0.06598,NEGATIVE RESPONSE
C05068,1,0,0.01827,Low,0.00858,0.00821,0.00037,LOW RESPONSE
C05069,0,0,0.11106,Low,0.00603,0.08145,-0.07542,NEGATIVE RESPONSE
C05070,0,0,0.04046,Low,0.00588,0.03921,-0.03333,NEGATIVE RESPONSE
C05071,0,0,0.03403,Low,0.00569,0.0514,-0.04571,NEGATIVE RESPONSE
C05072,1,0,0.00517,Low,0.00764,0.01498,-0.00734,NEGATIVE RESPONSE
C05073,1,0,0.00591,Low,0.01304,0.00866,0.00438,LOW RESPONSE
C05074,0,0,0.00657,Low,0.00517,0.02499,-0.01982,NEGATIVE RESPONSE
C05075,0,0,0.09522,Low,0.00929,0.04591,-0.03662,NEGATIVE RESPONSE
C05076,0,0,0.00387,Low,0.0083,0.00648,0.00182,LOW RESPONSE
C05077,1,0,0.00215,Low,0.02009,0.02088,-0.00079,LOW RESPONSE
C05078,0,0,0.17239,Low,0.01306,0.0536,-0.04054,NEGATIVE RESPONSE
C05079,0,0,0.00723,Low,0.0059,0.0109,-0.005,NEGATIVE RESPONSE
C05080,0,0,0.11484,Low,0.01591,0.08016,-0.06425,NEGATIVE RESPONSE
C05081,0,0,0.04923,Low,0.01083,0.04363,-0.0328,NEGATIVE RESPONSE
C05082,1,0,0.10755,Low,0.0062,0.03898,-0.03278,NEGATIVE RESPONSE
C05083,0,0,0.0025,Low,0.00422,0.00591,-0.00169,NEGATIVE RESPONSE
C05084,1,0,0.03203,Low,0.00784,0.00819,-0.00035,LOW RESPONSE
C05085,1,0,0.23993,Low,0.01641,0.10566,-0.08924,NEGATIVE RESPONSE
C05086,1,0,0.00461,Low,0.00517,0.01021,-0.00504,NEGATIVE RESPONSE
C05087,0,0,0.00944,Low,0.00837,0.01558,-0.00721,NEGATIVE RESPONSE
C05088,0,0,0.21425,Low,0.0064,0.05978,-0.05339,NEGATIVE RESPONSE
C05089,0,0,0.00693,Low,0.00639,0.01087,-0.00449,NEGATIVE RESPONSE
C05090,1,0,0.01294,Low,0.01019,0.00938,0.00081,LOW RESPONSE
C05091,1,0,0.04806,Low,0.01014,0.0398,-0.02966,NEGATIVE RESPONSE
C05092,1,0,0.36573,Medium,0.02167,0.05994,-0.03826,NEGATIVE RESPONSE
C05093,0,0,0.00362,Low,0.00637,0.00818,-0.00182,NEGATIVE RESPONSE
C05094,1,0,0.00073,Low,0.01469,0.00757,0.00712,LOW RESPONSE
C05095,0,0,0.00727,Low,0.00926,0.00928,-2e-05,LOW RESPONSE
C05096,1,0,0.00611,Low,0.00713,0.0103,-0.00318,NEGATIVE RESPONSE
C05097,0,0,0.00861,Low,0.01207,0.00835,0.00372,LOW RESPONSE
C05098,0,0,0.0322,Low,0.00987,0.02798,-0.01811,NEGATIVE RESPONSE
C05099,1,0,0.02524,Low,0.0123,0.00918,0.00312,LOW RESPONSE
C05100,0,0,0.2517,Low,0.02618,0.12009,-0.09392,NEGATIVE RESPONSE
C05101,0,0,0.0132,Low,0.01142,0.00692,0.0045,LOW RESPONSE
C05102,0,0,0.10681,Low,0.00652,0.05415,-0.04763,NEGATIVE RESPONSE
C05103,0,0,0.01268,Low,0.00863,0.02358,-0.01495,NEGATIVE RESPONSE
C05104,1,0,0.08799,Low,0.00859,0.03585,-0.02726,NEGATIVE RESPONSE
C05105,1,0,0.00154,Low,0.00884,0.00667,0.00216,LOW RESPONSE
C05106,1,0,0.22109,Low,0.0116,0.0799,-0.0683,NEGATIVE RESPONSE
C05107,1,0,0.22107,Low,0.00814,0.04745,-0.03931,NEGATIVE RESPONSE
C05108,1,0,0.04966,Low,0.00736,0.02656,-0.0192,NEGATIVE RESPONSE
C05109,0,0,0.003,Low,0.00929,0.00868,0.00061,LOW RESPONSE
C05110,0,0,0.02352,Low,0.00716,0.03964,-0.03248,NEGATIVE RESPONSE
C05111,0,0,0.01034,Low,0.00523,0.01081,-0.00558,NEGATIVE RESPONSE
C05112,1,0,0.00974,Low,0.00941,0.00804,0.00137,LOW RESPONSE
C05113,0,0,0.0036,Low,0.00635,0.00812,-0.00177,NEGATIVE RESPONSE
C05114,1,0,0.00304,Low,0.0072,0.01041,-0.00321,NEGATIVE RESPONSE
C05115,1,0,0.0018,Low,0.00404,0.00513,-0.00108,NEGATIVE RESPONSE
C05116,0,0,0.02128,Low,0.01517,0.0096,0.00558,LOW RESPONSE
C05117,1,0,0.11164,Low,0.01776,0.03875,-0.02098,NEGATIVE RESPONSE
C05118,0,0,0.07314,Low,0.00687,0.05409,-0.04722,NEGATIVE RESPONSE
C05119,0,0,0.1221,Low,0.01136,0.12463,-0.11327,NEGATIVE RESPONSE
C05120,0,0,0.08898,Low,0.01718,0.04278,-0.0256,NEGATIVE RESPONSE
C05121,0,0,0.00452,Low,0.01202,0.00846,0.00356,LOW RESPONSE
C05122,0,0,0.02097,Low,0.011,0.00809,0.00291,LOW RESPONSE
C05123,1,0,0.14771,Low,0.00589,0.05753,-0.05163,NEGATIVE RESPONSE
C05124,1,0,0.00644,Low,0.00929,0.01031,-0.00103,NEGATIVE RESPONSE
C05125,0,0,0.17146,Low,0.02254,0.15096,-0.12842,NEGATIVE RESPONSE
C05126,1,0,0.00681,Low,0.00977,0.00798,0.00179,LOW RESPONSE
C05127,0,0,0.02241,Low,0.00542,0.05351,-0.04809,NEGATIVE RESPONSE
C05128,0,0,0.06272,Low,0.00576,0.05041,-0.04464,NEGATIVE RESPONSE
C05129,1,0,0.0101,Low,0.00738,0.00652,0.00086,LOW RESPONSE
C05130,0,0,0.12178,Low,0.01256,0.05123,-0.03868,NEGATIVE RESPONSE
C05131,0,0,0.01612,Low,0.00995,0.01095,-0.001,NEGATIVE RESPONSE
C05132,1,0,0.00264,Low,0.01898,0.00774,0.01123,LOW RESPONSE
C05133,1,0,0.00884,Low,0.00903,0.01008,-0.00105,NEGATIVE RESPONSE
C05134,1,0,0.0035,Low,0.00546,0.0108,-0.00534,NEGATIVE RESPONSE
C05135,1,0,0.01211,Low,0.01117,0.01068,0.00049,LOW RESPONSE
C05136,1,0,0.20206,Low,0.01369,0.0436,-0.02991,NEGATIVE RESPONSE
C05137,0,0,0.03103,Low,0.0056,0.03229,-0.0267,NEGATIVE RESPONSE
C05138,0,0,0.00442,Low,0.0184,0.01469,0.00371,LOW RESPONSE
C05139,0,0,0.00336,Low,0.01414,0.01001,0.00413,LOW RESPONSE
C05140,1,0,0.14782,Low,0.00667,0.05368,-0.04701,NEGATIVE RESPONSE
C05141,1,1,0.94569,Critical,0.00943,0.13946,-0.13003,NEGATIVE RESPONSE
C05142,0,0,0.02185,Low,0.01445,0.00753,0.00692,LOW RESPONSE
C05143,0,0,0.09374,Low,0.00761,0.02613,-0.01852,NEGATIVE RESPONSE
C05144,1,0,0.01475,Low,0.0044,0.00781,-0.00341,NEGATIVE RESPONSE
C05145,1,0,0.00295,Low,0.00595,0.0075,-0.00154,NEGATIVE RESPONSE
C05146,0,0,0.02783,Low,0.00782,0.01147,-0.00365,NEGATIVE RESPONSE
C05147,1,0,0.0043,Low,0.00774,0.00641,0.00133,LOW RESPONSE
C05148,1,0,0.00577,Low,0.00776,0.00703,0.00072,LOW RESPONSE
C05149,0,0,0.00107,Low,0.00516,0.00512,4e-05,LOW RESPONSE
C05150,0,0,0.009,Low,0.00846,0.01081,-0.00234,NEGATIVE RESPONSE
C05151,1,0,0.01169,Low,0.00565,0.00902,-0.00337,NEGATIVE RESPONSE
C05152,1,0,0.00704,Low,0.01109,0.00718,0.00391,LOW RESPONSE
C05153,1,0,0.0012,Low,0.00483,0.00459,0.00024,LOW RESPONSE
C05154,1,0,0.02077,Low,0.00853,0.03921,-0.03068,NEGATIVE RESPONSE
C05155,0,0,0.00358,Low,0.00681,0.00645,0.00036,LOW RESPONSE
C05156,1,0,0.02902,Low,0.00651,0.01947,-0.01296,NEGATIVE RESPONSE
C05157,1,0,0.0411,Low,0.00841,0.0496,-0.04119,NEGATIVE RESPONSE
C05158,1,0,0.00537,Low,0.00804,0.01068,-0.00264,NEGATIVE RESPONSE
C05159,0,0,0.01071,Low,0.00698,0.03099,-0.02402,NEGATIVE RESPONSE
C05160,0,0,0.01152,Low,0.01563,0.00811,0.00752,LOW RESPONSE
C05161,0,0,0.02038,Low,0.00621,0.01117,-0.00496,NEGATIVE RESPONSE
C05162,1,0,0.05844,Low,0.00902,0.0496,-0.04058,NEGATIVE RESPONSE
C05163,0,0,0.01039,Low,0.00837,0.00541,0.00297,LOW RESPONSE
C05164,1,0,0.00752,Low,0.01367,0.00572,0.00795,LOW RESPONSE
C05165,1,0,0.00681,Low,0.01274,0.01559,-0.00285,NEGATIVE RESPONSE
C05166,1,0,0.34306,Medium,0.00869,0.03187,-0.02317,NEGATIVE RESPONSE
C05167,1,0,0.17829,Low,0.01232,0.07523,-0.0629,NEGATIVE RESPONSE
C05168,0,0,0.01812,Low,0.00818,0.03706,-0.02888,NEGATIVE RESPONSE
C05169,1,0,0.00846,Low,0.01,0.00937,0.00063,LOW RESPONSE
C05170,1,0,0.00986,Low,0.00682,0.0127,-0.00588,NEGATIVE RESPONSE
C05171,0,0,0.04106,Low,0.0072,0.04918,-0.04198,NEGATIVE RESPONSE
C05172,1,0,0.10599,Low,0.01326,0.05033,-0.03708,NEGATIVE RESPONSE
C05173,1,0,0.00323,Low,0.00606,0.00828,-0.00222,NEGATIVE RESPONSE
C05174,1,0,0.00761,Low,0.00951,0.00968,-0.00017,LOW RESPONSE
C05175,1,0,0.00782,Low,0.00488,0.01005,-0.00517,NEGATIVE RESPONSE
C05176,0,1,0.91906,Critical,0.01012,0.04817,-0.03805,NEGATIVE RESPONSE
C05177,1,0,0.00605,Low,0.01374,0.00873,0.00501,LOW RESPONSE
C05178,1,0,0.02594,Low,0.00471,0.0317,-0.02699,NEGATIVE RESPONSE
C05179,0,0,0.00535,Low,0.01073,0.00768,0.00306,LOW RESPONSE
C05180,1,0,0.0171,Low,0.00826,0.01255,-0.00429,NEGATIVE RESPONSE
C05181,1,0,0.10231,Low,0.00597,0.03331,-0.02734,NEGATIVE RESPONSE
C05182,0,0,0.00486,Low,0.00772,0.00697,0.00075,LOW RESPONSE
C05183,1,0,0.00511,Low,0.0108,0.00973,0.00108,LOW RESPONSE
C05184,0,0,0.31626,Medium,0.00812,0.05156,-0.04344,NEGATIVE RESPONSE
C05185,0,0,0.00125,Low,0.01102,0.0084,0.00261,LOW RESPONSE
C05186,0,0,0.22585,Low,0.00587,0.05025,-0.04438,NEGATIVE RESPONSE
C05187,0,0,0.00897,Low,0.01971,0.01578,0.00393,LOW RESPONSE
C05188,0,0,0.00835,Low,0.01096,0.01473,-0.00377,NEGATIVE RESPONSE
C05189,1,0,0.14714,Low,0.01228,0.05638,-0.0441,NEGATIVE RESPONSE
C05190,1,0,0.0741,Low,0.01097,0.03829,-0.02732,NEGATIVE RESPONSE
C05191,1,0,0.00601,Low,0.00501,0.00758,-0.00257,NEGATIVE RESPONSE
C05192,1,0,0.00339,Low,0.00581,0.00718,-0.00138,NEGATIVE RESPONSE
C05193,0,1,0.94998,Critical,0.03628,0.08233,-0.04605,NEGATIVE RESPONSE
C05194,1,0,0.43053,Medium,0.01472,0.11655,-0.10184,NEGATIVE RESPONSE
C05195,1,0,0.01014,Low,0.00484,0.0089,-0.00406,NEGATIVE RESPONSE
C05196,1,0,0.05403,Low,0.00845,0.03183,-0.02338,NEGATIVE RESPONSE
C05197,1,0,0.22825,Low,0.00947,0.05581,-0.04634,NEGATIVE RESPONSE
C05198,1,0,0.00697,Low,0.00717,0.00705,0.00012,LOW RESPONSE
C05199,1,0,0.02111,Low,0.02045,0.01437,0.00608,LOW RESPONSE
C05200,1,0,0.01463,Low,0.01686,0.01165,0.00521,LOW RESPONSE
C05201,1,0,0.18844,Low,0.00503,0.04812,-0.04309,NEGATIVE RESPONSE
C05202,0,0,0.01135,Low,0.01781,0.01386,0.00395,LOW RESPONSE
C05203,1,0,0.01299,Low,0.00851,0.01158,-0.00307,NEGATIVE RESPONSE
C05204,1,0,0.00271,Low,0.00881,0.00894,-0.00013,LOW RESPONSE
C05205,1,1,0.93537,Critical,0.01494,0.13247,-0.11754,NEGATIVE RESPONSE
C05206,1,0,0.01977,Low,0.01363,0.00938,0.00426,LOW RESPONSE
C05207,1,0,0.01095,Low,0.01408,0.01084,0.00324,LOW RESPONSE
C05208,0,0,0.00603,Low,0.00966,0.00655,0.00311,LOW RESPONSE
C05209,1,0,0.02551,Low,0.00854,0.01037,-0.00183,NEGATIVE RESPONSE
C05210,0,0,0.00799,Low,0.00584,0.00873,-0.00289,NEGATIVE RESPONSE
C05211,1,0,0.03175,Low,0.01226,0.01231,-5e-05,LOW RESPONSE
C05212,1,0,0.04072,Low,0.01289,0.01118,0.00171,PERSUADABLE
C05213,0,0,0.16456,Low,0.00725,0.06866,-0.06141,NEGATIVE RESPONSE
C05214,1,0,0.05891,Low,0.00929,0.03751,-0.02822,NEGATIVE RESPONSE
C05215,1,0,0.00979,Low,0.006,0.00912,-0.00313,NEGATIVE RESPONSE
C05216,1,0,0.02365,Low,0.02138,0.01428,0.0071,LOW RESPONSE
C05217,1,0,0.06012,Low,0.00377,0.02732,-0.02355,NEGATIVE RESPONSE
C05218,0,0,0.00518,Low,0.0063,0.00872,-0.00242,NEGATIVE RESPONSE
C05219,1,0,0.03948,Low,0.00429,0.02699,-0.0227,NEGATIVE RESPONSE
C05220,0,0,0.12959,Low,0.00856,0.04485,-0.03629,NEGATIVE RESPONSE
C05221,0,0,0.03713,Low,0.00648,0.04485,-0.03837,NEGATIVE RESPONSE
C05222,1,0,0.00551,Low,0.01235,0.00681,0.00554,LOW RESPONSE
C05223,0,0,0.03521,Low,0.01065,0.05151,-0.04085,NEGATIVE RESPONSE
C05224,0,0,0.42131,Medium,0.02115,0.10645,-0.08529,NEGATIVE RESPONSE
C05225,1,0,0.00461,Low,0.0267,0.02764,-0.00095,LOW RESPONSE
C05226,1,0,0.00931,Low,0.00745,0.00805,-0.0006,LOW RESPONSE
C05227,1,0,0.00148,Low,0.00895,0.0089,5e-05,LOW RESPONSE
C05228,1,0,0.01439,Low,0.01895,0.0081,0.01085,LOW RESPONSE
C05229,1,0,0.00574,Low,0.01286,0.00799,0.00487,LOW RESPONSE
C05230,0,0,0.01325,Low,0.00992,0.00984,8e-05,LOW RESPONSE
C05231,1,0,0.0038,Low,0.02049,0.0055,0.01499,LOW RESPONSE
C05232,1,0,0.00715,Low,0.00509,0.00638,-0.00128,NEGATIVE RESPONSE
C05233,1,0,0.01084,Low,0.00936,0.00882,0.00053,LOW RESPONSE
C05234,1,0,0.11695,Low,0.017,0.06961,-0.05261,NEGATIVE RESPONSE
C05235,0,0,0.18739,Low,0.00742,0.07282,-0.0654,NEGATIVE RESPONSE
C05236,1,0,0.05637,Low,0.00711,0.02495,-0.01784,NEGATIVE RESPONSE
C05237,0,0,0.00275,Low,0.01127,0.01206,-0.00078,LOW RESPONSE
C05238,1,0,0.06202,Low,0.01386,0.09385,-0.07999,NEGATIVE RESPONSE
C05239,1,0,0.00305,Low,0.00694,0.00886,-0.00192,NEGATIVE RESPONSE
C05240,1,0,0.00292,Low,0.01092,0.00631,0.00461,LOW RESPONSE
C05241,0,0,0.03082,Low,0.03137,0.01737,0.014,LOW RESPONSE
C05242,1,0,0.00952,Low,0.01042,0.01003,0.00039,LOW RESPONSE
C05243,0,0,0.01213,Low,0.00889,0.02036,-0.01147,NEGATIVE RESPONSE
C05244,0,0,0.15796,Low,0.01252,0.03904,-0.02652,NEGATIVE RESPONSE
C05245,1,0,0.31182,Medium,0.0058,0.03994,-0.03413,NEGATIVE RESPONSE
C05246,0,0,0.00649,Low,0.00529,0.01106,-0.00577,NEGATIVE RESPONSE
C05247,0,0,0.01088,Low,0.01413,0.01488,-0.00075,LOW RESPONSE
C05248,0,0,0.00559,Low,0.00645,0.01101,-0.00457,NEGATIVE RESPONSE
C05249,0,0,0.00572,Low,0.00754,0.00712,0.00041,LOW RESPONSE
C05250,0,0,0.00671,Low,0.02091,0.01358,0.00732,LOW RESPONSE
C05251,0,0,0.11764,Low,0.01047,0.15487,-0.1444,NEGATIVE RESPONSE
C05252,1,0,0.04071,Low,0.01475,0.01261,0.00214,PERSUADABLE
C05253,0,0,0.00431,Low,0.01293,0.00854,0.0044,LOW RESPONSE
C05254,0,0,0.01163,Low,0.01942,0.00988,0.00954,LOW RESPONSE
C05255,0,0,0.12112,Low,0.00777,0.0463,-0.03854,NEGATIVE RESPONSE
C05256,1,0,0.07303,Low,0.01112,0.03652,-0.0254,NEGATIVE RESPONSE
C05257,1,0,0.40857,Medium,0.01804,0.06289,-0.04485,NEGATIVE RESPONSE
C05258,0,0,0.01886,Low,0.02161,0.01044,0.01117,LOW RESPONSE
C05259,1,0,0.07527,Low,0.00672,0.04846,-0.04173,NEGATIVE RESPONSE
C05260,0,0,0.00736,Low,0.01483,0.01335,0.00148,LOW RESPONSE
C05261,0,0,0.00983,Low,0.00783,0.01353,-0.0057,NEGATIVE RESPONSE
C05262,0,0,0.10665,Low,0.00684,0.07822,-0.07138,NEGATIVE RESPONSE
C05263,1,0,0.00583,Low,0.00694,0.01094,-0.004,NEGATIVE RESPONSE
C05264,1,0,0.00887,Low,0.01442,0.01089,0.00353,LOW RESPONSE
C05265,0,0,0.08928,Low,0.00655,0.03756,-0.031,NEGATIVE RESPONSE
C05266,0,0,0.01055,Low,0.00725,0.01093,-0.00368,NEGATIVE RESPONSE
C05267,0,0,0.00677,Low,0.01197,0.00754,0.00443,LOW RESPONSE
C05268,1,0,0.00909,Low,0.03563,0.01492,0.02071,HIGHLY PERSUADABLE
C05269,0,0,0.02518,Low,0.00634,0.00856,-0.00222,NEGATIVE RESPONSE
C05270,1,0,0.00509,Low,0.01062,0.00634,0.00428,LOW RESPONSE
C05271,1,0,0.00623,Low,0.00782,0.00649,0.00134,LOW RESPONSE
C05272,0,0,0.02425,Low,0.00538,0.008,-0.00261,NEGATIVE RESPONSE
C05273,0,0,0.00948,Low,0.0084,0.06238,-0.05398,NEGATIVE RESPONSE
C05274,0,0,0.2543,Low,0.00858,0.09709,-0.08851,NEGATIVE RESPONSE
C05275,1,0,0.01438,Low,0.00835,0.00813,0.00022,LOW RESPONSE
C05276,1,0,0.03858,Low,0.00817,0.02479,-0.01663,NEGATIVE RESPONSE
C05277,0,0,0.09932,Low,0.00963,0.03484,-0.02521,NEGATIVE RESPONSE
C05278,0,1,0.95666,Critical,0.02561,0.05389,-0.02828,NEGATIVE RESPONSE
C05279,1,0,0.09215,Low,0.00738,0.04882,-0.04144,NEGATIVE RESPONSE
C05280,1,0,0.00731,Low,0.00802,0.00778,0.00024,LOW RESPONSE
C05281,0,0,0.0199,Low,0.01211,0.00916,0.00295,LOW RESPONSE
C05282,0,0,0.00991,Low,0.01215,0.00838,0.00377,LOW RESPONSE
C05283,0,0,0.00661,Low,0.00655,0.01505,-0.0085,NEGATIVE RESPONSE
C05284,0,0,0.03975,Low,0.0081,0.03596,-0.02786,NEGATIVE RESPONSE
C05285,0,0,0.02073,Low,0.01667,0.01219,0.00448,LOW RESPONSE
C05286,0,0,0.0031,Low,0.00629,0.01017,-0.00389,NEGATIVE RESPONSE
C05287,0,0,0.02665,Low,0.01497,0.01384,0.00113,LOW RESPONSE
C05288,1,0,0.12471,Low,0.01513,0.04272,-0.02759,NEGATIVE RESPONSE
C05289,0,0,0.02327,Low,0.00985,0.01247,-0.00263,NEGATIVE RESPONSE
C05290,1,0,0.01984,Low,0.01362,0.01088,0.00274,LOW RESPONSE
C05291,1,0,0.02158,Low,0.00586,0.00812,-0.00227,NEGATIVE RESPONSE
C05292,0,0,0.00324,Low,0.00848,0.00757,0.00091,LOW RESPONSE
C05293,1,0,0.07741,Low,0.00635,0.04586,-0.0395,NEGATIVE RESPONSE
C05294,1,0,0.04475,Low,0.01678,0.0488,-0.03202,NEGATIVE RESPONSE
C05295,0,1,0.23532,Low,0.03352,0.06458,-0.03106,NEGATIVE RESPONSE
C05296,1,0,0.00976,Low,0.00609,0.00832,-0.00223,NEGATIVE RESPONSE
C05297,0,0,0.09308,Low,0.0082,0.0451,-0.0369,NEGATIVE RESPONSE
C05298,1,0,0.01046,Low,0.01268,0.00857,0.00411,LOW RESPONSE
C05299,0,0,0.01343,Low,0.01473,0.00744,0.00729,LOW RESPONSE
C05300,1,0,0.0139,Low,0.00966,0.03488,-0.02522,NEGATIVE RESPONSE
C05301,0,0,0.10811,Low,0.00688,0.03185,-0.02496,NEGATIVE RESPONSE
C05302,1,0,0.07322,Low,0.00571,0.05133,-0.04562,NEGATIVE RESPONSE
C05303,0,0,0.0168,Low,0.02161,0.01548,0.00612,LOW RESPONSE
C05304,1,0,0.00361,Low,0.00903,0.01081,-0.00178,NEGATIVE RESPONSE
C05305,1,0,0.00492,Low,0.01208,0.01652,-0.00444,NEGATIVE RESPONSE
C05306,1,0,0.01417,Low,0.00631,0.0076,-0.0013,NEGATIVE RESPONSE
C05307,1,0,0.01069,Low,0.01653,0.01627,0.00026,LOW RESPONSE
C05308,1,0,0.02007,Low,0.01022,0.01448,-0.00425,NEGATIVE RESPONSE
C05309,0,0,0.09501,Low,0.0069,0.03602,-0.02912,NEGATIVE RESPONSE
C05310,1,0,0.03761,Low,0.01136,0.04602,-0.03467,NEGATIVE RESPONSE
C05311,1,0,0.00981,Low,0.01475,0.01449,0.00026,LOW RESPONSE
C05312,0,0,0.0937,Low,0.00916,0.04147,-0.03231,NEGATIVE RESPONSE
C05313,1,0,0.01461,Low,0.02317,0.01029,0.01289,LOW RESPONSE
C05314,1,0,0.00153,Low,0.01209,0.00937,0.00272,LOW RESPONSE
C05315,1,0,0.01119,Low,0.00775,0.00578,0.00197,LOW RESPONSE
C05316,1,0,0.03622,Low,0.00933,0.00628,0.00306,PERSUADABLE
C05317,0,0,0.00592,Low,0.0059,0.00689,-0.00099,LOW RESPONSE
C05318,0,0,0.00678,Low,0.01909,0.00749,0.0116,LOW RESPONSE
C05319,0,0,0.02069,Low,0.00623,0.01207,-0.00584,NEGATIVE RESPONSE
C05320,1,0,0.01315,Low,0.00894,0.00791,0.00103,LOW RESPONSE
C05321,1,0,0.01733,Low,0.00654,0.01243,-0.0059,NEGATIVE RESPONSE
C05322,0,0,0.10384,Low,0.00639,0.06113,-0.05474,NEGATIVE RESPONSE
C05323,0,0,0.16493,Low,0.0313,0.11338,-0.08208,NEGATIVE RESPONSE
C05324,1,0,0.41635,Medium,0.01221,0.09317,-0.08096,NEGATIVE RESPONSE
C05325,1,0,0.00676,Low,0.00723,0.01053,-0.0033,NEGATIVE RESPONSE
C05326,1,0,0.16368,Low,0.023,0.08047,-0.05747,NEGATIVE RESPONSE
C05327,1,0,0.01474,Low,0.00914,0.01503,-0.00589,NEGATIVE RESPONSE
C05328,0,1,0.1323,Low,0.06739,0.05781,0.00958,HIGHLY PERSUADABLE
C05329,1,0,0.00971,Low,0.00816,0.00807,9e-05,LOW RESPONSE
C05330,1,0,0.13297,Low,0.00731,0.04767,-0.04036,NEGATIVE RESPONSE
C05331,1,0,0.01574,Low,0.01007,0.01135,-0.00129,NEGATIVE RESPONSE
C05332,1,0,0.00378,Low,0.00975,0.01223,-0.00248,NEGATIVE RESPONSE
C05333,1,0,0.00626,Low,0.00904,0.00674,0.0023,LOW RESPONSE
C05334,1,0,0.06575,Low,0.00705,0.05276,-0.04571,NEGATIVE RESPONSE
C05335,0,0,0.01236,Low,0.01321,0.01136,0.00185,LOW RESPONSE
C05336,1,0,0.0091,Low,0.00484,0.00935,-0.00451,NEGATIVE RESPONSE
C05337,1,1,0.9781,Critical,0.01905,0.23481,-0.21575,NEGATIVE RESPONSE
C05338,1,0,0.01186,Low,0.01437,0.00797,0.0064,LOW RESPONSE
C05339,1,0,0.27298,Low,0.00877,0.03874,-0.02997,NEGATIVE RESPONSE
C05340,0,0,0.01015,Low,0.01913,0.00744,0.01169,LOW RESPONSE
C05341,1,0,0.01372,Low,0.00578,0.00898,-0.00321,NEGATIVE RESPONSE
C05342,1,0,0.06733,Low,0.0055,0.03519,-0.02968,NEGATIVE RESPONSE
C05343,0,0,0.00553,Low,0.02432,0.00803,0.01629,LOW RESPONSE
C05344,0,0,0.0065,Low,0.00466,0.00912,-0.00446,NEGATIVE RESPONSE
C05345,1,0,0.01212,Low,0.00894,0.01055,-0.00161,NEGATIVE RESPONSE
C05346,1,0,0.00474,Low,0.00847,0.01681,-0.00834,NEGATIVE RESPONSE
C05347,1,0,0.06004,Low,0.01455,0.05715,-0.0426,NEGATIVE RESPONSE
C05348,1,0,0.00843,Low,0.00651,0.00694,-0.00043,LOW RESPONSE
C05349,1,0,0.0258,Low,0.02222,0.02333,-0.00111,NEGATIVE RESPONSE
C05350,1,0,0.02449,Low,0.01009,0.01189,-0.00181,NEGATIVE RESPONSE
C05351,1,0,0.03894,Low,0.00927,0.02407,-0.0148,NEGATIVE RESPONSE
C05352,0,0,0.02008,Low,0.00768,0.0075,0.00018,LOW RESPONSE
C05353,0,0,0.03267,Low,0.02072,0.03799,-0.01727,NEGATIVE RESPONSE
C05354,1,0,0.00808,Low,0.01167,0.00959,0.00208,LOW RESPONSE
C05355,0,0,0.36429,Medium,0.00666,0.07853,-0.07188,NEGATIVE RESPONSE
C05356,1,0,0.00472,Low,0.00951,0.01038,-0.00087,LOW RESPONSE
C05357,1,0,0.0073,Low,0.02279,0.01891,0.00388,LOW RESPONSE
C05358,0,0,0.00793,Low,0.0093,0.00968,-0.00037,LOW RESPONSE
C05359,0,0,0.00685,Low,0.00767,0.00732,0.00035,LOW RESPONSE
C05360,1,0,0.02468,Low,0.01288,0.01029,0.00259,LOW RESPONSE
C05361,0,0,0.00424,Low,0.0162,0.00983,0.00637,LOW RESPONSE
C05362,1,0,0.00454,Low,0.01904,0.01103,0.008,LOW RESPONSE
C05363,1,0,0.00629,Low,0.01384,0.0261,-0.01226,NEGATIVE RESPONSE
C05364,1,0,0.02434,Low,0.00671,0.01541,-0.00869,NEGATIVE RESPONSE
C05365,1,0,0.00927,Low,0.00603,0.0098,-0.00378,NEGATIVE RESPONSE
C05366,1,0,0.01635,Low,0.01423,0.02325,-0.00902,NEGATIVE RESPONSE
C05367,0,0,0.00103,Low,0.00527,0.00615,-0.00088,LOW RESPONSE
C05368,0,0,0.01174,Low,0.00539,0.03714,-0.03175,NEGATIVE RESPONSE
C05369,1,0,0.00679,Low,0.00827,0.01036,-0.00209,NEGATIVE RESPONSE
C05370,1,0,0.00426,Low,0.00823,0.01186,-0.00363,NEGATIVE RESPONSE
C05371,0,0,0.10646,Low,0.01003,0.13482,-0.1248,NEGATIVE RESPONSE
C05372,1,0,0.01888,Low,0.01036,0.01016,0.00019,LOW RESPONSE
C05373,1,0,0.02489,Low,0.02587,0.01059,0.01528,LOW RESPONSE
C05374,0,0,0.01871,Low,0.00755,0.01069,-0.00314,NEGATIVE RESPONSE
C05375,1,0,0.00624,Low,0.00878,0.01011,-0.00133,NEGATIVE RESPONSE
C05376,1,1,0.98061,Critical,0.03168,0.44332,-0.41163,NEGATIVE RESPONSE
C05377,1,0,0.01864,Low,0.00886,0.01149,-0.00263,NEGATIVE RESPONSE
C05378,1,0,0.00795,Low,0.00946,0.00803,0.00143,LOW RESPONSE
C05379,0,0,0.53305,Medium,0.01464,0.10869,-0.09405,NEGATIVE RESPONSE
C05380,0,0,0.18234,Low,0.01747,0.09981,-0.08233,NEGATIVE RESPONSE
C05381,1,0,0.01066,Low,0.00575,0.00626,-0.00051,LOW RESPONSE
C05382,0,0,0.00973,Low,0.02289,0.02049,0.00241,LOW RESPONSE
C05383,1,0,0.00891,Low,0.00681,0.01056,-0.00375,NEGATIVE RESPONSE
C05384,0,0,0.01997,Low,0.01108,0.01292,-0.00184,NEGATIVE RESPONSE
C05385,1,0,0.39579,Medium,0.0101,0.05867,-0.04857,NEGATIVE RESPONSE
C05386,0,1,0.92714,Critical,0.04062,0.13218,-0.09157,NEGATIVE RESPONSE
C05387,1,0,0.06216,Low,0.04857,0.0222,0.02637,HIGHLY PERSUADABLE
C05388,1,0,0.28418,Low,0.02903,0.08042,-0.05139,NEGATIVE RESPONSE
C05389,1,0,0.12565,Low,0.00985,0.04466,-0.0348,NEGATIVE RESPONSE
C05390,0,0,0.05813,Low,0.01035,0.03296,-0.02261,NEGATIVE RESPONSE
C05391,1,0,0.00605,Low,0.00415,0.0056,-0.00145,NEGATIVE RESPONSE
C05392,1,0,0.01259,Low,0.00918,0.01121,-0.00202,NEGATIVE RESPONSE
C05393,1,0,0.00456,Low,0.0066,0.01031,-0.00371,NEGATIVE RESPONSE
C05394,1,0,0.0055,Low,0.00541,0.00693,-0.00152,NEGATIVE RESPONSE
C05395,1,0,0.09174,Low,0.02153,0.06899,-0.04746,NEGATIVE RESPONSE
C05396,1,0,0.28157,Low,0.01317,0.12227,-0.1091,NEGATIVE RESPONSE
C05397,1,0,0.12384,Low,0.00532,0.05589,-0.05057,NEGATIVE RESPONSE
C05398,1,0,0.00871,Low,0.0062,0.01159,-0.00539,NEGATIVE RESPONSE
C05399,1,0,0.01327,Low,0.00673,0.01033,-0.0036,NEGATIVE RESPONSE
C05400,1,0,0.00252,Low,0.00613,0.00757,-0.00144,NEGATIVE RESPONSE
C05401,1,1,0.92278,Critical,0.01042,0.08683,-0.07642,NEGATIVE RESPONSE
C05402,0,0,0.00388,Low,0.00819,0.0074,0.00079,LOW RESPONSE
C05403,0,0,0.00547,Low,0.00865,0.00597,0.00268,LOW RESPONSE
C05404,1,0,0.00532,Low,0.00562,0.01041,-0.00479,NEGATIVE RESPONSE
C05405,1,0,0.01404,Low,0.01178,0.01023,0.00154,LOW RESPONSE
C05406,0,0,0.23792,Low,0.01103,0.09792,-0.08689,NEGATIVE RESPONSE
C05407,1,0,0.11305,Low,0.00915,0.05738,-0.04823,NEGATIVE RESPONSE
C05408,0,0,0.01153,Low,0.0099,0.012,-0.0021,NEGATIVE RESPONSE
C05409,1,0,0.00264,Low,0.00548,0.00856,-0.00309,NEGATIVE RESPONSE
C05410,1,0,0.00405,Low,0.00848,0.00701,0.00147,LOW RESPONSE
C05411,1,0,0.22484,Low,0.01097,0.15036,-0.13939,NEGATIVE RESPONSE
C05412,1,0,0.06554,Low,0.00968,0.014,-0.00432,NEGATIVE RESPONSE
C05413,0,1,0.97023,Critical,0.03551,0.04733,-0.01182,NEGATIVE RESPONSE
C05414,1,0,0.00586,Low,0.00615,0.01364,-0.00749,NEGATIVE RESPONSE
C05415,0,0,0.01413,Low,0.00524,0.02998,-0.02474,NEGATIVE RESPONSE
C05416,0,0,0.00442,Low,0.00525,0.00857,-0.00332,NEGATIVE RESPONSE
C05417,0,0,0.06514,Low,0.01201,0.08127,-0.06927,NEGATIVE RESPONSE
C05418,1,0,0.02302,Low,0.0106,0.03142,-0.02082,NEGATIVE RESPONSE
C05419,1,0,0.08169,Low,0.00718,0.04574,-0.03856,NEGATIVE RESPONSE
C05420,0,0,0.24436,Low,0.00787,0.09064,-0.08277,NEGATIVE RESPONSE
C05421,0,0,0.00616,Low,0.00606,0.01012,-0.00406,NEGATIVE RESPONSE
C05422,1,0,0.0171,Low,0.00668,0.01173,-0.00505,NEGATIVE RESPONSE
C05423,1,0,0.41462,Medium,0.01364,0.09486,-0.08121,NEGATIVE RESPONSE
C05424,0,0,0.31665,Medium,0.01125,0.09477,-0.08351,NEGATIVE RESPONSE
C05425,0,0,0.02134,Low,0.0073,0.01013,-0.00283,NEGATIVE RESPONSE
C05426,1,0,0.03591,Low,0.00658,0.03046,-0.02388,NEGATIVE RESPONSE
C05427,0,0,0.00768,Low,0.00888,0.00727,0.00161,LOW RESPONSE
C05428,0,0,0.02957,Low,0.0102,0.01619,-0.00598,NEGATIVE RESPONSE
C05429,1,0,0.00732,Low,0.00935,0.00942,-7e-05,LOW RESPONSE
C05430,1,0,0.00733,Low,0.02033,0.01475,0.00558,LOW RESPONSE
C05431,1,0,0.03648,Low,0.01034,0.02994,-0.0196,NEGATIVE RESPONSE
C05432,1,0,0.01512,Low,0.01572,0.01901,-0.00329,NEGATIVE RESPONSE
C05433,1,0,0.01637,Low,0.00825,0.00805,0.0002,LOW RESPONSE
C05434,0,0,0.01533,Low,0.00566,0.0237,-0.01804,NEGATIVE RESPONSE
C05435,0,0,0.11844,Low,0.00731,0.05396,-0.04665,NEGATIVE RESPONSE
C05436,1,0,0.02636,Low,0.01684,0.00759,0.00925,LOW RESPONSE
C05437,1,0,0.53246,Medium,0.01473,0.13258,-0.11786,NEGATIVE RESPONSE
C05438,1,0,0.0851,Low,0.00669,0.0568,-0.05012,NEGATIVE RESPONSE
C05439,1,0,0.11335,Low,0.00481,0.07938,-0.07457,NEGATIVE RESPONSE
C05440,0,0,0.0062,Low,0.01368,0.01197,0.0017,LOW RESPONSE
C05441,0,0,0.00434,Low,0.00643,0.00608,0.00034,LOW RESPONSE
C05442,0,1,0.29799,Low,0.01739,0.09608,-0.07869,NEGATIVE RESPONSE
C05443,1,0,0.00519,Low,0.00585,0.00783,-0.00198,NEGATIVE RESPONSE
C05444,1,0,0.0034,Low,0.00854,0.00739,0.00115,LOW RESPONSE
C05445,0,0,0.35008,Medium,0.01006,0.06976,-0.0597,NEGATIVE RESPONSE
C05446,0,0,0.01195,Low,0.00946,0.00718,0.00228,LOW RESPONSE
C05447,0,0,0.04115,Low,0.01492,0.01377,0.00115,PERSUADABLE
C05448,0,0,0.09599,Low,0.01136,0.06461,-0.05325,NEGATIVE RESPONSE
C05449,1,0,0.01097,Low,0.00966,0.00668,0.00297,LOW RESPONSE
C05450,1,0,0.00798,Low,0.00646,0.03206,-0.0256,NEGATIVE RESPONSE
C05451,0,0,0.08893,Low,0.00683,0.05595,-0.04912,NEGATIVE RESPONSE
C05452,0,0,0.01738,Low,0.00709,0.0081,-0.00101,NEGATIVE RESPONSE
C05453,1,0,0.11477,Low,0.00563,0.04511,-0.03948,NEGATIVE RESPONSE
C05454,0,1,0.95018,Critical,0.0483,0.09192,-0.04361,NEGATIVE RESPONSE
C05455,0,0,0.05217,Low,0.00776,0.05458,-0.04683,NEGATIVE RESPONSE
C05456,1,0,0.09081,Low,0.00656,0.04238,-0.03582,NEGATIVE RESPONSE
C05457,0,0,0.00923,Low,0.00982,0.00816,0.00166,LOW RESPONSE
C05458,1,0,0.01225,Low,0.00706,0.00591,0.00115,LOW RESPONSE
C05459,0,0,0.00428,Low,0.01726,0.01117,0.00609,LOW RESPONSE
C05460,0,0,0.00888,Low,0.01401,0.00748,0.00653,LOW RESPONSE
C05461,0,0,0.00213,Low,0.01175,0.01699,-0.00524,NEGATIVE RESPONSE
C05462,0,0,0.00504,Low,0.0093,0.01124,-0.00194,NEGATIVE RESPONSE
C05463,1,0,0.04387,Low,0.01289,0.059,-0.04611,NEGATIVE RESPONSE
C05464,0,0,0.14534,Low,0.00701,0.07545,-0.06845,NEGATIVE RESPONSE
C05465,1,0,0.0235,Low,0.00784,0.00842,-0.00058,LOW RESPONSE
C05466,0,0,0.01966,Low,0.01094,0.00639,0.00455,LOW RESPONSE
C05467,0,0,0.00604,Low,0.00973,0.00958,0.00014,LOW RESPONSE
C05468,0,0,0.01988,Low,0.01493,0.00965,0.00528,LOW RESPONSE
C05469,1,0,0.01119,Low,0.00847,0.00829,0.00018,LOW RESPONSE
C05470,1,0,0.00305,Low,0.00653,0.00688,-0.00035,LOW RESPONSE
C05471,1,0,0.0056,Low,0.01475,0.00729,0.00747,LOW RESPONSE
C05472,0,0,0.00321,Low,0.01028,0.00572,0.00456,LOW RESPONSE
C05473,1,0,0.00944,Low,0.01171,0.00723,0.00448,LOW RESPONSE
C05474,0,0,0.01815,Low,0.01639,0.02676,-0.01037,NEGATIVE RESPONSE
C05475,0,0,0.00195,Low,0.00894,0.01097,-0.00203,NEGATIVE RESPONSE
C05476,0,0,0.00865,Low,0.01146,0.01063,0.00083,LOW RESPONSE
C05477,1,0,0.00531,Low,0.00725,0.01088,-0.00363,NEGATIVE RESPONSE
C05478,0,0,0.02736,Low,0.00665,0.00865,-0.002,NEGATIVE RESPONSE
C05479,0,0,0.01898,Low,0.02126,0.01522,0.00604,LOW RESPONSE
C05480,0,0,0.00468,Low,0.00492,0.00862,-0.0037,NEGATIVE RESPONSE
C05481,1,0,0.02426,Low,0.00525,0.03692,-0.03167,NEGATIVE RESPONSE
C05482,1,0,0.00959,Low,0.00758,0.00896,-0.00138,NEGATIVE RESPONSE
C05483,1,0,0.01016,Low,0.01033,0.00763,0.0027,LOW RESPONSE
C05484,0,0,0.00693,Low,0.00685,0.0076,-0.00075,LOW RESPONSE
C05485,1,0,0.01518,Low,0.00476,0.01031,-0.00556,NEGATIVE RESPONSE
C05486,1,0,0.00328,Low,0.00915,0.00853,0.00061,LOW RESPONSE
C05487,1,0,0.01048,Low,0.02343,0.0155,0.00793,LOW RESPONSE
C05488,0,0,0.02749,Low,0.01067,0.00664,0.00403,LOW RESPONSE
C05489,1,0,0.00912,Low,0.01336,0.00853,0.00483,LOW RESPONSE
C05490,1,0,0.00986,Low,0.01562,0.00836,0.00727,LOW RESPONSE
C05491,1,0,0.01121,Low,0.01743,0.00812,0.00931,LOW RESPONSE
C05492,0,0,0.01075,Low,0.00901,0.01031,-0.0013,NEGATIVE RESPONSE
C05493,0,0,0.02066,Low,0.00915,0.00872,0.00044,LOW RESPONSE
C05494,1,0,0.00229,Low,0.00663,0.00562,0.00101,LOW RESPONSE
C05495,0,0,0.00384,Low,0.00599,0.00623,-0.00024,LOW RESPONSE
C05496,0,0,0.01356,Low,0.01031,0.01513,-0.00483,NEGATIVE RESPONSE
C05497,0,0,0.00872,Low,0.01006,0.00698,0.00308,LOW RESPONSE
C05498,0,0,0.26263,Low,0.00709,0.10999,-0.1029,NEGATIVE RESPONSE
C05499,1,1,0.0455,Low,0.00657,0.12367,-0.1171,NEGATIVE RESPONSE
C05500,1,0,0.09222,Low,0.0085,0.08089,-0.0724,NEGATIVE RESPONSE
C05501,1,0,0.02047,Low,0.01737,0.00893,0.00844,LOW RESPONSE
C05502,1,0,0.14929,Low,0.01712,0.13414,-0.11702,NEGATIVE RESPONSE
C05503,0,1,0.9772,Critical,0.02831,0.12802,-0.09971,NEGATIVE RESPONSE
C05504,1,0,0.00259,Low,0.00876,0.0111,-0.00235,NEGATIVE RESPONSE
C05505,0,0,0.03016,Low,0.00901,0.03366,-0.02465,NEGATIVE RESPONSE
C05506,1,0,0.02827,Low,0.01278,0.00993,0.00285,LOW RESPONSE
C05507,1,0,0.01995,Low,0.0145,0.01348,0.00102,LOW RESPONSE
C05508,1,0,0.0017,Low,0.00954,0.00685,0.00269,LOW RESPONSE
C05509,1,0,0.00803,Low,0.0079,0.00797,-7e-05,LOW RESPONSE
C05510,1,0,0.01092,Low,0.00621,0.00612,9e-05,LOW RESPONSE
C05511,1,0,0.02854,Low,0.00679,0.01028,-0.00349,NEGATIVE RESPONSE
C05512,1,0,0.01301,Low,0.01807,0.01199,0.00608,LOW RESPONSE
C05513,0,0,0.02034,Low,0.00789,0.01431,-0.00642,NEGATIVE RESPONSE
C05514,0,0,0.18765,Low,0.00921,0.04638,-0.03717,NEGATIVE RESPONSE
C05515,0,0,0.00192,Low,0.00988,0.00714,0.00274,LOW RESPONSE
C05516,1,0,0.02429,Low,0.00871,0.01133,-0.00262,NEGATIVE RESPONSE
C05517,1,0,0.00827,Low,0.01356,0.00672,0.00683,LOW RESPONSE
C05518,1,0,0.00224,Low,0.00795,0.00884,-0.00089,LOW RESPONSE
C05519,1,0,0.03123,Low,0.03789,0.06194,-0.02405,NEGATIVE RESPONSE
C05520,1,0,0.01066,Low,0.0169,0.0112,0.0057,LOW RESPONSE
C05521,1,0,0.00663,Low,0.0101,0.01393,-0.00383,NEGATIVE RESPONSE
C05522,1,0,0.00537,Low,0.02182,0.01649,0.00532,LOW RESPONSE
C05523,1,0,0.00886,Low,0.00755,0.00791,-0.00036,LOW RESPONSE
C05524,0,0,0.04171,Low,0.03353,0.01742,0.01611,HIGHLY PERSUADABLE
C05525,1,0,0.00634,Low,0.01884,0.00841,0.01043,LOW RESPONSE
C05526,1,0,0.00198,Low,0.0133,0.00787,0.00543,LOW RESPONSE
C05527,0,0,0.01117,Low,0.00543,0.00646,-0.00102,NEGATIVE RESPONSE
C05528,1,0,0.00901,Low,0.006,0.00916,-0.00316,NEGATIVE RESPONSE
C05529,1,0,0.00741,Low,0.01144,0.0088,0.00264,LOW RESPONSE
C05530,1,0,0.00218,Low,0.01182,0.01129,0.00054,LOW RESPONSE
C05531,1,0,0.00363,Low,0.00615,0.01453,-0.00838,NEGATIVE RESPONSE
C05532,0,0,0.01035,Low,0.00695,0.0106,-0.00366,NEGATIVE RESPONSE
C05533,1,0,0.0091,Low,0.0127,0.00772,0.00498,LOW RESPONSE
C05534,1,0,0.06196,Low,0.0078,0.05602,-0.04823,NEGATIVE RESPONSE
C05535,1,0,0.14967,Low,0.01186,0.04159,-0.02972,NEGATIVE RESPONSE
C05536,1,0,0.1451,Low,0.0105,0.08074,-0.07024,NEGATIVE RESPONSE
C05537,1,0,0.09761,Low,0.01881,0.06444,-0.04562,NEGATIVE RESPONSE
C05538,0,0,0.01968,Low,0.01272,0.01272,-0.0,LOW RESPONSE
C05539,0,0,0.00465,Low,0.0072,0.00708,0.00012,LOW RESPONSE
C05540,0,0,0.00335,Low,0.00963,0.01315,-0.00351,NEGATIVE RESPONSE
C05541,1,0,0.03331,Low,0.0104,0.04975,-0.03935,NEGATIVE RESPONSE
C05542,1,0,0.00473,Low,0.00748,0.00756,-8e-05,LOW RESPONSE
C05543,1,0,0.00747,Low,0.01269,0.00945,0.00324,LOW RESPONSE
C05544,1,0,0.09166,Low,0.01338,0.02627,-0.01289,NEGATIVE RESPONSE
C05545,0,0,0.01818,Low,0.00904,0.00837,0.00067,LOW RESPONSE
C05546,1,0,0.35368,Medium,0.02831,0.1395,-0.11119,NEGATIVE RESPONSE
C05547,0,0,0.15509,Low,0.0166,0.05267,-0.03607,NEGATIVE RESPONSE
C05548,0,0,0.09278,Low,0.0135,0.05881,-0.04531,NEGATIVE RESPONSE
C05549,0,1,0.94826,Critical,0.01958,0.12175,-0.10217,NEGATIVE RESPONSE
C05550,0,0,0.11304,Low,0.00727,0.07685,-0.06958,NEGATIVE RESPONSE
C05551,0,0,0.0051,Low,0.01395,0.00972,0.00423,LOW RESPONSE
C05552,0,0,0.03563,Low,0.0134,0.00945,0.00395,PERSUADABLE
C05553,0,0,0.27061,Low,0.00997,0.1015,-0.09152,NEGATIVE RESPONSE
C05554,0,0,0.01073,Low,0.01703,0.03664,-0.01961,NEGATIVE RESPONSE
C05555,0,1,0.95524,Critical,0.02637,0.08009,-0.05371,NEGATIVE RESPONSE
C05556,0,0,0.00257,Low,0.00622,0.00657,-0.00035,LOW RESPONSE
C05557,0,0,0.22884,Low,0.01577,0.11217,-0.09639,NEGATIVE RESPONSE
C05558,0,0,0.0017,Low,0.00621,0.00732,-0.00111,NEGATIVE RESPONSE
C05559,0,0,0.00316,Low,0.00869,0.0119,-0.0032,NEGATIVE RESPONSE
C05560,0,0,0.04814,Low,0.01348,0.01212,0.00136,PERSUADABLE
C05561,1,0,0.05278,Low,0.01122,0.03599,-0.02476,NEGATIVE RESPONSE
C05562,0,0,0.08152,Low,0.02295,0.01892,0.00402,PERSUADABLE
C05563,1,0,0.02031,Low,0.01281,0.01089,0.00193,LOW RESPONSE
C05564,1,0,0.01031,Low,0.00941,0.00952,-0.00011,LOW RESPONSE
C05565,1,0,0.02542,Low,0.02663,0.06057,-0.03394,NEGATIVE RESPONSE
C05566,0,0,0.05156,Low,0.04372,0.02075,0.02297,HIGHLY PERSUADABLE
C05567,0,0,0.00331,Low,0.00888,0.01073,-0.00185,NEGATIVE RESPONSE
C05568,1,0,0.00296,Low,0.00638,0.0072,-0.00082,LOW RESPONSE
C05569,1,1,0.95857,Critical,0.01974,0.30313,-0.28339,NEGATIVE RESPONSE
C05570,1,0,0.19906,Low,0.00744,0.0478,-0.04036,NEGATIVE RESPONSE
C05571,1,0,0.05831,Low,0.00878,0.03596,-0.02718,NEGATIVE RESPONSE
C05572,1,0,0.18202,Low,0.05225,0.12891,-0.07666,NEGATIVE RESPONSE
C05573,1,0,0.00578,Low,0.00722,0.00697,0.00025,LOW RESPONSE
C05574,1,0,0.00476,Low,0.00584,0.00799,-0.00214,NEGATIVE RESPONSE
C05575,1,0,0.0465,Low,0.01135,0.01512,-0.00377,NEGATIVE RESPONSE
C05576,0,0,0.31625,Medium,0.01823,0.10995,-0.09172,NEGATIVE RESPONSE
C05577,1,0,0.01285,Low,0.01313,0.01362,-0.00049,LOW RESPONSE
C05578,1,0,0.00812,Low,0.01198,0.00703,0.00495,LOW RESPONSE
C05579,0,0,0.01535,Low,0.0085,0.01648,-0.00798,NEGATIVE RESPONSE
C05580,0,0,0.14614,Low,0.00859,0.04852,-0.03992,NEGATIVE RESPONSE
C05581,0,0,0.0039,Low,0.00541,0.00878,-0.00338,NEGATIVE RESPONSE
C05582,0,0,0.09145,Low,0.01417,0.02038,-0.00622,NEGATIVE RESPONSE
C05583,1,0,0.06004,Low,0.0083,0.09681,-0.08851,NEGATIVE RESPONSE
C05584,1,0,0.08745,Low,0.00713,0.04185,-0.03471,NEGATIVE RESPONSE
C05585,1,0,0.07313,Low,0.00627,0.07418,-0.06791,NEGATIVE RESPONSE
C05586,0,0,0.13514,Low,0.00716,0.07917,-0.07201,NEGATIVE RESPONSE
C05587,0,0,0.01287,Low,0.01314,0.04375,-0.03061,NEGATIVE RESPONSE
C05588,0,0,0.09227,Low,0.00822,0.08981,-0.08158,NEGATIVE RESPONSE
C05589,1,0,0.00929,Low,0.01834,0.01524,0.00311,LOW RESPONSE
C05590,1,0,0.17405,Low,0.01397,0.12638,-0.11241,NEGATIVE RESPONSE
C05591,0,0,0.12915,Low,0.00993,0.05884,-0.04891,NEGATIVE RESPONSE
C05592,0,0,0.05766,Low,0.00664,0.03334,-0.0267,NEGATIVE RESPONSE
C05593,1,0,0.0063,Low,0.01015,0.01087,-0.00072,LOW RESPONSE
C05594,1,0,0.13755,Low,0.01086,0.05162,-0.04076,NEGATIVE RESPONSE
C05595,1,0,0.01082,Low,0.007,0.00949,-0.00248,NEGATIVE RESPONSE
C05596,1,0,0.01399,Low,0.0105,0.00862,0.00188,LOW RESPONSE
C05597,0,1,0.94201,Critical,0.02447,0.06192,-0.03745,NEGATIVE RESPONSE
C05598,0,0,0.00811,Low,0.01326,0.00999,0.00327,LOW RESPONSE
C05599,0,0,0.02172,Low,0.01963,0.01474,0.00489,LOW RESPONSE
C05600,1,0,0.00554,Low,0.00588,0.00754,-0.00166,NEGATIVE RESPONSE
C05601,1,0,0.01144,Low,0.00618,0.00634,-0.00016,LOW RESPONSE
C05602,0,0,0.00537,Low,0.01287,0.00956,0.00331,LOW RESPONSE
C05603,1,0,0.00274,Low,0.00585,0.00648,-0.00063,LOW RESPONSE
C05604,1,0,0.01232,Low,0.00538,0.02306,-0.01768,NEGATIVE RESPONSE
C05605,1,0,0.00676,Low,0.00485,0.00789,-0.00304,NEGATIVE RESPONSE
C05606,0,0,0.03675,Low,0.00518,0.00674,-0.00156,NEGATIVE RESPONSE
C05607,1,0,0.00364,Low,0.00689,0.00975,-0.00286,NEGATIVE RESPONSE
C05608,1,0,0.00983,Low,0.01122,0.01583,-0.00462,NEGATIVE RESPONSE
C05609,0,0,0.01592,Low,0.00545,0.0091,-0.00365,NEGATIVE RESPONSE
C05610,1,0,0.01744,Low,0.01172,0.02577,-0.01404,NEGATIVE RESPONSE
C05611,1,0,0.00587,Low,0.03475,0.01868,0.01607,HIGHLY PERSUADABLE
C05612,1,0,0.05336,Low,0.00922,0.04235,-0.03312,NEGATIVE RESPONSE
C05613,1,0,0.008,Low,0.00913,0.00616,0.00297,LOW RESPONSE
C05614,1,0,0.14727,Low,0.00469,0.04365,-0.03896,NEGATIVE RESPONSE
C05615,1,0,0.00566,Low,0.0125,0.00748,0.00502,LOW RESPONSE
C05616,1,0,0.01036,Low,0.0155,0.02292,-0.00742,NEGATIVE RESPONSE
C05617,1,1,0.91908,Critical,0.0057,0.07945,-0.07375,NEGATIVE RESPONSE
C05618,1,0,0.01658,Low,0.00679,0.01172,-0.00493,NEGATIVE RESPONSE
C05619,1,0,0.01289,Low,0.0093,0.01162,-0.00232,NEGATIVE RESPONSE
C05620,1,0,0.03147,Low,0.00874,0.00833,0.00041,LOW RESPONSE
C05621,0,1,0.9641,Critical,0.04345,0.1342,-0.09075,NEGATIVE RESPONSE
C05622,0,0,0.0079,Low,0.018,0.02185,-0.00385,NEGATIVE RESPONSE
C05623,1,0,0.02144,Low,0.00949,0.00752,0.00197,LOW RESPONSE
C05624,0,0,0.02205,Low,0.01523,0.08255,-0.06732,NEGATIVE RESPONSE
C05625,1,0,0.01758,Low,0.01555,0.02037,-0.00482,NEGATIVE RESPONSE
C05626,1,0,0.01396,Low,0.0057,0.00961,-0.00391,NEGATIVE RESPONSE
C05627,0,0,0.04296,Low,0.0108,0.08515,-0.07436,NEGATIVE RESPONSE
C05628,1,0,0.08,Low,0.00601,0.03644,-0.03042,NEGATIVE RESPONSE
C05629,1,0,0.08265,Low,0.00687,0.04981,-0.04294,NEGATIVE RESPONSE
C05630,1,0,0.04061,Low,0.01169,0.00907,0.00261,PERSUADABLE
C05631,1,0,0.00304,Low,0.0049,0.01318,-0.00828,NEGATIVE RESPONSE
C05632,0,0,0.27045,Low,0.01593,0.04157,-0.02564,NEGATIVE RESPONSE
C05633,0,0,0.16811,Low,0.00886,0.07311,-0.06425,NEGATIVE RESPONSE
C05634,0,0,0.00927,Low,0.00706,0.01134,-0.00428,NEGATIVE RESPONSE
C05635,1,0,0.00566,Low,0.03253,0.01901,0.01352,LOW RESPONSE
C05636,0,0,0.01653,Low,0.00793,0.01429,-0.00636,NEGATIVE RESPONSE
C05637,1,0,0.00197,Low,0.02638,0.00927,0.01711,LOW RESPONSE
C05638,0,0,0.00606,Low,0.00544,0.00908,-0.00364,NEGATIVE RESPONSE
C05639,0,0,0.03582,Low,0.00861,0.01714,-0.00852,NEGATIVE RESPONSE
C05640,1,0,0.00199,Low,0.00703,0.00705,-2e-05,LOW RESPONSE
C05641,0,0,0.00677,Low,0.01331,0.02406,-0.01074,NEGATIVE RESPONSE
C05642,1,0,0.04887,Low,0.00665,0.06568,-0.05903,NEGATIVE RESPONSE
C05643,0,0,0.0127,Low,0.00722,0.01106,-0.00383,NEGATIVE RESPONSE
C05644,0,0,0.01208,Low,0.00909,0.01539,-0.0063,NEGATIVE RESPONSE
C05645,0,0,0.00572,Low,0.00754,0.00857,-0.00103,NEGATIVE RESPONSE
C05646,0,0,0.00693,Low,0.00999,0.00959,0.0004,LOW RESPONSE
C05647,1,0,0.02112,Low,0.01842,0.02312,-0.0047,NEGATIVE RESPONSE
C05648,1,0,0.01379,Low,0.00681,0.00668,0.00013,LOW RESPONSE
C05649,1,0,0.16348,Low,0.01142,0.10988,-0.09846,NEGATIVE RESPONSE
C05650,0,0,0.01698,Low,0.00604,0.00957,-0.00353,NEGATIVE RESPONSE
C05651,0,0,0.02606,Low,0.00798,0.00996,-0.00199,NEGATIVE RESPONSE
C05652,1,0,0.43471,Medium,0.00724,0.09458,-0.08734,NEGATIVE RESPONSE
C05653,1,0,0.02552,Low,0.0168,0.00796,0.00884,LOW RESPONSE
C05654,1,0,0.00435,Low,0.00518,0.01042,-0.00524,NEGATIVE RESPONSE
C05655,0,0,0.00549,Low,0.00806,0.01058,-0.00252,NEGATIVE RESPONSE
C05656,0,0,0.04624,Low,0.00769,0.00935,-0.00166,NEGATIVE RESPONSE
C05657,0,0,0.01695,Low,0.02084,0.0235,-0.00266,NEGATIVE RESPONSE
C05658,0,0,0.30057,Medium,0.00611,0.11839,-0.11228,NEGATIVE RESPONSE
C05659,0,0,0.01656,Low,0.0212,0.05626,-0.03506,NEGATIVE RESPONSE
C05660,0,0,0.01695,Low,0.00626,0.00997,-0.00371,NEGATIVE RESPONSE
C05661,1,0,0.01288,Low,0.00745,0.0075,-5e-05,LOW RESPONSE
C05662,1,0,0.12315,Low,0.00537,0.07071,-0.06534,NEGATIVE RESPONSE
C05663,0,0,0.12187,Low,0.00954,0.0816,-0.07206,NEGATIVE RESPONSE
C05664,1,0,0.01908,Low,0.02111,0.0141,0.00701,LOW RESPONSE
C05665,0,0,0.00817,Low,0.00924,0.0204,-0.01117,NEGATIVE RESPONSE
C05666,1,0,0.00321,Low,0.0107,0.00711,0.00359,LOW RESPONSE
C05667,0,0,0.02542,Low,0.00728,0.01768,-0.0104,NEGATIVE RESPONSE
C05668,1,0,0.00451,Low,0.00497,0.00761,-0.00264,NEGATIVE RESPONSE
C05669,0,0,0.01422,Low,0.00862,0.01017,-0.00154,NEGATIVE RESPONSE
C05670,0,0,0.06413,Low,0.00558,0.07508,-0.0695,NEGATIVE RESPONSE
C05671,0,0,0.01514,Low,0.01488,0.00892,0.00595,LOW RESPONSE
C05672,1,0,0.47925,Medium,0.01294,0.17239,-0.15945,NEGATIVE RESPONSE
C05673,0,0,0.03711,Low,0.01243,0.01127,0.00116,PERSUADABLE
C05674,0,0,0.00675,Low,0.00913,0.00662,0.00251,LOW RESPONSE
C05675,0,0,0.01166,Low,0.0075,0.00656,0.00094,LOW RESPONSE
C05676,0,0,0.0042,Low,0.00636,0.00618,0.00018,LOW RESPONSE
C05677,1,0,0.21512,Low,0.00938,0.10163,-0.09225,NEGATIVE RESPONSE
C05678,1,0,0.00937,Low,0.00743,0.01138,-0.00395,NEGATIVE RESPONSE
C05679,1,0,0.31976,Medium,0.01571,0.11309,-0.09738,NEGATIVE RESPONSE
C05680,0,0,0.04956,Low,0.0352,0.2304,-0.19521,NEGATIVE RESPONSE
C05681,1,0,0.01105,Low,0.00882,0.01261,-0.00379,NEGATIVE RESPONSE
C05682,1,0,0.01863,Low,0.00716,0.05231,-0.04515,NEGATIVE RESPONSE
C05683,0,0,0.00939,Low,0.00615,0.01735,-0.01121,NEGATIVE RESPONSE
C05684,0,0,0.01302,Low,0.02053,0.02009,0.00045,LOW RESPONSE
C05685,1,0,0.00158,Low,0.00704,0.00886,-0.00182,NEGATIVE RESPONSE
C05686,1,0,0.02404,Low,0.00712,0.01209,-0.00497,NEGATIVE RESPONSE
C05687,0,0,0.01411,Low,0.00728,0.00688,0.0004,LOW RESPONSE
C05688,1,0,0.01678,Low,0.01513,0.00818,0.00696,LOW RESPONSE
C05689,0,0,0.03322,Low,0.01659,0.01576,0.00083,LOW RESPONSE
C05690,0,0,0.15065,Low,0.01308,0.06365,-0.05057,NEGATIVE RESPONSE
C05691,0,0,0.01067,Low,0.00863,0.01346,-0.00484,NEGATIVE RESPONSE
C05692,0,0,0.00728,Low,0.00649,0.01127,-0.00479,NEGATIVE RESPONSE
C05693,1,0,0.00207,Low,0.00698,0.0057,0.00128,LOW RESPONSE
C05694,1,0,0.02701,Low,0.01431,0.01444,-0.00013,LOW RESPONSE
C05695,1,0,0.01645,Low,0.0095,0.00864,0.00086,LOW RESPONSE
C05696,1,0,0.01154,Low,0.01005,0.01479,-0.00475,NEGATIVE RESPONSE
C05697,1,0,0.18057,Low,0.01046,0.09428,-0.08381,NEGATIVE RESPONSE
C05698,1,0,0.00367,Low,0.00691,0.00679,0.00012,LOW RESPONSE
C05699,1,0,0.01385,Low,0.01806,0.11175,-0.09369,NEGATIVE RESPONSE
C05700,1,0,0.21864,Low,0.00736,0.09802,-0.09065,NEGATIVE RESPONSE
C05701,1,0,0.01244,Low,0.01668,0.01513,0.00155,LOW RESPONSE
C05702,0,0,0.00554,Low,0.00962,0.0086,0.00102,LOW RESPONSE
C05703,1,0,0.00378,Low,0.00642,0.00806,-0.00164,NEGATIVE RESPONSE
C05704,1,0,0.01055,Low,0.00588,0.0054,0.00048,LOW RESPONSE
C05705,1,0,0.27228,Low,0.01126,0.04076,-0.0295,NEGATIVE RESPONSE
C05706,0,0,0.0195,Low,0.00625,0.02861,-0.02237,NEGATIVE RESPONSE
C05707,1,0,0.00768,Low,0.00366,0.02017,-0.01651,NEGATIVE RESPONSE
C05708,1,0,0.00548,Low,0.01435,0.03049,-0.01613,NEGATIVE RESPONSE
C05709,0,0,0.03855,Low,0.00717,0.04519,-0.03802,NEGATIVE RESPONSE
C05710,1,0,0.0028,Low,0.00544,0.00736,-0.00192,NEGATIVE RESPONSE
C05711,1,0,0.07872,Low,0.01432,0.04713,-0.03281,NEGATIVE RESPONSE
C05712,0,0,0.00518,Low,0.00515,0.00966,-0.00451,NEGATIVE RESPONSE
C05713,1,0,0.34082,Medium,0.01276,0.06864,-0.05588,NEGATIVE RESPONSE
C05714,1,0,0.00731,Low,0.00885,0.0076,0.00124,LOW RESPONSE
C05715,1,0,0.04146,Low,0.01344,0.03471,-0.02127,NEGATIVE RESPONSE
C05716,0,0,0.01292,Low,0.01009,0.00652,0.00357,LOW RESPONSE
C05717,1,0,0.04974,Low,0.00971,0.02464,-0.01493,NEGATIVE RESPONSE
C05718,1,0,0.00321,Low,0.01009,0.006,0.00409,LOW RESPONSE
C05719,0,0,0.026,Low,0.00552,0.00778,-0.00226,NEGATIVE RESPONSE
C05720,1,0,0.16559,Low,0.00997,0.03244,-0.02247,NEGATIVE RESPONSE
C05721,1,0,0.00549,Low,0.01161,0.01177,-0.00016,LOW RESPONSE
C05722,1,0,0.01143,Low,0.00843,0.01154,-0.00311,NEGATIVE RESPONSE
C05723,0,0,0.0296,Low,0.01847,0.00745,0.01102,LOW RESPONSE
C05724,1,0,0.0363,Low,0.00885,0.04712,-0.03827,NEGATIVE RESPONSE
C05725,1,0,0.00257,Low,0.00579,0.00801,-0.00222,NEGATIVE RESPONSE
C05726,1,0,0.04363,Low,0.01115,0.05365,-0.0425,NEGATIVE RESPONSE
C05727,1,0,0.00283,Low,0.01159,0.0063,0.00529,LOW RESPONSE
C05728,1,0,0.04417,Low,0.01441,0.00756,0.00685,PERSUADABLE
C05729,1,0,0.03546,Low,0.00944,0.02651,-0.01707,NEGATIVE RESPONSE
C05730,1,0,0.1054,Low,0.01076,0.04787,-0.03711,NEGATIVE RESPONSE
C05731,1,0,0.02073,Low,0.01717,0.00838,0.00879,LOW RESPONSE
C05732,1,0,0.01218,Low,0.00717,0.00885,-0.00168,NEGATIVE RESPONSE
C05733,0,0,0.2595,Low,0.00702,0.11713,-0.11011,NEGATIVE RESPONSE
C05734,1,0,0.00466,Low,0.01424,0.00729,0.00695,LOW RESPONSE
C05735,1,0,0.03849,Low,0.00679,0.01384,-0.00705,NEGATIVE RESPONSE
C05736,0,0,0.05181,Low,0.00611,0.02668,-0.02057,NEGATIVE RESPONSE
C05737,1,0,0.23951,Low,0.01556,0.04021,-0.02464,NEGATIVE RESPONSE
C05738,1,0,0.01388,Low,0.01107,0.00974,0.00133,LOW RESPONSE
C05739,1,0,0.01792,Low,0.01282,0.01323,-0.00041,LOW RESPONSE
C05740,1,0,0.01796,Low,0.0098,0.0096,0.00019,LOW RESPONSE
C05741,1,0,0.00384,Low,0.01007,0.01249,-0.00242,NEGATIVE RESPONSE
C05742,0,1,0.9315,Critical,0.01131,0.08219,-0.07088,NEGATIVE RESPONSE
C05743,1,0,0.04694,Low,0.00843,0.00904,-0.00061,LOW RESPONSE
C05744,0,0,0.01604,Low,0.01249,0.01157,0.00091,LOW RESPONSE
C05745,1,0,0.01571,Low,0.00642,0.00761,-0.00119,NEGATIVE RESPONSE
C05746,1,0,0.23324,Low,0.01137,0.0611,-0.04973,NEGATIVE RESPONSE
C05747,1,0,0.00531,Low,0.00933,0.01479,-0.00547,NEGATIVE RESPONSE
C05748,0,1,0.95219,Critical,0.03029,0.06477,-0.03447,NEGATIVE RESPONSE
C05749,1,0,0.01022,Low,0.00981,0.01323,-0.00342,NEGATIVE RESPONSE
C05750,1,0,0.20107,Low,0.01566,0.04867,-0.03301,NEGATIVE RESPONSE
C05751,1,0,0.10877,Low,0.0063,0.03462,-0.02832,NEGATIVE RESPONSE
C05752,1,0,0.00414,Low,0.00605,0.01273,-0.00668,NEGATIVE RESPONSE
C05753,1,0,0.01532,Low,0.00587,0.00814,-0.00227,NEGATIVE RESPONSE
C05754,0,0,0.0089,Low,0.0092,0.01425,-0.00506,NEGATIVE RESPONSE
C05755,1,0,0.00963,Low,0.01516,0.00801,0.00715,LOW RESPONSE
C05756,0,0,0.27088,Low,0.0066,0.05671,-0.05011,NEGATIVE RESPONSE
C05757,1,0,0.22915,Low,0.0127,0.08849,-0.07579,NEGATIVE RESPONSE
C05758,1,0,0.02128,Low,0.01059,0.01789,-0.0073,NEGATIVE RESPONSE
C05759,0,0,0.12751,Low,0.00824,0.10656,-0.09832,NEGATIVE RESPONSE
C05760,1,0,0.01749,Low,0.00971,0.01053,-0.00082,LOW RESPONSE
C05761,1,0,0.01944,Low,0.01093,0.03033,-0.01941,NEGATIVE RESPONSE
C05762,1,0,0.01739,Low,0.03216,0.02492,0.00724,LOW RESPONSE
C05763,1,0,0.01723,Low,0.0144,0.0079,0.0065,LOW RESPONSE
C05764,1,0,0.01071,Low,0.01003,0.01559,-0.00556,NEGATIVE RESPONSE
C05765,1,0,0.01141,Low,0.01308,0.02112,-0.00803,NEGATIVE RESPONSE
C05766,1,0,0.0607,Low,0.01657,0.08522,-0.06864,NEGATIVE RESPONSE
C05767,0,0,0.00338,Low,0.01156,0.01883,-0.00727,NEGATIVE RESPONSE
C05768,0,1,0.95368,Critical,0.03156,0.04621,-0.01465,NEGATIVE RESPONSE
C05769,0,0,0.02143,Low,0.01276,0.01305,-0.00029,LOW RESPONSE
C05770,0,0,0.03307,Low,0.00971,0.01004,-0.00033,LOW RESPONSE
C05771,0,0,0.01454,Low,0.01872,0.00978,0.00894,LOW RESPONSE
C05772,1,0,0.0054,Low,0.01108,0.03964,-0.02856,NEGATIVE RESPONSE
C05773,1,0,0.02171,Low,0.00409,0.02863,-0.02455,NEGATIVE RESPONSE
C05774,1,0,0.00953,Low,0.00781,0.00997,-0.00216,NEGATIVE RESPONSE
C05775,0,0,0.16613,Low,0.01101,0.10348,-0.09247,NEGATIVE RESPONSE
C05776,0,0,0.01068,Low,0.01624,0.01083,0.00542,LOW RESPONSE
C05777,0,0,0.00278,Low,0.03412,0.04438,-0.01026,NEGATIVE RESPONSE
C05778,1,0,0.12375,Low,0.01258,0.03744,-0.02486,NEGATIVE RESPONSE
C05779,0,0,0.00703,Low,0.00906,0.00769,0.00136,LOW RESPONSE
C05780,1,0,0.00824,Low,0.00957,0.0093,0.00027,LOW RESPONSE
C05781,1,0,0.00692,Low,0.01995,0.01114,0.00881,LOW RESPONSE
C05782,1,0,0.02803,Low,0.00975,0.00868,0.00107,LOW RESPONSE
C05783,0,0,0.0421,Low,0.01834,0.13,-0.11166,NEGATIVE RESPONSE
C05784,1,0,0.05745,Low,0.00981,0.00829,0.00152,PERSUADABLE
C05785,1,0,0.01067,Low,0.0158,0.01406,0.00174,LOW RESPONSE
C05786,1,1,0.94039,Critical,0.01589,0.20696,-0.19106,NEGATIVE RESPONSE
C05787,1,0,0.03434,Low,0.01436,0.02057,-0.00621,NEGATIVE RESPONSE
C05788,0,0,0.00889,Low,0.00832,0.01417,-0.00585,NEGATIVE RESPONSE
C05789,0,0,0.00475,Low,0.00519,0.01876,-0.01357,NEGATIVE RESPONSE
C05790,1,0,0.02182,Low,0.0067,0.04056,-0.03386,NEGATIVE RESPONSE
C05791,0,0,0.05803,Low,0.00958,0.01218,-0.0026,NEGATIVE RESPONSE
C05792,0,1,0.94591,Critical,0.01902,0.09212,-0.07309,NEGATIVE RESPONSE
C05793,1,0,0.1635,Low,0.01154,0.07245,-0.06091,NEGATIVE RESPONSE
C05794,1,0,0.01982,Low,0.01281,0.00677,0.00604,LOW RESPONSE
C05795,0,0,0.00321,Low,0.01454,0.0104,0.00414,LOW RESPONSE
C05796,1,0,0.01224,Low,0.01649,0.01389,0.0026,LOW RESPONSE
C05797,0,0,0.0058,Low,0.01457,0.00849,0.00608,LOW RESPONSE
C05798,0,0,0.01421,Low,0.01478,0.01475,3e-05,LOW RESPONSE
C05799,1,0,0.05231,Low,0.01309,0.04188,-0.02879,NEGATIVE RESPONSE
C05800,0,0,0.01712,Low,0.00726,0.00724,1e-05,LOW RESPONSE
C05801,1,0,0.00482,Low,0.00946,0.00622,0.00325,LOW RESPONSE
C05802,1,0,0.16109,Low,0.01583,0.03095,-0.01512,NEGATIVE RESPONSE
C05803,0,0,0.03717,Low,0.01014,0.01083,-0.00068,LOW RESPONSE
C05804,0,0,0.00949,Low,0.01121,0.00864,0.00258,LOW RESPONSE
C05805,1,0,0.01501,Low,0.01203,0.01009,0.00194,LOW RESPONSE
C05806,0,0,0.02413,Low,0.01024,0.00835,0.00188,LOW RESPONSE
C05807,0,0,0.00271,Low,0.00398,0.01017,-0.00619,NEGATIVE RESPONSE
C05808,0,0,0.01726,Low,0.0152,0.00975,0.00545,LOW RESPONSE
C05809,0,0,0.27536,Low,0.00687,0.12528,-0.11841,NEGATIVE RESPONSE
C05810,0,0,0.00408,Low,0.00744,0.01233,-0.00488,NEGATIVE RESPONSE
C05811,0,0,0.00355,Low,0.00667,0.00791,-0.00125,NEGATIVE RESPONSE
C05812,0,0,0.00583,Low,0.00759,0.01134,-0.00375,NEGATIVE RESPONSE
C05813,0,0,0.00506,Low,0.02134,0.01274,0.0086,LOW RESPONSE
C05814,0,0,0.01808,Low,0.01016,0.01529,-0.00513,NEGATIVE RESPONSE
C05815,0,0,0.02235,Low,0.00876,0.04918,-0.04041,NEGATIVE RESPONSE
C05816,1,0,0.0558,Low,0.00988,0.01419,-0.00431,NEGATIVE RESPONSE
C05817,1,0,0.02644,Low,0.00966,0.01609,-0.00643,NEGATIVE RESPONSE
C05818,0,0,0.10444,Low,0.00695,0.04738,-0.04043,NEGATIVE RESPONSE
C05819,0,0,0.00846,Low,0.0066,0.01145,-0.00486,NEGATIVE RESPONSE
C05820,1,0,0.00489,Low,0.0134,0.01007,0.00333,LOW RESPONSE
C05821,1,0,0.056,Low,0.01149,0.08977,-0.07828,NEGATIVE RESPONSE
C05822,1,0,0.01764,Low,0.02563,0.03593,-0.01031,NEGATIVE RESPONSE
C05823,0,0,0.0072,Low,0.00791,0.00929,-0.00138,NEGATIVE RESPONSE
C05824,1,0,0.00282,Low,0.02412,0.01291,0.0112,LOW RESPONSE
C05825,1,1,0.39832,Medium,0.00857,0.21083,-0.20225,NEGATIVE RESPONSE
C05826,1,1,0.98675,Critical,0.04735,0.35923,-0.31188,NEGATIVE RESPONSE
C05827,0,0,0.49264,Medium,0.00696,0.08065,-0.0737,NEGATIVE RESPONSE
C05828,1,0,0.00311,Low,0.01657,0.01217,0.0044,LOW RESPONSE
C05829,1,0,0.01254,Low,0.01484,0.015,-0.00015,LOW RESPONSE
C05830,0,0,0.00687,Low,0.00855,0.00543,0.00312,LOW RESPONSE
C05831,1,0,0.00602,Low,0.00972,0.00597,0.00375,LOW RESPONSE
C05832,0,1,0.96307,Critical,0.01887,0.06071,-0.04184,NEGATIVE RESPONSE
C05833,0,0,0.04843,Low,0.00932,0.01487,-0.00555,NEGATIVE RESPONSE
C05834,0,0,0.01573,Low,0.01393,0.01291,0.00102,LOW RESPONSE
C05835,1,0,0.00967,Low,0.005,0.01251,-0.00751,NEGATIVE RESPONSE
C05836,0,0,0.22134,Low,0.01137,0.03369,-0.02232,NEGATIVE RESPONSE
C05837,0,0,0.00996,Low,0.01043,0.01327,-0.00284,NEGATIVE RESPONSE
C05838,1,0,0.02323,Low,0.00796,0.00833,-0.00037,LOW RESPONSE
C05839,1,0,0.0039,Low,0.00838,0.01181,-0.00344,NEGATIVE RESPONSE
C05840,0,0,0.00543,Low,0.01328,0.00621,0.00706,LOW RESPONSE
C05841,0,0,0.08369,Low,0.00874,0.0644,-0.05566,NEGATIVE RESPONSE
C05842,1,0,0.00271,Low,0.00848,0.00641,0.00206,LOW RESPONSE
C05843,1,0,0.0137,Low,0.0188,0.01157,0.00724,LOW RESPONSE
C05844,1,0,0.04602,Low,0.0129,0.00996,0.00294,PERSUADABLE
C05845,0,0,0.0081,Low,0.00851,0.0082,0.00031,LOW RESPONSE
C05846,0,0,0.01403,Low,0.00839,0.01267,-0.00427,NEGATIVE RESPONSE
C05847,0,0,0.00808,Low,0.01142,0.01932,-0.0079,NEGATIVE RESPONSE
C05848,0,0,0.03576,Low,0.01042,0.01709,-0.00667,NEGATIVE RESPONSE
C05849,0,0,0.0045,Low,0.01341,0.00656,0.00685,LOW RESPONSE
C05850,0,0,0.01532,Low,0.01101,0.01034,0.00067,LOW RESPONSE
C05851,1,0,0.01929,Low,0.01073,0.01277,-0.00204,NEGATIVE RESPONSE
C05852,1,0,0.00173,Low,0.01128,0.00545,0.00584,LOW RESPONSE
C05853,0,0,0.42309,Medium,0.02059,0.19216,-0.17157,NEGATIVE RESPONSE
C05854,1,0,0.22215,Low,0.00718,0.07626,-0.06908,NEGATIVE RESPONSE
C05855,1,0,0.01003,Low,0.01229,0.0125,-0.00021,LOW RESPONSE
C05856,1,0,0.00986,Low,0.00774,0.00581,0.00193,LOW RESPONSE
C05857,0,0,0.00462,Low,0.0135,0.00892,0.00457,LOW RESPONSE
C05858,1,0,0.02141,Low,0.01545,0.01462,0.00083,LOW RESPONSE
C05859,0,0,0.02353,Low,0.01072,0.00819,0.00253,LOW RESPONSE
C05860,0,0,0.0026,Low,0.00685,0.00818,-0.00133,NEGATIVE RESPONSE
C05861,1,1,0.94799,Critical,0.02248,0.32884,-0.30637,NEGATIVE RESPONSE
C05862,0,0,0.00406,Low,0.01039,0.01278,-0.0024,NEGATIVE RESPONSE
C05863,1,0,0.00401,Low,0.01187,0.01108,0.00079,LOW RESPONSE
C05864,0,0,0.43749,Medium,0.00811,0.07968,-0.07158,NEGATIVE RESPONSE
C05865,0,0,0.04665,Low,0.00718,0.06585,-0.05867,NEGATIVE RESPONSE
C05866,1,0,0.10273,Low,0.0076,0.04117,-0.03357,NEGATIVE RESPONSE
C05867,0,0,0.01006,Low,0.01427,0.007,0.00727,LOW RESPONSE
C05868,0,0,0.03657,Low,0.01313,0.06315,-0.05001,NEGATIVE RESPONSE
C05869,0,0,0.00199,Low,0.00998,0.0065,0.00348,LOW RESPONSE
C05870,0,0,0.0162,Low,0.00716,0.00757,-0.00041,LOW RESPONSE
C05871,1,0,0.00945,Low,0.01069,0.00771,0.00297,LOW RESPONSE
C05872,1,0,0.00233,Low,0.01082,0.0106,0.00022,LOW RESPONSE
C05873,0,0,0.03565,Low,0.0141,0.01121,0.00289,PERSUADABLE
C05874,1,0,0.11299,Low,0.00578,0.0552,-0.04942,NEGATIVE RESPONSE
C05875,0,0,0.00783,Low,0.00871,0.01479,-0.00608,NEGATIVE RESPONSE
C05876,1,1,0.98404,Critical,0.02958,0.3639,-0.33432,NEGATIVE RESPONSE
C05877,0,0,0.0052,Low,0.0367,0.04053,-0.00382,NEGATIVE RESPONSE
C05878,0,0,0.00429,Low,0.04408,0.02018,0.0239,HIGHLY PERSUADABLE
C05879,0,0,0.03609,Low,0.02217,0.02279,-0.00061,LOW RESPONSE
C05880,0,0,0.0235,Low,0.014,0.01217,0.00184,LOW RESPONSE
C05881,0,0,0.0083,Low,0.00685,0.0129,-0.00605,NEGATIVE RESPONSE
C05882,0,0,0.29098,Low,0.00478,0.14748,-0.14269,NEGATIVE RESPONSE
C05883,0,0,0.00342,Low,0.00974,0.00948,0.00026,LOW RESPONSE
C05884,1,0,0.0035,Low,0.00915,0.01206,-0.00291,NEGATIVE RESPONSE
C05885,0,0,0.003,Low,0.00879,0.01309,-0.0043,NEGATIVE RESPONSE
C05886,1,0,0.02516,Low,0.02613,0.05333,-0.0272,NEGATIVE RESPONSE
C05887,0,0,0.01698,Low,0.00664,0.01212,-0.00548,NEGATIVE RESPONSE
C05888,1,0,0.01236,Low,0.00784,0.01133,-0.00349,NEGATIVE RESPONSE
C05889,1,0,0.01076,Low,0.00814,0.0091,-0.00096,LOW RESPONSE
C05890,0,0,0.00349,Low,0.01016,0.0051,0.00506,LOW RESPONSE
C05891,0,0,0.01293,Low,0.00784,0.0082,-0.00037,LOW RESPONSE
C05892,1,0,0.01456,Low,0.00938,0.02045,-0.01107,NEGATIVE RESPONSE
C05893,0,0,0.00669,Low,0.00948,0.00791,0.00158,LOW RESPONSE
C05894,0,0,0.02987,Low,0.01962,0.00793,0.0117,LOW RESPONSE
C05895,1,0,0.01278,Low,0.00472,0.00797,-0.00326,NEGATIVE RESPONSE
C05896,0,0,0.00718,Low,0.00718,0.00817,-0.00099,LOW RESPONSE
C05897,1,0,0.43982,Medium,0.01048,0.13762,-0.12714,NEGATIVE RESPONSE
C05898,1,0,0.46795,Medium,0.01708,0.12237,-0.10529,NEGATIVE RESPONSE
C05899,0,0,0.00271,Low,0.00916,0.00729,0.00187,LOW RESPONSE
C05900,0,0,0.01002,Low,0.01558,0.0101,0.00547,LOW RESPONSE
C05901,0,0,0.0045,Low,0.00577,0.00994,-0.00417,NEGATIVE RESPONSE
C05902,0,0,0.17568,Low,0.00999,0.10386,-0.09387,NEGATIVE RESPONSE
C05903,0,0,0.02227,Low,0.01304,0.01068,0.00236,LOW RESPONSE
C05904,0,0,0.01286,Low,0.00642,0.00883,-0.00241,NEGATIVE RESPONSE
C05905,0,0,0.008,Low,0.0076,0.00965,-0.00206,NEGATIVE RESPONSE
C05906,0,0,0.01359,Low,0.00935,0.01015,-0.0008,LOW RESPONSE
C05907,1,0,0.0596,Low,0.00718,0.06336,-0.05618,NEGATIVE RESPONSE
C05908,1,0,0.00746,Low,0.02105,0.01294,0.00811,LOW RESPONSE
C05909,0,0,0.05006,Low,0.00846,0.06807,-0.05962,NEGATIVE RESPONSE
C05910,1,0,0.02036,Low,0.01644,0.08035,-0.06391,NEGATIVE RESPONSE
C05911,0,0,0.09344,Low,0.00881,0.09062,-0.08181,NEGATIVE RESPONSE
C05912,0,0,0.11323,Low,0.0109,0.07741,-0.06651,NEGATIVE RESPONSE
C05913,0,0,0.16474,Low,0.01918,0.13737,-0.1182,NEGATIVE RESPONSE
C05914,1,0,0.00429,Low,0.01559,0.00974,0.00585,LOW RESPONSE
C05915,0,1,0.97875,Critical,0.03979,0.08079,-0.041,NEGATIVE RESPONSE
C05916,1,0,0.01007,Low,0.00645,0.00766,-0.00121,NEGATIVE RESPONSE
C05917,0,0,0.02016,Low,0.00698,0.1021,-0.09512,NEGATIVE RESPONSE
C05918,1,0,0.01569,Low,0.01218,0.01402,-0.00185,NEGATIVE RESPONSE
C05919,1,0,0.00371,Low,0.01586,0.00658,0.00928,LOW RESPONSE
C05920,0,1,0.96861,Critical,0.02364,0.17671,-0.15307,NEGATIVE RESPONSE
C05921,0,0,0.07873,Low,0.02906,0.18813,-0.15906,NEGATIVE RESPONSE
C05922,1,0,0.19834,Low,0.01643,0.08624,-0.06981,NEGATIVE RESPONSE
C05923,0,0,0.09147,Low,0.01927,0.11723,-0.09797,NEGATIVE RESPONSE
C05924,0,0,0.00773,Low,0.00706,0.01505,-0.00799,NEGATIVE RESPONSE
C05925,0,0,0.06637,Low,0.0068,0.0716,-0.06481,NEGATIVE RESPONSE
C05926,0,0,0.35205,Medium,0.01077,0.12841,-0.11764,NEGATIVE RESPONSE
C05927,0,0,0.00772,Low,0.00775,0.0109,-0.00315,NEGATIVE RESPONSE
C05928,1,0,0.03396,Low,0.01778,0.01369,0.00409,LOW RESPONSE
C05929,0,0,0.06943,Low,0.00749,0.07792,-0.07042,NEGATIVE RESPONSE
C05930,0,0,0.12401,Low,0.00996,0.0663,-0.05634,NEGATIVE RESPONSE
C05931,1,0,0.0331,Low,0.01757,0.01586,0.00171,LOW RESPONSE
C05932,0,1,0.97027,Critical,0.01877,0.16017,-0.14141,NEGATIVE RESPONSE
C05933,0,0,0.02903,Low,0.00819,0.02368,-0.01549,NEGATIVE RESPONSE
C05934,0,0,0.05786,Low,0.00966,0.02033,-0.01067,NEGATIVE RESPONSE
C05935,1,0,0.01511,Low,0.05059,0.03848,0.01211,HIGHLY PERSUADABLE
C05936,0,0,0.2973,Low,0.01508,0.1396,-0.12451,NEGATIVE RESPONSE
C05937,1,0,0.3593,Medium,0.00802,0.19279,-0.18477,NEGATIVE RESPONSE
C05938,1,0,0.00424,Low,0.02824,0.02802,0.00022,LOW RESPONSE
C05939,1,1,0.97492,Critical,0.01661,0.25757,-0.24096,NEGATIVE RESPONSE
C05940,1,0,0.01978,Low,0.01221,0.01067,0.00153,LOW RESPONSE
C05941,1,0,0.18755,Low,0.02169,0.09471,-0.07303,NEGATIVE RESPONSE
C05942,1,0,0.18458,Low,0.01011,0.14283,-0.13272,NEGATIVE RESPONSE
C05943,1,0,0.0149,Low,0.03117,0.01463,0.01654,LOW RESPONSE
C05944,1,0,0.01869,Low,0.00527,0.00937,-0.0041,NEGATIVE RESPONSE
C05945,1,0,0.01178,Low,0.00441,0.00962,-0.00521,NEGATIVE RESPONSE
C05946,1,0,0.02783,Low,0.00406,0.01702,-0.01295,NEGATIVE RESPONSE
C05947,1,0,0.0028,Low,0.00496,0.0094,-0.00443,NEGATIVE RESPONSE
C05948,1,0,0.05187,Low,0.00531,0.03243,-0.02712,NEGATIVE RESPONSE
C05949,0,0,0.03611,Low,0.00815,0.0332,-0.02505,NEGATIVE RESPONSE
C05950,1,1,0.95076,Critical,0.00616,0.15912,-0.15296,NEGATIVE RESPONSE
C05951,1,0,0.02725,Low,0.0049,0.05415,-0.04926,NEGATIVE RESPONSE
C05952,1,0,0.00184,Low,0.04033,0.02874,0.0116,HIGHLY PERSUADABLE
C05953,1,0,0.05437,Low,0.00954,0.0467,-0.03716,NEGATIVE RESPONSE
C05954,0,0,0.00336,Low,0.00739,0.00745,-6e-05,LOW RESPONSE
C05955,1,0,0.00325,Low,0.0077,0.00718,0.00052,LOW RESPONSE
C05956,1,0,0.00375,Low,0.01031,0.00638,0.00393,LOW RESPONSE
C05957,1,0,0.01315,Low,0.01545,0.02376,-0.00831,NEGATIVE RESPONSE
C05958,1,0,0.02778,Low,0.00754,0.01904,-0.01151,NEGATIVE RESPONSE
C05959,1,0,0.04927,Low,0.00637,0.03542,-0.02904,NEGATIVE RESPONSE
C05960,1,0,0.00956,Low,0.00477,0.02226,-0.01749,NEGATIVE RESPONSE
C05961,1,0,0.03471,Low,0.00633,0.02333,-0.01699,NEGATIVE RESPONSE
C05962,1,0,0.0198,Low,0.00799,0.02398,-0.01599,NEGATIVE RESPONSE
C05963,1,0,0.04351,Low,0.01839,0.06172,-0.04333,NEGATIVE RESPONSE
C05964,1,0,0.01878,Low,0.00508,0.02864,-0.02356,NEGATIVE RESPONSE
C05965,1,0,0.013,Low,0.00521,0.00863,-0.00342,NEGATIVE RESPONSE
C05966,1,0,0.19828,Low,0.00598,0.05612,-0.05014,NEGATIVE RESPONSE
C05967,1,0,0.09477,Low,0.00857,0.02969,-0.02112,NEGATIVE RESPONSE
C05968,1,0,0.0154,Low,0.00641,0.02864,-0.02223,NEGATIVE RESPONSE
C05969,1,0,0.04177,Low,0.01169,0.03444,-0.02276,NEGATIVE RESPONSE
C05970,0,0,0.11028,Low,0.00601,0.07072,-0.06471,NEGATIVE RESPONSE
C05971,1,0,0.01616,Low,0.0052,0.02432,-0.01912,NEGATIVE RESPONSE
C05972,1,0,0.08536,Low,0.00723,0.03374,-0.02651,NEGATIVE RESPONSE
C05973,0,0,0.01402,Low,0.00548,0.0219,-0.01642,NEGATIVE RESPONSE
C05974,1,0,0.05551,Low,0.0107,0.06151,-0.05081,NEGATIVE RESPONSE
C05975,1,0,0.34146,Medium,0.00969,0.0507,-0.04101,NEGATIVE RESPONSE
C05976,1,0,0.01063,Low,0.0124,0.00632,0.00608,LOW RESPONSE
C05977,1,1,0.93591,Critical,0.00912,0.0779,-0.06878,NEGATIVE RESPONSE
C05978,1,0,0.04828,Low,0.00448,0.04219,-0.0377,NEGATIVE RESPONSE
C05979,1,0,0.07132,Low,0.00728,0.04355,-0.03627,NEGATIVE RESPONSE
C05980,1,0,0.07567,Low,0.00819,0.04743,-0.03924,NEGATIVE RESPONSE
C05981,1,0,0.01792,Low,0.00626,0.0203,-0.01403,NEGATIVE RESPONSE
C05982,0,0,0.05105,Low,0.00891,0.03101,-0.0221,NEGATIVE RESPONSE
C05983,1,0,0.00709,Low,0.00409,0.01499,-0.0109,NEGATIVE RESPONSE
C05984,1,0,0.06028,Low,0.00711,0.02627,-0.01917,NEGATIVE RESPONSE
C05985,1,0,0.04768,Low,0.00725,0.02545,-0.01821,NEGATIVE RESPONSE
C05986,1,0,0.04471,Low,0.02179,0.05207,-0.03028,NEGATIVE RESPONSE
C05987,1,0,0.01129,Low,0.0119,0.0101,0.00179,LOW RESPONSE
C05988,1,0,0.00284,Low,0.00539,0.00958,-0.00419,NEGATIVE RESPONSE
C05989,1,0,0.00102,Low,0.00499,0.00483,0.00016,LOW RESPONSE
C05990,1,0,0.01831,Low,0.00526,0.02058,-0.01532,NEGATIVE RESPONSE
C05991,1,0,0.11388,Low,0.00555,0.02611,-0.02056,NEGATIVE RESPONSE
C05992,0,0,0.0142,Low,0.00434,0.02261,-0.01827,NEGATIVE RESPONSE
C05993,1,0,0.01068,Low,0.0076,0.03183,-0.02423,NEGATIVE RESPONSE
C05994,1,0,0.00896,Low,0.00545,0.04111,-0.03566,NEGATIVE RESPONSE
C05995,0,0,0.02183,Low,0.00472,0.03005,-0.02534,NEGATIVE RESPONSE
C05996,1,0,0.04657,Low,0.00651,0.02601,-0.01949,NEGATIVE RESPONSE
C05997,1,0,0.06145,Low,0.00553,0.04164,-0.03611,NEGATIVE RESPONSE
C05998,1,0,0.04336,Low,0.01036,0.06403,-0.05367,NEGATIVE RESPONSE
C05999,1,0,0.06566,Low,0.00789,0.0361,-0.02821,NEGATIVE RESPONSE
C06000,1,0,0.00966,Low,0.00618,0.01993,-0.01375,NEGATIVE RESPONSE
C06001,1,0,0.00728,Low,0.00451,0.0249,-0.02039,NEGATIVE RESPONSE
C06002,1,0,0.07161,Low,0.00646,0.0384,-0.03194,NEGATIVE RESPONSE
C06003,1,0,0.04412,Low,0.00448,0.02031,-0.01583,NEGATIVE RESPONSE
C06004,1,0,0.01559,Low,0.00502,0.01767,-0.01265,NEGATIVE RESPONSE
C06005,1,0,0.00768,Low,0.00987,0.0296,-0.01972,NEGATIVE RESPONSE
C06006,1,0,0.01765,Low,0.02574,0.09187,-0.06613,NEGATIVE RESPONSE
C06007,1,0,0.12937,Low,0.00699,0.028,-0.02101,NEGATIVE RESPONSE
C06008,1,0,0.01739,Low,0.00525,0.01144,-0.00619,NEGATIVE RESPONSE
C06009,1,0,0.01157,Low,0.00831,0.0223,-0.01399,NEGATIVE RESPONSE
C06010,0,1,0.92623,Critical,0.08743,0.01432,0.07311,HIGHLY PERSUADABLE
C06011,1,0,0.0738,Low,0.01055,0.04651,-0.03595,NEGATIVE RESPONSE
C06012,0,0,0.06034,Low,0.00984,0.05472,-0.04487,NEGATIVE RESPONSE
C06013,1,0,0.01969,Low,0.00568,0.01801,-0.01233,NEGATIVE RESPONSE
C06014,1,0,0.00105,Low,0.00416,0.00534,-0.00118,NEGATIVE RESPONSE
C06015,1,0,0.07756,Low,0.00567,0.0398,-0.03413,NEGATIVE RESPONSE
C06016,1,0,0.08725,Low,0.00806,0.04272,-0.03466,NEGATIVE RESPONSE
C06017,1,0,0.03714,Low,0.00719,0.05557,-0.04837,NEGATIVE RESPONSE
C06018,1,0,0.00528,Low,0.01876,0.00761,0.01115,LOW RESPONSE
C06019,1,0,0.00198,Low,0.00662,0.00601,0.00061,LOW RESPONSE
C06020,1,0,0.12226,Low,0.00617,0.02939,-0.02321,NEGATIVE RESPONSE
C06021,1,0,0.00125,Low,0.00672,0.01205,-0.00533,NEGATIVE RESPONSE
C06022,1,0,0.05376,Low,0.00655,0.03668,-0.03012,NEGATIVE RESPONSE
C06023,1,0,0.03166,Low,0.00758,0.04921,-0.04163,NEGATIVE RESPONSE
C06024,0,0,0.06264,Low,0.00511,0.03972,-0.03462,NEGATIVE RESPONSE
C06025,1,0,0.09528,Low,0.00671,0.03681,-0.0301,NEGATIVE RESPONSE
C06026,1,0,0.03794,Low,0.01614,0.03695,-0.02081,NEGATIVE RESPONSE
C06027,0,0,0.06381,Low,0.00569,0.05986,-0.05417,NEGATIVE RESPONSE
C06028,1,0,0.04009,Low,0.00694,0.05697,-0.05003,NEGATIVE RESPONSE
C06029,0,0,0.0254,Low,0.00571,0.02057,-0.01486,NEGATIVE RESPONSE
C06030,1,0,0.10094,Low,0.00888,0.0466,-0.03772,NEGATIVE RESPONSE
C06031,1,0,0.00379,Low,0.0068,0.00666,0.00014,LOW RESPONSE
C06032,1,0,0.02463,Low,0.00511,0.02103,-0.01591,NEGATIVE RESPONSE
C06033,1,0,0.02096,Low,0.00464,0.04505,-0.0404,NEGATIVE RESPONSE
C06034,1,0,0.04861,Low,0.00747,0.03779,-0.03031,NEGATIVE RESPONSE
C06035,1,0,0.04126,Low,0.00645,0.02883,-0.02239,NEGATIVE RESPONSE
C06036,1,0,0.06762,Low,0.00543,0.01998,-0.01455,NEGATIVE RESPONSE
C06037,1,0,0.04039,Low,0.00895,0.03214,-0.02318,NEGATIVE RESPONSE
C06038,1,0,0.0163,Low,0.00635,0.0253,-0.01895,NEGATIVE RESPONSE
C06039,1,0,0.13408,Low,0.00566,0.03277,-0.02711,NEGATIVE RESPONSE
C06040,1,0,0.08761,Low,0.00399,0.03001,-0.02602,NEGATIVE RESPONSE
C06041,1,0,0.06073,Low,0.01132,0.02622,-0.01489,NEGATIVE RESPONSE
C06042,1,0,0.00711,Low,0.01397,0.01211,0.00186,LOW RESPONSE
C06043,1,0,0.02155,Low,0.00713,0.02469,-0.01756,NEGATIVE RESPONSE
C06044,1,0,0.04273,Low,0.01781,0.03583,-0.01802,NEGATIVE RESPONSE
C06045,1,0,0.01225,Low,0.00575,0.03266,-0.02691,NEGATIVE RESPONSE
C06046,1,0,0.10239,Low,0.00762,0.03954,-0.03192,NEGATIVE RESPONSE
C06047,1,0,0.01297,Low,0.00895,0.0173,-0.00835,NEGATIVE RESPONSE
C06048,1,0,0.04373,Low,0.0141,0.0389,-0.0248,NEGATIVE RESPONSE
C06049,1,0,0.00726,Low,0.0054,0.03069,-0.02529,NEGATIVE RESPONSE
C06050,0,0,0.01094,Low,0.0127,0.01566,-0.00297,NEGATIVE RESPONSE
C06051,0,0,0.01134,Low,0.00504,0.02788,-0.02284,NEGATIVE RESPONSE
C06052,1,0,0.03408,Low,0.00622,0.02749,-0.02127,NEGATIVE RESPONSE
C06053,1,0,0.08197,Low,0.00468,0.0221,-0.01742,NEGATIVE RESPONSE
C06054,1,0,0.09085,Low,0.00927,0.03268,-0.02341,NEGATIVE RESPONSE
C06055,1,1,0.91626,Critical,0.00622,0.12743,-0.12121,NEGATIVE RESPONSE
C06056,1,0,0.09089,Low,0.01008,0.03847,-0.02839,NEGATIVE RESPONSE
C06057,1,0,0.06088,Low,0.00861,0.0359,-0.02729,NEGATIVE RESPONSE
C06058,1,0,0.03448,Low,0.00436,0.02312,-0.01876,NEGATIVE RESPONSE
C06059,1,0,0.01243,Low,0.00533,0.02528,-0.01995,NEGATIVE RESPONSE
C06060,1,0,0.23016,Low,0.00719,0.05017,-0.04298,NEGATIVE RESPONSE
C06061,1,0,0.00808,Low,0.00852,0.00859,-7e-05,LOW RESPONSE
C06062,1,0,0.00419,Low,0.00566,0.0168,-0.01114,NEGATIVE RESPONSE
C06063,0,0,0.01049,Low,0.00431,0.0178,-0.01349,NEGATIVE RESPONSE
C06064,1,0,0.03645,Low,0.01416,0.02906,-0.01491,NEGATIVE RESPONSE
C06065,1,0,0.16148,Low,0.00647,0.03618,-0.0297,NEGATIVE RESPONSE
C06066,0,0,0.03311,Low,0.00742,0.05385,-0.04643,NEGATIVE RESPONSE
C06067,1,0,0.19348,Low,0.01057,0.05546,-0.04489,NEGATIVE RESPONSE
C06068,1,0,0.00581,Low,0.01211,0.00658,0.00552,LOW RESPONSE
C06069,0,0,0.0793,Low,0.00723,0.04415,-0.03692,NEGATIVE RESPONSE
C06070,1,0,0.02393,Low,0.01349,0.04782,-0.03434,NEGATIVE RESPONSE
C06071,1,0,0.0019,Low,0.00623,0.00874,-0.0025,NEGATIVE RESPONSE
C06072,1,0,0.04124,Low,0.00694,0.05754,-0.0506,NEGATIVE RESPONSE
C06073,1,0,0.04194,Low,0.00759,0.02087,-0.01328,NEGATIVE RESPONSE
C06074,1,0,0.00911,Low,0.00659,0.01982,-0.01324,NEGATIVE RESPONSE
C06075,1,0,0.01866,Low,0.00474,0.01608,-0.01134,NEGATIVE RESPONSE
C06076,1,0,0.10568,Low,0.00865,0.04278,-0.03413,NEGATIVE RESPONSE
C06077,1,0,0.00583,Low,0.01159,0.00891,0.00268,LOW RESPONSE
C06078,1,0,0.07977,Low,0.01041,0.03302,-0.02261,NEGATIVE RESPONSE
C06079,0,0,0.03004,Low,0.0052,0.05271,-0.04752,NEGATIVE RESPONSE
C06080,1,0,0.04302,Low,0.00689,0.0329,-0.02601,NEGATIVE RESPONSE
C06081,1,0,0.00509,Low,0.00364,0.02199,-0.01835,NEGATIVE RESPONSE
C06082,1,0,0.03253,Low,0.00807,0.03036,-0.02229,NEGATIVE RESPONSE
C06083,1,0,0.02079,Low,0.00514,0.02487,-0.01973,NEGATIVE RESPONSE
C06084,1,0,0.02423,Low,0.00582,0.0174,-0.01158,NEGATIVE RESPONSE
C06085,1,0,0.02967,Low,0.00916,0.02942,-0.02026,NEGATIVE RESPONSE
C06086,0,0,0.00986,Low,0.00893,0.03292,-0.02399,NEGATIVE RESPONSE
C06087,1,0,0.0571,Low,0.00656,0.02899,-0.02244,NEGATIVE RESPONSE
C06088,1,0,0.18635,Low,0.0137,0.08414,-0.07044,NEGATIVE RESPONSE
C06089,1,0,0.0418,Low,0.00744,0.03155,-0.02411,NEGATIVE RESPONSE
C06090,1,0,0.00448,Low,0.00552,0.01768,-0.01216,NEGATIVE RESPONSE
C06091,1,0,0.03809,Low,0.00776,0.02994,-0.02218,NEGATIVE RESPONSE
C06092,1,0,0.02022,Low,0.00915,0.02245,-0.0133,NEGATIVE RESPONSE
C06093,0,0,0.00883,Low,0.00446,0.01632,-0.01186,NEGATIVE RESPONSE
C06094,1,0,0.00227,Low,0.00461,0.00527,-0.00066,LOW RESPONSE
C06095,1,0,0.08236,Low,0.00692,0.03484,-0.02792,NEGATIVE RESPONSE
C06096,0,0,0.03741,Low,0.00544,0.01971,-0.01427,NEGATIVE RESPONSE
C06097,0,0,0.01723,Low,0.00675,0.02558,-0.01883,NEGATIVE RESPONSE
C06098,0,0,0.05827,Low,0.00435,0.03758,-0.03323,NEGATIVE RESPONSE
C06099,1,0,0.18163,Low,0.01004,0.03829,-0.02825,NEGATIVE RESPONSE
C06100,1,1,0.93371,Critical,0.01361,0.08797,-0.07436,NEGATIVE RESPONSE
C06101,1,0,0.02281,Low,0.00501,0.02091,-0.0159,NEGATIVE RESPONSE
C06102,1,0,0.00585,Low,0.00466,0.00874,-0.00408,NEGATIVE RESPONSE
C06103,1,0,0.01083,Low,0.00557,0.01862,-0.01305,NEGATIVE RESPONSE
C06104,1,0,0.0347,Low,0.00471,0.02048,-0.01577,NEGATIVE RESPONSE
C06105,1,0,0.00278,Low,0.00414,0.00583,-0.00169,NEGATIVE RESPONSE
C06106,1,0,0.04969,Low,0.00502,0.03584,-0.03082,NEGATIVE RESPONSE
C06107,1,0,0.16417,Low,0.00655,0.05227,-0.04572,NEGATIVE RESPONSE
C06108,1,0,0.02809,Low,0.00609,0.02459,-0.0185,NEGATIVE RESPONSE
C06109,1,0,0.05387,Low,0.00517,0.03045,-0.02528,NEGATIVE RESPONSE
C06110,1,0,0.00553,Low,0.01838,0.01063,0.00775,LOW RESPONSE
C06111,1,0,0.09434,Low,0.00939,0.03989,-0.0305,NEGATIVE RESPONSE
C06112,1,0,0.0028,Low,0.00826,0.00693,0.00134,LOW RESPONSE
C06113,1,0,0.02598,Low,0.00584,0.02511,-0.01927,NEGATIVE RESPONSE
C06114,1,0,0.06485,Low,0.01224,0.02707,-0.01483,NEGATIVE RESPONSE
C06115,1,0,0.01952,Low,0.01167,0.04701,-0.03533,NEGATIVE RESPONSE
C06116,0,0,0.04247,Low,0.00455,0.02769,-0.02314,NEGATIVE RESPONSE
C06117,1,0,0.06152,Low,0.00487,0.02429,-0.01942,NEGATIVE RESPONSE
C06118,1,0,0.04321,Low,0.00474,0.0437,-0.03896,NEGATIVE RESPONSE
C06119,1,0,0.01373,Low,0.00536,0.03408,-0.02872,NEGATIVE RESPONSE
C06120,1,0,0.03317,Low,0.00643,0.02407,-0.01765,NEGATIVE RESPONSE
C06121,1,0,0.03444,Low,0.00709,0.02998,-0.0229,NEGATIVE RESPONSE
C06122,0,0,0.24151,Low,0.00504,0.03573,-0.03068,NEGATIVE RESPONSE
C06123,0,0,0.03104,Low,0.00651,0.03076,-0.02425,NEGATIVE RESPONSE
C06124,1,1,0.89183,Critical,0.00503,0.0324,-0.02737,NEGATIVE RESPONSE
C06125,1,0,0.10846,Low,0.00464,0.03913,-0.0345,NEGATIVE RESPONSE
C06126,1,0,0.05492,Low,0.00457,0.03598,-0.03141,NEGATIVE RESPONSE
C06127,1,0,0.0012,Low,0.00388,0.00485,-0.00097,LOW RESPONSE
C06128,0,0,0.01916,Low,0.00689,0.03193,-0.02504,NEGATIVE RESPONSE
C06129,1,0,0.02683,Low,0.0053,0.02192,-0.01662,NEGATIVE RESPONSE
C06130,1,0,0.00244,Low,0.0068,0.00959,-0.00279,NEGATIVE RESPONSE
C06131,1,0,0.09813,Low,0.00914,0.07219,-0.06304,NEGATIVE RESPONSE
C06132,1,0,0.04903,Low,0.00653,0.05961,-0.05309,NEGATIVE RESPONSE
C06133,1,0,0.02138,Low,0.00625,0.02605,-0.0198,NEGATIVE RESPONSE
C06134,0,0,0.14253,Low,0.00753,0.0343,-0.02677,NEGATIVE RESPONSE
C06135,1,0,0.14813,Low,0.00924,0.03946,-0.03022,NEGATIVE RESPONSE
C06136,1,0,0.20766,Low,0.00688,0.03813,-0.03125,NEGATIVE RESPONSE
C06137,0,0,0.16549,Low,0.01163,0.04453,-0.0329,NEGATIVE RESPONSE
C06138,1,0,0.03836,Low,0.00704,0.03165,-0.0246,NEGATIVE RESPONSE
C06139,1,0,0.09656,Low,0.00643,0.03751,-0.03108,NEGATIVE RESPONSE
C06140,1,0,0.00836,Low,0.00554,0.0079,-0.00236,NEGATIVE RESPONSE
C06141,1,0,0.0164,Low,0.00579,0.01999,-0.0142,NEGATIVE RESPONSE
C06142,1,0,0.05957,Low,0.01082,0.0263,-0.01548,NEGATIVE RESPONSE
C06143,1,0,0.05469,Low,0.00604,0.03656,-0.03052,NEGATIVE RESPONSE
C06144,1,0,0.04207,Low,0.00934,0.06222,-0.05289,NEGATIVE RESPONSE
C06145,0,0,0.02771,Low,0.00823,0.02568,-0.01745,NEGATIVE RESPONSE
C06146,1,0,0.01249,Low,0.00989,0.00467,0.00522,LOW RESPONSE
C06147,0,0,0.03397,Low,0.0135,0.05598,-0.04248,NEGATIVE RESPONSE
C06148,1,0,0.01791,Low,0.00685,0.00729,-0.00044,LOW RESPONSE
C06149,1,0,0.0076,Low,0.00492,0.02535,-0.02043,NEGATIVE RESPONSE
C06150,0,0,0.07944,Low,0.01091,0.03511,-0.0242,NEGATIVE RESPONSE
C06151,1,0,0.02641,Low,0.01029,0.04399,-0.0337,NEGATIVE RESPONSE
C06152,1,0,0.03282,Low,0.00509,0.03222,-0.02714,NEGATIVE RESPONSE
C06153,1,0,0.01639,Low,0.00637,0.01831,-0.01194,NEGATIVE RESPONSE
C06154,0,0,0.03661,Low,0.0047,0.03293,-0.02822,NEGATIVE RESPONSE
C06155,1,0,0.00436,Low,0.00679,0.00846,-0.00166,NEGATIVE RESPONSE
C06156,1,0,0.02238,Low,0.00407,0.02106,-0.01698,NEGATIVE RESPONSE
C06157,1,0,0.08059,Low,0.00704,0.03792,-0.03089,NEGATIVE RESPONSE
C06158,1,0,0.16143,Low,0.00692,0.04577,-0.03886,NEGATIVE RESPONSE
C06159,1,0,0.01627,Low,0.0071,0.03106,-0.02397,NEGATIVE RESPONSE
C06160,0,0,0.03349,Low,0.00531,0.04367,-0.03836,NEGATIVE RESPONSE
C06161,1,0,0.0437,Low,0.00487,0.00793,-0.00306,NEGATIVE RESPONSE
C06162,1,0,0.00273,Low,0.01242,0.01212,0.0003,LOW RESPONSE
C06163,0,0,0.07662,Low,0.00532,0.0192,-0.01388,NEGATIVE RESPONSE
C06164,0,0,0.32033,Medium,0.01146,0.04215,-0.03069,NEGATIVE RESPONSE
C06165,0,0,0.06837,Low,0.00819,0.04697,-0.03877,NEGATIVE RESPONSE
C06166,1,0,0.05831,Low,0.00774,0.02932,-0.02158,NEGATIVE RESPONSE
C06167,0,0,0.02381,Low,0.00645,0.04482,-0.03836,NEGATIVE RESPONSE
C06168,1,0,0.20476,Low,0.00626,0.04582,-0.03956,NEGATIVE RESPONSE
C06169,1,0,0.03486,Low,0.00633,0.0272,-0.02087,NEGATIVE RESPONSE
C06170,1,0,0.0365,Low,0.00794,0.03009,-0.02215,NEGATIVE RESPONSE
C06171,1,0,0.00566,Low,0.00789,0.00658,0.0013,LOW RESPONSE
C06172,1,0,0.10711,Low,0.01414,0.08211,-0.06797,NEGATIVE RESPONSE
C06173,0,0,0.02256,Low,0.00557,0.02461,-0.01904,NEGATIVE RESPONSE
C06174,0,0,0.15171,Low,0.00633,0.06337,-0.05703,NEGATIVE RESPONSE
C06175,0,0,0.01306,Low,0.00538,0.02478,-0.0194,NEGATIVE RESPONSE
C06176,1,0,0.04983,Low,0.00585,0.03306,-0.0272,NEGATIVE RESPONSE
C06177,1,0,0.13862,Low,0.00499,0.02908,-0.02409,NEGATIVE RESPONSE
C06178,1,0,0.0286,Low,0.00721,0.05245,-0.04524,NEGATIVE RESPONSE
C06179,1,0,0.00915,Low,0.00602,0.00708,-0.00106,NEGATIVE RESPONSE
C06180,1,0,0.01575,Low,0.0109,0.02822,-0.01731,NEGATIVE RESPONSE
C06181,0,0,0.0066,Low,0.00742,0.00663,0.00079,LOW RESPONSE
C06182,0,0,0.01502,Low,0.0062,0.01033,-0.00413,NEGATIVE RESPONSE
C06183,1,0,0.00779,Low,0.00794,0.01018,-0.00224,NEGATIVE RESPONSE
C06184,1,0,0.00357,Low,0.00754,0.00672,0.00082,LOW RESPONSE
C06185,1,0,0.00209,Low,0.00531,0.0079,-0.00259,NEGATIVE RESPONSE
C06186,1,0,0.00557,Low,0.00851,0.00476,0.00375,LOW RESPONSE
C06187,1,0,0.03889,Low,0.00517,0.02702,-0.02185,NEGATIVE RESPONSE
C06188,1,0,0.00358,Low,0.00679,0.00824,-0.00145,NEGATIVE RESPONSE
C06189,1,0,0.00352,Low,0.00721,0.00883,-0.00162,NEGATIVE RESPONSE
C06190,1,0,0.01828,Low,0.00802,0.02006,-0.01205,NEGATIVE RESPONSE
C06191,1,0,0.01329,Low,0.00489,0.04366,-0.03876,NEGATIVE RESPONSE
C06192,1,0,0.12831,Low,0.00679,0.02932,-0.02253,NEGATIVE RESPONSE
C06193,1,0,0.06206,Low,0.00685,0.01902,-0.01217,NEGATIVE RESPONSE
C06194,1,0,0.02596,Low,0.01619,0.04801,-0.03182,NEGATIVE RESPONSE
C06195,1,0,0.05533,Low,0.00659,0.02867,-0.02209,NEGATIVE RESPONSE
C06196,1,0,0.05892,Low,0.01417,0.07553,-0.06136,NEGATIVE RESPONSE
C06197,1,0,0.00827,Low,0.00467,0.02075,-0.01608,NEGATIVE RESPONSE
C06198,1,0,0.02883,Low,0.01595,0.03811,-0.02216,NEGATIVE RESPONSE
C06199,1,0,0.00724,Low,0.00433,0.01878,-0.01445,NEGATIVE RESPONSE
C06200,1,0,0.04049,Low,0.00629,0.02896,-0.02267,NEGATIVE RESPONSE
C06201,1,0,0.17816,Low,0.00602,0.03844,-0.03242,NEGATIVE RESPONSE
C06202,1,0,0.03434,Low,0.0077,0.02287,-0.01517,NEGATIVE RESPONSE
C06203,1,0,0.04394,Low,0.01925,0.06213,-0.04288,NEGATIVE RESPONSE
C06204,1,0,0.13771,Low,0.01501,0.03018,-0.01517,NEGATIVE RESPONSE
C06205,1,0,0.04418,Low,0.01089,0.04071,-0.02982,NEGATIVE RESPONSE
C06206,1,0,0.06043,Low,0.00551,0.02154,-0.01603,NEGATIVE RESPONSE
C06207,0,0,0.0376,Low,0.00787,0.02149,-0.01362,NEGATIVE RESPONSE
C06208,1,0,0.00721,Low,0.00623,0.01079,-0.00456,NEGATIVE RESPONSE
C06209,1,0,0.094,Low,0.00698,0.02396,-0.01698,NEGATIVE RESPONSE
C06210,1,0,0.05014,Low,0.0074,0.03263,-0.02523,NEGATIVE RESPONSE
C06211,0,0,0.04624,Low,0.00708,0.04166,-0.03459,NEGATIVE RESPONSE
C06212,1,0,0.20389,Low,0.01011,0.03001,-0.0199,NEGATIVE RESPONSE
C06213,0,0,0.14426,Low,0.00533,0.05332,-0.04799,NEGATIVE RESPONSE
C06214,1,0,0.01354,Low,0.00639,0.02543,-0.01904,NEGATIVE RESPONSE
C06215,1,0,0.0363,Low,0.00496,0.04212,-0.03715,NEGATIVE RESPONSE
C06216,1,0,0.07755,Low,0.01216,0.08226,-0.0701,NEGATIVE RESPONSE
C06217,1,0,0.00195,Low,0.0061,0.01886,-0.01276,NEGATIVE RESPONSE
C06218,1,0,0.01711,Low,0.00713,0.02112,-0.01399,NEGATIVE RESPONSE
C06219,0,0,0.01414,Low,0.00457,0.05423,-0.04966,NEGATIVE RESPONSE
C06220,1,0,0.02666,Low,0.00497,0.02417,-0.0192,NEGATIVE RESPONSE
C06221,1,0,0.02264,Low,0.00825,0.02889,-0.02064,NEGATIVE RESPONSE
C06222,1,0,0.01114,Low,0.00627,0.00766,-0.00139,NEGATIVE RESPONSE
C06223,1,0,0.00689,Low,0.00782,0.01026,-0.00244,NEGATIVE RESPONSE
C06224,1,0,0.05074,Low,0.00732,0.02034,-0.01302,NEGATIVE RESPONSE
C06225,1,0,0.06974,Low,0.00981,0.02596,-0.01615,NEGATIVE RESPONSE
C06226,1,0,0.00778,Low,0.00696,0.00931,-0.00234,NEGATIVE RESPONSE
C06227,1,0,0.04719,Low,0.0043,0.03009,-0.0258,NEGATIVE RESPONSE
C06228,1,0,0.03749,Low,0.01248,0.04139,-0.02891,NEGATIVE RESPONSE
C06229,1,0,0.03177,Low,0.00445,0.03145,-0.02699,NEGATIVE RESPONSE
C06230,1,0,0.01281,Low,0.00817,0.00976,-0.0016,NEGATIVE RESPONSE
C06231,1,0,0.03459,Low,0.00623,0.03593,-0.02969,NEGATIVE RESPONSE
C06232,1,0,0.25918,Low,0.00563,0.04057,-0.03494,NEGATIVE RESPONSE
C06233,1,0,0.0165,Low,0.0062,0.04983,-0.04363,NEGATIVE RESPONSE
C06234,1,0,0.00537,Low,0.01024,0.01276,-0.00252,NEGATIVE RESPONSE
C06235,1,0,0.11342,Low,0.00523,0.02784,-0.02261,NEGATIVE RESPONSE
C06236,1,0,0.01599,Low,0.01096,0.01828,-0.00732,NEGATIVE RESPONSE
C06237,1,0,0.04427,Low,0.00411,0.04047,-0.03636,NEGATIVE RESPONSE
C06238,1,0,0.03022,Low,0.01022,0.04839,-0.03817,NEGATIVE RESPONSE
C06239,0,0,0.11658,Low,0.00978,0.03068,-0.0209,NEGATIVE RESPONSE
C06240,1,0,0.03577,Low,0.00882,0.02375,-0.01494,NEGATIVE RESPONSE
C06241,1,0,0.09936,Low,0.00604,0.05087,-0.04483,NEGATIVE RESPONSE
C06242,1,0,0.09883,Low,0.00523,0.03358,-0.02835,NEGATIVE RESPONSE
C06243,1,0,0.01123,Low,0.0047,0.01751,-0.01281,NEGATIVE RESPONSE
C06244,1,0,0.02197,Low,0.00534,0.01468,-0.00935,NEGATIVE RESPONSE
C06245,1,0,0.07961,Low,0.01007,0.03605,-0.02598,NEGATIVE RESPONSE
C06246,1,0,0.00659,Low,0.00348,0.01518,-0.0117,NEGATIVE RESPONSE
C06247,1,0,0.00748,Low,0.00495,0.00744,-0.0025,NEGATIVE RESPONSE
C06248,1,0,0.08479,Low,0.01077,0.03117,-0.0204,NEGATIVE RESPONSE
C06249,0,0,0.01821,Low,0.00733,0.03914,-0.03181,NEGATIVE RESPONSE
C06250,1,0,0.05729,Low,0.00796,0.03516,-0.02719,NEGATIVE RESPONSE
C06251,1,1,0.93078,Critical,0.01137,0.10633,-0.09496,NEGATIVE RESPONSE
C06252,1,0,0.05953,Low,0.00472,0.0245,-0.01977,NEGATIVE RESPONSE
C06253,1,0,0.01075,Low,0.00411,0.02341,-0.0193,NEGATIVE RESPONSE
C06254,1,0,0.05389,Low,0.00555,0.02743,-0.02188,NEGATIVE RESPONSE
C06255,1,0,0.07283,Low,0.00491,0.02571,-0.02081,NEGATIVE RESPONSE
C06256,0,0,0.04339,Low,0.00582,0.01979,-0.01397,NEGATIVE RESPONSE
C06257,1,0,0.20655,Low,0.01284,0.06203,-0.04918,NEGATIVE RESPONSE
C06258,1,0,0.02231,Low,0.00603,0.02527,-0.01924,NEGATIVE RESPONSE
C06259,1,0,0.1415,Low,0.01026,0.15043,-0.14017,NEGATIVE RESPONSE
C06260,1,0,0.02012,Low,0.00918,0.02538,-0.0162,NEGATIVE RESPONSE
C06261,1,0,0.00358,Low,0.00913,0.02239,-0.01326,NEGATIVE RESPONSE
C06262,0,0,0.04787,Low,0.00515,0.02321,-0.01806,NEGATIVE RESPONSE
C06263,1,0,0.15153,Low,0.0087,0.03761,-0.02892,NEGATIVE RESPONSE
C06264,1,0,0.03113,Low,0.02192,0.04227,-0.02035,NEGATIVE RESPONSE
C06265,1,0,0.01757,Low,0.00397,0.02223,-0.01826,NEGATIVE RESPONSE
C06266,1,0,0.03715,Low,0.00882,0.04166,-0.03283,NEGATIVE RESPONSE
C06267,1,0,0.01149,Low,0.00859,0.02439,-0.0158,NEGATIVE RESPONSE
C06268,1,0,0.03286,Low,0.00673,0.0306,-0.02387,NEGATIVE RESPONSE
C06269,1,0,0.00575,Low,0.0082,0.00699,0.0012,LOW RESPONSE
C06270,1,0,0.00321,Low,0.00395,0.01686,-0.01292,NEGATIVE RESPONSE
C06271,1,0,0.14944,Low,0.0081,0.04764,-0.03954,NEGATIVE RESPONSE
C06272,1,0,0.0155,Low,0.00538,0.02599,-0.02061,NEGATIVE RESPONSE
C06273,1,0,0.02476,Low,0.00407,0.01872,-0.01465,NEGATIVE RESPONSE
C06274,1,0,0.01593,Low,0.00508,0.01939,-0.01431,NEGATIVE RESPONSE
C06275,1,0,0.3004,Medium,0.01131,0.04899,-0.03768,NEGATIVE RESPONSE
C06276,1,0,0.04086,Low,0.0052,0.05652,-0.05132,NEGATIVE RESPONSE
C06277,1,0,0.03517,Low,0.00982,0.02794,-0.01813,NEGATIVE RESPONSE
C06278,1,0,0.04655,Low,0.01323,0.02826,-0.01503,NEGATIVE RESPONSE
C06279,1,0,0.00981,Low,0.00392,0.0267,-0.02278,NEGATIVE RESPONSE
C06280,0,0,0.08329,Low,0.01421,0.05923,-0.04502,NEGATIVE RESPONSE
C06281,1,0,0.06912,Low,0.00853,0.04402,-0.03549,NEGATIVE RESPONSE
C06282,1,0,0.05651,Low,0.0055,0.02722,-0.02172,NEGATIVE RESPONSE
C06283,1,0,0.32752,Medium,0.00689,0.04474,-0.03785,NEGATIVE RESPONSE
C06284,1,0,0.05492,Low,0.01384,0.0282,-0.01436,NEGATIVE RESPONSE
C06285,1,0,0.04033,Low,0.00508,0.02469,-0.01961,NEGATIVE RESPONSE
C06286,1,0,0.0811,Low,0.00565,0.03031,-0.02465,NEGATIVE RESPONSE
C06287,1,0,0.03759,Low,0.01097,0.03289,-0.02192,NEGATIVE RESPONSE
C06288,1,0,0.08742,Low,0.01071,0.02571,-0.015,NEGATIVE RESPONSE
C06289,1,0,0.06942,Low,0.00584,0.03869,-0.03285,NEGATIVE RESPONSE
C06290,1,0,0.04937,Low,0.00606,0.03329,-0.02724,NEGATIVE RESPONSE
C06291,1,0,0.04124,Low,0.00437,0.04137,-0.037,NEGATIVE RESPONSE
C06292,1,0,0.22601,Low,0.01618,0.0945,-0.07832,NEGATIVE RESPONSE
C06293,0,0,0.01127,Low,0.00521,0.02174,-0.01653,NEGATIVE RESPONSE
C06294,1,0,0.03903,Low,0.00829,0.03191,-0.02363,NEGATIVE RESPONSE
C06295,0,0,0.02679,Low,0.00732,0.04496,-0.03764,NEGATIVE RESPONSE
C06296,0,0,0.02415,Low,0.0146,0.02151,-0.00691,NEGATIVE RESPONSE
C06297,1,0,0.00179,Low,0.00847,0.00722,0.00125,LOW RESPONSE
C06298,1,0,0.19801,Low,0.0129,0.06346,-0.05056,NEGATIVE RESPONSE
C06299,1,0,0.07286,Low,0.0056,0.02391,-0.01831,NEGATIVE RESPONSE
C06300,1,0,0.07888,Low,0.00394,0.02688,-0.02293,NEGATIVE RESPONSE
C06301,1,0,0.10362,Low,0.01072,0.07355,-0.06283,NEGATIVE RESPONSE
C06302,1,0,0.04306,Low,0.00737,0.02663,-0.01927,NEGATIVE RESPONSE
C06303,1,0,0.08142,Low,0.01057,0.02494,-0.01437,NEGATIVE RESPONSE
C06304,0,0,0.04461,Low,0.00573,0.02397,-0.01824,NEGATIVE RESPONSE
C06305,0,0,0.00724,Low,0.00483,0.0068,-0.00196,NEGATIVE RESPONSE
C06306,1,0,0.15464,Low,0.00842,0.0494,-0.04098,NEGATIVE RESPONSE
C06307,1,0,0.03044,Low,0.00529,0.02391,-0.01862,NEGATIVE RESPONSE
C06308,1,0,0.0496,Low,0.01222,0.03683,-0.02461,NEGATIVE RESPONSE
C06309,1,0,0.04917,Low,0.00591,0.03151,-0.0256,NEGATIVE RESPONSE
C06310,1,0,0.06089,Low,0.00657,0.04439,-0.03782,NEGATIVE RESPONSE
C06311,1,0,0.13158,Low,0.01138,0.0312,-0.01982,NEGATIVE RESPONSE
C06312,0,0,0.05835,Low,0.00645,0.05474,-0.04829,NEGATIVE RESPONSE
C06313,1,0,0.00314,Low,0.00606,0.00505,0.00101,LOW RESPONSE
C06314,1,0,0.02732,Low,0.00674,0.02246,-0.01572,NEGATIVE RESPONSE
C06315,1,0,0.10666,Low,0.01034,0.03574,-0.0254,NEGATIVE RESPONSE
C06316,1,0,0.20437,Low,0.00899,0.04025,-0.03126,NEGATIVE RESPONSE
C06317,1,0,0.07538,Low,0.00612,0.05542,-0.04929,NEGATIVE RESPONSE
C06318,1,0,0.02391,Low,0.00707,0.02445,-0.01737,NEGATIVE RESPONSE
C06319,0,0,0.37775,Medium,0.00668,0.05201,-0.04533,NEGATIVE RESPONSE
C06320,0,0,0.00597,Low,0.00847,0.01052,-0.00205,NEGATIVE RESPONSE
C06321,0,0,0.10439,Low,0.00579,0.02744,-0.02165,NEGATIVE RESPONSE
C06322,1,0,0.02996,Low,0.00545,0.01726,-0.01181,NEGATIVE RESPONSE
C06323,1,0,0.00203,Low,0.02225,0.00647,0.01578,LOW RESPONSE
C06324,1,0,0.00437,Low,0.00632,0.00653,-0.00021,LOW RESPONSE
C06325,1,0,0.07627,Low,0.00683,0.03418,-0.02734,NEGATIVE RESPONSE
C06326,1,0,0.02144,Low,0.00692,0.02168,-0.01476,NEGATIVE RESPONSE
C06327,0,0,0.00801,Low,0.00589,0.02427,-0.01838,NEGATIVE RESPONSE
C06328,1,0,0.01866,Low,0.00649,0.027,-0.0205,NEGATIVE RESPONSE
C06329,1,0,0.01635,Low,0.00742,0.03495,-0.02753,NEGATIVE RESPONSE
C06330,1,0,0.02866,Low,0.00539,0.02183,-0.01644,NEGATIVE RESPONSE
C06331,1,0,0.01379,Low,0.01323,0.0097,0.00353,LOW RESPONSE
C06332,1,0,0.0158,Low,0.00565,0.02292,-0.01727,NEGATIVE RESPONSE
C06333,1,0,0.03569,Low,0.00611,0.02548,-0.01937,NEGATIVE RESPONSE
C06334,1,0,0.11463,Low,0.0065,0.05126,-0.04476,NEGATIVE RESPONSE
C06335,1,0,0.00125,Low,0.00558,0.00576,-0.00018,LOW RESPONSE
C06336,1,0,0.06381,Low,0.00823,0.06266,-0.05443,NEGATIVE RESPONSE
C06337,1,0,0.0057,Low,0.0049,0.01966,-0.01476,NEGATIVE RESPONSE
C06338,1,0,0.08195,Low,0.00964,0.0366,-0.02697,NEGATIVE RESPONSE
C06339,1,0,0.08014,Low,0.00644,0.03497,-0.02853,NEGATIVE RESPONSE
C06340,1,0,0.00237,Low,0.00605,0.00726,-0.0012,NEGATIVE RESPONSE
C06341,0,0,0.06952,Low,0.01204,0.04628,-0.03424,NEGATIVE RESPONSE
C06342,1,1,0.96051,Critical,0.01081,0.17408,-0.16328,NEGATIVE RESPONSE
C06343,0,0,0.08093,Low,0.00449,0.03019,-0.0257,NEGATIVE RESPONSE
C06344,1,0,0.20069,Low,0.00662,0.0398,-0.03317,NEGATIVE RESPONSE
C06345,1,0,0.04509,Low,0.0058,0.03376,-0.02796,NEGATIVE RESPONSE
C06346,1,0,0.03086,Low,0.00741,0.0339,-0.02649,NEGATIVE RESPONSE
C06347,1,0,0.02218,Low,0.00491,0.03369,-0.02879,NEGATIVE RESPONSE
C06348,0,0,0.04439,Low,0.00721,0.03015,-0.02293,NEGATIVE RESPONSE
C06349,1,0,0.09291,Low,0.01108,0.05838,-0.0473,NEGATIVE RESPONSE
C06350,1,0,0.13572,Low,0.0099,0.03959,-0.02969,NEGATIVE RESPONSE
C06351,0,0,0.03523,Low,0.00637,0.03109,-0.02471,NEGATIVE RESPONSE
C06352,1,0,0.00924,Low,0.01524,0.00737,0.00788,LOW RESPONSE
C06353,1,0,0.0174,Low,0.00708,0.02532,-0.01825,NEGATIVE RESPONSE
C06354,1,0,0.1578,Low,0.00974,0.11721,-0.10747,NEGATIVE RESPONSE
C06355,1,0,0.01328,Low,0.00683,0.02173,-0.01491,NEGATIVE RESPONSE
C06356,1,0,0.0373,Low,0.00807,0.03738,-0.02931,NEGATIVE RESPONSE
C06357,1,0,0.20714,Low,0.00603,0.03561,-0.02958,NEGATIVE RESPONSE
C06358,0,0,0.16604,Low,0.01009,0.03689,-0.0268,NEGATIVE RESPONSE
C06359,1,0,0.06524,Low,0.00767,0.03156,-0.02388,NEGATIVE RESPONSE
C06360,1,0,0.15455,Low,0.00763,0.04659,-0.03896,NEGATIVE RESPONSE
C06361,0,0,0.05005,Low,0.00559,0.02812,-0.02253,NEGATIVE RESPONSE
C06362,1,0,0.04375,Low,0.00551,0.02178,-0.01626,NEGATIVE RESPONSE
C06363,1,0,0.02582,Low,0.00441,0.02294,-0.01853,NEGATIVE RESPONSE
C06364,1,0,0.07967,Low,0.01168,0.03595,-0.02427,NEGATIVE RESPONSE
C06365,1,0,0.03774,Low,0.0069,0.03748,-0.03057,NEGATIVE RESPONSE
C06366,1,0,0.01378,Low,0.00966,0.00683,0.00283,LOW RESPONSE
C06367,1,0,0.01067,Low,0.00609,0.00812,-0.00203,NEGATIVE RESPONSE
C06368,1,0,0.00656,Low,0.00712,0.02522,-0.01809,NEGATIVE RESPONSE
C06369,1,0,0.12903,Low,0.00494,0.02956,-0.02462,NEGATIVE RESPONSE
C06370,1,0,0.24705,Low,0.00678,0.04204,-0.03526,NEGATIVE RESPONSE
C06371,1,0,0.05719,Low,0.00536,0.0275,-0.02214,NEGATIVE RESPONSE
C06372,1,0,0.08307,Low,0.0086,0.03151,-0.0229,NEGATIVE RESPONSE
C06373,1,0,0.07648,Low,0.00694,0.03911,-0.03216,NEGATIVE RESPONSE
C06374,1,0,0.01766,Low,0.01146,0.05395,-0.04249,NEGATIVE RESPONSE
C06375,1,0,0.01693,Low,0.00663,0.03325,-0.02662,NEGATIVE RESPONSE
C06376,1,0,0.04889,Low,0.00625,0.03673,-0.03048,NEGATIVE RESPONSE
C06377,1,0,0.42656,Medium,0.00823,0.06107,-0.05283,NEGATIVE RESPONSE
C06378,1,0,0.00922,Low,0.00645,0.02308,-0.01663,NEGATIVE RESPONSE
C06379,1,0,0.07612,Low,0.00646,0.04517,-0.03871,NEGATIVE RESPONSE
C06380,1,0,0.15051,Low,0.00736,0.05778,-0.05042,NEGATIVE RESPONSE
C06381,1,0,0.00598,Low,0.00517,0.01021,-0.00503,NEGATIVE RESPONSE
C06382,0,0,0.00495,Low,0.00828,0.00726,0.00102,LOW RESPONSE
C06383,1,0,0.01234,Low,0.0056,0.02381,-0.01821,NEGATIVE RESPONSE
C06384,1,0,0.0189,Low,0.00539,0.01918,-0.0138,NEGATIVE RESPONSE
C06385,1,0,0.043,Low,0.00522,0.04249,-0.03728,NEGATIVE RESPONSE
C06386,0,0,0.01684,Low,0.00812,0.01325,-0.00512,NEGATIVE RESPONSE
C06387,1,0,0.12697,Low,0.00602,0.064,-0.05798,NEGATIVE RESPONSE
C06388,1,0,0.02088,Low,0.00881,0.0259,-0.01709,NEGATIVE RESPONSE
C06389,1,0,0.01895,Low,0.00617,0.03039,-0.02422,NEGATIVE RESPONSE
C06390,1,0,0.13819,Low,0.00687,0.0506,-0.04373,NEGATIVE RESPONSE
C06391,1,0,0.20542,Low,0.00794,0.0556,-0.04766,NEGATIVE RESPONSE
C06392,1,0,0.07568,Low,0.00521,0.02905,-0.02384,NEGATIVE RESPONSE
C06393,1,0,0.13253,Low,0.0176,0.06229,-0.04469,NEGATIVE RESPONSE
C06394,0,0,0.26764,Low,0.01871,0.08044,-0.06173,NEGATIVE RESPONSE
C06395,1,0,0.01551,Low,0.00693,0.0445,-0.03758,NEGATIVE RESPONSE
C06396,1,0,0.00472,Low,0.00506,0.00509,-3e-05,LOW RESPONSE
C06397,1,0,0.0528,Low,0.00471,0.02022,-0.01551,NEGATIVE RESPONSE
C06398,1,1,0.92669,Critical,0.00709,0.08196,-0.07487,NEGATIVE RESPONSE
C06399,0,0,0.00543,Low,0.01204,0.00529,0.00676,LOW RESPONSE
C06400,1,0,0.03568,Low,0.00407,0.03072,-0.02666,NEGATIVE RESPONSE
C06401,1,0,0.00215,Low,0.01376,0.00766,0.0061,LOW RESPONSE
C06402,1,0,0.04988,Low,0.02502,0.0589,-0.03387,NEGATIVE RESPONSE
C06403,1,0,0.01817,Low,0.00461,0.01685,-0.01224,NEGATIVE RESPONSE
C06404,0,0,0.01977,Low,0.00463,0.02131,-0.01669,NEGATIVE RESPONSE
C06405,1,0,0.02987,Low,0.00578,0.02085,-0.01508,NEGATIVE RESPONSE
C06406,1,0,0.28726,Low,0.00748,0.05556,-0.04808,NEGATIVE RESPONSE
C06407,1,0,0.02188,Low,0.00564,0.04242,-0.03678,NEGATIVE RESPONSE
C06408,1,0,0.02762,Low,0.01813,0.04044,-0.02231,NEGATIVE RESPONSE
C06409,1,0,0.04951,Low,0.00539,0.02346,-0.01807,NEGATIVE RESPONSE
C06410,1,0,0.01658,Low,0.00903,0.01133,-0.0023,NEGATIVE RESPONSE
C06411,1,0,0.00481,Low,0.00929,0.02497,-0.01568,NEGATIVE RESPONSE
C06412,0,0,0.0088,Low,0.00672,0.02805,-0.02133,NEGATIVE RESPONSE
C06413,1,0,0.01395,Low,0.00704,0.01156,-0.00452,NEGATIVE RESPONSE
C06414,1,0,0.02406,Low,0.00433,0.01819,-0.01386,NEGATIVE RESPONSE
C06415,1,0,0.00404,Low,0.00792,0.008,-8e-05,LOW RESPONSE
C06416,1,0,0.14604,Low,0.00466,0.02746,-0.0228,NEGATIVE RESPONSE
C06417,1,0,0.00695,Low,0.00825,0.00559,0.00266,LOW RESPONSE
C06418,1,0,0.00245,Low,0.02038,0.01154,0.00883,LOW RESPONSE
C06419,1,0,0.03675,Low,0.00518,0.02367,-0.01848,NEGATIVE RESPONSE
C06420,1,0,0.08786,Low,0.00649,0.04198,-0.03549,NEGATIVE RESPONSE
C06421,1,0,0.11501,Low,0.00671,0.03692,-0.03021,NEGATIVE RESPONSE
C06422,1,0,0.00464,Low,0.00659,0.01849,-0.0119,NEGATIVE RESPONSE
C06423,0,0,0.0452,Low,0.00365,0.0228,-0.01916,NEGATIVE RESPONSE
C06424,1,0,0.08016,Low,0.00739,0.04694,-0.03956,NEGATIVE RESPONSE
C06425,1,0,0.36051,Medium,0.00762,0.03519,-0.02757,NEGATIVE RESPONSE
C06426,1,0,0.14367,Low,0.00913,0.04103,-0.0319,NEGATIVE RESPONSE
C06427,0,0,0.02378,Low,0.00475,0.02388,-0.01914,NEGATIVE RESPONSE
C06428,1,0,0.23076,Low,0.00658,0.04473,-0.03815,NEGATIVE RESPONSE
C06429,1,0,0.00633,Low,0.00716,0.02225,-0.0151,NEGATIVE RESPONSE
C06430,1,0,0.06313,Low,0.0117,0.05144,-0.03974,NEGATIVE RESPONSE
C06431,1,0,0.10356,Low,0.00868,0.03123,-0.02254,NEGATIVE RESPONSE
C06432,1,0,0.00269,Low,0.00583,0.00963,-0.0038,NEGATIVE RESPONSE
C06433,1,0,0.07321,Low,0.01284,0.05367,-0.04083,NEGATIVE RESPONSE
C06434,1,0,0.06331,Low,0.00773,0.05236,-0.04463,NEGATIVE RESPONSE
C06435,1,0,0.03389,Low,0.00873,0.03944,-0.03071,NEGATIVE RESPONSE
C06436,1,0,0.00214,Low,0.00955,0.00596,0.00359,LOW RESPONSE
C06437,1,0,0.07854,Low,0.00776,0.03821,-0.03046,NEGATIVE RESPONSE
C06438,1,0,0.04822,Low,0.00763,0.02544,-0.01781,NEGATIVE RESPONSE
C06439,1,0,0.0228,Low,0.01008,0.0059,0.00418,LOW RESPONSE
C06440,0,0,0.16083,Low,0.00956,0.07969,-0.07013,NEGATIVE RESPONSE
C06441,1,0,0.01851,Low,0.00577,0.034,-0.02823,NEGATIVE RESPONSE
C06442,1,0,0.01989,Low,0.0099,0.0275,-0.01761,NEGATIVE RESPONSE
C06443,1,0,0.04683,Low,0.00746,0.05431,-0.04685,NEGATIVE RESPONSE
C06444,1,0,0.01333,Low,0.01186,0.03524,-0.02338,NEGATIVE RESPONSE
C06445,1,0,0.06399,Low,0.00471,0.02778,-0.02307,NEGATIVE RESPONSE
C06446,1,0,0.02973,Low,0.00704,0.02411,-0.01708,NEGATIVE RESPONSE
C06447,1,0,0.0208,Low,0.00984,0.04616,-0.03633,NEGATIVE RESPONSE
C06448,1,0,0.00504,Low,0.00842,0.02112,-0.0127,NEGATIVE RESPONSE
C06449,1,0,0.0064,Low,0.01161,0.01064,0.00097,LOW RESPONSE
C06450,1,0,0.13209,Low,0.01461,0.07506,-0.06045,NEGATIVE RESPONSE
C06451,0,0,0.00306,Low,0.00584,0.02866,-0.02282,NEGATIVE RESPONSE
C06452,0,0,0.02925,Low,0.00715,0.0302,-0.02306,NEGATIVE RESPONSE
C06453,1,0,0.01195,Low,0.00531,0.02775,-0.02244,NEGATIVE RESPONSE
C06454,0,0,0.23504,Low,0.00907,0.06309,-0.05402,NEGATIVE RESPONSE
C06455,1,0,0.22983,Low,0.00584,0.02957,-0.02373,NEGATIVE RESPONSE
C06456,0,0,0.07171,Low,0.00677,0.03653,-0.02976,NEGATIVE RESPONSE
C06457,1,0,0.07495,Low,0.00921,0.0221,-0.01288,NEGATIVE RESPONSE
C06458,1,0,0.00422,Low,0.0085,0.0109,-0.0024,NEGATIVE RESPONSE
C06459,0,0,0.00704,Low,0.00436,0.01953,-0.01518,NEGATIVE RESPONSE
C06460,1,0,0.06526,Low,0.0067,0.02968,-0.02298,NEGATIVE RESPONSE
C06461,0,0,0.05132,Low,0.0145,0.05769,-0.04319,NEGATIVE RESPONSE
C06462,1,0,0.12001,Low,0.00897,0.05316,-0.04419,NEGATIVE RESPONSE
C06463,1,0,0.01238,Low,0.00687,0.00916,-0.0023,NEGATIVE RESPONSE
C06464,0,0,0.05068,Low,0.00682,0.03267,-0.02585,NEGATIVE RESPONSE
C06465,0,0,0.13515,Low,0.00564,0.04376,-0.03813,NEGATIVE RESPONSE
C06466,1,0,0.07729,Low,0.00845,0.03969,-0.03123,NEGATIVE RESPONSE
C06467,1,0,0.03118,Low,0.00504,0.01829,-0.01326,NEGATIVE RESPONSE
C06468,1,0,0.01396,Low,0.00745,0.03514,-0.02769,NEGATIVE RESPONSE
C06469,1,0,0.01653,Low,0.006,0.02223,-0.01623,NEGATIVE RESPONSE
C06470,1,0,0.00413,Low,0.00621,0.01861,-0.01239,NEGATIVE RESPONSE
C06471,1,0,0.00841,Low,0.00899,0.00844,0.00056,LOW RESPONSE
C06472,0,0,0.01927,Low,0.00938,0.02909,-0.0197,NEGATIVE RESPONSE
C06473,1,0,0.10781,Low,0.00977,0.03336,-0.02359,NEGATIVE RESPONSE
C06474,1,0,0.02531,Low,0.0087,0.01254,-0.00384,NEGATIVE RESPONSE
C06475,0,0,0.00886,Low,0.00523,0.01614,-0.01091,NEGATIVE RESPONSE
C06476,1,0,0.00465,Low,0.00586,0.00611,-0.00025,LOW RESPONSE
C06477,1,0,0.07561,Low,0.01037,0.04033,-0.02996,NEGATIVE RESPONSE
C06478,1,0,0.07014,Low,0.00711,0.03965,-0.03255,NEGATIVE RESPONSE
C06479,1,0,0.05689,Low,0.00647,0.02577,-0.01929,NEGATIVE RESPONSE
C06480,1,0,0.00162,Low,0.00878,0.01608,-0.0073,NEGATIVE RESPONSE
C06481,1,0,0.05328,Low,0.00788,0.02247,-0.01459,NEGATIVE RESPONSE
C06482,1,0,0.04427,Low,0.00604,0.03591,-0.02988,NEGATIVE RESPONSE
C06483,1,0,0.01071,Low,0.00871,0.00706,0.00165,LOW RESPONSE
C06484,1,0,0.00468,Low,0.01197,0.01124,0.00073,LOW RESPONSE
C06485,1,0,0.06159,Low,0.00493,0.03417,-0.02924,NEGATIVE RESPONSE
C06486,1,0,0.04079,Low,0.00444,0.03981,-0.03537,NEGATIVE RESPONSE
C06487,1,0,0.01446,Low,0.00972,0.00839,0.00132,LOW RESPONSE
C06488,0,0,0.05212,Low,0.00467,0.03072,-0.02604,NEGATIVE RESPONSE
C06489,1,0,0.00171,Low,0.00516,0.00661,-0.00145,NEGATIVE RESPONSE
C06490,1,0,0.06851,Low,0.00722,0.02594,-0.01873,NEGATIVE RESPONSE
C06491,1,0,0.11769,Low,0.00691,0.04957,-0.04266,NEGATIVE RESPONSE
C06492,0,0,0.03505,Low,0.00376,0.03027,-0.02651,NEGATIVE RESPONSE
C06493,1,0,0.0444,Low,0.00568,0.02499,-0.01931,NEGATIVE RESPONSE
C06494,0,0,0.01073,Low,0.00374,0.04566,-0.04192,NEGATIVE RESPONSE
C06495,1,0,0.06586,Low,0.00494,0.03825,-0.03331,NEGATIVE RESPONSE
C06496,1,0,0.02488,Low,0.01088,0.03912,-0.02824,NEGATIVE RESPONSE
C06497,0,0,0.00678,Low,0.00786,0.00556,0.0023,LOW RESPONSE
C06498,1,0,0.01773,Low,0.0047,0.03219,-0.02749,NEGATIVE RESPONSE
C06499,1,0,0.04526,Low,0.00795,0.03041,-0.02247,NEGATIVE RESPONSE
C06500,0,0,0.03204,Low,0.00487,0.02407,-0.0192,NEGATIVE RESPONSE
C06501,1,0,0.00989,Low,0.00872,0.00773,0.001,LOW RESPONSE
C06502,1,0,0.00501,Low,0.00904,0.01142,-0.00238,NEGATIVE RESPONSE
C06503,1,0,0.0268,Low,0.01258,0.04428,-0.0317,NEGATIVE RESPONSE
C06504,1,0,0.01792,Low,0.01995,0.03256,-0.01261,NEGATIVE RESPONSE
C06505,1,0,0.07071,Low,0.00755,0.02838,-0.02083,NEGATIVE RESPONSE
C06506,0,0,0.10729,Low,0.01034,0.04917,-0.03883,NEGATIVE RESPONSE
C06507,1,0,0.00997,Low,0.00824,0.00558,0.00266,LOW RESPONSE
C06508,1,0,0.015,Low,0.00401,0.03127,-0.02726,NEGATIVE RESPONSE
C06509,0,0,0.00364,Low,0.00632,0.00756,-0.00124,NEGATIVE RESPONSE
C06510,1,0,0.00379,Low,0.00577,0.01936,-0.01359,NEGATIVE RESPONSE
C06511,1,0,0.02661,Low,0.0051,0.02338,-0.01828,NEGATIVE RESPONSE
C06512,1,0,0.04563,Low,0.00776,0.03647,-0.02871,NEGATIVE RESPONSE
C06513,1,0,0.00344,Low,0.00555,0.00661,-0.00106,NEGATIVE RESPONSE
C06514,1,0,0.02697,Low,0.00478,0.02855,-0.02377,NEGATIVE RESPONSE
C06515,1,0,0.05297,Low,0.00652,0.01973,-0.0132,NEGATIVE RESPONSE
C06516,0,0,0.09217,Low,0.00763,0.04572,-0.03808,NEGATIVE RESPONSE
C06517,0,0,0.00464,Low,0.00674,0.00593,0.00081,LOW RESPONSE
C06518,1,0,0.00364,Low,0.00736,0.00679,0.00057,LOW RESPONSE
C06519,1,0,0.06724,Low,0.00585,0.02941,-0.02356,NEGATIVE RESPONSE
C06520,1,0,0.05951,Low,0.01285,0.03523,-0.02238,NEGATIVE RESPONSE
C06521,1,0,0.03486,Low,0.00469,0.02806,-0.02337,NEGATIVE RESPONSE
C06522,1,0,0.01018,Low,0.01054,0.02869,-0.01815,NEGATIVE RESPONSE
C06523,1,0,0.28909,Low,0.01041,0.08888,-0.07847,NEGATIVE RESPONSE
C06524,1,0,0.02077,Low,0.01893,0.03171,-0.01278,NEGATIVE RESPONSE
C06525,1,0,0.08788,Low,0.00491,0.02991,-0.02501,NEGATIVE RESPONSE
C06526,1,0,0.13923,Low,0.01256,0.05523,-0.04267,NEGATIVE RESPONSE
C06527,0,0,0.02297,Low,0.00469,0.0248,-0.02011,NEGATIVE RESPONSE
C06528,1,0,0.22614,Low,0.0099,0.04988,-0.03999,NEGATIVE RESPONSE
C06529,1,0,0.00577,Low,0.00737,0.00924,-0.00187,NEGATIVE RESPONSE
C06530,1,0,0.11809,Low,0.00523,0.02067,-0.01544,NEGATIVE RESPONSE
C06531,1,0,0.06566,Low,0.00699,0.05373,-0.04675,NEGATIVE RESPONSE
C06532,1,0,0.04277,Low,0.00591,0.02776,-0.02185,NEGATIVE RESPONSE
C06533,1,0,0.19624,Low,0.01744,0.04059,-0.02315,NEGATIVE RESPONSE
C06534,1,0,0.01965,Low,0.00552,0.03491,-0.02939,NEGATIVE RESPONSE
C06535,1,0,0.01862,Low,0.01041,0.04272,-0.03231,NEGATIVE RESPONSE
C06536,0,0,0.06799,Low,0.0083,0.03412,-0.02582,NEGATIVE RESPONSE
C06537,1,0,0.10844,Low,0.0088,0.0295,-0.02071,NEGATIVE RESPONSE
C06538,1,0,0.00956,Low,0.00424,0.02026,-0.01603,NEGATIVE RESPONSE
C06539,1,0,0.012,Low,0.00671,0.02774,-0.02103,NEGATIVE RESPONSE
C06540,1,0,0.00181,Low,0.01291,0.00823,0.00468,LOW RESPONSE
C06541,1,0,0.01276,Low,0.0063,0.00557,0.00073,LOW RESPONSE
C06542,1,0,0.20845,Low,0.01435,0.04186,-0.02752,NEGATIVE RESPONSE
C06543,1,0,0.17686,Low,0.01375,0.03688,-0.02313,NEGATIVE RESPONSE
C06544,1,1,0.10053,Low,0.00805,0.1099,-0.10185,NEGATIVE RESPONSE
C06545,1,0,0.00688,Low,0.00736,0.00838,-0.00102,NEGATIVE RESPONSE
C06546,1,0,0.28105,Low,0.02009,0.05804,-0.03794,NEGATIVE RESPONSE
C06547,0,0,0.00718,Low,0.00514,0.035,-0.02985,NEGATIVE RESPONSE
C06548,0,0,0.10674,Low,0.00646,0.04248,-0.03602,NEGATIVE RESPONSE
C06549,1,0,0.0133,Low,0.00492,0.03632,-0.0314,NEGATIVE RESPONSE
C06550,1,0,0.00656,Low,0.00386,0.0209,-0.01704,NEGATIVE RESPONSE
C06551,1,0,0.2625,Low,0.00479,0.04569,-0.0409,NEGATIVE RESPONSE
C06552,1,0,0.0224,Low,0.00696,0.04687,-0.03991,NEGATIVE RESPONSE
C06553,1,0,0.00259,Low,0.0053,0.00688,-0.00158,NEGATIVE RESPONSE
C06554,1,0,0.00652,Low,0.00901,0.00713,0.00188,LOW RESPONSE
C06555,1,0,0.00989,Low,0.00739,0.02937,-0.02199,NEGATIVE RESPONSE
C06556,1,0,0.02782,Low,0.00761,0.02535,-0.01774,NEGATIVE RESPONSE
C06557,0,0,0.16046,Low,0.00567,0.03951,-0.03384,NEGATIVE RESPONSE
C06558,1,0,0.07737,Low,0.00881,0.0389,-0.0301,NEGATIVE RESPONSE
C06559,1,0,0.00262,Low,0.00576,0.00527,0.00049,LOW RESPONSE
C06560,1,0,0.06392,Low,0.00628,0.04273,-0.03645,NEGATIVE RESPONSE
C06561,1,0,0.00605,Low,0.00454,0.03244,-0.02789,NEGATIVE RESPONSE
C06562,1,0,0.00174,Low,0.0047,0.00742,-0.00271,NEGATIVE RESPONSE
C06563,1,0,0.00479,Low,0.01264,0.01281,-0.00017,LOW RESPONSE
C06564,0,0,0.05639,Low,0.00519,0.03058,-0.02539,NEGATIVE RESPONSE
C06565,1,0,0.01091,Low,0.00457,0.02511,-0.02054,NEGATIVE RESPONSE
C06566,1,0,0.04673,Low,0.00478,0.02792,-0.02314,NEGATIVE RESPONSE
C06567,1,0,0.21018,Low,0.00533,0.03046,-0.02513,NEGATIVE RESPONSE
C06568,1,0,0.06612,Low,0.01372,0.06179,-0.04807,NEGATIVE RESPONSE
C06569,1,0,0.05704,Low,0.00523,0.01756,-0.01232,NEGATIVE RESPONSE
C06570,1,0,0.09272,Low,0.00553,0.01776,-0.01224,NEGATIVE RESPONSE
C06571,1,0,0.09007,Low,0.00539,0.02658,-0.02119,NEGATIVE RESPONSE
C06572,1,1,0.93785,Critical,0.00641,0.12835,-0.12194,NEGATIVE RESPONSE
C06573,1,0,0.00173,Low,0.00387,0.02242,-0.01856,NEGATIVE RESPONSE
C06574,1,0,0.07748,Low,0.00702,0.03614,-0.02913,NEGATIVE RESPONSE
C06575,0,0,0.00349,Low,0.0088,0.00898,-0.00018,LOW RESPONSE
C06576,0,0,0.07192,Low,0.00808,0.03181,-0.02373,NEGATIVE RESPONSE
C06577,1,0,0.1158,Low,0.00906,0.03541,-0.02634,NEGATIVE RESPONSE
C06578,0,0,0.06511,Low,0.01021,0.0304,-0.02018,NEGATIVE RESPONSE
C06579,0,0,0.01053,Low,0.0151,0.03341,-0.01831,NEGATIVE RESPONSE
C06580,1,0,0.13169,Low,0.00553,0.03167,-0.02613,NEGATIVE RESPONSE
C06581,1,0,0.15224,Low,0.00702,0.05413,-0.04711,NEGATIVE RESPONSE
C06582,1,0,0.00715,Low,0.01045,0.00689,0.00355,LOW RESPONSE
C06583,1,0,0.00783,Low,0.00652,0.00824,-0.00172,NEGATIVE RESPONSE
C06584,1,0,0.03602,Low,0.00593,0.02386,-0.01792,NEGATIVE RESPONSE
C06585,1,0,0.0764,Low,0.00854,0.03297,-0.02444,NEGATIVE RESPONSE
C06586,1,0,0.0123,Low,0.01466,0.03011,-0.01544,NEGATIVE RESPONSE
C06587,1,0,0.00211,Low,0.00523,0.0086,-0.00338,NEGATIVE RESPONSE
C06588,1,0,0.15341,Low,0.00955,0.03308,-0.02353,NEGATIVE RESPONSE
C06589,1,0,0.05246,Low,0.00815,0.03961,-0.03146,NEGATIVE RESPONSE
C06590,1,0,0.13273,Low,0.00926,0.05145,-0.04218,NEGATIVE RESPONSE
C06591,1,0,0.16029,Low,0.0052,0.0393,-0.0341,NEGATIVE RESPONSE
C06592,1,0,0.00618,Low,0.00754,0.02133,-0.01379,NEGATIVE RESPONSE
C06593,1,0,0.00912,Low,0.00805,0.02887,-0.02082,NEGATIVE RESPONSE
C06594,1,0,0.21419,Low,0.01438,0.03332,-0.01894,NEGATIVE RESPONSE
C06595,0,0,0.02258,Low,0.00411,0.02105,-0.01694,NEGATIVE RESPONSE
C06596,1,0,0.06956,Low,0.00567,0.02072,-0.01505,NEGATIVE RESPONSE
C06597,1,0,0.07054,Low,0.00705,0.02524,-0.01819,NEGATIVE RESPONSE
C06598,1,0,0.1495,Low,0.00675,0.02444,-0.0177,NEGATIVE RESPONSE
C06599,1,0,0.0027,Low,0.01504,0.02852,-0.01348,NEGATIVE RESPONSE
C06600,1,0,0.05768,Low,0.00945,0.03143,-0.02198,NEGATIVE RESPONSE
C06601,1,0,0.29722,Low,0.00809,0.04784,-0.03975,NEGATIVE RESPONSE
C06602,1,0,0.03754,Low,0.00518,0.04014,-0.03497,NEGATIVE RESPONSE
C06603,1,0,0.27302,Low,0.00926,0.03366,-0.0244,NEGATIVE RESPONSE
C06604,0,0,0.04687,Low,0.01191,0.02987,-0.01796,NEGATIVE RESPONSE
C06605,1,0,0.03421,Low,0.00927,0.03391,-0.02464,NEGATIVE RESPONSE
C06606,1,0,0.13184,Low,0.00742,0.0306,-0.02317,NEGATIVE RESPONSE
C06607,1,0,0.02324,Low,0.00943,0.02079,-0.01136,NEGATIVE RESPONSE
C06608,0,0,0.02798,Low,0.00461,0.02666,-0.02205,NEGATIVE RESPONSE
C06609,1,0,0.05818,Low,0.00533,0.02622,-0.0209,NEGATIVE RESPONSE
C06610,1,0,0.01549,Low,0.01486,0.04595,-0.03109,NEGATIVE RESPONSE
C06611,0,0,0.02696,Low,0.00533,0.02605,-0.02073,NEGATIVE RESPONSE
C06612,1,0,0.06099,Low,0.00584,0.02221,-0.01636,NEGATIVE RESPONSE
C06613,1,0,0.0139,Low,0.00758,0.02117,-0.01359,NEGATIVE RESPONSE
C06614,0,0,0.04015,Low,0.01053,0.02908,-0.01854,NEGATIVE RESPONSE
C06615,0,0,0.02773,Low,0.00476,0.02378,-0.01902,NEGATIVE RESPONSE
C06616,1,0,0.01521,Low,0.00983,0.03776,-0.02793,NEGATIVE RESPONSE
C06617,0,0,0.14951,Low,0.00547,0.03414,-0.02867,NEGATIVE RESPONSE
C06618,1,0,0.08072,Low,0.00685,0.03508,-0.02823,NEGATIVE RESPONSE
C06619,0,0,0.10497,Low,0.00872,0.02928,-0.02056,NEGATIVE RESPONSE
C06620,1,0,0.00483,Low,0.00533,0.00815,-0.00282,NEGATIVE RESPONSE
C06621,1,0,0.05194,Low,0.00956,0.0328,-0.02324,NEGATIVE RESPONSE
C06622,1,0,0.01921,Low,0.00595,0.01852,-0.01257,NEGATIVE RESPONSE
C06623,1,0,0.08525,Low,0.00805,0.03232,-0.02427,NEGATIVE RESPONSE
C06624,1,0,0.02522,Low,0.00611,0.02646,-0.02035,NEGATIVE RESPONSE
C06625,1,0,0.06931,Low,0.00536,0.03373,-0.02837,NEGATIVE RESPONSE
C06626,1,0,0.00217,Low,0.00948,0.00958,-1e-04,LOW RESPONSE
C06627,1,0,0.02006,Low,0.00651,0.02608,-0.01957,NEGATIVE RESPONSE
C06628,1,0,0.24522,Low,0.01445,0.03631,-0.02186,NEGATIVE RESPONSE
C06629,1,0,0.00752,Low,0.00765,0.00637,0.00128,LOW RESPONSE
C06630,1,0,0.05312,Low,0.00825,0.02407,-0.01582,NEGATIVE RESPONSE
C06631,1,0,0.00473,Low,0.01524,0.00987,0.00538,LOW RESPONSE
C06632,1,0,0.00395,Low,0.00383,0.00629,-0.00246,NEGATIVE RESPONSE
C06633,1,0,0.00769,Low,0.00578,0.01777,-0.01199,NEGATIVE RESPONSE
C06634,0,0,0.03206,Low,0.00531,0.02963,-0.02431,NEGATIVE RESPONSE
C06635,1,0,0.09094,Low,0.00761,0.03843,-0.03082,NEGATIVE RESPONSE
C06636,1,0,0.03892,Low,0.00626,0.03088,-0.02462,NEGATIVE RESPONSE
C06637,1,0,0.0078,Low,0.00535,0.03248,-0.02713,NEGATIVE RESPONSE
C06638,1,0,0.01084,Low,0.00928,0.01062,-0.00135,NEGATIVE RESPONSE
C06639,1,0,0.02658,Low,0.00597,0.03788,-0.03191,NEGATIVE RESPONSE
C06640,1,0,0.01348,Low,0.00743,0.01939,-0.01197,NEGATIVE RESPONSE
C06641,1,0,0.10992,Low,0.01327,0.04093,-0.02766,NEGATIVE RESPONSE
C06642,1,0,0.00712,Low,0.00634,0.01064,-0.0043,NEGATIVE RESPONSE
C06643,0,0,0.04837,Low,0.01241,0.04766,-0.03525,NEGATIVE RESPONSE
C06644,0,0,0.01683,Low,0.00502,0.03019,-0.02517,NEGATIVE RESPONSE
C06645,1,0,0.04125,Low,0.01022,0.02541,-0.01519,NEGATIVE RESPONSE
C06646,1,0,0.07848,Low,0.00438,0.02294,-0.01856,NEGATIVE RESPONSE
C06647,1,0,0.215,Low,0.01228,0.05226,-0.03998,NEGATIVE RESPONSE
C06648,1,0,0.08955,Low,0.01027,0.0282,-0.01793,NEGATIVE RESPONSE
C06649,1,0,0.10439,Low,0.00629,0.03319,-0.02689,NEGATIVE RESPONSE
C06650,1,0,0.0112,Low,0.00685,0.01257,-0.00572,NEGATIVE RESPONSE
C06651,1,0,0.0125,Low,0.00566,0.02523,-0.01958,NEGATIVE RESPONSE
C06652,1,0,0.03303,Low,0.00763,0.03437,-0.02674,NEGATIVE RESPONSE
C06653,1,1,0.89346,Critical,0.00813,0.09406,-0.08593,NEGATIVE RESPONSE
C06654,1,0,0.03106,Low,0.00951,0.04372,-0.0342,NEGATIVE RESPONSE
C06655,1,0,0.04655,Low,0.00769,0.03321,-0.02551,NEGATIVE RESPONSE
C06656,0,0,0.05587,Low,0.00576,0.02714,-0.02137,NEGATIVE RESPONSE
C06657,1,0,0.00733,Low,0.00864,0.01071,-0.00207,NEGATIVE RESPONSE
C06658,0,0,0.02109,Low,0.0173,0.04998,-0.03268,NEGATIVE RESPONSE
C06659,1,0,0.25732,Low,0.00584,0.0451,-0.03926,NEGATIVE RESPONSE
C06660,0,0,0.30534,Medium,0.00579,0.04107,-0.03528,NEGATIVE RESPONSE
C06661,1,0,0.00189,Low,0.00584,0.00685,-0.00101,NEGATIVE RESPONSE
C06662,1,0,0.02219,Low,0.00742,0.02472,-0.01729,NEGATIVE RESPONSE
C06663,1,0,0.00835,Low,0.00549,0.01883,-0.01334,NEGATIVE RESPONSE
C06664,1,0,0.01006,Low,0.00403,0.00733,-0.0033,NEGATIVE RESPONSE
C06665,1,0,0.01468,Low,0.00733,0.01805,-0.01072,NEGATIVE RESPONSE
C06666,0,0,0.1123,Low,0.01108,0.03197,-0.02089,NEGATIVE RESPONSE
C06667,1,0,0.00825,Low,0.00871,0.00684,0.00187,LOW RESPONSE
C06668,0,0,0.02521,Low,0.01382,0.02817,-0.01435,NEGATIVE RESPONSE
C06669,0,0,0.0048,Low,0.00419,0.00831,-0.00412,NEGATIVE RESPONSE
C06670,1,0,0.10536,Low,0.00882,0.07122,-0.0624,NEGATIVE RESPONSE
C06671,1,0,0.01159,Low,0.00721,0.00602,0.00119,LOW RESPONSE
C06672,1,0,0.01291,Low,0.00436,0.02416,-0.01981,NEGATIVE RESPONSE
C06673,1,0,0.02594,Low,0.00597,0.02102,-0.01505,NEGATIVE RESPONSE
C06674,1,0,0.07651,Low,0.01804,0.04142,-0.02339,NEGATIVE RESPONSE
C06675,0,0,0.00761,Low,0.00525,0.00904,-0.00379,NEGATIVE RESPONSE
C06676,1,0,0.01275,Low,0.00492,0.01824,-0.01331,NEGATIVE RESPONSE
C06677,1,0,0.00372,Low,0.00918,0.0093,-0.00012,LOW RESPONSE
C06678,1,0,0.01102,Low,0.0077,0.02189,-0.01419,NEGATIVE RESPONSE
C06679,0,0,0.04823,Low,0.01065,0.02557,-0.01493,NEGATIVE RESPONSE
C06680,0,0,0.00328,Low,0.00596,0.0067,-0.00074,LOW RESPONSE
C06681,1,0,0.00356,Low,0.00582,0.00841,-0.0026,NEGATIVE RESPONSE
C06682,1,0,0.01128,Low,0.0056,0.03012,-0.02452,NEGATIVE RESPONSE
C06683,1,1,0.12884,Low,0.00983,0.18114,-0.17131,NEGATIVE RESPONSE
C06684,1,0,0.0848,Low,0.00978,0.03247,-0.02269,NEGATIVE RESPONSE
C06685,1,0,0.01803,Low,0.00433,0.02753,-0.0232,NEGATIVE RESPONSE
C06686,1,0,0.01466,Low,0.00705,0.03923,-0.03218,NEGATIVE RESPONSE
C06687,0,0,0.05402,Low,0.00705,0.03777,-0.03072,NEGATIVE RESPONSE
C06688,1,0,0.04329,Low,0.0056,0.02674,-0.02113,NEGATIVE RESPONSE
C06689,1,0,0.0075,Low,0.01072,0.00792,0.00281,LOW RESPONSE
C06690,1,0,0.02836,Low,0.01057,0.03705,-0.02648,NEGATIVE RESPONSE
C06691,1,0,0.11451,Low,0.00691,0.03639,-0.02948,NEGATIVE RESPONSE
C06692,1,0,0.04663,Low,0.01308,0.05584,-0.04276,NEGATIVE RESPONSE
C06693,1,0,0.216,Low,0.0091,0.05532,-0.04622,NEGATIVE RESPONSE
C06694,1,0,0.04584,Low,0.00759,0.04571,-0.03813,NEGATIVE RESPONSE
C06695,0,0,0.0199,Low,0.0095,0.02223,-0.01273,NEGATIVE RESPONSE
C06696,0,0,0.13862,Low,0.00615,0.0466,-0.04045,NEGATIVE RESPONSE
C06697,1,0,0.02381,Low,0.00408,0.02151,-0.01743,NEGATIVE RESPONSE
C06698,1,0,0.03014,Low,0.00572,0.02493,-0.01921,NEGATIVE RESPONSE
C06699,1,0,0.10741,Low,0.00819,0.04319,-0.03501,NEGATIVE RESPONSE
C06700,1,0,0.07846,Low,0.01811,0.04205,-0.02394,NEGATIVE RESPONSE
C06701,1,0,0.17259,Low,0.00867,0.0351,-0.02643,NEGATIVE RESPONSE
C06702,1,0,0.04419,Low,0.00545,0.02847,-0.02301,NEGATIVE RESPONSE
C06703,1,0,0.11181,Low,0.00718,0.07143,-0.06425,NEGATIVE RESPONSE
C06704,0,0,0.15474,Low,0.01535,0.06125,-0.04591,NEGATIVE RESPONSE
C06705,1,0,0.00535,Low,0.00897,0.02745,-0.01847,NEGATIVE RESPONSE
C06706,1,0,0.00272,Low,0.00586,0.00641,-0.00056,LOW RESPONSE
C06707,1,0,0.16725,Low,0.00812,0.0431,-0.03498,NEGATIVE RESPONSE
C06708,1,0,0.09381,Low,0.00973,0.04196,-0.03224,NEGATIVE RESPONSE
C06709,1,0,0.12678,Low,0.00628,0.03624,-0.02996,NEGATIVE RESPONSE
C06710,1,0,0.04526,Low,0.00774,0.03492,-0.02719,NEGATIVE RESPONSE
C06711,1,0,0.07623,Low,0.00514,0.05049,-0.04536,NEGATIVE RESPONSE
C06712,1,0,0.00117,Low,0.00673,0.00517,0.00156,LOW RESPONSE
C06713,1,0,0.00887,Low,0.00865,0.02595,-0.0173,NEGATIVE RESPONSE
C06714,1,0,0.04796,Low,0.00844,0.06215,-0.05372,NEGATIVE RESPONSE
C06715,1,0,0.11582,Low,0.01671,0.03962,-0.02291,NEGATIVE RESPONSE
C06716,1,0,0.01237,Low,0.0087,0.00754,0.00116,LOW RESPONSE
C06717,1,0,0.00174,Low,0.0104,0.00587,0.00453,LOW RESPONSE
C06718,1,0,0.00509,Low,0.01241,0.0169,-0.00449,NEGATIVE RESPONSE
C06719,1,0,0.0293,Low,0.00965,0.03102,-0.02137,NEGATIVE RESPONSE
C06720,1,0,0.00691,Low,0.00794,0.01166,-0.00372,NEGATIVE RESPONSE
C06721,1,0,0.08598,Low,0.01775,0.04444,-0.02668,NEGATIVE RESPONSE
C06722,1,0,0.42725,Medium,0.01197,0.08736,-0.07539,NEGATIVE RESPONSE
C06723,1,0,0.04774,Low,0.00717,0.03424,-0.02707,NEGATIVE RESPONSE
C06724,1,0,0.01425,Low,0.00767,0.01062,-0.00296,NEGATIVE RESPONSE
C06725,1,0,0.3089,Medium,0.02807,0.10876,-0.08069,NEGATIVE RESPONSE
C06726,1,0,0.03402,Low,0.0072,0.02024,-0.01304,NEGATIVE RESPONSE
C06727,1,0,0.02653,Low,0.00737,0.04254,-0.03517,NEGATIVE RESPONSE
C06728,1,0,0.01571,Low,0.00479,0.02079,-0.016,NEGATIVE RESPONSE
C06729,1,0,0.01698,Low,0.00867,0.02704,-0.01836,NEGATIVE RESPONSE
C06730,0,0,0.06585,Low,0.0064,0.05721,-0.05081,NEGATIVE RESPONSE
C06731,1,0,0.07474,Low,0.00605,0.02007,-0.01403,NEGATIVE RESPONSE
C06732,0,0,0.03262,Low,0.00859,0.04323,-0.03464,NEGATIVE RESPONSE
C06733,0,0,0.0212,Low,0.01266,0.00666,0.006,LOW RESPONSE
C06734,1,0,0.00326,Low,0.00866,0.02734,-0.01869,NEGATIVE RESPONSE
C06735,1,0,0.02251,Low,0.01925,0.05349,-0.03423,NEGATIVE RESPONSE
C06736,1,0,0.01905,Low,0.00653,0.02637,-0.01984,NEGATIVE RESPONSE
C06737,1,0,0.01158,Low,0.00431,0.02019,-0.01588,NEGATIVE RESPONSE
C06738,1,0,0.10612,Low,0.0086,0.04196,-0.03335,NEGATIVE RESPONSE
C06739,1,0,0.06059,Low,0.01568,0.03408,-0.01839,NEGATIVE RESPONSE
C06740,1,0,0.02601,Low,0.02163,0.03848,-0.01685,NEGATIVE RESPONSE
C06741,1,0,0.04096,Low,0.00593,0.02549,-0.01956,NEGATIVE RESPONSE
C06742,0,0,0.10121,Low,0.00682,0.03228,-0.02546,NEGATIVE RESPONSE
C06743,1,0,0.0243,Low,0.01199,0.00868,0.00331,LOW RESPONSE
C06744,1,0,0.0181,Low,0.0055,0.02132,-0.01582,NEGATIVE RESPONSE
C06745,1,0,0.14146,Low,0.00662,0.03373,-0.02711,NEGATIVE RESPONSE
C06746,0,0,0.09388,Low,0.00717,0.0281,-0.02093,NEGATIVE RESPONSE
C06747,1,0,0.02317,Low,0.00426,0.02683,-0.02257,NEGATIVE RESPONSE
C06748,1,0,0.51772,Medium,0.01064,0.04412,-0.03348,NEGATIVE RESPONSE
C06749,1,0,0.08579,Low,0.0121,0.041,-0.0289,NEGATIVE RESPONSE
C06750,1,0,0.02414,Low,0.00632,0.05323,-0.04691,NEGATIVE RESPONSE
C06751,1,0,0.02027,Low,0.00651,0.02025,-0.01374,NEGATIVE RESPONSE
C06752,1,0,0.07713,Low,0.01084,0.0625,-0.05166,NEGATIVE RESPONSE
C06753,1,0,0.01089,Low,0.0095,0.00876,0.00074,LOW RESPONSE
C06754,1,0,0.02202,Low,0.00552,0.01934,-0.01383,NEGATIVE RESPONSE
C06755,1,0,0.09408,Low,0.00734,0.04655,-0.03921,NEGATIVE RESPONSE
C06756,1,0,0.01287,Low,0.00945,0.00756,0.00189,LOW RESPONSE
C06757,1,0,0.11868,Low,0.00924,0.02834,-0.0191,NEGATIVE RESPONSE
C06758,1,0,0.00385,Low,0.00542,0.00682,-0.0014,NEGATIVE RESPONSE
C06759,1,0,0.00276,Low,0.01401,0.00761,0.00641,LOW RESPONSE
C06760,0,0,0.03783,Low,0.0051,0.01758,-0.01248,NEGATIVE RESPONSE
C06761,1,0,0.06308,Low,0.00904,0.04066,-0.03162,NEGATIVE RESPONSE
C06762,0,0,0.0428,Low,0.00631,0.0249,-0.01859,NEGATIVE RESPONSE
C06763,1,0,0.26206,Low,0.00585,0.04646,-0.0406,NEGATIVE RESPONSE
C06764,1,0,0.10122,Low,0.00458,0.03704,-0.03246,NEGATIVE RESPONSE
C06765,1,0,0.01565,Low,0.00472,0.00777,-0.00305,NEGATIVE RESPONSE
C06766,1,0,0.14013,Low,0.00628,0.03736,-0.03107,NEGATIVE RESPONSE
C06767,1,0,0.18215,Low,0.01375,0.03004,-0.01629,NEGATIVE RESPONSE
C06768,1,0,0.04835,Low,0.00618,0.03078,-0.02459,NEGATIVE RESPONSE
C06769,1,0,0.00454,Low,0.00504,0.00796,-0.00292,NEGATIVE RESPONSE
C06770,1,0,0.0026,Low,0.00529,0.00619,-0.0009,LOW RESPONSE
C06771,1,0,0.00697,Low,0.00622,0.01155,-0.00533,NEGATIVE RESPONSE
C06772,1,0,0.02524,Low,0.00467,0.02854,-0.02388,NEGATIVE RESPONSE
C06773,1,1,0.88265,Critical,0.00925,0.08936,-0.0801,NEGATIVE RESPONSE
C06774,1,0,0.17781,Low,0.00575,0.05081,-0.04506,NEGATIVE RESPONSE
C06775,1,0,0.01854,Low,0.00641,0.02776,-0.02135,NEGATIVE RESPONSE
C06776,0,0,0.02234,Low,0.00908,0.04218,-0.0331,NEGATIVE RESPONSE
C06777,0,0,0.00978,Low,0.00403,0.01,-0.00597,NEGATIVE RESPONSE
C06778,1,0,0.13277,Low,0.00579,0.02473,-0.01895,NEGATIVE RESPONSE
C06779,1,0,0.00337,Low,0.00646,0.00842,-0.00196,NEGATIVE RESPONSE
C06780,1,0,0.00627,Low,0.0052,0.00853,-0.00333,NEGATIVE RESPONSE
C06781,1,0,0.04101,Low,0.00496,0.03711,-0.03215,NEGATIVE RESPONSE
C06782,1,0,0.04413,Low,0.00433,0.02358,-0.01924,NEGATIVE RESPONSE
C06783,1,0,0.00813,Low,0.00709,0.00828,-0.0012,NEGATIVE RESPONSE
C06784,1,0,0.00631,Low,0.00621,0.01532,-0.00911,NEGATIVE RESPONSE
C06785,0,0,0.08378,Low,0.00746,0.0337,-0.02623,NEGATIVE RESPONSE
C06786,1,0,0.12839,Low,0.00806,0.04605,-0.03799,NEGATIVE RESPONSE
C06787,1,0,0.01304,Low,0.01211,0.03146,-0.01934,NEGATIVE RESPONSE
C06788,1,0,0.00307,Low,0.00911,0.01087,-0.00176,NEGATIVE RESPONSE
C06789,1,0,0.20025,Low,0.00715,0.05751,-0.05037,NEGATIVE RESPONSE
C06790,1,0,0.01151,Low,0.00747,0.00674,0.00073,LOW RESPONSE
C06791,1,0,0.00402,Low,0.00698,0.00534,0.00164,LOW RESPONSE
C06792,1,0,0.03673,Low,0.00699,0.03146,-0.02447,NEGATIVE RESPONSE
C06793,1,0,0.31774,Medium,0.00536,0.04974,-0.04439,NEGATIVE RESPONSE
C06794,1,0,0.01981,Low,0.00627,0.02983,-0.02355,NEGATIVE RESPONSE
C06795,1,0,0.03227,Low,0.00499,0.0192,-0.01422,NEGATIVE RESPONSE
C06796,1,0,0.02135,Low,0.01548,0.0344,-0.01892,NEGATIVE RESPONSE
C06797,1,0,0.08173,Low,0.0069,0.04064,-0.03373,NEGATIVE RESPONSE
C06798,1,0,0.05377,Low,0.00663,0.05951,-0.05288,NEGATIVE RESPONSE
C06799,1,0,0.03535,Low,0.00674,0.02451,-0.01778,NEGATIVE RESPONSE
C06800,1,0,0.00267,Low,0.00603,0.00789,-0.00185,NEGATIVE RESPONSE
C06801,1,0,0.01646,Low,0.00443,0.0271,-0.02267,NEGATIVE RESPONSE
C06802,1,0,0.23591,Low,0.00761,0.04293,-0.03532,NEGATIVE RESPONSE
C06803,0,0,0.00691,Low,0.00601,0.02893,-0.02292,NEGATIVE RESPONSE
C06804,1,0,0.10673,Low,0.01317,0.05281,-0.03964,NEGATIVE RESPONSE
C06805,1,0,0.12609,Low,0.00877,0.03725,-0.02848,NEGATIVE RESPONSE
C06806,0,0,0.00818,Low,0.00375,0.01633,-0.01258,NEGATIVE RESPONSE
C06807,1,0,0.05644,Low,0.00898,0.0356,-0.02662,NEGATIVE RESPONSE
C06808,1,0,0.01991,Low,0.00515,0.02054,-0.01538,NEGATIVE RESPONSE
C06809,1,0,0.04979,Low,0.00977,0.03737,-0.0276,NEGATIVE RESPONSE
C06810,1,0,0.08739,Low,0.00906,0.06461,-0.05555,NEGATIVE RESPONSE
C06811,1,0,0.17264,Low,0.01345,0.04419,-0.03073,NEGATIVE RESPONSE
C06812,1,0,0.00611,Low,0.01033,0.00755,0.00278,LOW RESPONSE
C06813,1,0,0.00582,Low,0.00478,0.02422,-0.01945,NEGATIVE RESPONSE
C06814,0,0,0.16969,Low,0.00615,0.02267,-0.01651,NEGATIVE RESPONSE
C06815,1,0,0.06682,Low,0.00646,0.04699,-0.04053,NEGATIVE RESPONSE
C06816,1,0,0.07158,Low,0.01035,0.03937,-0.02902,NEGATIVE RESPONSE
C06817,1,0,0.0085,Low,0.00638,0.01935,-0.01298,NEGATIVE RESPONSE
C06818,1,0,0.02897,Low,0.00409,0.02097,-0.01689,NEGATIVE RESPONSE
C06819,1,0,0.01776,Low,0.0039,0.0267,-0.02281,NEGATIVE RESPONSE
C06820,1,0,0.11605,Low,0.00535,0.03583,-0.03049,NEGATIVE RESPONSE
C06821,1,0,0.03211,Low,0.00532,0.02239,-0.01707,NEGATIVE RESPONSE
C06822,1,0,0.13108,Low,0.00682,0.02147,-0.01465,NEGATIVE RESPONSE
C06823,1,0,0.05251,Low,0.01208,0.03137,-0.01928,NEGATIVE RESPONSE
C06824,1,0,0.06357,Low,0.0078,0.04522,-0.03742,NEGATIVE RESPONSE
C06825,1,0,0.033,Low,0.00732,0.03168,-0.02436,NEGATIVE RESPONSE
C06826,1,0,0.00854,Low,0.00751,0.01026,-0.00275,NEGATIVE RESPONSE
C06827,0,0,0.26419,Low,0.01137,0.05505,-0.04368,NEGATIVE RESPONSE
C06828,1,0,0.0239,Low,0.00783,0.02616,-0.01833,NEGATIVE RESPONSE
C06829,1,0,0.01749,Low,0.00868,0.00832,0.00035,LOW RESPONSE
C06830,1,0,0.01117,Low,0.01126,0.02359,-0.01233,NEGATIVE RESPONSE
C06831,1,0,0.17999,Low,0.00854,0.04142,-0.03288,NEGATIVE RESPONSE
C06832,1,0,0.19803,Low,0.0063,0.07323,-0.06694,NEGATIVE RESPONSE
C06833,0,0,0.01964,Low,0.00459,0.03086,-0.02628,NEGATIVE RESPONSE
C06834,1,0,0.19896,Low,0.01137,0.06014,-0.04877,NEGATIVE RESPONSE
C06835,1,0,0.16748,Low,0.00593,0.05366,-0.04773,NEGATIVE RESPONSE
C06836,1,0,0.06452,Low,0.0064,0.03634,-0.02993,NEGATIVE RESPONSE
C06837,1,0,0.01883,Low,0.00496,0.02767,-0.0227,NEGATIVE RESPONSE
C06838,1,0,0.02489,Low,0.0056,0.02365,-0.01805,NEGATIVE RESPONSE
C06839,1,0,0.01619,Low,0.00414,0.01893,-0.01479,NEGATIVE RESPONSE
C06840,0,0,0.01503,Low,0.00583,0.01569,-0.00986,NEGATIVE RESPONSE
C06841,1,0,0.0429,Low,0.0055,0.02374,-0.01823,NEGATIVE RESPONSE
C06842,1,0,0.01419,Low,0.00634,0.02135,-0.01501,NEGATIVE RESPONSE
C06843,1,0,0.0364,Low,0.00574,0.04271,-0.03696,NEGATIVE RESPONSE
C06844,1,0,0.06028,Low,0.00375,0.02685,-0.0231,NEGATIVE RESPONSE
C06845,1,0,0.00847,Low,0.01089,0.00663,0.00426,LOW RESPONSE
C06846,1,0,0.01486,Low,0.00632,0.02989,-0.02357,NEGATIVE RESPONSE
C06847,1,0,0.00373,Low,0.00797,0.00902,-0.00105,NEGATIVE RESPONSE
C06848,1,0,0.00507,Low,0.00453,0.00571,-0.00118,NEGATIVE RESPONSE
C06849,0,0,0.02896,Low,0.00943,0.02447,-0.01504,NEGATIVE RESPONSE
C06850,1,0,0.00489,Low,0.01619,0.01521,0.00098,LOW RESPONSE
C06851,1,0,0.09952,Low,0.00668,0.04914,-0.04246,NEGATIVE RESPONSE
C06852,1,0,0.34845,Medium,0.0152,0.12894,-0.11374,NEGATIVE RESPONSE
C06853,1,0,0.25512,Low,0.01032,0.02743,-0.01711,NEGATIVE RESPONSE
C06854,0,0,0.01775,Low,0.00984,0.01062,-0.00078,LOW RESPONSE
C06855,1,0,0.03231,Low,0.00784,0.03198,-0.02414,NEGATIVE RESPONSE
C06856,1,0,0.01458,Low,0.00826,0.0363,-0.02803,NEGATIVE RESPONSE
C06857,1,0,0.01392,Low,0.01252,0.03817,-0.02565,NEGATIVE RESPONSE
C06858,1,0,0.02443,Low,0.00949,0.02066,-0.01117,NEGATIVE RESPONSE
C06859,1,0,0.10242,Low,0.00798,0.0337,-0.02571,NEGATIVE RESPONSE
C06860,1,0,0.12024,Low,0.00838,0.02642,-0.01805,NEGATIVE RESPONSE
C06861,1,0,0.00733,Low,0.0042,0.01643,-0.01223,NEGATIVE RESPONSE
C06862,1,0,0.05392,Low,0.00615,0.0251,-0.01895,NEGATIVE RESPONSE
C06863,1,0,0.09559,Low,0.0074,0.03232,-0.02492,NEGATIVE RESPONSE
C06864,1,0,0.21331,Low,0.00864,0.0405,-0.03186,NEGATIVE RESPONSE
C06865,1,0,0.04823,Low,0.00469,0.01981,-0.01512,NEGATIVE RESPONSE
C06866,1,0,0.04946,Low,0.0158,0.07864,-0.06284,NEGATIVE RESPONSE
C06867,1,0,0.09675,Low,0.00575,0.03798,-0.03223,NEGATIVE RESPONSE
C06868,1,0,0.1506,Low,0.00617,0.04605,-0.03987,NEGATIVE RESPONSE
C06869,1,0,0.00194,Low,0.00552,0.00642,-0.0009,LOW RESPONSE
C06870,1,0,0.00387,Low,0.00636,0.00756,-0.0012,NEGATIVE RESPONSE
C06871,1,0,0.00282,Low,0.00651,0.00706,-0.00055,LOW RESPONSE
C06872,1,0,0.00717,Low,0.00589,0.00851,-0.00262,NEGATIVE RESPONSE
C06873,1,0,0.01407,Low,0.0062,0.02684,-0.02064,NEGATIVE RESPONSE
C06874,0,0,0.01139,Low,0.01229,0.0083,0.00399,LOW RESPONSE
C06875,1,0,0.01505,Low,0.00836,0.02356,-0.0152,NEGATIVE RESPONSE
C06876,1,0,0.01054,Low,0.00965,0.02536,-0.01572,NEGATIVE RESPONSE
C06877,0,0,0.00332,Low,0.01002,0.00998,4e-05,LOW RESPONSE
C06878,0,0,0.01417,Low,0.00613,0.02054,-0.01441,NEGATIVE RESPONSE
C06879,1,0,0.37772,Medium,0.01329,0.08242,-0.06913,NEGATIVE RESPONSE
C06880,1,0,0.01156,Low,0.00722,0.00802,-0.0008,LOW RESPONSE
C06881,1,0,0.01645,Low,0.00568,0.03099,-0.02532,NEGATIVE RESPONSE
C06882,1,0,0.00667,Low,0.00666,0.01797,-0.01132,NEGATIVE RESPONSE
C06883,1,0,0.00338,Low,0.00582,0.00478,0.00104,LOW RESPONSE
C06884,1,0,0.22291,Low,0.00879,0.05903,-0.05024,NEGATIVE RESPONSE
C06885,1,0,0.05711,Low,0.03081,0.0728,-0.04199,NEGATIVE RESPONSE
C06886,1,1,0.90192,Critical,0.00674,0.06849,-0.06176,NEGATIVE RESPONSE
C06887,1,0,0.00922,Low,0.0061,0.0075,-0.0014,NEGATIVE RESPONSE
C06888,1,0,0.35534,Medium,0.00778,0.0487,-0.04092,NEGATIVE RESPONSE
C06889,1,0,0.11515,Low,0.00585,0.0607,-0.05485,NEGATIVE RESPONSE
C06890,1,0,0.06642,Low,0.01678,0.04888,-0.0321,NEGATIVE RESPONSE
C06891,1,1,0.8978,Critical,0.00658,0.0635,-0.05692,NEGATIVE RESPONSE
C06892,1,0,0.20868,Low,0.00649,0.03461,-0.02811,NEGATIVE RESPONSE
C06893,1,0,0.20554,Low,0.01594,0.0756,-0.05966,NEGATIVE RESPONSE
C06894,1,0,0.05469,Low,0.0036,0.02233,-0.01873,NEGATIVE RESPONSE
C06895,1,0,0.04592,Low,0.00777,0.02787,-0.0201,NEGATIVE RESPONSE
C06896,1,0,0.06814,Low,0.00764,0.03545,-0.02781,NEGATIVE RESPONSE
C06897,1,0,0.00116,Low,0.01426,0.00667,0.00759,LOW RESPONSE
C06898,1,0,0.00498,Low,0.01078,0.00929,0.00149,LOW RESPONSE
C06899,1,0,0.00989,Low,0.00443,0.00767,-0.00324,NEGATIVE RESPONSE
C06900,1,0,0.01138,Low,0.00585,0.02938,-0.02354,NEGATIVE RESPONSE
C06901,1,0,0.0628,Low,0.00645,0.0256,-0.01915,NEGATIVE RESPONSE
C06902,0,0,0.16929,Low,0.01847,0.07206,-0.0536,NEGATIVE RESPONSE
C06903,1,0,0.01292,Low,0.00417,0.02024,-0.01607,NEGATIVE RESPONSE
C06904,1,0,0.18458,Low,0.00586,0.04044,-0.03458,NEGATIVE RESPONSE
C06905,0,0,0.00638,Low,0.00557,0.00825,-0.00268,NEGATIVE RESPONSE
C06906,1,0,0.01109,Low,0.00666,0.02051,-0.01385,NEGATIVE RESPONSE
C06907,1,0,0.00597,Low,0.00509,0.01627,-0.01118,NEGATIVE RESPONSE
C06908,1,0,0.097,Low,0.00927,0.03534,-0.02607,NEGATIVE RESPONSE
C06909,0,0,0.01566,Low,0.00618,0.05586,-0.04969,NEGATIVE RESPONSE
C06910,1,0,0.01325,Low,0.00447,0.02234,-0.01787,NEGATIVE RESPONSE
C06911,1,0,0.01331,Low,0.00344,0.01947,-0.01603,NEGATIVE RESPONSE
C06912,1,0,0.2016,Low,0.0085,0.04075,-0.03226,NEGATIVE RESPONSE
C06913,1,0,0.033,Low,0.00682,0.0316,-0.02478,NEGATIVE RESPONSE
C06914,1,0,0.04925,Low,0.00532,0.02407,-0.01874,NEGATIVE RESPONSE
C06915,1,0,0.2529,Low,0.00873,0.05157,-0.04284,NEGATIVE RESPONSE
C06916,1,0,0.01689,Low,0.00418,0.02902,-0.02483,NEGATIVE RESPONSE
C06917,0,0,0.01492,Low,0.00625,0.02513,-0.01888,NEGATIVE RESPONSE
C06918,1,0,0.08446,Low,0.00484,0.03024,-0.02539,NEGATIVE RESPONSE
C06919,0,0,0.01043,Low,0.01284,0.01714,-0.0043,NEGATIVE RESPONSE
C06920,1,0,0.01875,Low,0.00547,0.00749,-0.00202,NEGATIVE RESPONSE
C06921,1,0,0.04221,Low,0.01061,0.02933,-0.01872,NEGATIVE RESPONSE
C06922,1,0,0.04357,Low,0.00422,0.04335,-0.03913,NEGATIVE RESPONSE
C06923,0,0,0.01573,Low,0.01392,0.0292,-0.01528,NEGATIVE RESPONSE
C06924,1,0,0.00177,Low,0.00581,0.00563,0.00018,LOW RESPONSE
C06925,0,0,0.01089,Low,0.00461,0.02996,-0.02535,NEGATIVE RESPONSE
C06926,0,0,0.00203,Low,0.00517,0.00465,0.00051,LOW RESPONSE
C06927,1,0,0.00815,Low,0.0047,0.0064,-0.0017,NEGATIVE RESPONSE
C06928,1,0,0.01792,Low,0.00504,0.03321,-0.02818,NEGATIVE RESPONSE
C06929,1,0,0.03226,Low,0.0058,0.01982,-0.01402,NEGATIVE RESPONSE
C06930,1,0,0.15026,Low,0.00724,0.04563,-0.03839,NEGATIVE RESPONSE
C06931,1,0,0.03269,Low,0.00471,0.04105,-0.03634,NEGATIVE RESPONSE
C06932,1,0,0.00486,Low,0.00418,0.00534,-0.00117,NEGATIVE RESPONSE
C06933,1,0,0.07438,Low,0.00543,0.03505,-0.02962,NEGATIVE RESPONSE
C06934,0,0,0.13408,Low,0.01117,0.09952,-0.08835,NEGATIVE RESPONSE
C06935,1,0,0.06178,Low,0.01981,0.04253,-0.02272,NEGATIVE RESPONSE
C06936,1,0,0.05041,Low,0.00748,0.03107,-0.0236,NEGATIVE RESPONSE
C06937,1,0,0.00231,Low,0.0053,0.01998,-0.01468,NEGATIVE RESPONSE
C06938,1,0,0.0237,Low,0.00479,0.02161,-0.01682,NEGATIVE RESPONSE
C06939,1,0,0.03652,Low,0.00536,0.02013,-0.01477,NEGATIVE RESPONSE
C06940,0,0,0.00967,Low,0.01872,0.04548,-0.02675,NEGATIVE RESPONSE
C06941,1,0,0.01077,Low,0.00522,0.02365,-0.01843,NEGATIVE RESPONSE
C06942,1,0,0.03116,Low,0.00675,0.03909,-0.03234,NEGATIVE RESPONSE
C06943,1,0,0.08041,Low,0.0167,0.06584,-0.04914,NEGATIVE RESPONSE
C06944,1,0,0.19508,Low,0.00584,0.04483,-0.03899,NEGATIVE RESPONSE
C06945,1,0,0.14381,Low,0.00759,0.04455,-0.03696,NEGATIVE RESPONSE
C06946,1,0,0.08533,Low,0.00721,0.02814,-0.02093,NEGATIVE RESPONSE
C06947,1,0,0.01298,Low,0.00513,0.01425,-0.00913,NEGATIVE RESPONSE
C06948,1,0,0.0452,Low,0.01011,0.02605,-0.01594,NEGATIVE RESPONSE
C06949,1,0,0.06201,Low,0.00843,0.0293,-0.02086,NEGATIVE RESPONSE
C06950,0,0,0.05237,Low,0.0111,0.02691,-0.01581,NEGATIVE RESPONSE
C06951,1,0,0.01736,Low,0.00687,0.00879,-0.00192,NEGATIVE RESPONSE
C06952,1,0,0.04031,Low,0.00801,0.03973,-0.03172,NEGATIVE RESPONSE
C06953,1,0,0.00703,Low,0.00759,0.03043,-0.02284,NEGATIVE RESPONSE
C06954,1,0,0.01766,Low,0.00499,0.02135,-0.01637,NEGATIVE RESPONSE
C06955,1,0,0.06588,Low,0.01469,0.04535,-0.03067,NEGATIVE RESPONSE
C06956,1,0,0.00759,Low,0.01466,0.00676,0.0079,LOW RESPONSE
C06957,1,0,0.04044,Low,0.00728,0.028,-0.02072,NEGATIVE RESPONSE
C06958,1,0,0.01051,Low,0.00609,0.01684,-0.01074,NEGATIVE RESPONSE
C06959,1,0,0.04147,Low,0.00486,0.02918,-0.02432,NEGATIVE RESPONSE
C06960,1,0,0.26207,Low,0.01204,0.03046,-0.01842,NEGATIVE RESPONSE
C06961,1,0,0.03042,Low,0.00841,0.05165,-0.04324,NEGATIVE RESPONSE
C06962,1,0,0.02963,Low,0.0104,0.03718,-0.02678,NEGATIVE RESPONSE
C06963,1,0,0.00727,Low,0.00681,0.00903,-0.00223,NEGATIVE RESPONSE
C06964,1,0,0.14943,Low,0.01549,0.05806,-0.04258,NEGATIVE RESPONSE
C06965,1,0,0.01204,Low,0.00526,0.02505,-0.01979,NEGATIVE RESPONSE
C06966,0,0,0.00957,Low,0.01045,0.00796,0.00249,LOW RESPONSE
C06967,1,0,0.01593,Low,0.01432,0.02518,-0.01087,NEGATIVE RESPONSE
C06968,1,0,0.17575,Low,0.00898,0.03597,-0.02699,NEGATIVE RESPONSE
C06969,1,0,0.00928,Low,0.006,0.02272,-0.01672,NEGATIVE RESPONSE
C06970,1,0,0.01345,Low,0.0047,0.02031,-0.01561,NEGATIVE RESPONSE
C06971,1,0,0.00396,Low,0.00698,0.00694,4e-05,LOW RESPONSE
C06972,1,0,0.12339,Low,0.01252,0.04519,-0.03268,NEGATIVE RESPONSE
C06973,1,0,0.04035,Low,0.00998,0.03644,-0.02646,NEGATIVE RESPONSE
C06974,0,0,0.0148,Low,0.00833,0.02592,-0.01759,NEGATIVE RESPONSE
C06975,0,0,0.03173,Low,0.00627,0.02063,-0.01436,NEGATIVE RESPONSE
C06976,1,0,0.09101,Low,0.00949,0.03825,-0.02876,NEGATIVE RESPONSE
C06977,1,0,0.05913,Low,0.00576,0.02649,-0.02073,NEGATIVE RESPONSE
C06978,1,0,0.00876,Low,0.00965,0.01089,-0.00124,NEGATIVE RESPONSE
C06979,1,0,0.10439,Low,0.00863,0.03951,-0.03089,NEGATIVE RESPONSE
C06980,1,0,0.14905,Low,0.00873,0.03461,-0.02588,NEGATIVE RESPONSE
C06981,1,0,0.01523,Low,0.01589,0.00863,0.00726,LOW RESPONSE
C06982,0,0,0.08808,Low,0.00968,0.04427,-0.03459,NEGATIVE RESPONSE
C06983,1,0,0.09802,Low,0.00557,0.0554,-0.04983,NEGATIVE RESPONSE
C06984,1,0,0.01187,Low,0.00737,0.02823,-0.02086,NEGATIVE RESPONSE
C06985,1,0,0.00471,Low,0.00807,0.00681,0.00126,LOW RESPONSE
C06986,1,0,0.08934,Low,0.01778,0.09744,-0.07966,NEGATIVE RESPONSE
C06987,1,0,0.03704,Low,0.00868,0.02439,-0.0157,NEGATIVE RESPONSE
C06988,1,0,0.00634,Low,0.01664,0.01093,0.00571,LOW RESPONSE
C06989,1,0,0.04778,Low,0.00755,0.02238,-0.01484,NEGATIVE RESPONSE
C06990,1,0,0.04295,Low,0.00626,0.02942,-0.02316,NEGATIVE RESPONSE
C06991,1,0,0.01459,Low,0.00462,0.02385,-0.01923,NEGATIVE RESPONSE
C06992,0,0,0.11617,Low,0.00808,0.03156,-0.02349,NEGATIVE RESPONSE
C06993,1,0,0.14296,Low,0.00602,0.04527,-0.03925,NEGATIVE RESPONSE
C06994,1,0,0.09334,Low,0.00997,0.04345,-0.03348,NEGATIVE RESPONSE
C06995,1,0,0.02216,Low,0.00513,0.04114,-0.03601,NEGATIVE RESPONSE
C06996,1,0,0.01279,Low,0.00856,0.00688,0.00168,LOW RESPONSE
C06997,1,0,0.03537,Low,0.00551,0.0302,-0.02469,NEGATIVE RESPONSE
C06998,1,0,0.04017,Low,0.0116,0.03213,-0.02053,NEGATIVE RESPONSE
C06999,1,0,0.16364,Low,0.00662,0.05795,-0.05133,NEGATIVE RESPONSE
C07000,1,0,0.01496,Low,0.00754,0.02093,-0.01339,NEGATIVE RESPONSE
C07001,0,0,0.36174,Medium,0.00706,0.09114,-0.08408,NEGATIVE RESPONSE
C07002,1,0,0.01772,Low,0.00548,0.02012,-0.01463,NEGATIVE RESPONSE
C07003,1,0,0.03667,Low,0.00553,0.01978,-0.01425,NEGATIVE RESPONSE
C07004,1,0,0.28448,Low,0.00949,0.02726,-0.01778,NEGATIVE RESPONSE
C07005,1,0,0.00136,Low,0.00635,0.00624,0.00011,LOW RESPONSE
C07006,1,0,0.01851,Low,0.00497,0.02521,-0.02024,NEGATIVE RESPONSE
C07007,1,0,0.00908,Low,0.00887,0.0112,-0.00233,NEGATIVE RESPONSE
C07008,0,0,0.07904,Low,0.00786,0.0279,-0.02004,NEGATIVE RESPONSE
C07009,1,0,0.00848,Low,0.00774,0.02453,-0.01678,NEGATIVE RESPONSE
C07010,1,0,0.00548,Low,0.00804,0.0433,-0.03526,NEGATIVE RESPONSE
C07011,1,1,0.94824,Critical,0.0099,0.10317,-0.09326,NEGATIVE RESPONSE
C07012,1,0,0.04293,Low,0.00515,0.02255,-0.0174,NEGATIVE RESPONSE
C07013,1,0,0.02674,Low,0.00554,0.02035,-0.01481,NEGATIVE RESPONSE
C07014,0,0,0.0878,Low,0.00372,0.0319,-0.02817,NEGATIVE RESPONSE
C07015,1,0,0.18463,Low,0.00821,0.03861,-0.0304,NEGATIVE RESPONSE
C07016,1,0,0.07299,Low,0.00999,0.04435,-0.03437,NEGATIVE RESPONSE
C07017,1,0,0.00289,Low,0.006,0.00703,-0.00104,NEGATIVE RESPONSE
C07018,1,0,0.02091,Low,0.00516,0.02414,-0.01898,NEGATIVE RESPONSE
C07019,1,0,0.14945,Low,0.00882,0.03082,-0.022,NEGATIVE RESPONSE
C07020,0,0,0.00975,Low,0.00463,0.02464,-0.02001,NEGATIVE RESPONSE
C07021,1,0,0.01632,Low,0.00895,0.01103,-0.00208,NEGATIVE RESPONSE
C07022,0,0,0.13147,Low,0.01069,0.04653,-0.03584,NEGATIVE RESPONSE
C07023,0,0,0.04288,Low,0.00799,0.04027,-0.03228,NEGATIVE RESPONSE
C07024,1,0,0.00362,Low,0.00512,0.00573,-0.00061,LOW RESPONSE
C07025,1,0,0.20589,Low,0.01149,0.04776,-0.03627,NEGATIVE RESPONSE
C07026,0,0,0.1325,Low,0.0068,0.04145,-0.03465,NEGATIVE RESPONSE
C07027,1,0,0.01183,Low,0.00679,0.00848,-0.00169,NEGATIVE RESPONSE
C07028,1,0,0.0076,Low,0.00603,0.01315,-0.00713,NEGATIVE RESPONSE
C07029,1,0,0.06863,Low,0.00939,0.03398,-0.02459,NEGATIVE RESPONSE
C07030,1,0,0.01668,Low,0.00681,0.02738,-0.02056,NEGATIVE RESPONSE
C07031,1,0,0.01568,Low,0.0054,0.00877,-0.00337,NEGATIVE RESPONSE
C07032,1,0,0.05262,Low,0.006,0.03657,-0.03057,NEGATIVE RESPONSE
C07033,1,0,0.03053,Low,0.00642,0.02354,-0.01711,NEGATIVE RESPONSE
C07034,1,0,0.06953,Low,0.00617,0.05167,-0.04551,NEGATIVE RESPONSE
C07035,1,0,0.07566,Low,0.00749,0.04754,-0.04005,NEGATIVE RESPONSE
C07036,1,0,0.00768,Low,0.0047,0.02271,-0.01801,NEGATIVE RESPONSE
C07037,1,0,0.03345,Low,0.00857,0.03157,-0.023,NEGATIVE RESPONSE
C07038,1,0,0.01595,Low,0.00503,0.0287,-0.02367,NEGATIVE RESPONSE
C07039,0,0,0.04755,Low,0.01756,0.03562,-0.01806,NEGATIVE RESPONSE
C07040,1,0,0.05699,Low,0.00558,0.04275,-0.03717,NEGATIVE RESPONSE
C07041,1,0,0.01218,Low,0.01123,0.01316,-0.00192,NEGATIVE RESPONSE
C07042,0,0,0.00332,Low,0.00516,0.00544,-0.00028,LOW RESPONSE
C07043,1,0,0.09001,Low,0.01128,0.02774,-0.01645,NEGATIVE RESPONSE
C07044,0,0,0.05258,Low,0.00645,0.01702,-0.01057,NEGATIVE RESPONSE
C07045,1,0,0.14251,Low,0.00745,0.03393,-0.02648,NEGATIVE RESPONSE
C07046,1,0,0.05803,Low,0.01068,0.03737,-0.02669,NEGATIVE RESPONSE
C07047,1,0,0.10622,Low,0.00644,0.02906,-0.02262,NEGATIVE RESPONSE
C07048,1,0,0.05711,Low,0.02735,0.05319,-0.02585,NEGATIVE RESPONSE
C07049,0,0,0.09714,Low,0.00691,0.02954,-0.02263,NEGATIVE RESPONSE
C07050,0,0,0.2185,Low,0.00457,0.0533,-0.04874,NEGATIVE RESPONSE
C07051,1,0,0.06861,Low,0.00455,0.02709,-0.02253,NEGATIVE RESPONSE
C07052,1,1,0.9125,Critical,0.00635,0.05383,-0.04748,NEGATIVE RESPONSE
C07053,1,0,0.05285,Low,0.00577,0.04578,-0.04001,NEGATIVE RESPONSE
C07054,1,0,0.04873,Low,0.00691,0.03852,-0.03161,NEGATIVE RESPONSE
C07055,0,0,0.00908,Low,0.00671,0.0211,-0.01439,NEGATIVE RESPONSE
C07056,1,0,0.00138,Low,0.006,0.00512,0.00089,LOW RESPONSE
C07057,1,0,0.08342,Low,0.00557,0.0229,-0.01733,NEGATIVE RESPONSE
C07058,0,0,0.31218,Medium,0.00891,0.05673,-0.04782,NEGATIVE RESPONSE
C07059,1,0,0.04629,Low,0.01111,0.04525,-0.03414,NEGATIVE RESPONSE
C07060,1,0,0.00284,Low,0.0038,0.01741,-0.01361,NEGATIVE RESPONSE
C07061,1,0,0.00089,Low,0.01839,0.00634,0.01205,LOW RESPONSE
C07062,1,0,0.00441,Low,0.00842,0.00853,-1e-04,LOW RESPONSE
C07063,1,0,0.04355,Low,0.00642,0.04171,-0.03529,NEGATIVE RESPONSE
C07064,1,0,0.01064,Low,0.00799,0.0253,-0.01731,NEGATIVE RESPONSE
C07065,1,0,0.04545,Low,0.00581,0.02571,-0.0199,NEGATIVE RESPONSE
C07066,0,0,0.05797,Low,0.00544,0.02236,-0.01692,NEGATIVE RESPONSE
C07067,1,0,0.03146,Low,0.00474,0.02215,-0.01742,NEGATIVE RESPONSE
C07068,1,0,0.05996,Low,0.005,0.02834,-0.02333,NEGATIVE RESPONSE
C07069,1,0,0.06814,Low,0.00812,0.07006,-0.06194,NEGATIVE RESPONSE
C07070,0,0,0.05686,Low,0.01404,0.03222,-0.01819,NEGATIVE RESPONSE
C07071,1,0,0.08658,Low,0.01301,0.04628,-0.03327,NEGATIVE RESPONSE
C07072,1,0,0.02366,Low,0.00936,0.03012,-0.02076,NEGATIVE RESPONSE
C07073,1,0,0.03265,Low,0.00558,0.02692,-0.02135,NEGATIVE RESPONSE
C07074,1,0,0.00739,Low,0.00915,0.01057,-0.00143,NEGATIVE RESPONSE
C07075,1,0,0.1604,Low,0.00518,0.03186,-0.02668,NEGATIVE RESPONSE
C07076,0,0,0.10813,Low,0.00822,0.06453,-0.0563,NEGATIVE RESPONSE
C07077,0,0,0.09292,Low,0.00743,0.06346,-0.05603,NEGATIVE RESPONSE
C07078,0,0,0.08156,Low,0.00721,0.02143,-0.01422,NEGATIVE RESPONSE
C07079,1,0,0.14258,Low,0.00801,0.05049,-0.04248,NEGATIVE RESPONSE
C07080,1,0,0.08714,Low,0.00603,0.03024,-0.0242,NEGATIVE RESPONSE
C07081,0,0,0.16268,Low,0.00715,0.03903,-0.03188,NEGATIVE RESPONSE
C07082,1,0,0.00731,Low,0.00658,0.01007,-0.00349,NEGATIVE RESPONSE
C07083,1,0,0.05516,Low,0.00446,0.02026,-0.0158,NEGATIVE RESPONSE
C07084,1,0,0.16342,Low,0.00649,0.04172,-0.03523,NEGATIVE RESPONSE
C07085,1,0,0.09079,Low,0.01258,0.06782,-0.05524,NEGATIVE RESPONSE
C07086,1,0,0.06816,Low,0.011,0.04136,-0.03036,NEGATIVE RESPONSE
C07087,1,0,0.0299,Low,0.01236,0.05268,-0.04033,NEGATIVE RESPONSE
C07088,1,0,0.00193,Low,0.00612,0.00424,0.00188,LOW RESPONSE
C07089,0,0,0.17261,Low,0.00851,0.05524,-0.04673,NEGATIVE RESPONSE
C07090,1,0,0.0711,Low,0.02009,0.05408,-0.03399,NEGATIVE RESPONSE
C07091,1,0,0.00414,Low,0.00627,0.00614,0.00013,LOW RESPONSE
C07092,1,0,0.04657,Low,0.00616,0.03822,-0.03206,NEGATIVE RESPONSE
C07093,1,0,0.14087,Low,0.01964,0.11,-0.09036,NEGATIVE RESPONSE
C07094,1,0,0.00788,Low,0.00709,0.00648,0.00061,LOW RESPONSE
C07095,1,0,0.00277,Low,0.00485,0.00701,-0.00216,NEGATIVE RESPONSE
C07096,1,0,0.21126,Low,0.01115,0.06869,-0.05754,NEGATIVE RESPONSE
C07097,1,0,0.00772,Low,0.00726,0.00607,0.00119,LOW RESPONSE
C07098,1,0,0.0207,Low,0.00893,0.02793,-0.01901,NEGATIVE RESPONSE
C07099,1,0,0.03597,Low,0.00694,0.06079,-0.05385,NEGATIVE RESPONSE
C07100,1,0,0.04037,Low,0.00923,0.02544,-0.01622,NEGATIVE RESPONSE
C07101,0,0,0.02422,Low,0.01466,0.04478,-0.03012,NEGATIVE RESPONSE
C07102,0,0,0.0978,Low,0.00644,0.0385,-0.03206,NEGATIVE RESPONSE
C07103,1,0,0.01147,Low,0.00419,0.0265,-0.02232,NEGATIVE RESPONSE
C07104,1,0,0.01117,Low,0.00668,0.0222,-0.01552,NEGATIVE RESPONSE
C07105,1,0,0.10783,Low,0.00633,0.03456,-0.02822,NEGATIVE RESPONSE
C07106,1,0,0.01428,Low,0.00531,0.02143,-0.01612,NEGATIVE RESPONSE
C07107,1,0,0.04366,Low,0.00787,0.02813,-0.02026,NEGATIVE RESPONSE
C07108,1,0,0.01176,Low,0.00429,0.02714,-0.02285,NEGATIVE RESPONSE
C07109,1,0,0.02113,Low,0.00931,0.05445,-0.04514,NEGATIVE RESPONSE
C07110,1,0,0.10538,Low,0.00844,0.02264,-0.0142,NEGATIVE RESPONSE
C07111,1,0,0.09803,Low,0.0077,0.08078,-0.07309,NEGATIVE RESPONSE
C07112,1,0,0.03496,Low,0.00923,0.02607,-0.01685,NEGATIVE RESPONSE
C07113,1,0,0.24013,Low,0.00881,0.02923,-0.02042,NEGATIVE RESPONSE
C07114,0,1,0.92977,Critical,0.01621,0.05794,-0.04173,NEGATIVE RESPONSE
C07115,0,0,0.0485,Low,0.00843,0.03708,-0.02865,NEGATIVE RESPONSE
C07116,1,0,0.00824,Low,0.00455,0.02271,-0.01817,NEGATIVE RESPONSE
C07117,1,0,0.00981,Low,0.00468,0.0321,-0.02743,NEGATIVE RESPONSE
C07118,1,0,0.1883,Low,0.00622,0.04562,-0.03941,NEGATIVE RESPONSE
C07119,1,0,0.05499,Low,0.01248,0.02939,-0.01691,NEGATIVE RESPONSE
C07120,0,0,0.07925,Low,0.00621,0.03866,-0.03245,NEGATIVE RESPONSE
C07121,1,0,0.0135,Low,0.00732,0.00969,-0.00237,NEGATIVE RESPONSE
C07122,1,0,0.12702,Low,0.00923,0.03465,-0.02542,NEGATIVE RESPONSE
C07123,1,0,0.00226,Low,0.01085,0.01224,-0.00139,NEGATIVE RESPONSE
C07124,0,0,0.01854,Low,0.00417,0.03087,-0.0267,NEGATIVE RESPONSE
C07125,1,0,0.00947,Low,0.00691,0.01524,-0.00833,NEGATIVE RESPONSE
C07126,1,0,0.01133,Low,0.00643,0.01157,-0.00513,NEGATIVE RESPONSE
C07127,1,0,0.0094,Low,0.00599,0.02835,-0.02236,NEGATIVE RESPONSE
C07128,1,0,0.01764,Low,0.0045,0.01853,-0.01404,NEGATIVE RESPONSE
C07129,0,0,0.02748,Low,0.00541,0.02296,-0.01755,NEGATIVE RESPONSE
C07130,1,0,0.1053,Low,0.01942,0.0617,-0.04228,NEGATIVE RESPONSE
C07131,1,0,0.05259,Low,0.00583,0.02875,-0.02293,NEGATIVE RESPONSE
C07132,1,0,0.07599,Low,0.01034,0.04963,-0.03929,NEGATIVE RESPONSE
C07133,0,0,0.0681,Low,0.01129,0.05953,-0.04825,NEGATIVE RESPONSE
C07134,1,0,0.13739,Low,0.01326,0.04175,-0.02849,NEGATIVE RESPONSE
C07135,1,0,0.0073,Low,0.0267,0.01251,0.01419,LOW RESPONSE
C07136,0,0,0.01266,Low,0.00635,0.05992,-0.05357,NEGATIVE RESPONSE
C07137,0,0,0.00471,Low,0.0045,0.00534,-0.00084,LOW RESPONSE
C07138,0,0,0.21072,Low,0.00893,0.02328,-0.01436,NEGATIVE RESPONSE
C07139,1,0,0.0193,Low,0.00801,0.0325,-0.02449,NEGATIVE RESPONSE
C07140,1,0,0.00231,Low,0.00469,0.02052,-0.01584,NEGATIVE RESPONSE
C07141,1,0,0.18739,Low,0.00832,0.03974,-0.03141,NEGATIVE RESPONSE
C07142,1,0,0.30882,Medium,0.00627,0.03921,-0.03294,NEGATIVE RESPONSE
C07143,0,0,0.0099,Low,0.00769,0.02222,-0.01453,NEGATIVE RESPONSE
C07144,1,0,0.00765,Low,0.0074,0.00707,0.00032,LOW RESPONSE
C07145,1,0,0.01633,Low,0.0067,0.03926,-0.03256,NEGATIVE RESPONSE
C07146,1,0,0.05874,Low,0.00593,0.03561,-0.02968,NEGATIVE RESPONSE
C07147,1,0,0.02455,Low,0.00616,0.04996,-0.0438,NEGATIVE RESPONSE
C07148,1,0,0.06384,Low,0.0064,0.03214,-0.02574,NEGATIVE RESPONSE
C07149,1,0,0.03044,Low,0.00709,0.02279,-0.0157,NEGATIVE RESPONSE
C07150,1,0,0.01526,Low,0.00724,0.03093,-0.02369,NEGATIVE RESPONSE
C07151,1,0,0.02304,Low,0.00363,0.02102,-0.0174,NEGATIVE RESPONSE
C07152,1,0,0.0619,Low,0.01243,0.02929,-0.01686,NEGATIVE RESPONSE
C07153,1,0,0.00256,Low,0.00645,0.00928,-0.00284,NEGATIVE RESPONSE
C07154,1,0,0.00363,Low,0.00846,0.00967,-0.0012,NEGATIVE RESPONSE
C07155,1,0,0.04586,Low,0.00389,0.01946,-0.01557,NEGATIVE RESPONSE
C07156,1,0,0.09782,Low,0.00469,0.04116,-0.03647,NEGATIVE RESPONSE
C07157,1,0,0.01279,Low,0.00411,0.03603,-0.03193,NEGATIVE RESPONSE
C07158,1,0,0.00733,Low,0.00526,0.03214,-0.02689,NEGATIVE RESPONSE
C07159,1,0,0.00347,Low,0.00839,0.00615,0.00223,LOW RESPONSE
C07160,1,0,0.05314,Low,0.00713,0.05782,-0.05069,NEGATIVE RESPONSE
C07161,1,0,0.03941,Low,0.00942,0.02954,-0.02012,NEGATIVE RESPONSE
C07162,1,0,0.00668,Low,0.00993,0.01816,-0.00823,NEGATIVE RESPONSE
C07163,1,0,0.18287,Low,0.01006,0.06848,-0.05842,NEGATIVE RESPONSE
C07164,1,0,0.10879,Low,0.00654,0.03178,-0.02524,NEGATIVE RESPONSE
C07165,0,0,0.02511,Low,0.00449,0.03845,-0.03396,NEGATIVE RESPONSE
C07166,0,0,0.04352,Low,0.00689,0.03047,-0.02359,NEGATIVE RESPONSE
C07167,1,0,0.00805,Low,0.0217,0.01393,0.00777,LOW RESPONSE
C07168,0,0,0.1265,Low,0.00972,0.03437,-0.02465,NEGATIVE RESPONSE
C07169,1,0,0.01857,Low,0.00506,0.02293,-0.01787,NEGATIVE RESPONSE
C07170,1,0,0.02568,Low,0.00778,0.05281,-0.04503,NEGATIVE RESPONSE
C07171,1,0,0.00359,Low,0.00975,0.026,-0.01625,NEGATIVE RESPONSE
C07172,1,0,0.09626,Low,0.0205,0.05295,-0.03245,NEGATIVE RESPONSE
C07173,1,0,0.14354,Low,0.01268,0.0985,-0.08581,NEGATIVE RESPONSE
C07174,1,0,0.06183,Low,0.00843,0.04418,-0.03575,NEGATIVE RESPONSE
C07175,1,0,0.01213,Low,0.01651,0.01035,0.00616,LOW RESPONSE
C07176,1,0,0.16575,Low,0.0109,0.06597,-0.05508,NEGATIVE RESPONSE
C07177,1,0,0.01616,Low,0.00552,0.0298,-0.02428,NEGATIVE RESPONSE
C07178,1,0,0.00414,Low,0.00749,0.00732,0.00017,LOW RESPONSE
C07179,1,0,0.08435,Low,0.00685,0.03354,-0.02669,NEGATIVE RESPONSE
C07180,1,0,0.0073,Low,0.00555,0.01087,-0.00532,NEGATIVE RESPONSE
C07181,1,0,0.04975,Low,0.009,0.02713,-0.01812,NEGATIVE RESPONSE
C07182,1,0,0.06293,Low,0.00852,0.04119,-0.03267,NEGATIVE RESPONSE
C07183,0,0,0.07904,Low,0.00601,0.04646,-0.04044,NEGATIVE RESPONSE
C07184,0,0,0.01855,Low,0.01673,0.00708,0.00966,LOW RESPONSE
C07185,1,0,0.28007,Low,0.00888,0.04466,-0.03578,NEGATIVE RESPONSE
C07186,1,0,0.01011,Low,0.00483,0.03173,-0.0269,NEGATIVE RESPONSE
C07187,0,0,0.10002,Low,0.00843,0.0668,-0.05837,NEGATIVE RESPONSE
C07188,1,0,0.11123,Low,0.00751,0.03378,-0.02627,NEGATIVE RESPONSE
C07189,1,0,0.00319,Low,0.01175,0.00956,0.00219,LOW RESPONSE
C07190,1,0,0.02296,Low,0.00773,0.0243,-0.01657,NEGATIVE RESPONSE
C07191,1,0,0.08463,Low,0.00723,0.02638,-0.01915,NEGATIVE RESPONSE
C07192,1,0,0.04735,Low,0.01033,0.03225,-0.02192,NEGATIVE RESPONSE
C07193,1,0,0.13998,Low,0.00403,0.02897,-0.02494,NEGATIVE RESPONSE
C07194,1,0,0.04352,Low,0.00561,0.03067,-0.02506,NEGATIVE RESPONSE
C07195,0,0,0.07264,Low,0.01333,0.04388,-0.03055,NEGATIVE RESPONSE
C07196,1,0,0.00711,Low,0.00937,0.00666,0.00272,LOW RESPONSE
C07197,1,0,0.05229,Low,0.01541,0.03136,-0.01595,NEGATIVE RESPONSE
C07198,1,0,0.3696,Medium,0.0101,0.03759,-0.02749,NEGATIVE RESPONSE
C07199,1,0,0.0196,Low,0.00878,0.02607,-0.0173,NEGATIVE RESPONSE
C07200,0,0,0.04336,Low,0.01006,0.05728,-0.04722,NEGATIVE RESPONSE
C07201,1,0,0.01957,Low,0.00743,0.04721,-0.03978,NEGATIVE RESPONSE
C07202,1,0,0.29573,Low,0.0123,0.0799,-0.0676,NEGATIVE RESPONSE
C07203,1,0,0.01983,Low,0.00605,0.00662,-0.00057,LOW RESPONSE
C07204,1,0,0.02842,Low,0.00811,0.02598,-0.01787,NEGATIVE RESPONSE
C07205,1,0,0.26489,Low,0.00882,0.05241,-0.0436,NEGATIVE RESPONSE
C07206,1,0,0.10603,Low,0.01834,0.02383,-0.00549,NEGATIVE RESPONSE
C07207,1,0,0.12444,Low,0.0126,0.0675,-0.0549,NEGATIVE RESPONSE
C07208,0,0,0.00949,Low,0.00559,0.01015,-0.00456,NEGATIVE RESPONSE
C07209,1,0,0.01785,Low,0.00708,0.04471,-0.03763,NEGATIVE RESPONSE
C07210,1,0,0.2822,Low,0.01086,0.05377,-0.0429,NEGATIVE RESPONSE
C07211,1,0,0.00466,Low,0.00439,0.00803,-0.00364,NEGATIVE RESPONSE
C07212,1,0,0.04609,Low,0.00519,0.02573,-0.02054,NEGATIVE RESPONSE
C07213,1,0,0.14431,Low,0.01351,0.12035,-0.10685,NEGATIVE RESPONSE
C07214,1,0,0.00716,Low,0.00576,0.00672,-0.00096,LOW RESPONSE
C07215,1,0,0.00703,Low,0.00875,0.00761,0.00114,LOW RESPONSE
C07216,1,0,0.00982,Low,0.00701,0.00797,-0.00096,LOW RESPONSE
C07217,0,0,0.0685,Low,0.01023,0.06873,-0.0585,NEGATIVE RESPONSE
C07218,1,0,0.02186,Low,0.00561,0.02175,-0.01614,NEGATIVE RESPONSE
C07219,0,0,0.03092,Low,0.00529,0.0216,-0.01631,NEGATIVE RESPONSE
C07220,1,0,0.29166,Low,0.01165,0.04391,-0.03226,NEGATIVE RESPONSE
C07221,1,0,0.00955,Low,0.00528,0.00809,-0.00282,NEGATIVE RESPONSE
C07222,1,0,0.00506,Low,0.0054,0.00656,-0.00116,NEGATIVE RESPONSE
C07223,1,0,0.13946,Low,0.00738,0.03673,-0.02935,NEGATIVE RESPONSE
C07224,0,0,0.01281,Low,0.00722,0.03823,-0.03101,NEGATIVE RESPONSE
C07225,1,0,0.01792,Low,0.00679,0.03001,-0.02322,NEGATIVE RESPONSE
C07226,1,0,0.12284,Low,0.00785,0.06245,-0.0546,NEGATIVE RESPONSE
C07227,0,0,0.06023,Low,0.00585,0.0309,-0.02505,NEGATIVE RESPONSE
C07228,1,0,0.03174,Low,0.00909,0.03426,-0.02518,NEGATIVE RESPONSE
C07229,1,0,0.08269,Low,0.00772,0.03375,-0.02602,NEGATIVE RESPONSE
C07230,1,0,0.08821,Low,0.00786,0.03823,-0.03037,NEGATIVE RESPONSE
C07231,1,0,0.02005,Low,0.01376,0.01046,0.00331,LOW RESPONSE
C07232,1,0,0.06014,Low,0.0059,0.03807,-0.03218,NEGATIVE RESPONSE
C07233,1,0,0.02626,Low,0.00502,0.02403,-0.019,NEGATIVE RESPONSE
C07234,1,0,0.01948,Low,0.00611,0.02119,-0.01508,NEGATIVE RESPONSE
C07235,1,0,0.02095,Low,0.00477,0.02139,-0.01662,NEGATIVE RESPONSE
C07236,1,0,0.07011,Low,0.00667,0.02359,-0.01693,NEGATIVE RESPONSE
C07237,1,0,0.13166,Low,0.01611,0.03286,-0.01675,NEGATIVE RESPONSE
C07238,0,0,0.07455,Low,0.00458,0.01828,-0.0137,NEGATIVE RESPONSE
C07239,0,0,0.03408,Low,0.02653,0.01433,0.0122,HIGHLY PERSUADABLE
C07240,1,0,0.04645,Low,0.01627,0.06712,-0.05085,NEGATIVE RESPONSE
C07241,1,0,0.06524,Low,0.01926,0.06383,-0.04458,NEGATIVE RESPONSE
C07242,1,0,0.07649,Low,0.04658,0.1216,-0.07502,NEGATIVE RESPONSE
C07243,0,0,0.00633,Low,0.00774,0.00642,0.00133,LOW RESPONSE
C07244,1,0,0.01521,Low,0.02051,0.01103,0.00948,LOW RESPONSE
C07245,1,0,0.01176,Low,0.01251,0.00878,0.00372,LOW RESPONSE
C07246,0,0,0.0259,Low,0.00547,0.0305,-0.02503,NEGATIVE RESPONSE
C07247,1,0,0.00271,Low,0.00857,0.00764,0.00093,LOW RESPONSE
C07248,1,0,0.01108,Low,0.00959,0.0104,-0.00081,LOW RESPONSE
C07249,1,0,0.02445,Low,0.01219,0.02858,-0.01639,NEGATIVE RESPONSE
C07250,1,0,0.02556,Low,0.00712,0.0225,-0.01539,NEGATIVE RESPONSE
C07251,1,0,0.32903,Medium,0.01036,0.05086,-0.0405,NEGATIVE RESPONSE
C07252,1,0,0.01007,Low,0.00812,0.00877,-0.00066,LOW RESPONSE
C07253,0,0,0.10439,Low,0.00813,0.0331,-0.02497,NEGATIVE RESPONSE
C07254,1,0,0.04372,Low,0.00977,0.01746,-0.00768,NEGATIVE RESPONSE
C07255,0,0,0.05242,Low,0.00514,0.02226,-0.01712,NEGATIVE RESPONSE
C07256,1,0,0.05809,Low,0.00861,0.04291,-0.0343,NEGATIVE RESPONSE
C07257,1,0,0.2134,Low,0.00479,0.05535,-0.05056,NEGATIVE RESPONSE
C07258,1,0,0.30444,Medium,0.00426,0.04038,-0.03612,NEGATIVE RESPONSE
C07259,1,0,0.00745,Low,0.00936,0.00798,0.00139,LOW RESPONSE
C07260,1,0,0.08713,Low,0.00463,0.03129,-0.02666,NEGATIVE RESPONSE
C07261,1,0,0.01602,Low,0.02008,0.03301,-0.01292,NEGATIVE RESPONSE
C07262,0,0,0.06277,Low,0.0114,0.03335,-0.02195,NEGATIVE RESPONSE
C07263,1,0,0.02858,Low,0.00703,0.041,-0.03397,NEGATIVE RESPONSE
C07264,1,0,0.01106,Low,0.00563,0.02933,-0.0237,NEGATIVE RESPONSE
C07265,0,0,0.01875,Low,0.00649,0.04868,-0.0422,NEGATIVE RESPONSE
C07266,1,0,0.00365,Low,0.00442,0.0176,-0.01318,NEGATIVE RESPONSE
C07267,0,0,0.01709,Low,0.00722,0.02671,-0.01949,NEGATIVE RESPONSE
C07268,1,0,0.01562,Low,0.00843,0.01148,-0.00305,NEGATIVE RESPONSE
C07269,1,0,0.14647,Low,0.00676,0.05336,-0.0466,NEGATIVE RESPONSE
C07270,1,0,0.05081,Low,0.00756,0.03428,-0.02671,NEGATIVE RESPONSE
C07271,1,0,0.5916,Medium,0.00591,0.04749,-0.04157,NEGATIVE RESPONSE
C07272,1,0,0.00906,Low,0.00792,0.00834,-0.00042,LOW RESPONSE
C07273,0,0,0.02067,Low,0.00839,0.08634,-0.07796,NEGATIVE RESPONSE
C07274,0,0,0.05669,Low,0.00946,0.0383,-0.02884,NEGATIVE RESPONSE
C07275,1,0,0.16818,Low,0.0075,0.03893,-0.03142,NEGATIVE RESPONSE
C07276,1,0,0.12113,Low,0.0074,0.05136,-0.04396,NEGATIVE RESPONSE
C07277,1,0,0.10376,Low,0.00926,0.0619,-0.05264,NEGATIVE RESPONSE
C07278,0,0,0.01095,Low,0.0056,0.02286,-0.01726,NEGATIVE RESPONSE
C07279,1,0,0.07407,Low,0.00677,0.03739,-0.03063,NEGATIVE RESPONSE
C07280,1,0,0.10123,Low,0.00726,0.04014,-0.03288,NEGATIVE RESPONSE
C07281,1,0,0.04073,Low,0.00526,0.04845,-0.04318,NEGATIVE RESPONSE
C07282,0,0,0.09671,Low,0.00992,0.05184,-0.04192,NEGATIVE RESPONSE
C07283,1,0,0.16422,Low,0.00665,0.02927,-0.02263,NEGATIVE RESPONSE
C07284,1,0,0.01098,Low,0.00647,0.00537,0.00109,LOW RESPONSE
C07285,1,0,0.00553,Low,0.00509,0.01684,-0.01175,NEGATIVE RESPONSE
C07286,1,0,0.00888,Low,0.00527,0.02258,-0.01731,NEGATIVE RESPONSE
C07287,1,0,0.01636,Low,0.00724,0.03098,-0.02374,NEGATIVE RESPONSE
C07288,1,0,0.08214,Low,0.01449,0.05057,-0.03608,NEGATIVE RESPONSE
C07289,1,0,0.15641,Low,0.00626,0.04271,-0.03645,NEGATIVE RESPONSE
C07290,1,0,0.06933,Low,0.00603,0.02663,-0.0206,NEGATIVE RESPONSE
C07291,1,0,0.03845,Low,0.00589,0.02678,-0.02089,NEGATIVE RESPONSE
C07292,1,0,0.03974,Low,0.0102,0.02358,-0.01337,NEGATIVE RESPONSE
C07293,1,1,0.90541,Critical,0.00535,0.0632,-0.05785,NEGATIVE RESPONSE
C07294,1,0,0.00917,Low,0.0093,0.00869,0.00061,LOW RESPONSE
C07295,1,0,0.03158,Low,0.00612,0.02156,-0.01544,NEGATIVE RESPONSE
C07296,1,0,0.11494,Low,0.01094,0.0422,-0.03126,NEGATIVE RESPONSE
C07297,1,0,0.06516,Low,0.00617,0.0253,-0.01914,NEGATIVE RESPONSE
C07298,1,0,0.02919,Low,0.01146,0.02806,-0.01661,NEGATIVE RESPONSE
C07299,1,0,0.03805,Low,0.01448,0.02303,-0.00854,NEGATIVE RESPONSE
C07300,1,0,0.00345,Low,0.0082,0.00678,0.00142,LOW RESPONSE
C07301,1,0,0.07014,Low,0.00579,0.04379,-0.03801,NEGATIVE RESPONSE
C07302,1,1,0.88314,Critical,0.0055,0.04483,-0.03933,NEGATIVE RESPONSE
C07303,1,0,0.32917,Medium,0.00554,0.03711,-0.03157,NEGATIVE RESPONSE
C07304,1,0,0.13453,Low,0.01278,0.0688,-0.05602,NEGATIVE RESPONSE
C07305,1,0,0.2021,Low,0.00856,0.06795,-0.05939,NEGATIVE RESPONSE
C07306,0,0,0.00823,Low,0.00983,0.02545,-0.01561,NEGATIVE RESPONSE
C07307,1,1,0.9163,Critical,0.00777,0.08284,-0.07507,NEGATIVE RESPONSE
C07308,1,0,0.03583,Low,0.00528,0.02552,-0.02025,NEGATIVE RESPONSE
C07309,0,0,0.00431,Low,0.00927,0.00657,0.0027,LOW RESPONSE
C07310,1,0,0.00553,Low,0.00558,0.00806,-0.00249,NEGATIVE RESPONSE
C07311,1,0,0.0714,Low,0.00918,0.0393,-0.03012,NEGATIVE RESPONSE
C07312,1,0,0.1084,Low,0.00691,0.04895,-0.04204,NEGATIVE RESPONSE
C07313,1,0,0.02647,Low,0.01192,0.02747,-0.01556,NEGATIVE RESPONSE
C07314,1,0,0.51698,Medium,0.0075,0.0574,-0.0499,NEGATIVE RESPONSE
C07315,1,0,0.01797,Low,0.00611,0.00646,-0.00035,LOW RESPONSE
C07316,0,1,0.88659,Critical,0.01515,0.0252,-0.01005,NEGATIVE RESPONSE
C07317,1,0,0.03523,Low,0.00586,0.02596,-0.0201,NEGATIVE RESPONSE
C07318,1,0,0.00642,Low,0.00949,0.00698,0.00251,LOW RESPONSE
C07319,1,0,0.06042,Low,0.00471,0.03335,-0.02864,NEGATIVE RESPONSE
C07320,1,0,0.0429,Low,0.00919,0.0622,-0.05301,NEGATIVE RESPONSE
C07321,1,0,0.08589,Low,0.00744,0.02985,-0.02241,NEGATIVE RESPONSE
C07322,1,0,0.04871,Low,0.00573,0.04428,-0.03855,NEGATIVE RESPONSE
C07323,0,0,0.1047,Low,0.00691,0.05557,-0.04866,NEGATIVE RESPONSE
C07324,1,0,0.01339,Low,0.00877,0.0292,-0.02043,NEGATIVE RESPONSE
C07325,1,0,0.04881,Low,0.01997,0.04394,-0.02397,NEGATIVE RESPONSE
C07326,1,0,0.00933,Low,0.00953,0.00759,0.00195,LOW RESPONSE
C07327,1,0,0.2747,Low,0.01093,0.05192,-0.04099,NEGATIVE RESPONSE
C07328,1,0,0.06899,Low,0.00665,0.03348,-0.02682,NEGATIVE RESPONSE
C07329,1,0,0.00753,Low,0.00623,0.01937,-0.01314,NEGATIVE RESPONSE
C07330,1,0,0.04499,Low,0.00798,0.02835,-0.02037,NEGATIVE RESPONSE
C07331,1,0,0.00877,Low,0.01642,0.01175,0.00467,LOW RESPONSE
C07332,1,0,0.01212,Low,0.01376,0.05922,-0.04546,NEGATIVE RESPONSE
C07333,1,0,0.00752,Low,0.00409,0.01746,-0.01337,NEGATIVE RESPONSE
C07334,0,0,0.26262,Low,0.00879,0.04569,-0.0369,NEGATIVE RESPONSE
C07335,1,0,0.05654,Low,0.00624,0.03845,-0.03221,NEGATIVE RESPONSE
C07336,1,0,0.0038,Low,0.00519,0.00563,-0.00044,LOW RESPONSE
C07337,1,0,0.0437,Low,0.0052,0.03245,-0.02724,NEGATIVE RESPONSE
C07338,1,0,0.08234,Low,0.01067,0.04324,-0.03257,NEGATIVE RESPONSE
C07339,1,0,0.00354,Low,0.00674,0.00727,-0.00053,LOW RESPONSE
C07340,1,0,0.04409,Low,0.00514,0.03081,-0.02567,NEGATIVE RESPONSE
C07341,1,0,0.00598,Low,0.00576,0.01032,-0.00456,NEGATIVE RESPONSE
C07342,1,0,0.01282,Low,0.0057,0.00804,-0.00234,NEGATIVE RESPONSE
C07343,1,0,0.05149,Low,0.00958,0.03241,-0.02283,NEGATIVE RESPONSE
C07344,1,0,0.01006,Low,0.00857,0.00699,0.00157,LOW RESPONSE
C07345,1,0,0.02068,Low,0.00362,0.03595,-0.03234,NEGATIVE RESPONSE
C07346,1,0,0.02462,Low,0.00697,0.0287,-0.02173,NEGATIVE RESPONSE
C07347,0,0,0.06262,Low,0.00963,0.0345,-0.02487,NEGATIVE RESPONSE
C07348,1,0,0.03165,Low,0.00595,0.0229,-0.01695,NEGATIVE RESPONSE
C07349,1,0,0.00485,Low,0.00788,0.00994,-0.00206,NEGATIVE RESPONSE
C07350,1,0,0.01414,Low,0.00532,0.02338,-0.01806,NEGATIVE RESPONSE
C07351,0,0,0.01951,Low,0.01472,0.01215,0.00257,LOW RESPONSE
C07352,0,0,0.04971,Low,0.00783,0.02398,-0.01615,NEGATIVE RESPONSE
C07353,1,0,0.00211,Low,0.00811,0.00681,0.0013,LOW RESPONSE
C07354,1,0,0.03684,Low,0.01396,0.02666,-0.0127,NEGATIVE RESPONSE
C07355,1,0,0.1021,Low,0.00937,0.0433,-0.03393,NEGATIVE RESPONSE
C07356,1,0,0.11422,Low,0.01168,0.04782,-0.03614,NEGATIVE RESPONSE
C07357,1,0,0.02207,Low,0.00708,0.03335,-0.02627,NEGATIVE RESPONSE
C07358,1,0,0.26578,Low,0.00917,0.0341,-0.02494,NEGATIVE RESPONSE
C07359,1,0,0.09348,Low,0.01153,0.0349,-0.02337,NEGATIVE RESPONSE
C07360,1,1,0.14511,Low,0.00892,0.11936,-0.11044,NEGATIVE RESPONSE
C07361,1,0,0.02213,Low,0.00871,0.03321,-0.0245,NEGATIVE RESPONSE
C07362,0,0,0.03795,Low,0.00602,0.03289,-0.02687,NEGATIVE RESPONSE
C07363,1,0,0.08334,Low,0.01065,0.0386,-0.02794,NEGATIVE RESPONSE
C07364,1,0,0.01125,Low,0.00394,0.02986,-0.02591,NEGATIVE RESPONSE
C07365,1,0,0.0302,Low,0.01086,0.03315,-0.02229,NEGATIVE RESPONSE
C07366,1,0,0.00352,Low,0.00563,0.00675,-0.00112,NEGATIVE RESPONSE
C07367,0,0,0.01436,Low,0.00771,0.03328,-0.02557,NEGATIVE RESPONSE
C07368,1,0,0.06347,Low,0.00538,0.03222,-0.02684,NEGATIVE RESPONSE
C07369,1,1,0.96799,Critical,0.04382,0.14836,-0.10454,NEGATIVE RESPONSE
C07370,1,0,0.06327,Low,0.00416,0.02172,-0.01756,NEGATIVE RESPONSE
C07371,1,0,0.01235,Low,0.01056,0.0097,0.00086,LOW RESPONSE
C07372,1,0,0.44127,Medium,0.0117,0.04291,-0.03121,NEGATIVE RESPONSE
C07373,0,0,0.0069,Low,0.00987,0.02299,-0.01311,NEGATIVE RESPONSE
C07374,1,0,0.01829,Low,0.00824,0.02238,-0.01414,NEGATIVE RESPONSE
C07375,1,0,0.15146,Low,0.00768,0.03709,-0.02941,NEGATIVE RESPONSE
C07376,1,0,0.16762,Low,0.00659,0.03413,-0.02754,NEGATIVE RESPONSE
C07377,1,0,0.00489,Low,0.00545,0.01848,-0.01302,NEGATIVE RESPONSE
C07378,1,0,0.03227,Low,0.00795,0.02834,-0.02039,NEGATIVE RESPONSE
C07379,1,0,0.15485,Low,0.00604,0.03991,-0.03387,NEGATIVE RESPONSE
C07380,1,0,0.0479,Low,0.0045,0.0363,-0.03181,NEGATIVE RESPONSE
C07381,1,0,0.00228,Low,0.01188,0.00827,0.00361,LOW RESPONSE
C07382,1,0,0.21104,Low,0.01062,0.05331,-0.0427,NEGATIVE RESPONSE
C07383,1,0,0.00725,Low,0.00523,0.00592,-0.00069,LOW RESPONSE
C07384,1,0,0.00478,Low,0.00561,0.00511,0.0005,LOW RESPONSE
C07385,1,0,0.02188,Low,0.00614,0.02703,-0.02089,NEGATIVE RESPONSE
C07386,1,0,0.01833,Low,0.00919,0.00787,0.00132,LOW RESPONSE
C07387,1,0,0.19626,Low,0.00676,0.06239,-0.05563,NEGATIVE RESPONSE
C07388,1,0,0.07133,Low,0.0045,0.02324,-0.01874,NEGATIVE RESPONSE
C07389,1,0,0.02744,Low,0.00632,0.02591,-0.01959,NEGATIVE RESPONSE
C07390,1,0,0.00429,Low,0.00729,0.00734,-5e-05,LOW RESPONSE
C07391,0,0,0.06329,Low,0.00771,0.03906,-0.03135,NEGATIVE RESPONSE
C07392,1,0,0.05422,Low,0.00814,0.01932,-0.01118,NEGATIVE RESPONSE
C07393,1,0,0.0055,Low,0.00636,0.00813,-0.00177,NEGATIVE RESPONSE
C07394,1,0,0.03707,Low,0.00652,0.04589,-0.03937,NEGATIVE RESPONSE
C07395,1,0,0.0552,Low,0.00569,0.05389,-0.0482,NEGATIVE RESPONSE
C07396,1,0,0.01968,Low,0.01327,0.01032,0.00295,LOW RESPONSE
C07397,1,0,0.04426,Low,0.00827,0.0316,-0.02333,NEGATIVE RESPONSE
C07398,1,0,0.19938,Low,0.00787,0.05394,-0.04606,NEGATIVE RESPONSE
C07399,0,0,0.02106,Low,0.00661,0.0509,-0.04429,NEGATIVE RESPONSE
C07400,1,0,0.00487,Low,0.00476,0.0197,-0.01494,NEGATIVE RESPONSE
C07401,1,0,0.10292,Low,0.00961,0.03068,-0.02107,NEGATIVE RESPONSE
C07402,1,0,0.17665,Low,0.01468,0.06189,-0.04721,NEGATIVE RESPONSE
C07403,1,0,0.07,Low,0.01723,0.04065,-0.02342,NEGATIVE RESPONSE
C07404,1,0,0.01963,Low,0.01246,0.03123,-0.01877,NEGATIVE RESPONSE
C07405,1,0,0.07924,Low,0.00468,0.06799,-0.06331,NEGATIVE RESPONSE
C07406,1,0,0.01172,Low,0.01044,0.03819,-0.02775,NEGATIVE RESPONSE
C07407,1,0,0.00756,Low,0.01803,0.01243,0.00559,LOW RESPONSE
C07408,1,0,0.01735,Low,0.00659,0.01982,-0.01323,NEGATIVE RESPONSE
C07409,1,0,0.01181,Low,0.00689,0.02455,-0.01766,NEGATIVE RESPONSE
C07410,1,0,0.04448,Low,0.00685,0.05138,-0.04453,NEGATIVE RESPONSE
C07411,1,0,0.27483,Low,0.00893,0.05869,-0.04975,NEGATIVE RESPONSE
C07412,1,0,0.1489,Low,0.01181,0.06818,-0.05638,NEGATIVE RESPONSE
C07413,1,0,0.00942,Low,0.00457,0.02149,-0.01692,NEGATIVE RESPONSE
C07414,1,0,0.05167,Low,0.00643,0.03469,-0.02826,NEGATIVE RESPONSE
C07415,1,0,0.05939,Low,0.00646,0.03301,-0.02655,NEGATIVE RESPONSE
C07416,1,0,0.00682,Low,0.0133,0.00678,0.00652,LOW RESPONSE
C07417,1,0,0.56712,Medium,0.0088,0.07999,-0.07119,NEGATIVE RESPONSE
C07418,1,0,0.02553,Low,0.00793,0.02984,-0.02192,NEGATIVE RESPONSE
C07419,0,0,0.09871,Low,0.0049,0.05255,-0.04765,NEGATIVE RESPONSE
C07420,1,0,0.0276,Low,0.01027,0.02456,-0.01429,NEGATIVE RESPONSE
C07421,1,0,0.07981,Low,0.00496,0.02941,-0.02445,NEGATIVE RESPONSE
C07422,0,0,0.06612,Low,0.00719,0.03674,-0.02955,NEGATIVE RESPONSE
C07423,1,0,0.02809,Low,0.00827,0.02391,-0.01564,NEGATIVE RESPONSE
C07424,1,0,0.01267,Low,0.00594,0.02301,-0.01707,NEGATIVE RESPONSE
C07425,0,0,0.13622,Low,0.01361,0.07036,-0.05675,NEGATIVE RESPONSE
C07426,1,0,0.02149,Low,0.00705,0.02913,-0.02209,NEGATIVE RESPONSE
C07427,1,0,0.04024,Low,0.00662,0.03679,-0.03017,NEGATIVE RESPONSE
C07428,1,0,0.11503,Low,0.00916,0.04026,-0.03111,NEGATIVE RESPONSE
C07429,1,0,0.0612,Low,0.01344,0.02728,-0.01384,NEGATIVE RESPONSE
C07430,1,0,0.13956,Low,0.01401,0.06129,-0.04728,NEGATIVE RESPONSE
C07431,0,0,0.13637,Low,0.01985,0.09163,-0.07178,NEGATIVE RESPONSE
C07432,1,0,0.07482,Low,0.00502,0.02787,-0.02285,NEGATIVE RESPONSE
C07433,1,0,0.01583,Low,0.00801,0.01986,-0.01184,NEGATIVE RESPONSE
C07434,1,0,0.00381,Low,0.00606,0.0062,-0.00014,LOW RESPONSE
C07435,1,0,0.01609,Low,0.00601,0.02554,-0.01952,NEGATIVE RESPONSE
C07436,0,0,0.08518,Low,0.0161,0.06354,-0.04744,NEGATIVE RESPONSE
C07437,1,0,0.0087,Low,0.00524,0.02094,-0.01571,NEGATIVE RESPONSE
C07438,1,0,0.21888,Low,0.01018,0.0247,-0.01452,NEGATIVE RESPONSE
C07439,1,0,0.06688,Low,0.00649,0.02329,-0.0168,NEGATIVE RESPONSE
C07440,1,0,0.00973,Low,0.01034,0.01466,-0.00432,NEGATIVE RESPONSE
C07441,1,0,0.06058,Low,0.00679,0.02673,-0.01994,NEGATIVE RESPONSE
C07442,1,0,0.06142,Low,0.00911,0.04361,-0.0345,NEGATIVE RESPONSE
C07443,1,0,0.00712,Low,0.01188,0.00609,0.00579,LOW RESPONSE
C07444,1,0,0.04001,Low,0.00593,0.02904,-0.02312,NEGATIVE RESPONSE
C07445,1,0,0.10504,Low,0.00942,0.04359,-0.03417,NEGATIVE RESPONSE
C07446,1,0,0.01245,Low,0.00523,0.02351,-0.01828,NEGATIVE RESPONSE
C07447,1,0,0.11189,Low,0.01024,0.04576,-0.03551,NEGATIVE RESPONSE
C07448,0,0,0.00446,Low,0.00566,0.00656,-0.0009,LOW RESPONSE
C07449,1,0,0.0167,Low,0.00779,0.01113,-0.00333,NEGATIVE RESPONSE
C07450,1,0,0.00298,Low,0.00619,0.00606,0.00013,LOW RESPONSE
C07451,1,0,0.07452,Low,0.00721,0.04131,-0.03411,NEGATIVE RESPONSE
C07452,1,0,0.03248,Low,0.00416,0.02102,-0.01686,NEGATIVE RESPONSE
C07453,0,0,0.03613,Low,0.01009,0.04536,-0.03527,NEGATIVE RESPONSE
C07454,1,0,0.00636,Low,0.00781,0.03427,-0.02646,NEGATIVE RESPONSE
C07455,1,0,0.06567,Low,0.00559,0.04134,-0.03575,NEGATIVE RESPONSE
C07456,1,0,0.25316,Low,0.0074,0.0931,-0.0857,NEGATIVE RESPONSE
C07457,1,0,0.29425,Low,0.01078,0.06248,-0.0517,NEGATIVE RESPONSE
C07458,1,0,0.08813,Low,0.00557,0.03544,-0.02988,NEGATIVE RESPONSE
C07459,1,0,0.02131,Low,0.00516,0.03056,-0.0254,NEGATIVE RESPONSE
C07460,1,0,0.1439,Low,0.00986,0.04209,-0.03223,NEGATIVE RESPONSE
C07461,0,0,0.31369,Medium,0.01091,0.05787,-0.04696,NEGATIVE RESPONSE
C07462,1,0,0.01514,Low,0.01158,0.01504,-0.00346,NEGATIVE RESPONSE
C07463,1,0,0.19355,Low,0.00585,0.04854,-0.0427,NEGATIVE RESPONSE
C07464,0,0,0.21228,Low,0.0056,0.0364,-0.0308,NEGATIVE RESPONSE
C07465,1,0,0.0189,Low,0.00924,0.02256,-0.01332,NEGATIVE RESPONSE
C07466,1,0,0.03752,Low,0.00889,0.04456,-0.03566,NEGATIVE RESPONSE
C07467,0,0,0.09109,Low,0.00696,0.02304,-0.01608,NEGATIVE RESPONSE
C07468,1,0,0.05904,Low,0.0062,0.03683,-0.03062,NEGATIVE RESPONSE
C07469,1,0,0.01357,Low,0.00957,0.00674,0.00283,LOW RESPONSE
C07470,1,0,0.3531,Medium,0.01256,0.04533,-0.03277,NEGATIVE RESPONSE
C07471,1,0,0.03674,Low,0.00704,0.027,-0.01997,NEGATIVE RESPONSE
C07472,1,0,0.01101,Low,0.00893,0.00982,-0.0009,LOW RESPONSE
C07473,1,1,0.86018,Critical,0.00632,0.05222,-0.04589,NEGATIVE RESPONSE
C07474,1,0,0.21867,Low,0.01161,0.06398,-0.05237,NEGATIVE RESPONSE
C07475,1,0,0.00345,Low,0.00719,0.0105,-0.00332,NEGATIVE RESPONSE
C07476,1,0,0.07013,Low,0.00707,0.02706,-0.01999,NEGATIVE RESPONSE
C07477,1,0,0.07862,Low,0.00619,0.03135,-0.02515,NEGATIVE RESPONSE
C07478,1,0,0.03685,Low,0.00767,0.03088,-0.02321,NEGATIVE RESPONSE
C07479,1,0,0.02459,Low,0.031,0.06017,-0.02917,NEGATIVE RESPONSE
C07480,1,0,0.0056,Low,0.01242,0.01301,-0.00059,LOW RESPONSE
C07481,1,0,0.01181,Low,0.00756,0.00984,-0.00229,NEGATIVE RESPONSE
C07482,0,0,0.02981,Low,0.00443,0.02731,-0.02288,NEGATIVE RESPONSE
C07483,1,0,0.02665,Low,0.0072,0.04375,-0.03655,NEGATIVE RESPONSE
C07484,1,0,0.01397,Low,0.00742,0.00811,-0.00069,LOW RESPONSE
C07485,1,0,0.01518,Low,0.00588,0.01468,-0.0088,NEGATIVE RESPONSE
C07486,1,0,0.18126,Low,0.00766,0.05508,-0.04742,NEGATIVE RESPONSE
C07487,1,0,0.00906,Low,0.00805,0.0117,-0.00365,NEGATIVE RESPONSE
C07488,1,0,0.05831,Low,0.00722,0.03425,-0.02702,NEGATIVE RESPONSE
C07489,1,0,0.00218,Low,0.00498,0.0064,-0.00142,NEGATIVE RESPONSE
C07490,1,0,0.02783,Low,0.00816,0.02528,-0.01712,NEGATIVE RESPONSE
C07491,1,0,0.11546,Low,0.01635,0.06189,-0.04554,NEGATIVE RESPONSE
C07492,1,0,0.04045,Low,0.00716,0.03112,-0.02397,NEGATIVE RESPONSE
C07493,0,0,0.17583,Low,0.00742,0.04097,-0.03355,NEGATIVE RESPONSE
C07494,0,0,0.04804,Low,0.00591,0.027,-0.02109,NEGATIVE RESPONSE
C07495,1,0,0.02985,Low,0.00552,0.04057,-0.03505,NEGATIVE RESPONSE
C07496,1,0,0.18268,Low,0.00603,0.0379,-0.03187,NEGATIVE RESPONSE
C07497,1,0,0.01996,Low,0.00602,0.00738,-0.00136,NEGATIVE RESPONSE
C07498,1,0,0.0232,Low,0.00886,0.03488,-0.02602,NEGATIVE RESPONSE
C07499,1,0,0.01122,Low,0.01283,0.00596,0.00687,LOW RESPONSE
C07500,1,0,0.05441,Low,0.00728,0.02169,-0.01441,NEGATIVE RESPONSE
C07501,1,0,0.05221,Low,0.00459,0.03358,-0.02899,NEGATIVE RESPONSE
C07502,1,0,0.20375,Low,0.00977,0.03767,-0.0279,NEGATIVE RESPONSE
C07503,1,0,0.18592,Low,0.00902,0.03523,-0.02621,NEGATIVE RESPONSE
C07504,1,0,0.12112,Low,0.0082,0.04564,-0.03743,NEGATIVE RESPONSE
C07505,1,0,0.00792,Low,0.0141,0.05415,-0.04005,NEGATIVE RESPONSE
C07506,1,0,0.00269,Low,0.00685,0.00638,0.00047,LOW RESPONSE
C07507,1,0,0.03242,Low,0.00678,0.01394,-0.00716,NEGATIVE RESPONSE
C07508,1,0,0.07595,Low,0.00669,0.03396,-0.02727,NEGATIVE RESPONSE
C07509,1,0,0.11143,Low,0.00901,0.04624,-0.03723,NEGATIVE RESPONSE
C07510,1,0,0.0228,Low,0.01484,0.02905,-0.01421,NEGATIVE RESPONSE
C07511,1,0,0.02077,Low,0.00541,0.02122,-0.01581,NEGATIVE RESPONSE
C07512,1,0,0.00524,Low,0.00452,0.00643,-0.00191,NEGATIVE RESPONSE
C07513,1,0,0.00853,Low,0.00529,0.00955,-0.00425,NEGATIVE RESPONSE
C07514,1,0,0.00549,Low,0.00796,0.02132,-0.01335,NEGATIVE RESPONSE
C07515,1,0,0.41199,Medium,0.01387,0.05121,-0.03734,NEGATIVE RESPONSE
C07516,0,0,0.01182,Low,0.00986,0.02766,-0.0178,NEGATIVE RESPONSE
C07517,1,0,0.05126,Low,0.00876,0.02916,-0.0204,NEGATIVE RESPONSE
C07518,1,0,0.07587,Low,0.00731,0.03508,-0.02777,NEGATIVE RESPONSE
C07519,1,0,0.00604,Low,0.00546,0.00563,-0.00017,LOW RESPONSE
C07520,1,0,0.09853,Low,0.00734,0.02534,-0.018,NEGATIVE RESPONSE
C07521,1,0,0.02337,Low,0.00514,0.01937,-0.01423,NEGATIVE RESPONSE
C07522,1,0,0.05286,Low,0.00572,0.02155,-0.01582,NEGATIVE RESPONSE
C07523,1,0,0.06599,Low,0.00913,0.03257,-0.02345,NEGATIVE RESPONSE
C07524,1,0,0.03463,Low,0.0075,0.04731,-0.03981,NEGATIVE RESPONSE
C07525,1,0,0.11494,Low,0.01935,0.02507,-0.00572,NEGATIVE RESPONSE
C07526,0,0,0.0313,Low,0.01235,0.03582,-0.02347,NEGATIVE RESPONSE
C07527,1,0,0.19975,Low,0.01002,0.04377,-0.03375,NEGATIVE RESPONSE
C07528,1,0,0.07109,Low,0.00845,0.03301,-0.02456,NEGATIVE RESPONSE
C07529,1,0,0.0579,Low,0.00673,0.03391,-0.02719,NEGATIVE RESPONSE
C07530,1,0,0.07058,Low,0.0062,0.03247,-0.02627,NEGATIVE RESPONSE
C07531,1,0,0.00932,Low,0.00943,0.04878,-0.03935,NEGATIVE RESPONSE
C07532,1,0,0.00877,Low,0.00708,0.00603,0.00105,LOW RESPONSE
C07533,1,0,0.09589,Low,0.01343,0.03331,-0.01988,NEGATIVE RESPONSE
C07534,0,0,0.06364,Low,0.01327,0.02505,-0.01178,NEGATIVE RESPONSE
C07535,1,0,0.10397,Low,0.01138,0.04579,-0.03442,NEGATIVE RESPONSE
C07536,1,0,0.05766,Low,0.00827,0.02412,-0.01585,NEGATIVE RESPONSE
C07537,1,0,0.08921,Low,0.0087,0.04762,-0.03892,NEGATIVE RESPONSE
C07538,1,0,0.01978,Low,0.00758,0.03199,-0.02441,NEGATIVE RESPONSE
C07539,1,0,0.20647,Low,0.00815,0.04064,-0.03248,NEGATIVE RESPONSE
C07540,1,0,0.00745,Low,0.01105,0.08133,-0.07028,NEGATIVE RESPONSE
C07541,1,0,0.07099,Low,0.00535,0.02785,-0.02251,NEGATIVE RESPONSE
C07542,1,0,0.01114,Low,0.01182,0.017,-0.00518,NEGATIVE RESPONSE
C07543,1,0,0.00365,Low,0.01063,0.01552,-0.00489,NEGATIVE RESPONSE
C07544,0,0,0.17247,Low,0.0069,0.03839,-0.03149,NEGATIVE RESPONSE
C07545,1,0,0.00333,Low,0.00824,0.00875,-0.00051,LOW RESPONSE
C07546,1,0,0.02308,Low,0.00589,0.02797,-0.02209,NEGATIVE RESPONSE
C07547,0,0,0.00228,Low,0.01301,0.01116,0.00184,LOW RESPONSE
C07548,1,0,0.02886,Low,0.01125,0.04901,-0.03776,NEGATIVE RESPONSE
C07549,1,0,0.02177,Low,0.00551,0.00627,-0.00077,LOW RESPONSE
C07550,1,0,0.0303,Low,0.00585,0.08009,-0.07425,NEGATIVE RESPONSE
C07551,1,0,0.08575,Low,0.0121,0.07534,-0.06324,NEGATIVE RESPONSE
C07552,1,1,0.94758,Critical,0.01547,0.09399,-0.07852,NEGATIVE RESPONSE
C07553,1,0,0.0368,Low,0.00547,0.02475,-0.01929,NEGATIVE RESPONSE
C07554,1,1,0.10459,Low,0.01096,0.1281,-0.11714,NEGATIVE RESPONSE
C07555,1,0,0.07603,Low,0.00821,0.03066,-0.02245,NEGATIVE RESPONSE
C07556,1,0,0.03274,Low,0.01242,0.01583,-0.00341,NEGATIVE RESPONSE
C07557,0,0,0.14001,Low,0.00537,0.04669,-0.04132,NEGATIVE RESPONSE
C07558,1,0,0.00773,Low,0.00751,0.00647,0.00104,LOW RESPONSE
C07559,1,0,0.02087,Low,0.0085,0.0224,-0.0139,NEGATIVE RESPONSE
C07560,1,0,0.03108,Low,0.00663,0.03097,-0.02434,NEGATIVE RESPONSE
C07561,1,0,0.08048,Low,0.00694,0.05418,-0.04724,NEGATIVE RESPONSE
C07562,1,0,0.00406,Low,0.00756,0.03003,-0.02247,NEGATIVE RESPONSE
C07563,1,0,0.07429,Low,0.00488,0.02342,-0.01854,NEGATIVE RESPONSE
C07564,0,0,0.38128,Medium,0.01023,0.04171,-0.03148,NEGATIVE RESPONSE
C07565,1,0,0.06913,Low,0.00705,0.02594,-0.01889,NEGATIVE RESPONSE
C07566,1,0,0.33688,Medium,0.01009,0.06443,-0.05434,NEGATIVE RESPONSE
C07567,1,0,0.00419,Low,0.00998,0.01174,-0.00177,NEGATIVE RESPONSE
C07568,0,0,0.07956,Low,0.00726,0.03179,-0.02453,NEGATIVE RESPONSE
C07569,0,0,0.26927,Low,0.01252,0.0343,-0.02178,NEGATIVE RESPONSE
C07570,1,0,0.0496,Low,0.00904,0.03939,-0.03035,NEGATIVE RESPONSE
C07571,1,0,0.06306,Low,0.01834,0.07634,-0.058,NEGATIVE RESPONSE
C07572,0,0,0.02929,Low,0.0053,0.02082,-0.01552,NEGATIVE RESPONSE
C07573,0,0,0.02391,Low,0.00606,0.02216,-0.0161,NEGATIVE RESPONSE
C07574,1,0,0.00182,Low,0.00556,0.00515,0.00042,LOW RESPONSE
C07575,1,0,0.1838,Low,0.00914,0.02978,-0.02064,NEGATIVE RESPONSE
C07576,1,0,0.10679,Low,0.01417,0.03598,-0.02181,NEGATIVE RESPONSE
C07577,1,0,0.14422,Low,0.01377,0.03594,-0.02217,NEGATIVE RESPONSE
C07578,1,0,0.04305,Low,0.01155,0.05267,-0.04112,NEGATIVE RESPONSE
C07579,1,0,0.01255,Low,0.00715,0.0302,-0.02306,NEGATIVE RESPONSE
C07580,1,0,0.01133,Low,0.00819,0.00739,0.0008,LOW RESPONSE
C07581,1,0,0.03176,Low,0.0141,0.03956,-0.02546,NEGATIVE RESPONSE
C07582,1,0,0.05815,Low,0.00794,0.04,-0.03206,NEGATIVE RESPONSE
C07583,1,0,0.01685,Low,0.00742,0.03286,-0.02544,NEGATIVE RESPONSE
C07584,0,0,0.09218,Low,0.007,0.02811,-0.02112,NEGATIVE RESPONSE
C07585,1,0,0.00583,Low,0.00526,0.00797,-0.00271,NEGATIVE RESPONSE
C07586,1,0,0.01939,Low,0.00731,0.01716,-0.00984,NEGATIVE RESPONSE
C07587,1,0,0.08981,Low,0.00548,0.02829,-0.02281,NEGATIVE RESPONSE
C07588,1,0,0.03036,Low,0.00603,0.02783,-0.0218,NEGATIVE RESPONSE
C07589,1,0,0.0115,Low,0.00472,0.02657,-0.02185,NEGATIVE RESPONSE
C07590,1,0,0.08934,Low,0.00944,0.02954,-0.02011,NEGATIVE RESPONSE
C07591,1,1,0.89734,Critical,0.00798,0.06041,-0.05244,NEGATIVE RESPONSE
C07592,1,0,0.0593,Low,0.0104,0.03783,-0.02743,NEGATIVE RESPONSE
C07593,1,0,0.08732,Low,0.00645,0.02739,-0.02094,NEGATIVE RESPONSE
C07594,1,0,0.22943,Low,0.0061,0.08656,-0.08046,NEGATIVE RESPONSE
C07595,1,0,0.00904,Low,0.00797,0.00666,0.00132,LOW RESPONSE
C07596,1,1,0.9593,Critical,0.01099,0.09585,-0.08486,NEGATIVE RESPONSE
C07597,1,0,0.02463,Low,0.00473,0.03754,-0.03281,NEGATIVE RESPONSE
C07598,1,0,0.01256,Low,0.00926,0.02552,-0.01627,NEGATIVE RESPONSE
C07599,1,0,0.02593,Low,0.00533,0.02928,-0.02394,NEGATIVE RESPONSE
C07600,1,0,0.27117,Low,0.01237,0.06704,-0.05466,NEGATIVE RESPONSE
C07601,1,0,0.02766,Low,0.00814,0.02993,-0.02179,NEGATIVE RESPONSE
C07602,1,0,0.0462,Low,0.0069,0.0375,-0.0306,NEGATIVE RESPONSE
C07603,1,0,0.25841,Low,0.00963,0.03418,-0.02454,NEGATIVE RESPONSE
C07604,1,0,0.04563,Low,0.009,0.02295,-0.01396,NEGATIVE RESPONSE
C07605,0,0,0.05216,Low,0.00604,0.0383,-0.03226,NEGATIVE RESPONSE
C07606,1,0,0.03041,Low,0.01249,0.01184,0.00065,LOW RESPONSE
C07607,1,0,0.00542,Low,0.00535,0.00752,-0.00217,NEGATIVE RESPONSE
C07608,0,0,0.0848,Low,0.00489,0.03237,-0.02748,NEGATIVE RESPONSE
C07609,1,0,0.13021,Low,0.01084,0.11791,-0.10707,NEGATIVE RESPONSE
C07610,1,0,0.07961,Low,0.00782,0.02137,-0.01354,NEGATIVE RESPONSE
C07611,0,0,0.01845,Low,0.01208,0.06475,-0.05267,NEGATIVE RESPONSE
C07612,1,0,0.11489,Low,0.00938,0.02926,-0.01988,NEGATIVE RESPONSE
C07613,1,0,0.07406,Low,0.01039,0.0343,-0.02391,NEGATIVE RESPONSE
C07614,1,0,0.03732,Low,0.01183,0.05608,-0.04426,NEGATIVE RESPONSE
C07615,1,0,0.15917,Low,0.00546,0.03249,-0.02703,NEGATIVE RESPONSE
C07616,0,0,0.06203,Low,0.00627,0.03503,-0.02876,NEGATIVE RESPONSE
C07617,0,0,0.07808,Low,0.00814,0.02989,-0.02176,NEGATIVE RESPONSE
C07618,1,0,0.00189,Low,0.01389,0.0106,0.00329,LOW RESPONSE
C07619,1,1,0.89543,Critical,0.00874,0.04712,-0.03838,NEGATIVE RESPONSE
C07620,1,0,0.33453,Medium,0.0068,0.03391,-0.02711,NEGATIVE RESPONSE
C07621,1,0,0.02775,Low,0.00823,0.0319,-0.02367,NEGATIVE RESPONSE
C07622,0,0,0.20708,Low,0.00596,0.08089,-0.07494,NEGATIVE RESPONSE
C07623,1,0,0.08654,Low,0.00619,0.03121,-0.02501,NEGATIVE RESPONSE
C07624,0,0,0.0263,Low,0.00476,0.03045,-0.02569,NEGATIVE RESPONSE
C07625,1,0,0.05518,Low,0.00671,0.02895,-0.02224,NEGATIVE RESPONSE
C07626,1,0,0.00809,Low,0.00785,0.01554,-0.00769,NEGATIVE RESPONSE
C07627,1,0,0.02672,Low,0.00821,0.02423,-0.01602,NEGATIVE RESPONSE
C07628,1,0,0.09988,Low,0.01842,0.05049,-0.03207,NEGATIVE RESPONSE
C07629,1,0,0.00718,Low,0.00634,0.00514,0.00119,LOW RESPONSE
C07630,1,0,0.02081,Low,0.00779,0.03978,-0.03198,NEGATIVE RESPONSE
C07631,1,0,0.0519,Low,0.00482,0.02633,-0.02151,NEGATIVE RESPONSE
C07632,1,0,0.1471,Low,0.00467,0.0241,-0.01943,NEGATIVE RESPONSE
C07633,0,0,0.09282,Low,0.01228,0.0713,-0.05902,NEGATIVE RESPONSE
C07634,1,0,0.00688,Low,0.00417,0.01443,-0.01026,NEGATIVE RESPONSE
C07635,0,0,0.00554,Low,0.0086,0.00774,0.00086,LOW RESPONSE
C07636,0,0,0.02144,Low,0.01165,0.02164,-0.00999,NEGATIVE RESPONSE
C07637,1,0,0.04712,Low,0.01077,0.0452,-0.03443,NEGATIVE RESPONSE
C07638,1,0,0.00281,Low,0.00889,0.00753,0.00136,LOW RESPONSE
C07639,0,0,0.08831,Low,0.00877,0.04409,-0.03532,NEGATIVE RESPONSE
C07640,0,0,0.08236,Low,0.01522,0.10467,-0.08945,NEGATIVE RESPONSE
C07641,1,0,0.00572,Low,0.0082,0.03239,-0.02419,NEGATIVE RESPONSE
C07642,1,0,0.01139,Low,0.012,0.0081,0.00391,LOW RESPONSE
C07643,1,0,0.12227,Low,0.00993,0.03888,-0.02895,NEGATIVE RESPONSE
C07644,1,0,0.0439,Low,0.00913,0.03038,-0.02125,NEGATIVE RESPONSE
C07645,1,0,0.16387,Low,0.00921,0.0454,-0.03619,NEGATIVE RESPONSE
C07646,1,0,0.00802,Low,0.00971,0.02908,-0.01937,NEGATIVE RESPONSE
C07647,1,0,0.16081,Low,0.01015,0.07399,-0.06384,NEGATIVE RESPONSE
C07648,1,0,0.03727,Low,0.00849,0.03599,-0.02751,NEGATIVE RESPONSE
C07649,1,0,0.01858,Low,0.01293,0.02684,-0.01391,NEGATIVE RESPONSE
C07650,1,0,0.08525,Low,0.02279,0.06032,-0.03752,NEGATIVE RESPONSE
C07651,0,0,0.01139,Low,0.00971,0.00722,0.00249,LOW RESPONSE
C07652,1,0,0.03188,Low,0.00505,0.03531,-0.03026,NEGATIVE RESPONSE
C07653,1,0,0.00899,Low,0.00807,0.006,0.00207,LOW RESPONSE
C07654,1,0,0.13077,Low,0.00811,0.02697,-0.01886,NEGATIVE RESPONSE
C07655,1,0,0.02976,Low,0.00594,0.02822,-0.02228,NEGATIVE RESPONSE
C07656,0,0,0.02886,Low,0.00751,0.03262,-0.02511,NEGATIVE RESPONSE
C07657,1,0,0.16879,Low,0.00481,0.04581,-0.041,NEGATIVE RESPONSE
C07658,1,0,0.01482,Low,0.00865,0.01687,-0.00822,NEGATIVE RESPONSE
C07659,1,0,0.33127,Medium,0.0063,0.06173,-0.05543,NEGATIVE RESPONSE
C07660,1,0,0.16603,Low,0.00696,0.04713,-0.04017,NEGATIVE RESPONSE
C07661,1,0,0.097,Low,0.00731,0.04464,-0.03733,NEGATIVE RESPONSE
C07662,1,0,0.12771,Low,0.00796,0.02974,-0.02177,NEGATIVE RESPONSE
C07663,0,0,0.00297,Low,0.00642,0.00918,-0.00276,NEGATIVE RESPONSE
C07664,1,0,0.01505,Low,0.01191,0.0395,-0.02758,NEGATIVE RESPONSE
C07665,1,0,0.06002,Low,0.00704,0.02718,-0.02014,NEGATIVE RESPONSE
C07666,1,0,0.01013,Low,0.00624,0.00641,-0.00017,LOW RESPONSE
C07667,1,0,0.02002,Low,0.00695,0.04873,-0.04178,NEGATIVE RESPONSE
C07668,1,0,0.03992,Low,0.00637,0.04764,-0.04127,NEGATIVE RESPONSE
C07669,1,0,0.04263,Low,0.00902,0.03034,-0.02133,NEGATIVE RESPONSE
C07670,1,0,0.08698,Low,0.00876,0.03257,-0.02381,NEGATIVE RESPONSE
C07671,1,0,0.03292,Low,0.01163,0.051,-0.03938,NEGATIVE RESPONSE
C07672,1,0,0.00566,Low,0.00605,0.00653,-0.00048,LOW RESPONSE
C07673,1,0,0.03557,Low,0.00729,0.02317,-0.01589,NEGATIVE RESPONSE
C07674,1,0,0.00843,Low,0.00459,0.01877,-0.01418,NEGATIVE RESPONSE
C07675,0,0,0.11833,Low,0.0072,0.03428,-0.02709,NEGATIVE RESPONSE
C07676,1,0,0.01602,Low,0.00418,0.02324,-0.01906,NEGATIVE RESPONSE
C07677,1,0,0.1174,Low,0.00545,0.02962,-0.02417,NEGATIVE RESPONSE
C07678,1,0,0.17761,Low,0.00724,0.06732,-0.06008,NEGATIVE RESPONSE
C07679,1,0,0.04602,Low,0.00492,0.0284,-0.02348,NEGATIVE RESPONSE
C07680,0,0,0.17635,Low,0.00997,0.03081,-0.02084,NEGATIVE RESPONSE
C07681,1,0,0.00345,Low,0.01215,0.01384,-0.00169,NEGATIVE RESPONSE
C07682,1,0,0.12511,Low,0.00856,0.03246,-0.0239,NEGATIVE RESPONSE
C07683,1,0,0.00562,Low,0.0058,0.01112,-0.00532,NEGATIVE RESPONSE
C07684,1,0,0.00391,Low,0.0089,0.0086,0.0003,LOW RESPONSE
C07685,1,0,0.0052,Low,0.0063,0.00681,-0.00051,LOW RESPONSE
C07686,1,0,0.00796,Low,0.00657,0.0348,-0.02823,NEGATIVE RESPONSE
C07687,0,0,0.11969,Low,0.01048,0.03951,-0.02903,NEGATIVE RESPONSE
C07688,1,0,0.00247,Low,0.013,0.00731,0.00569,LOW RESPONSE
C07689,1,0,0.19018,Low,0.00567,0.04585,-0.04018,NEGATIVE RESPONSE
C07690,1,0,0.00824,Low,0.00484,0.01994,-0.01509,NEGATIVE RESPONSE
C07691,1,0,0.09298,Low,0.00435,0.03633,-0.03197,NEGATIVE RESPONSE
C07692,1,0,0.00159,Low,0.01171,0.00662,0.0051,LOW RESPONSE
C07693,1,0,0.06883,Low,0.00576,0.02902,-0.02325,NEGATIVE RESPONSE
C07694,1,0,0.07628,Low,0.01197,0.03911,-0.02714,NEGATIVE RESPONSE
C07695,1,0,0.09049,Low,0.0206,0.03791,-0.01731,NEGATIVE RESPONSE
C07696,1,0,0.03839,Low,0.008,0.04128,-0.03328,NEGATIVE RESPONSE
C07697,1,0,0.14506,Low,0.01071,0.05227,-0.04156,NEGATIVE RESPONSE
C07698,0,0,0.09803,Low,0.01203,0.09376,-0.08173,NEGATIVE RESPONSE
C07699,1,0,0.11952,Low,0.00604,0.02737,-0.02134,NEGATIVE RESPONSE
C07700,1,0,0.01607,Low,0.007,0.02472,-0.01772,NEGATIVE RESPONSE
C07701,1,0,0.05005,Low,0.00552,0.0369,-0.03138,NEGATIVE RESPONSE
C07702,1,0,0.11522,Low,0.00611,0.03051,-0.0244,NEGATIVE RESPONSE
C07703,1,1,0.94346,Critical,0.00492,0.1505,-0.14558,NEGATIVE RESPONSE
C07704,1,0,0.22337,Low,0.00816,0.0577,-0.04955,NEGATIVE RESPONSE
C07705,1,0,0.12517,Low,0.00841,0.04876,-0.04035,NEGATIVE RESPONSE
C07706,1,0,0.04216,Low,0.01703,0.04541,-0.02838,NEGATIVE RESPONSE
C07707,1,0,0.03989,Low,0.00974,0.04202,-0.03228,NEGATIVE RESPONSE
C07708,1,0,0.0238,Low,0.00969,0.00839,0.0013,LOW RESPONSE
C07709,1,0,0.32329,Medium,0.00924,0.04859,-0.03935,NEGATIVE RESPONSE
C07710,1,0,0.00539,Low,0.00645,0.00741,-0.00096,LOW RESPONSE
C07711,1,0,0.12367,Low,0.01195,0.04249,-0.03054,NEGATIVE RESPONSE
C07712,1,0,0.03694,Low,0.00671,0.03338,-0.02666,NEGATIVE RESPONSE
C07713,0,0,0.0828,Low,0.01396,0.06876,-0.0548,NEGATIVE RESPONSE
C07714,1,0,0.08648,Low,0.01334,0.03712,-0.02378,NEGATIVE RESPONSE
C07715,0,0,0.01309,Low,0.01186,0.00538,0.00648,LOW RESPONSE
C07716,1,0,0.0729,Low,0.00781,0.04295,-0.03514,NEGATIVE RESPONSE
C07717,1,0,0.00389,Low,0.00484,0.00432,0.00052,LOW RESPONSE
C07718,1,0,0.03169,Low,0.00561,0.02335,-0.01773,NEGATIVE RESPONSE
C07719,1,0,0.01128,Low,0.0067,0.03618,-0.02947,NEGATIVE RESPONSE
C07720,1,0,0.05052,Low,0.00578,0.02625,-0.02047,NEGATIVE RESPONSE
C07721,1,0,0.02753,Low,0.00963,0.02023,-0.0106,NEGATIVE RESPONSE
C07722,1,0,0.08026,Low,0.00423,0.02374,-0.01951,NEGATIVE RESPONSE
C07723,1,0,0.01563,Low,0.00799,0.01941,-0.01141,NEGATIVE RESPONSE
C07724,1,0,0.0643,Low,0.00831,0.03693,-0.02862,NEGATIVE RESPONSE
C07725,0,0,0.01613,Low,0.00846,0.01474,-0.00628,NEGATIVE RESPONSE
C07726,1,0,0.24116,Low,0.007,0.05542,-0.04842,NEGATIVE RESPONSE
C07727,0,0,0.11918,Low,0.00493,0.05609,-0.05116,NEGATIVE RESPONSE
C07728,1,0,0.00519,Low,0.01249,0.01381,-0.00132,NEGATIVE RESPONSE
C07729,1,0,0.02355,Low,0.00483,0.02064,-0.01581,NEGATIVE RESPONSE
C07730,0,0,0.06021,Low,0.00881,0.0365,-0.02769,NEGATIVE RESPONSE
C07731,1,0,0.40146,Medium,0.00584,0.07302,-0.06718,NEGATIVE RESPONSE
C07732,1,0,0.00828,Low,0.00594,0.01148,-0.00554,NEGATIVE RESPONSE
C07733,1,0,0.01238,Low,0.00651,0.01856,-0.01205,NEGATIVE RESPONSE
C07734,1,0,0.16955,Low,0.00746,0.0534,-0.04594,NEGATIVE RESPONSE
C07735,1,0,0.0568,Low,0.00771,0.02322,-0.01551,NEGATIVE RESPONSE
C07736,1,0,0.08473,Low,0.00919,0.03483,-0.02564,NEGATIVE RESPONSE
C07737,0,0,0.01499,Low,0.00502,0.02066,-0.01564,NEGATIVE RESPONSE
C07738,1,0,0.01401,Low,0.0105,0.00651,0.00399,LOW RESPONSE
C07739,1,0,0.13953,Low,0.00549,0.05287,-0.04738,NEGATIVE RESPONSE
C07740,1,0,0.12813,Low,0.00872,0.05779,-0.04907,NEGATIVE RESPONSE
C07741,0,0,0.15801,Low,0.00749,0.07216,-0.06466,NEGATIVE RESPONSE
C07742,1,0,0.00569,Low,0.00705,0.02021,-0.01316,NEGATIVE RESPONSE
C07743,1,0,0.01676,Low,0.01354,0.01289,0.00065,LOW RESPONSE
C07744,1,0,0.00759,Low,0.00654,0.00769,-0.00114,NEGATIVE RESPONSE
C07745,1,0,0.12854,Low,0.00811,0.04437,-0.03626,NEGATIVE RESPONSE
C07746,1,0,0.0747,Low,0.00732,0.0394,-0.03208,NEGATIVE RESPONSE
C07747,1,0,0.03855,Low,0.00468,0.02073,-0.01605,NEGATIVE RESPONSE
C07748,1,0,0.02056,Low,0.011,0.04262,-0.03162,NEGATIVE RESPONSE
C07749,1,0,0.00685,Low,0.00741,0.00634,0.00108,LOW RESPONSE
C07750,1,0,0.01472,Low,0.00716,0.02425,-0.01709,NEGATIVE RESPONSE
C07751,1,0,0.06672,Low,0.00842,0.036,-0.02758,NEGATIVE RESPONSE
C07752,0,0,0.06925,Low,0.007,0.04067,-0.03367,NEGATIVE RESPONSE
C07753,1,0,0.05066,Low,0.00543,0.03625,-0.03082,NEGATIVE RESPONSE
C07754,0,0,0.02306,Low,0.00656,0.01594,-0.00938,NEGATIVE RESPONSE
C07755,1,0,0.0081,Low,0.0052,0.00516,4e-05,LOW RESPONSE
C07756,1,1,0.84445,Critical,0.00643,0.04233,-0.0359,NEGATIVE RESPONSE
C07757,1,0,0.10711,Low,0.02579,0.05596,-0.03017,NEGATIVE RESPONSE
C07758,1,0,0.00864,Low,0.00447,0.02175,-0.01729,NEGATIVE RESPONSE
C07759,0,0,0.05048,Low,0.00918,0.03705,-0.02787,NEGATIVE RESPONSE
C07760,1,1,0.96703,Critical,0.0151,0.20815,-0.19306,NEGATIVE RESPONSE
C07761,0,0,0.04812,Low,0.01228,0.04392,-0.03164,NEGATIVE RESPONSE
C07762,1,0,0.19509,Low,0.02252,0.04345,-0.02093,NEGATIVE RESPONSE
C07763,0,0,0.01673,Low,0.0094,0.00609,0.0033,LOW RESPONSE
C07764,1,0,0.02375,Low,0.00845,0.00819,0.00025,LOW RESPONSE
C07765,1,0,0.17336,Low,0.00807,0.0418,-0.03373,NEGATIVE RESPONSE
C07766,1,0,0.03902,Low,0.00701,0.04743,-0.04042,NEGATIVE RESPONSE
C07767,0,0,0.03853,Low,0.00748,0.02985,-0.02237,NEGATIVE RESPONSE
C07768,1,0,0.33169,Medium,0.00838,0.0325,-0.02412,NEGATIVE RESPONSE
C07769,1,0,0.00932,Low,0.00535,0.02138,-0.01603,NEGATIVE RESPONSE
C07770,1,0,0.01401,Low,0.00523,0.01643,-0.0112,NEGATIVE RESPONSE
C07771,1,0,0.35969,Medium,0.0116,0.08157,-0.06997,NEGATIVE RESPONSE
C07772,1,0,0.03307,Low,0.0067,0.03076,-0.02407,NEGATIVE RESPONSE
C07773,1,0,0.0528,Low,0.00641,0.02773,-0.02132,NEGATIVE RESPONSE
C07774,1,0,0.04949,Low,0.00451,0.03239,-0.02788,NEGATIVE RESPONSE
C07775,0,0,0.00633,Low,0.00632,0.02933,-0.023,NEGATIVE RESPONSE
C07776,1,0,0.09908,Low,0.01048,0.04994,-0.03945,NEGATIVE RESPONSE
C07777,1,0,0.00722,Low,0.00954,0.00968,-0.00014,LOW RESPONSE
C07778,1,0,0.00364,Low,0.00578,0.00788,-0.0021,NEGATIVE RESPONSE
C07779,1,0,0.02111,Low,0.02036,0.01601,0.00435,LOW RESPONSE
C07780,1,0,0.03472,Low,0.00631,0.02495,-0.01864,NEGATIVE RESPONSE
C07781,1,1,0.94129,Critical,0.01077,0.02507,-0.0143,NEGATIVE RESPONSE
C07782,1,0,0.13013,Low,0.00588,0.05039,-0.04451,NEGATIVE RESPONSE
C07783,1,0,0.0041,Low,0.01437,0.00497,0.00939,LOW RESPONSE
C07784,1,0,0.0145,Low,0.00688,0.00943,-0.00255,NEGATIVE RESPONSE
C07785,1,0,0.00669,Low,0.01146,0.01115,0.0003,LOW RESPONSE
C07786,1,0,0.05846,Low,0.00764,0.03001,-0.02237,NEGATIVE RESPONSE
C07787,1,0,0.10052,Low,0.00668,0.0268,-0.02013,NEGATIVE RESPONSE
C07788,1,0,0.08673,Low,0.01285,0.05358,-0.04073,NEGATIVE RESPONSE
C07789,1,0,0.19419,Low,0.00737,0.05057,-0.0432,NEGATIVE RESPONSE
C07790,1,0,0.02291,Low,0.00577,0.02807,-0.0223,NEGATIVE RESPONSE
C07791,1,0,0.0032,Low,0.00493,0.01521,-0.01027,NEGATIVE RESPONSE
C07792,1,0,0.05615,Low,0.00577,0.03546,-0.02969,NEGATIVE RESPONSE
C07793,1,0,0.02032,Low,0.00868,0.04257,-0.03389,NEGATIVE RESPONSE
C07794,1,0,0.03516,Low,0.0103,0.04388,-0.03358,NEGATIVE RESPONSE
C07795,1,0,0.03208,Low,0.00894,0.06431,-0.05537,NEGATIVE RESPONSE
C07796,1,0,0.01043,Low,0.00626,0.00897,-0.00271,NEGATIVE RESPONSE
C07797,0,0,0.02936,Low,0.00526,0.02744,-0.02218,NEGATIVE RESPONSE
C07798,0,0,0.02498,Low,0.00864,0.03599,-0.02735,NEGATIVE RESPONSE
C07799,1,0,0.08452,Low,0.00932,0.03651,-0.0272,NEGATIVE RESPONSE
C07800,1,0,0.01015,Low,0.00668,0.02566,-0.01897,NEGATIVE RESPONSE
C07801,1,0,0.00665,Low,0.0049,0.02222,-0.01731,NEGATIVE RESPONSE
C07802,1,0,0.07883,Low,0.00787,0.04306,-0.03519,NEGATIVE RESPONSE
C07803,1,0,0.00749,Low,0.01183,0.00831,0.00352,LOW RESPONSE
C07804,1,0,0.02686,Low,0.00609,0.02319,-0.01709,NEGATIVE RESPONSE
C07805,0,0,0.1104,Low,0.00724,0.03588,-0.02864,NEGATIVE RESPONSE
C07806,1,0,0.20694,Low,0.00551,0.04837,-0.04286,NEGATIVE RESPONSE
C07807,1,0,0.03068,Low,0.00997,0.03087,-0.0209,NEGATIVE RESPONSE
C07808,1,0,0.07104,Low,0.01059,0.03675,-0.02615,NEGATIVE RESPONSE
C07809,0,0,0.0304,Low,0.00613,0.03218,-0.02605,NEGATIVE RESPONSE
C07810,1,0,0.05715,Low,0.00772,0.02746,-0.01974,NEGATIVE RESPONSE
C07811,1,0,0.0657,Low,0.00633,0.02683,-0.0205,NEGATIVE RESPONSE
C07812,1,0,0.02962,Low,0.00831,0.0303,-0.02198,NEGATIVE RESPONSE
C07813,1,0,0.24974,Low,0.00571,0.03919,-0.03348,NEGATIVE RESPONSE
C07814,0,0,0.05097,Low,0.00474,0.04638,-0.04164,NEGATIVE RESPONSE
C07815,1,0,0.02463,Low,0.01868,0.01019,0.0085,LOW RESPONSE
C07816,1,0,0.03732,Low,0.00483,0.03242,-0.0276,NEGATIVE RESPONSE
C07817,1,0,0.0105,Low,0.01297,0.00894,0.00403,LOW RESPONSE
C07818,0,0,0.01963,Low,0.00442,0.0244,-0.01997,NEGATIVE RESPONSE
C07819,1,0,0.02312,Low,0.00527,0.03931,-0.03405,NEGATIVE RESPONSE
C07820,1,0,0.02566,Low,0.01145,0.02015,-0.0087,NEGATIVE RESPONSE
C07821,1,0,0.16144,Low,0.01303,0.07451,-0.06147,NEGATIVE RESPONSE
C07822,1,0,0.0871,Low,0.01127,0.02596,-0.01469,NEGATIVE RESPONSE
C07823,1,0,0.02118,Low,0.00682,0.02224,-0.01543,NEGATIVE RESPONSE
C07824,1,0,0.00957,Low,0.00623,0.02927,-0.02304,NEGATIVE RESPONSE
C07825,1,0,0.01914,Low,0.0092,0.04549,-0.0363,NEGATIVE RESPONSE
C07826,1,0,0.08299,Low,0.00641,0.0582,-0.05179,NEGATIVE RESPONSE
C07827,1,0,0.01167,Low,0.00609,0.05225,-0.04615,NEGATIVE RESPONSE
C07828,1,0,0.00227,Low,0.00508,0.00568,-0.0006,LOW RESPONSE
C07829,0,0,0.02873,Low,0.00884,0.01651,-0.00766,NEGATIVE RESPONSE
C07830,0,0,0.14915,Low,0.01471,0.05442,-0.03971,NEGATIVE RESPONSE
C07831,1,0,0.01446,Low,0.00588,0.01326,-0.00738,NEGATIVE RESPONSE
C07832,1,0,0.01168,Low,0.00623,0.00959,-0.00336,NEGATIVE RESPONSE
C07833,0,0,0.03715,Low,0.00459,0.02614,-0.02155,NEGATIVE RESPONSE
C07834,1,0,0.00604,Low,0.00929,0.00754,0.00174,LOW RESPONSE
C07835,1,0,0.02517,Low,0.0068,0.05441,-0.04761,NEGATIVE RESPONSE
C07836,1,0,0.29996,Low,0.02256,0.04424,-0.02168,NEGATIVE RESPONSE
C07837,1,0,0.02337,Low,0.01022,0.01443,-0.00421,NEGATIVE RESPONSE
C07838,1,0,0.07374,Low,0.00785,0.03495,-0.0271,NEGATIVE RESPONSE
C07839,0,0,0.00958,Low,0.00919,0.01187,-0.00268,NEGATIVE RESPONSE
C07840,1,0,0.38116,Medium,0.00868,0.05349,-0.04481,NEGATIVE RESPONSE
C07841,1,0,0.03848,Low,0.00949,0.02609,-0.01659,NEGATIVE RESPONSE
C07842,1,0,0.08418,Low,0.0196,0.0359,-0.0163,NEGATIVE RESPONSE
C07843,0,0,0.03216,Low,0.00695,0.02807,-0.02112,NEGATIVE RESPONSE
C07844,1,0,0.01798,Low,0.00589,0.02526,-0.01937,NEGATIVE RESPONSE
C07845,1,0,0.02764,Low,0.00752,0.03936,-0.03184,NEGATIVE RESPONSE
C07846,1,0,0.07388,Low,0.00605,0.02327,-0.01722,NEGATIVE RESPONSE
C07847,1,0,0.01195,Low,0.00728,0.04605,-0.03878,NEGATIVE RESPONSE
C07848,1,0,0.02136,Low,0.01832,0.02238,-0.00407,NEGATIVE RESPONSE
C07849,1,0,0.02594,Low,0.00649,0.02483,-0.01834,NEGATIVE RESPONSE
C07850,1,0,0.10224,Low,0.00744,0.03858,-0.03114,NEGATIVE RESPONSE
C07851,0,0,0.06957,Low,0.0104,0.02292,-0.01252,NEGATIVE RESPONSE
C07852,1,0,0.26001,Low,0.01138,0.05137,-0.03999,NEGATIVE RESPONSE
C07853,1,0,0.01463,Low,0.0061,0.02539,-0.01929,NEGATIVE RESPONSE
C07854,1,0,0.04222,Low,0.00734,0.03183,-0.02449,NEGATIVE RESPONSE
C07855,1,0,0.084,Low,0.00971,0.04472,-0.035,NEGATIVE RESPONSE
C07856,1,0,0.00227,Low,0.00814,0.0068,0.00134,LOW RESPONSE
C07857,0,0,0.09886,Low,0.01015,0.04225,-0.0321,NEGATIVE RESPONSE
C07858,1,0,0.32568,Medium,0.00844,0.04466,-0.03622,NEGATIVE RESPONSE
C07859,1,0,0.00395,Low,0.00527,0.01891,-0.01365,NEGATIVE RESPONSE
C07860,0,0,0.02238,Low,0.00822,0.02242,-0.0142,NEGATIVE RESPONSE
C07861,1,0,0.08374,Low,0.01091,0.03299,-0.02208,NEGATIVE RESPONSE
C07862,1,0,0.03453,Low,0.00784,0.01811,-0.01027,NEGATIVE RESPONSE
C07863,1,0,0.05923,Low,0.01031,0.06901,-0.0587,NEGATIVE RESPONSE
C07864,1,0,0.00228,Low,0.00756,0.00853,-0.00096,LOW RESPONSE
C07865,0,0,0.06691,Low,0.00953,0.03705,-0.02752,NEGATIVE RESPONSE
C07866,1,0,0.47857,Medium,0.02203,0.09541,-0.07338,NEGATIVE RESPONSE
C07867,1,0,0.09689,Low,0.00792,0.03513,-0.02721,NEGATIVE RESPONSE
C07868,1,0,0.00789,Low,0.00968,0.01047,-0.00079,LOW RESPONSE
C07869,1,0,0.04312,Low,0.00559,0.0353,-0.02971,NEGATIVE RESPONSE
C07870,1,0,0.10289,Low,0.01186,0.04732,-0.03546,NEGATIVE RESPONSE
C07871,1,0,0.24001,Low,0.00595,0.041,-0.03504,NEGATIVE RESPONSE
C07872,0,0,0.00901,Low,0.01349,0.03141,-0.01792,NEGATIVE RESPONSE
C07873,1,0,0.08875,Low,0.0056,0.01534,-0.00974,NEGATIVE RESPONSE
C07874,1,0,0.00115,Low,0.00643,0.0087,-0.00227,NEGATIVE RESPONSE
C07875,1,1,0.0601,Low,0.01324,0.0922,-0.07896,NEGATIVE RESPONSE
C07876,1,0,0.01929,Low,0.0287,0.00764,0.02106,LOW RESPONSE
C07877,1,0,0.03154,Low,0.01023,0.03654,-0.02632,NEGATIVE RESPONSE
C07878,1,0,0.00535,Low,0.01226,0.0093,0.00296,LOW RESPONSE
C07879,1,0,0.15435,Low,0.00683,0.03929,-0.03246,NEGATIVE RESPONSE
C07880,1,0,0.01679,Low,0.01147,0.02727,-0.0158,NEGATIVE RESPONSE
C07881,1,0,0.01436,Low,0.01057,0.00738,0.00318,LOW RESPONSE
C07882,0,0,0.01584,Low,0.01056,0.03288,-0.02232,NEGATIVE RESPONSE
C07883,1,0,0.02834,Low,0.0088,0.02166,-0.01286,NEGATIVE RESPONSE
C07884,1,0,0.08303,Low,0.00882,0.04576,-0.03695,NEGATIVE RESPONSE
C07885,1,0,0.18949,Low,0.00825,0.0457,-0.03745,NEGATIVE RESPONSE
C07886,0,0,0.03192,Low,0.00558,0.03036,-0.02478,NEGATIVE RESPONSE
C07887,1,0,0.05661,Low,0.0164,0.11305,-0.09666,NEGATIVE RESPONSE
C07888,0,0,0.08639,Low,0.00913,0.05277,-0.04365,NEGATIVE RESPONSE
C07889,1,0,0.01258,Low,0.01201,0.00688,0.00513,LOW RESPONSE
C07890,1,0,0.00324,Low,0.00568,0.00855,-0.00287,NEGATIVE RESPONSE
C07891,0,0,0.15924,Low,0.00549,0.0322,-0.02671,NEGATIVE RESPONSE
C07892,1,0,0.01649,Low,0.01612,0.01002,0.00609,LOW RESPONSE
C07893,1,0,0.04182,Low,0.01203,0.03962,-0.02759,NEGATIVE RESPONSE
C07894,1,0,0.00195,Low,0.00601,0.00572,0.00029,LOW RESPONSE
C07895,1,0,0.13466,Low,0.00695,0.03991,-0.03296,NEGATIVE RESPONSE
C07896,1,0,0.07116,Low,0.00748,0.03744,-0.02996,NEGATIVE RESPONSE
C07897,1,0,0.00641,Low,0.00473,0.00843,-0.0037,NEGATIVE RESPONSE
C07898,1,0,0.02348,Low,0.00467,0.03404,-0.02936,NEGATIVE RESPONSE
C07899,1,0,0.00301,Low,0.02463,0.03638,-0.01175,NEGATIVE RESPONSE
C07900,1,0,0.00533,Low,0.0129,0.03368,-0.02078,NEGATIVE RESPONSE
C07901,1,0,0.1873,Low,0.00801,0.03803,-0.03002,NEGATIVE RESPONSE
C07902,1,0,0.27374,Low,0.01006,0.04157,-0.03152,NEGATIVE RESPONSE
C07903,0,0,0.01143,Low,0.00906,0.01223,-0.00317,NEGATIVE RESPONSE
C07904,1,0,0.01122,Low,0.00827,0.00812,0.00016,LOW RESPONSE
C07905,1,0,0.00317,Low,0.00811,0.00902,-0.00091,LOW RESPONSE
C07906,1,0,0.01319,Low,0.00779,0.03669,-0.02891,NEGATIVE RESPONSE
C07907,0,0,0.16878,Low,0.0083,0.05417,-0.04587,NEGATIVE RESPONSE
C07908,1,0,0.06104,Low,0.00625,0.04862,-0.04237,NEGATIVE RESPONSE
C07909,1,0,0.05095,Low,0.01155,0.03536,-0.02381,NEGATIVE RESPONSE
C07910,1,0,0.01693,Low,0.01429,0.00933,0.00496,LOW RESPONSE
C07911,1,0,0.00806,Low,0.01087,0.00725,0.00362,LOW RESPONSE
C07912,1,0,0.21776,Low,0.0224,0.08048,-0.05809,NEGATIVE RESPONSE
C07913,1,0,0.00698,Low,0.00455,0.02498,-0.02044,NEGATIVE RESPONSE
C07914,1,0,0.02652,Low,0.0062,0.02644,-0.02024,NEGATIVE RESPONSE
C07915,1,0,0.03637,Low,0.00605,0.04121,-0.03517,NEGATIVE RESPONSE
C07916,1,0,0.01557,Low,0.00568,0.01321,-0.00753,NEGATIVE RESPONSE
C07917,1,0,0.03382,Low,0.01055,0.03641,-0.02586,NEGATIVE RESPONSE
C07918,1,0,0.1355,Low,0.00541,0.03295,-0.02753,NEGATIVE RESPONSE
C07919,1,0,0.01941,Low,0.00762,0.03955,-0.03193,NEGATIVE RESPONSE
C07920,1,0,0.1129,Low,0.02287,0.04844,-0.02556,NEGATIVE RESPONSE
C07921,1,0,0.04081,Low,0.00622,0.03164,-0.02543,NEGATIVE RESPONSE
C07922,1,0,0.11149,Low,0.00969,0.04076,-0.03107,NEGATIVE RESPONSE
C07923,0,0,0.22666,Low,0.019,0.08979,-0.07079,NEGATIVE RESPONSE
C07924,1,0,0.0059,Low,0.00764,0.00862,-0.00098,LOW RESPONSE
C07925,1,1,0.0418,Low,0.00802,0.07176,-0.06374,NEGATIVE RESPONSE
C07926,1,0,0.00402,Low,0.0081,0.02129,-0.01319,NEGATIVE RESPONSE
C07927,1,0,0.06037,Low,0.00414,0.0338,-0.02966,NEGATIVE RESPONSE
C07928,0,0,0.04841,Low,0.00994,0.04552,-0.03558,NEGATIVE RESPONSE
C07929,0,0,0.01583,Low,0.00741,0.03282,-0.02541,NEGATIVE RESPONSE
C07930,1,0,0.2539,Low,0.01663,0.12551,-0.10887,NEGATIVE RESPONSE
C07931,1,0,0.00254,Low,0.01163,0.00728,0.00435,LOW RESPONSE
C07932,1,0,0.05765,Low,0.00812,0.05183,-0.04371,NEGATIVE RESPONSE
C07933,1,0,0.0034,Low,0.00482,0.00553,-0.00071,LOW RESPONSE
C07934,0,0,0.02629,Low,0.00647,0.0262,-0.01973,NEGATIVE RESPONSE
C07935,1,0,0.03349,Low,0.0079,0.04473,-0.03683,NEGATIVE RESPONSE
C07936,0,0,0.0352,Low,0.00757,0.03298,-0.02541,NEGATIVE RESPONSE
C07937,1,0,0.0297,Low,0.00541,0.03882,-0.03342,NEGATIVE RESPONSE
C07938,1,0,0.17038,Low,0.01321,0.07487,-0.06167,NEGATIVE RESPONSE
C07939,1,0,0.04771,Low,0.00461,0.02533,-0.02072,NEGATIVE RESPONSE
C07940,1,0,0.01676,Low,0.00654,0.0095,-0.00296,NEGATIVE RESPONSE
C07941,0,0,0.04307,Low,0.00777,0.02867,-0.02089,NEGATIVE RESPONSE
C07942,0,0,0.20889,Low,0.00862,0.02798,-0.01936,NEGATIVE RESPONSE
C07943,1,0,0.20473,Low,0.00505,0.04245,-0.03739,NEGATIVE RESPONSE
C07944,0,0,0.02783,Low,0.01471,0.01879,-0.00408,NEGATIVE RESPONSE
C07945,1,0,0.04911,Low,0.00694,0.03677,-0.02984,NEGATIVE RESPONSE
C07946,1,0,0.03162,Low,0.01067,0.03287,-0.0222,NEGATIVE RESPONSE
C07947,1,0,0.04899,Low,0.00735,0.03655,-0.0292,NEGATIVE RESPONSE
C07948,1,0,0.04006,Low,0.00891,0.03645,-0.02753,NEGATIVE RESPONSE
C07949,1,0,0.00446,Low,0.00613,0.02153,-0.01541,NEGATIVE RESPONSE
C07950,1,0,0.01758,Low,0.00579,0.00685,-0.00106,NEGATIVE RESPONSE
C07951,1,0,0.10052,Low,0.01048,0.02729,-0.01682,NEGATIVE RESPONSE
C07952,1,0,0.02425,Low,0.00478,0.02137,-0.0166,NEGATIVE RESPONSE
C07953,1,0,0.05887,Low,0.00736,0.0442,-0.03683,NEGATIVE RESPONSE
C07954,1,0,0.00575,Low,0.00935,0.00797,0.00138,LOW RESPONSE
C07955,1,0,0.01201,Low,0.01432,0.00957,0.00475,LOW RESPONSE
C07956,1,0,0.24346,Low,0.01231,0.04648,-0.03418,NEGATIVE RESPONSE
C07957,0,0,0.06059,Low,0.0094,0.02733,-0.01793,NEGATIVE RESPONSE
C07958,1,0,0.01846,Low,0.00644,0.03764,-0.0312,NEGATIVE RESPONSE
C07959,1,0,0.20896,Low,0.00732,0.0692,-0.06188,NEGATIVE RESPONSE
C07960,1,0,0.03685,Low,0.01837,0.01415,0.00422,PERSUADABLE
C07961,1,0,0.17498,Low,0.01943,0.06351,-0.04409,NEGATIVE RESPONSE
C07962,1,0,0.00268,Low,0.00759,0.00833,-0.00074,LOW RESPONSE
C07963,1,0,0.11758,Low,0.0086,0.02976,-0.02116,NEGATIVE RESPONSE
C07964,1,0,0.1106,Low,0.02192,0.09556,-0.07364,NEGATIVE RESPONSE
C07965,1,0,0.0172,Low,0.01285,0.04501,-0.03216,NEGATIVE RESPONSE
C07966,1,0,0.05369,Low,0.00855,0.0336,-0.02504,NEGATIVE RESPONSE
C07967,1,0,0.05802,Low,0.01219,0.02799,-0.0158,NEGATIVE RESPONSE
C07968,0,0,0.02875,Low,0.00555,0.04888,-0.04333,NEGATIVE RESPONSE
C07969,1,0,0.06486,Low,0.01318,0.04754,-0.03436,NEGATIVE RESPONSE
C07970,1,0,0.0682,Low,0.00635,0.04617,-0.03982,NEGATIVE RESPONSE
C07971,1,0,0.00141,Low,0.00403,0.00632,-0.00229,NEGATIVE RESPONSE
C07972,1,0,0.06755,Low,0.00984,0.0438,-0.03396,NEGATIVE RESPONSE
C07973,1,0,0.01971,Low,0.02766,0.02719,0.00047,LOW RESPONSE
C07974,1,0,0.04319,Low,0.03088,0.073,-0.04211,NEGATIVE RESPONSE
C07975,1,0,0.0655,Low,0.01157,0.04136,-0.0298,NEGATIVE RESPONSE
C07976,0,0,0.00218,Low,0.00472,0.00611,-0.00139,NEGATIVE RESPONSE
C07977,1,0,0.02398,Low,0.01749,0.05609,-0.0386,NEGATIVE RESPONSE
C07978,1,1,0.07607,Low,0.00735,0.05512,-0.04778,NEGATIVE RESPONSE
C07979,1,0,0.023,Low,0.0085,0.01302,-0.00452,NEGATIVE RESPONSE
C07980,1,0,0.06924,Low,0.00707,0.04882,-0.04174,NEGATIVE RESPONSE
C07981,1,0,0.06388,Low,0.00601,0.02892,-0.02292,NEGATIVE RESPONSE
C07982,0,0,0.07968,Low,0.00937,0.0275,-0.01812,NEGATIVE RESPONSE
C07983,1,0,0.15118,Low,0.01081,0.03557,-0.02476,NEGATIVE RESPONSE
C07984,1,0,0.13095,Low,0.00808,0.0554,-0.04732,NEGATIVE RESPONSE
C07985,1,0,0.12845,Low,0.01524,0.08111,-0.06587,NEGATIVE RESPONSE
C07986,1,0,0.04435,Low,0.00681,0.01453,-0.00771,NEGATIVE RESPONSE
C07987,1,0,0.06676,Low,0.00723,0.03405,-0.02682,NEGATIVE RESPONSE
C07988,0,0,0.00875,Low,0.01822,0.02906,-0.01084,NEGATIVE RESPONSE
C07989,1,0,0.00458,Low,0.00719,0.02594,-0.01875,NEGATIVE RESPONSE
C07990,1,0,0.16999,Low,0.00759,0.03514,-0.02755,NEGATIVE RESPONSE
C07991,1,0,0.06615,Low,0.00851,0.07151,-0.063,NEGATIVE RESPONSE
C07992,0,0,0.03055,Low,0.00451,0.03773,-0.03322,NEGATIVE RESPONSE
C07993,1,0,0.10607,Low,0.00814,0.04107,-0.03293,NEGATIVE RESPONSE
C07994,1,0,0.0831,Low,0.00752,0.03317,-0.02565,NEGATIVE RESPONSE
C07995,1,0,0.16107,Low,0.01509,0.04554,-0.03045,NEGATIVE RESPONSE
C07996,0,0,0.00761,Low,0.0085,0.00971,-0.00121,NEGATIVE RESPONSE
C07997,1,0,0.10575,Low,0.01376,0.03676,-0.02299,NEGATIVE RESPONSE
C07998,0,0,0.03388,Low,0.00815,0.02706,-0.01891,NEGATIVE RESPONSE
C07999,1,0,0.04702,Low,0.00617,0.02854,-0.02237,NEGATIVE RESPONSE
C08000,1,0,0.13732,Low,0.01645,0.07117,-0.05472,NEGATIVE RESPONSE
C08001,1,0,0.3924,Medium,0.00908,0.09572,-0.08664,NEGATIVE RESPONSE
C08002,0,0,0.05195,Low,0.01669,0.07052,-0.05384,NEGATIVE RESPONSE
C08003,1,0,0.41462,Medium,0.01396,0.08405,-0.07009,NEGATIVE RESPONSE
C08004,1,0,0.00397,Low,0.00939,0.01097,-0.00158,NEGATIVE RESPONSE
C08005,1,0,0.03458,Low,0.00522,0.02824,-0.02302,NEGATIVE RESPONSE
C08006,1,0,0.04315,Low,0.01131,0.07152,-0.06022,NEGATIVE RESPONSE
C08007,1,0,0.03508,Low,0.01481,0.04233,-0.02752,NEGATIVE RESPONSE
C08008,1,0,0.05912,Low,0.007,0.04207,-0.03507,NEGATIVE RESPONSE
C08009,0,0,0.00769,Low,0.01165,0.0566,-0.04495,NEGATIVE RESPONSE
C08010,1,0,0.01292,Low,0.00789,0.02878,-0.0209,NEGATIVE RESPONSE
C08011,1,0,0.18636,Low,0.01429,0.10628,-0.09199,NEGATIVE RESPONSE
C08012,1,0,0.15475,Low,0.01163,0.06643,-0.0548,NEGATIVE RESPONSE
C08013,1,0,0.03327,Low,0.01532,0.01494,0.00038,LOW RESPONSE
C08014,1,0,0.01548,Low,0.01677,0.05483,-0.03805,NEGATIVE RESPONSE
C08015,0,0,0.12971,Low,0.01227,0.06379,-0.05152,NEGATIVE RESPONSE
C08016,1,0,0.01215,Low,0.00785,0.01102,-0.00317,NEGATIVE RESPONSE
C08017,1,0,0.01199,Low,0.00527,0.02363,-0.01836,NEGATIVE RESPONSE
C08018,1,0,0.00452,Low,0.0073,0.00583,0.00146,LOW RESPONSE
C08019,1,0,0.10799,Low,0.01612,0.09161,-0.07549,NEGATIVE RESPONSE
C08020,1,0,0.10513,Low,0.0129,0.08691,-0.074,NEGATIVE RESPONSE
C08021,1,0,0.01353,Low,0.00404,0.03814,-0.0341,NEGATIVE RESPONSE
C08022,1,0,0.00258,Low,0.0049,0.00641,-0.00151,NEGATIVE RESPONSE
C08023,1,0,0.00323,Low,0.01055,0.01233,-0.00178,NEGATIVE RESPONSE
C08024,1,0,0.07795,Low,0.00682,0.04364,-0.03682,NEGATIVE RESPONSE
C08025,1,0,0.12209,Low,0.00803,0.0264,-0.01837,NEGATIVE RESPONSE
C08026,1,0,0.01228,Low,0.01076,0.01159,-0.00083,LOW RESPONSE
C08027,0,0,0.04978,Low,0.00741,0.03485,-0.02744,NEGATIVE RESPONSE
C08028,1,0,0.11196,Low,0.00742,0.03802,-0.0306,NEGATIVE RESPONSE
C08029,1,0,0.20758,Low,0.00455,0.02856,-0.02401,NEGATIVE RESPONSE
C08030,1,0,0.00471,Low,0.01021,0.00671,0.0035,LOW RESPONSE
C08031,1,0,0.02774,Low,0.00722,0.04123,-0.03401,NEGATIVE RESPONSE
C08032,0,1,0.94209,Critical,0.02128,0.04748,-0.0262,NEGATIVE RESPONSE
C08033,1,0,0.03159,Low,0.00688,0.04102,-0.03414,NEGATIVE RESPONSE
C08034,1,0,0.00173,Low,0.00528,0.00706,-0.00178,NEGATIVE RESPONSE
C08035,0,0,0.17922,Low,0.01001,0.06805,-0.05805,NEGATIVE RESPONSE
C08036,1,0,0.11995,Low,0.00811,0.05109,-0.04297,NEGATIVE RESPONSE
C08037,1,1,0.94879,Critical,0.00856,0.10835,-0.09979,NEGATIVE RESPONSE
C08038,1,0,0.11799,Low,0.00639,0.05815,-0.05176,NEGATIVE RESPONSE
C08039,1,0,0.1244,Low,0.0067,0.05599,-0.04929,NEGATIVE RESPONSE
C08040,0,0,0.01502,Low,0.0135,0.03344,-0.01994,NEGATIVE RESPONSE
C08041,1,0,0.05169,Low,0.00794,0.05232,-0.04438,NEGATIVE RESPONSE
C08042,0,0,0.14472,Low,0.01057,0.03473,-0.02416,NEGATIVE RESPONSE
C08043,1,0,0.02362,Low,0.01401,0.05343,-0.03942,NEGATIVE RESPONSE
C08044,1,0,0.01836,Low,0.00574,0.02228,-0.01653,NEGATIVE RESPONSE
C08045,1,0,0.04781,Low,0.00679,0.05788,-0.05109,NEGATIVE RESPONSE
C08046,1,0,0.02126,Low,0.00744,0.028,-0.02056,NEGATIVE RESPONSE
C08047,0,0,0.08219,Low,0.00945,0.0739,-0.06445,NEGATIVE RESPONSE
C08048,1,0,0.00258,Low,0.00992,0.01147,-0.00155,NEGATIVE RESPONSE
C08049,1,0,0.02026,Low,0.00798,0.02947,-0.02149,NEGATIVE RESPONSE
C08050,1,0,0.00877,Low,0.01761,0.01622,0.00139,LOW RESPONSE
C08051,1,0,0.05603,Low,0.0104,0.04731,-0.03691,NEGATIVE RESPONSE
C08052,1,0,0.34008,Medium,0.00986,0.04635,-0.03649,NEGATIVE RESPONSE
C08053,1,0,0.00224,Low,0.00743,0.00637,0.00106,LOW RESPONSE
C08054,1,0,0.28306,Low,0.00594,0.03784,-0.0319,NEGATIVE RESPONSE
C08055,1,0,0.05262,Low,0.00605,0.04831,-0.04226,NEGATIVE RESPONSE
C08056,1,0,0.02618,Low,0.01136,0.03281,-0.02145,NEGATIVE RESPONSE
C08057,1,0,0.00758,Low,0.03494,0.01627,0.01868,HIGHLY PERSUADABLE
C08058,1,0,0.01313,Low,0.0103,0.03226,-0.02196,NEGATIVE RESPONSE
C08059,1,0,0.04905,Low,0.00888,0.03645,-0.02757,NEGATIVE RESPONSE
C08060,1,0,0.08781,Low,0.01122,0.03048,-0.01926,NEGATIVE RESPONSE
C08061,0,0,0.0951,Low,0.006,0.03513,-0.02912,NEGATIVE RESPONSE
C08062,1,0,0.01965,Low,0.01321,0.052,-0.0388,NEGATIVE RESPONSE
C08063,1,0,0.10723,Low,0.01006,0.05049,-0.04043,NEGATIVE RESPONSE
C08064,1,0,0.01908,Low,0.01215,0.04504,-0.03289,NEGATIVE RESPONSE
C08065,1,0,0.03571,Low,0.01236,0.03672,-0.02436,NEGATIVE RESPONSE
C08066,1,0,0.1559,Low,0.00749,0.08802,-0.08053,NEGATIVE RESPONSE
C08067,1,0,0.06022,Low,0.0063,0.02651,-0.02022,NEGATIVE RESPONSE
C08068,1,0,0.00661,Low,0.0143,0.0135,0.00081,LOW RESPONSE
C08069,1,0,0.03806,Low,0.01376,0.02806,-0.0143,NEGATIVE RESPONSE
C08070,1,0,0.11473,Low,0.00989,0.03597,-0.02608,NEGATIVE RESPONSE
C08071,1,0,0.01875,Low,0.0061,0.0177,-0.0116,NEGATIVE RESPONSE
C08072,1,0,0.1041,Low,0.00935,0.03932,-0.02997,NEGATIVE RESPONSE
C08073,1,0,0.02198,Low,0.00982,0.00771,0.0021,LOW RESPONSE
C08074,1,0,0.11656,Low,0.02189,0.0517,-0.02981,NEGATIVE RESPONSE
C08075,1,0,0.16521,Low,0.01326,0.07935,-0.06608,NEGATIVE RESPONSE
C08076,1,0,0.02497,Low,0.00854,0.02776,-0.01922,NEGATIVE RESPONSE
C08077,1,0,0.06053,Low,0.03116,0.08293,-0.05177,NEGATIVE RESPONSE
C08078,1,0,0.05091,Low,0.01191,0.04043,-0.02852,NEGATIVE RESPONSE
C08079,1,0,0.06654,Low,0.01101,0.03965,-0.02864,NEGATIVE RESPONSE
C08080,1,0,0.02366,Low,0.00801,0.02778,-0.01977,NEGATIVE RESPONSE
C08081,1,0,0.01779,Low,0.00551,0.02822,-0.0227,NEGATIVE RESPONSE
C08082,1,0,0.16872,Low,0.00766,0.05526,-0.0476,NEGATIVE RESPONSE
C08083,1,0,0.11193,Low,0.01239,0.05051,-0.03812,NEGATIVE RESPONSE
C08084,0,0,0.08763,Low,0.00577,0.03264,-0.02687,NEGATIVE RESPONSE
C08085,1,0,0.23585,Low,0.00927,0.08298,-0.07371,NEGATIVE RESPONSE
C08086,1,0,0.02157,Low,0.00979,0.03354,-0.02374,NEGATIVE RESPONSE
C08087,1,0,0.01126,Low,0.0321,0.01804,0.01406,LOW RESPONSE
C08088,1,0,0.05937,Low,0.00771,0.03797,-0.03026,NEGATIVE RESPONSE
C08089,1,0,0.26968,Low,0.01365,0.06384,-0.05019,NEGATIVE RESPONSE
C08090,1,0,0.0266,Low,0.01413,0.01711,-0.00297,NEGATIVE RESPONSE
C08091,1,0,0.05899,Low,0.00814,0.03844,-0.0303,NEGATIVE RESPONSE
C08092,1,0,0.01102,Low,0.01145,0.00944,0.00202,LOW RESPONSE
C08093,1,0,0.01251,Low,0.02897,0.01418,0.01479,LOW RESPONSE
C08094,0,0,0.13325,Low,0.01965,0.08956,-0.06992,NEGATIVE RESPONSE
C08095,1,0,0.06866,Low,0.00627,0.04434,-0.03806,NEGATIVE RESPONSE
C08096,1,0,0.05545,Low,0.0045,0.02772,-0.02322,NEGATIVE RESPONSE
C08097,0,0,0.17171,Low,0.00847,0.07038,-0.0619,NEGATIVE RESPONSE
C08098,1,0,0.01203,Low,0.00664,0.00756,-0.00091,LOW RESPONSE
C08099,1,0,0.00516,Low,0.00951,0.00773,0.00177,LOW RESPONSE
C08100,1,0,0.04592,Low,0.00719,0.01852,-0.01133,NEGATIVE RESPONSE
C08101,1,0,0.12428,Low,0.00722,0.07727,-0.07005,NEGATIVE RESPONSE
C08102,1,0,0.01277,Low,0.00965,0.02279,-0.01314,NEGATIVE RESPONSE
C08103,1,0,0.02455,Low,0.01812,0.07068,-0.05256,NEGATIVE RESPONSE
C08104,1,1,0.94269,Critical,0.00842,0.03027,-0.02186,NEGATIVE RESPONSE
C08105,1,1,0.94812,Critical,0.02455,0.14851,-0.12397,NEGATIVE RESPONSE
C08106,1,0,0.029,Low,0.00526,0.04849,-0.04323,NEGATIVE RESPONSE
C08107,1,0,0.00487,Low,0.00723,0.00727,-4e-05,LOW RESPONSE
C08108,1,0,0.01805,Low,0.00641,0.0069,-0.00049,LOW RESPONSE
C08109,1,0,0.04475,Low,0.00698,0.02065,-0.01367,NEGATIVE RESPONSE
C08110,1,0,0.03727,Low,0.00441,0.03237,-0.02796,NEGATIVE RESPONSE
C08111,0,0,0.03456,Low,0.01305,0.03897,-0.02591,NEGATIVE RESPONSE
C08112,1,0,0.00668,Low,0.00732,0.01121,-0.00389,NEGATIVE RESPONSE
C08113,1,0,0.14859,Low,0.01592,0.07572,-0.05979,NEGATIVE RESPONSE
C08114,1,0,0.18965,Low,0.00844,0.05593,-0.04748,NEGATIVE RESPONSE
C08115,1,0,0.09463,Low,0.00762,0.03652,-0.0289,NEGATIVE RESPONSE
C08116,1,0,0.00365,Low,0.01054,0.00844,0.0021,LOW RESPONSE
C08117,1,0,0.39154,Medium,0.00769,0.05228,-0.04459,NEGATIVE RESPONSE
C08118,1,0,0.06365,Low,0.0103,0.01531,-0.00502,NEGATIVE RESPONSE
C08119,1,0,0.01574,Low,0.01497,0.07292,-0.05795,NEGATIVE RESPONSE
C08120,1,0,0.07285,Low,0.0144,0.049,-0.0346,NEGATIVE RESPONSE
C08121,1,0,0.31962,Medium,0.01352,0.06077,-0.04724,NEGATIVE RESPONSE
C08122,1,0,0.00189,Low,0.0048,0.00492,-0.00012,LOW RESPONSE
C08123,1,0,0.01447,Low,0.00398,0.0213,-0.01733,NEGATIVE RESPONSE
C08124,0,0,0.00824,Low,0.01385,0.01848,-0.00463,NEGATIVE RESPONSE
C08125,1,0,0.02086,Low,0.01052,0.01409,-0.00357,NEGATIVE RESPONSE
C08126,1,0,0.06059,Low,0.00442,0.02131,-0.01689,NEGATIVE RESPONSE
C08127,1,0,0.16229,Low,0.01543,0.06291,-0.04748,NEGATIVE RESPONSE
C08128,1,0,0.0728,Low,0.00748,0.0308,-0.02331,NEGATIVE RESPONSE
C08129,1,0,0.00561,Low,0.01433,0.00797,0.00636,LOW RESPONSE
C08130,1,0,0.03052,Low,0.00812,0.06849,-0.06036,NEGATIVE RESPONSE
C08131,1,0,0.00487,Low,0.00906,0.04252,-0.03346,NEGATIVE RESPONSE
C08132,1,0,0.0687,Low,0.00538,0.03794,-0.03255,NEGATIVE RESPONSE
C08133,1,0,0.08664,Low,0.00609,0.03077,-0.02468,NEGATIVE RESPONSE
C08134,0,0,0.10072,Low,0.02236,0.06081,-0.03845,NEGATIVE RESPONSE
C08135,1,0,0.06577,Low,0.00942,0.04902,-0.0396,NEGATIVE RESPONSE
C08136,0,0,0.00245,Low,0.00855,0.00833,0.00021,LOW RESPONSE
C08137,1,0,0.07173,Low,0.01296,0.04537,-0.03241,NEGATIVE RESPONSE
C08138,1,0,0.01882,Low,0.01129,0.03093,-0.01964,NEGATIVE RESPONSE
C08139,0,0,0.00173,Low,0.01196,0.00673,0.00523,LOW RESPONSE
C08140,0,0,0.02659,Low,0.00912,0.0608,-0.05168,NEGATIVE RESPONSE
C08141,1,0,0.02484,Low,0.00714,0.04617,-0.03903,NEGATIVE RESPONSE
C08142,1,0,0.04564,Low,0.00498,0.04606,-0.04109,NEGATIVE RESPONSE
C08143,1,1,0.96552,Critical,0.02818,0.1465,-0.11832,NEGATIVE RESPONSE
C08144,1,0,0.07397,Low,0.00715,0.06711,-0.05996,NEGATIVE RESPONSE
C08145,1,0,0.03176,Low,0.00621,0.04561,-0.03941,NEGATIVE RESPONSE
C08146,1,0,0.00658,Low,0.00754,0.00652,0.00102,LOW RESPONSE
C08147,1,0,0.0064,Low,0.00935,0.01353,-0.00418,NEGATIVE RESPONSE
C08148,1,0,0.0642,Low,0.00739,0.04141,-0.03402,NEGATIVE RESPONSE
C08149,1,0,0.00754,Low,0.00549,0.04062,-0.03513,NEGATIVE RESPONSE
C08150,1,0,0.22297,Low,0.01202,0.03981,-0.02779,NEGATIVE RESPONSE
C08151,1,0,0.03134,Low,0.00478,0.03867,-0.03388,NEGATIVE RESPONSE
C08152,1,0,0.01481,Low,0.00935,0.03965,-0.03031,NEGATIVE RESPONSE
C08153,1,1,0.89838,Critical,0.00973,0.07571,-0.06598,NEGATIVE RESPONSE
C08154,0,0,0.13911,Low,0.00972,0.03699,-0.02727,NEGATIVE RESPONSE
C08155,1,0,0.16962,Low,0.00646,0.03212,-0.02566,NEGATIVE RESPONSE
C08156,1,0,0.02554,Low,0.00869,0.03291,-0.02422,NEGATIVE RESPONSE
C08157,1,0,0.27381,Low,0.00996,0.04424,-0.03428,NEGATIVE RESPONSE
C08158,1,0,0.00321,Low,0.00486,0.01974,-0.01488,NEGATIVE RESPONSE
C08159,1,0,0.00523,Low,0.02001,0.01295,0.00707,LOW RESPONSE
C08160,0,0,0.02667,Low,0.00918,0.02876,-0.01957,NEGATIVE RESPONSE
C08161,1,0,0.06708,Low,0.01266,0.04222,-0.02955,NEGATIVE RESPONSE
C08162,0,0,0.01897,Low,0.00551,0.02813,-0.02262,NEGATIVE RESPONSE
C08163,1,0,0.01451,Low,0.01112,0.01346,-0.00234,NEGATIVE RESPONSE
C08164,1,0,0.1665,Low,0.00969,0.03948,-0.02978,NEGATIVE RESPONSE
C08165,0,0,0.0183,Low,0.00576,0.0078,-0.00204,NEGATIVE RESPONSE
C08166,1,0,0.01324,Low,0.00686,0.03663,-0.02977,NEGATIVE RESPONSE
C08167,0,1,0.96498,Critical,0.05987,0.05655,0.00332,PERSUADABLE
C08168,1,0,0.02394,Low,0.00696,0.03732,-0.03036,NEGATIVE RESPONSE
C08169,1,0,0.01291,Low,0.01435,0.01107,0.00328,LOW RESPONSE
C08170,1,0,0.02883,Low,0.01282,0.03267,-0.01985,NEGATIVE RESPONSE
C08171,1,0,0.10107,Low,0.00995,0.03485,-0.0249,NEGATIVE RESPONSE
C08172,1,0,0.2619,Low,0.02062,0.06481,-0.04419,NEGATIVE RESPONSE
C08173,1,0,0.02556,Low,0.00841,0.02531,-0.0169,NEGATIVE RESPONSE
C08174,1,0,0.00319,Low,0.0096,0.00697,0.00263,LOW RESPONSE
C08175,0,0,0.0345,Low,0.00641,0.03247,-0.02606,NEGATIVE RESPONSE
C08176,0,0,0.01448,Low,0.01024,0.0391,-0.02887,NEGATIVE RESPONSE
C08177,1,0,0.00268,Low,0.00917,0.0076,0.00157,LOW RESPONSE
C08178,1,0,0.07003,Low,0.02023,0.08491,-0.06468,NEGATIVE RESPONSE
C08179,1,0,0.20793,Low,0.01605,0.05753,-0.04148,NEGATIVE RESPONSE
C08180,1,0,0.03613,Low,0.00639,0.03104,-0.02465,NEGATIVE RESPONSE
C08181,1,0,0.09973,Low,0.00464,0.03256,-0.02792,NEGATIVE RESPONSE
C08182,0,0,0.01706,Low,0.00447,0.03927,-0.0348,NEGATIVE RESPONSE
C08183,1,0,0.02163,Low,0.0139,0.04375,-0.02985,NEGATIVE RESPONSE
C08184,1,0,0.08028,Low,0.005,0.03917,-0.03417,NEGATIVE RESPONSE
C08185,1,0,0.18302,Low,0.01106,0.04971,-0.03865,NEGATIVE RESPONSE
C08186,1,0,0.02972,Low,0.00505,0.01953,-0.01447,NEGATIVE RESPONSE
C08187,1,0,0.09636,Low,0.00576,0.05301,-0.04725,NEGATIVE RESPONSE
C08188,1,0,0.06387,Low,0.01184,0.05178,-0.03994,NEGATIVE RESPONSE
C08189,1,0,0.0253,Low,0.00824,0.0239,-0.01566,NEGATIVE RESPONSE
C08190,0,0,0.0304,Low,0.0062,0.03222,-0.02602,NEGATIVE RESPONSE
C08191,0,0,0.0803,Low,0.01069,0.05702,-0.04633,NEGATIVE RESPONSE
C08192,0,0,0.01444,Low,0.00888,0.02247,-0.01359,NEGATIVE RESPONSE
C08193,1,0,0.29564,Low,0.00559,0.0596,-0.05401,NEGATIVE RESPONSE
C08194,1,0,0.18673,Low,0.00678,0.03428,-0.02749,NEGATIVE RESPONSE
C08195,0,0,0.22287,Low,0.0086,0.07181,-0.06321,NEGATIVE RESPONSE
C08196,1,0,0.00716,Low,0.00577,0.02111,-0.01534,NEGATIVE RESPONSE
C08197,1,0,0.00532,Low,0.00883,0.00823,0.0006,LOW RESPONSE
C08198,0,0,0.07092,Low,0.0106,0.0371,-0.0265,NEGATIVE RESPONSE
C08199,0,0,0.00637,Low,0.02531,0.01223,0.01308,LOW RESPONSE
C08200,1,0,0.01583,Low,0.01302,0.01271,0.00031,LOW RESPONSE
C08201,0,0,0.00903,Low,0.00439,0.0289,-0.02452,NEGATIVE RESPONSE
C08202,1,0,0.03204,Low,0.01001,0.03589,-0.02588,NEGATIVE RESPONSE
C08203,1,0,0.24308,Low,0.0113,0.04247,-0.03117,NEGATIVE RESPONSE
C08204,1,0,0.03187,Low,0.00881,0.0364,-0.02759,NEGATIVE RESPONSE
C08205,1,0,0.03041,Low,0.00726,0.03199,-0.02473,NEGATIVE RESPONSE
C08206,1,0,0.00398,Low,0.00738,0.0123,-0.00492,NEGATIVE RESPONSE
C08207,1,0,0.06601,Low,0.0081,0.02684,-0.01874,NEGATIVE RESPONSE
C08208,0,0,0.0289,Low,0.00757,0.02864,-0.02107,NEGATIVE RESPONSE
C08209,1,0,0.01076,Low,0.00956,0.01244,-0.00288,NEGATIVE RESPONSE
C08210,1,0,0.03362,Low,0.00687,0.02401,-0.01714,NEGATIVE RESPONSE
C08211,1,0,0.07316,Low,0.01269,0.04262,-0.02993,NEGATIVE RESPONSE
C08212,1,0,0.00737,Low,0.00554,0.00603,-0.0005,LOW RESPONSE
C08213,0,0,0.05735,Low,0.00672,0.02319,-0.01647,NEGATIVE RESPONSE
C08214,1,0,0.03257,Low,0.00516,0.03703,-0.03188,NEGATIVE RESPONSE
C08215,1,0,0.04711,Low,0.00625,0.02901,-0.02277,NEGATIVE RESPONSE
C08216,1,0,0.09951,Low,0.00442,0.02629,-0.02187,NEGATIVE RESPONSE
C08217,0,0,0.06886,Low,0.0085,0.03784,-0.02934,NEGATIVE RESPONSE
C08218,1,0,0.05283,Low,0.01092,0.04188,-0.03096,NEGATIVE RESPONSE
C08219,1,0,0.01299,Low,0.01041,0.01121,-0.0008,LOW RESPONSE
C08220,1,0,0.07522,Low,0.00997,0.06969,-0.05973,NEGATIVE RESPONSE
C08221,1,0,0.11488,Low,0.02132,0.05841,-0.03709,NEGATIVE RESPONSE
C08222,1,0,0.0042,Low,0.01361,0.01007,0.00354,LOW RESPONSE
C08223,1,0,0.09738,Low,0.00635,0.04414,-0.03779,NEGATIVE RESPONSE
C08224,1,0,0.42379,Medium,0.00926,0.05745,-0.0482,NEGATIVE RESPONSE
C08225,1,0,0.00958,Low,0.0077,0.00989,-0.00219,NEGATIVE RESPONSE
C08226,1,0,0.01296,Low,0.03814,0.02144,0.0167,HIGHLY PERSUADABLE
C08227,1,0,0.09176,Low,0.01552,0.05783,-0.04231,NEGATIVE RESPONSE
C08228,1,0,0.01976,Low,0.00805,0.00711,0.00094,LOW RESPONSE
C08229,1,0,0.01021,Low,0.01613,0.02038,-0.00425,NEGATIVE RESPONSE
C08230,1,0,0.14988,Low,0.00602,0.04632,-0.0403,NEGATIVE RESPONSE
C08231,0,0,0.05855,Low,0.00938,0.04031,-0.03093,NEGATIVE RESPONSE
C08232,1,0,0.05025,Low,0.00722,0.03325,-0.02603,NEGATIVE RESPONSE
C08233,0,0,0.03722,Low,0.00573,0.03032,-0.02459,NEGATIVE RESPONSE
C08234,1,0,0.08249,Low,0.00678,0.02782,-0.02104,NEGATIVE RESPONSE
C08235,1,0,0.02413,Low,0.00963,0.02947,-0.01984,NEGATIVE RESPONSE
C08236,1,0,0.00722,Low,0.0108,0.00883,0.00196,LOW RESPONSE
C08237,1,0,0.03793,Low,0.00496,0.02277,-0.01781,NEGATIVE RESPONSE
C08238,1,0,0.12849,Low,0.01643,0.05244,-0.03601,NEGATIVE RESPONSE
C08239,1,0,0.006,Low,0.00627,0.00823,-0.00196,NEGATIVE RESPONSE
C08240,1,0,0.00183,Low,0.01127,0.00956,0.00172,LOW RESPONSE
C08241,1,0,0.15142,Low,0.01223,0.04258,-0.03035,NEGATIVE RESPONSE
C08242,1,0,0.02697,Low,0.00809,0.04717,-0.03908,NEGATIVE RESPONSE
C08243,1,0,0.0458,Low,0.00548,0.02894,-0.02346,NEGATIVE RESPONSE
C08244,1,0,0.03226,Low,0.00659,0.0244,-0.01781,NEGATIVE RESPONSE
C08245,1,0,0.0207,Low,0.00557,0.01975,-0.01418,NEGATIVE RESPONSE
C08246,1,0,0.04009,Low,0.00831,0.03993,-0.03162,NEGATIVE RESPONSE
C08247,0,0,0.10001,Low,0.00587,0.02542,-0.01954,NEGATIVE RESPONSE
C08248,1,0,0.09607,Low,0.0296,0.08001,-0.05041,NEGATIVE RESPONSE
C08249,1,0,0.04725,Low,0.00705,0.03371,-0.02666,NEGATIVE RESPONSE
C08250,1,0,0.26505,Low,0.01444,0.11533,-0.10089,NEGATIVE RESPONSE
C08251,0,0,0.15724,Low,0.02006,0.07421,-0.05415,NEGATIVE RESPONSE
C08252,1,0,0.43298,Medium,0.01088,0.06081,-0.04992,NEGATIVE RESPONSE
C08253,0,0,0.02858,Low,0.01256,0.05105,-0.03849,NEGATIVE RESPONSE
C08254,0,0,0.12128,Low,0.0076,0.02777,-0.02017,NEGATIVE RESPONSE
C08255,1,0,0.02404,Low,0.00758,0.03419,-0.02661,NEGATIVE RESPONSE
C08256,1,0,0.00646,Low,0.00681,0.02102,-0.01421,NEGATIVE RESPONSE
C08257,1,0,0.06784,Low,0.00988,0.03697,-0.02709,NEGATIVE RESPONSE
C08258,1,0,0.04214,Low,0.00711,0.03889,-0.03178,NEGATIVE RESPONSE
C08259,1,0,0.03236,Low,0.00674,0.03209,-0.02536,NEGATIVE RESPONSE
C08260,1,0,0.00572,Low,0.0079,0.01004,-0.00214,NEGATIVE RESPONSE
C08261,0,0,0.01701,Low,0.00678,0.02675,-0.01997,NEGATIVE RESPONSE
C08262,1,0,0.01281,Low,0.00545,0.02221,-0.01676,NEGATIVE RESPONSE
C08263,1,0,0.0794,Low,0.01049,0.03189,-0.0214,NEGATIVE RESPONSE
C08264,1,0,0.0246,Low,0.0065,0.00866,-0.00215,NEGATIVE RESPONSE
C08265,1,0,0.0497,Low,0.00964,0.03455,-0.02491,NEGATIVE RESPONSE
C08266,1,0,0.02874,Low,0.00887,0.01103,-0.00216,NEGATIVE RESPONSE
C08267,1,0,0.10452,Low,0.00682,0.0403,-0.03348,NEGATIVE RESPONSE
C08268,0,0,0.07654,Low,0.01241,0.06711,-0.0547,NEGATIVE RESPONSE
C08269,1,0,0.24517,Low,0.0112,0.05421,-0.043,NEGATIVE RESPONSE
C08270,1,0,0.15079,Low,0.01471,0.03814,-0.02343,NEGATIVE RESPONSE
C08271,1,0,0.22583,Low,0.01578,0.05625,-0.04047,NEGATIVE RESPONSE
C08272,1,0,0.00558,Low,0.00447,0.01814,-0.01367,NEGATIVE RESPONSE
C08273,1,0,0.01187,Low,0.00721,0.03479,-0.02758,NEGATIVE RESPONSE
C08274,1,0,0.00752,Low,0.02028,0.01114,0.00914,LOW RESPONSE
C08275,1,0,0.06301,Low,0.00423,0.04287,-0.03864,NEGATIVE RESPONSE
C08276,1,0,0.02997,Low,0.00643,0.02636,-0.01993,NEGATIVE RESPONSE
C08277,1,0,0.02366,Low,0.01133,0.04973,-0.0384,NEGATIVE RESPONSE
C08278,1,0,0.0234,Low,0.01061,0.0252,-0.01459,NEGATIVE RESPONSE
C08279,0,0,0.11849,Low,0.00924,0.05007,-0.04084,NEGATIVE RESPONSE
C08280,1,0,0.02485,Low,0.00915,0.03734,-0.02819,NEGATIVE RESPONSE
C08281,1,0,0.09979,Low,0.01062,0.03627,-0.02565,NEGATIVE RESPONSE
C08282,1,0,0.01372,Low,0.01294,0.01391,-0.00097,LOW RESPONSE
C08283,1,0,0.09189,Low,0.01129,0.04553,-0.03424,NEGATIVE RESPONSE
C08284,0,0,0.02729,Low,0.00477,0.0095,-0.00473,NEGATIVE RESPONSE
C08285,1,0,0.01269,Low,0.02466,0.03012,-0.00546,NEGATIVE RESPONSE
C08286,1,0,0.03812,Low,0.01221,0.00878,0.00343,PERSUADABLE
C08287,1,0,0.2624,Low,0.01113,0.06048,-0.04935,NEGATIVE RESPONSE
C08288,1,0,0.16426,Low,0.00515,0.03979,-0.03464,NEGATIVE RESPONSE
C08289,1,0,0.02062,Low,0.00583,0.03203,-0.0262,NEGATIVE RESPONSE
C08290,0,0,0.01105,Low,0.00921,0.00921,0.0,LOW RESPONSE
C08291,1,0,0.15845,Low,0.00675,0.07643,-0.06968,NEGATIVE RESPONSE
C08292,1,0,0.02524,Low,0.00753,0.03049,-0.02296,NEGATIVE RESPONSE
C08293,1,0,0.14105,Low,0.0075,0.06796,-0.06046,NEGATIVE RESPONSE
C08294,1,0,0.03088,Low,0.00563,0.02922,-0.02359,NEGATIVE RESPONSE
C08295,1,0,0.1101,Low,0.00503,0.05429,-0.04926,NEGATIVE RESPONSE
C08296,1,1,0.9037,Critical,0.00578,0.07182,-0.06604,NEGATIVE RESPONSE
C08297,1,0,0.06871,Low,0.00843,0.02895,-0.02052,NEGATIVE RESPONSE
C08298,1,0,0.09814,Low,0.00925,0.05583,-0.04659,NEGATIVE RESPONSE
C08299,1,0,0.0983,Low,0.00741,0.0441,-0.0367,NEGATIVE RESPONSE
C08300,1,0,0.13562,Low,0.01362,0.09123,-0.07761,NEGATIVE RESPONSE
C08301,1,0,0.04828,Low,0.01034,0.02741,-0.01707,NEGATIVE RESPONSE
C08302,1,0,0.00652,Low,0.00701,0.01202,-0.00502,NEGATIVE RESPONSE
C08303,1,0,0.22162,Low,0.01332,0.07501,-0.06169,NEGATIVE RESPONSE
C08304,1,0,0.03745,Low,0.00437,0.02128,-0.01692,NEGATIVE RESPONSE
C08305,1,0,0.00783,Low,0.00839,0.0105,-0.00211,NEGATIVE RESPONSE
C08306,1,0,0.00899,Low,0.00481,0.00894,-0.00413,NEGATIVE RESPONSE
C08307,0,0,0.0114,Low,0.01383,0.01904,-0.00522,NEGATIVE RESPONSE
C08308,0,0,0.32109,Medium,0.00622,0.04824,-0.04202,NEGATIVE RESPONSE
C08309,1,0,0.32785,Medium,0.00903,0.04494,-0.03591,NEGATIVE RESPONSE
C08310,1,0,0.12883,Low,0.01066,0.0518,-0.04115,NEGATIVE RESPONSE
C08311,1,0,0.17566,Low,0.0123,0.06876,-0.05646,NEGATIVE RESPONSE
C08312,0,0,0.01295,Low,0.02192,0.00804,0.01388,LOW RESPONSE
C08313,1,0,0.00516,Low,0.01166,0.00878,0.00288,LOW RESPONSE
C08314,1,0,0.02343,Low,0.00687,0.03435,-0.02747,NEGATIVE RESPONSE
C08315,1,1,0.94107,Critical,0.00502,0.0242,-0.01918,NEGATIVE RESPONSE
C08316,1,0,0.10443,Low,0.00604,0.04031,-0.03426,NEGATIVE RESPONSE
C08317,1,0,0.06423,Low,0.01543,0.04248,-0.02706,NEGATIVE RESPONSE
C08318,0,0,0.32369,Medium,0.01975,0.1373,-0.11755,NEGATIVE RESPONSE
C08319,1,1,0.9205,Critical,0.00673,0.1723,-0.16557,NEGATIVE RESPONSE
C08320,1,0,0.04268,Low,0.00617,0.02406,-0.01789,NEGATIVE RESPONSE
C08321,1,0,0.02196,Low,0.00639,0.04107,-0.03468,NEGATIVE RESPONSE
C08322,1,0,0.19317,Low,0.00638,0.0315,-0.02513,NEGATIVE RESPONSE
C08323,1,0,0.0057,Low,0.00573,0.00746,-0.00172,NEGATIVE RESPONSE
C08324,0,0,0.08682,Low,0.00438,0.03216,-0.02778,NEGATIVE RESPONSE
C08325,1,0,0.06458,Low,0.00641,0.02778,-0.02137,NEGATIVE RESPONSE
C08326,1,0,0.18241,Low,0.00683,0.0346,-0.02777,NEGATIVE RESPONSE
C08327,1,0,0.00601,Low,0.00503,0.01005,-0.00502,NEGATIVE RESPONSE
C08328,1,0,0.08299,Low,0.00589,0.03717,-0.03128,NEGATIVE RESPONSE
C08329,1,1,0.02172,Low,0.00478,0.15322,-0.14844,NEGATIVE RESPONSE
C08330,1,0,0.20464,Low,0.01064,0.06202,-0.05138,NEGATIVE RESPONSE
C08331,0,0,0.18363,Low,0.01147,0.02669,-0.01522,NEGATIVE RESPONSE
C08332,1,0,0.04972,Low,0.00818,0.03516,-0.02698,NEGATIVE RESPONSE
C08333,1,0,0.18696,Low,0.01309,0.04648,-0.03339,NEGATIVE RESPONSE
C08334,1,0,0.07781,Low,0.00492,0.02575,-0.02083,NEGATIVE RESPONSE
C08335,1,0,0.03589,Low,0.01218,0.03488,-0.0227,NEGATIVE RESPONSE
C08336,1,0,0.14116,Low,0.00521,0.05397,-0.04876,NEGATIVE RESPONSE
C08337,1,0,0.08742,Low,0.0123,0.04516,-0.03286,NEGATIVE RESPONSE
C08338,1,0,0.01953,Low,0.00509,0.03082,-0.02574,NEGATIVE RESPONSE
C08339,1,0,0.00508,Low,0.00618,0.00582,0.00036,LOW RESPONSE
C08340,1,0,0.0056,Low,0.00751,0.00724,0.00027,LOW RESPONSE
C08341,0,0,0.01437,Low,0.00717,0.0254,-0.01824,NEGATIVE RESPONSE
C08342,1,0,0.24942,Low,0.01429,0.06079,-0.0465,NEGATIVE RESPONSE
C08343,1,0,0.04272,Low,0.00825,0.04427,-0.03602,NEGATIVE RESPONSE
C08344,1,0,0.13966,Low,0.01533,0.05189,-0.03656,NEGATIVE RESPONSE
C08345,0,0,0.10368,Low,0.00787,0.04993,-0.04206,NEGATIVE RESPONSE
C08346,1,0,0.03759,Low,0.01141,0.02789,-0.01648,NEGATIVE RESPONSE
C08347,1,0,0.01373,Low,0.00877,0.01169,-0.00293,NEGATIVE RESPONSE
C08348,0,0,0.2178,Low,0.01383,0.06449,-0.05067,NEGATIVE RESPONSE
C08349,1,0,0.00811,Low,0.01251,0.01413,-0.00162,NEGATIVE RESPONSE
C08350,1,0,0.00552,Low,0.0133,0.0315,-0.01819,NEGATIVE RESPONSE
C08351,0,0,0.24401,Low,0.01087,0.09139,-0.08052,NEGATIVE RESPONSE
C08352,1,0,0.07725,Low,0.01001,0.04839,-0.03838,NEGATIVE RESPONSE
C08353,1,0,0.08676,Low,0.00734,0.03114,-0.0238,NEGATIVE RESPONSE
C08354,1,0,0.11292,Low,0.01143,0.04043,-0.029,NEGATIVE RESPONSE
C08355,0,0,0.05868,Low,0.00412,0.078,-0.07388,NEGATIVE RESPONSE
C08356,1,0,0.01174,Low,0.01066,0.00875,0.0019,LOW RESPONSE
C08357,1,0,0.00196,Low,0.03131,0.02115,0.01016,LOW RESPONSE
C08358,1,0,0.0693,Low,0.01972,0.08915,-0.06943,NEGATIVE RESPONSE
C08359,1,0,0.05353,Low,0.01076,0.03231,-0.02155,NEGATIVE RESPONSE
C08360,1,0,0.05955,Low,0.01051,0.09529,-0.08479,NEGATIVE RESPONSE
C08361,1,0,0.08658,Low,0.01059,0.03576,-0.02517,NEGATIVE RESPONSE
C08362,1,0,0.04379,Low,0.00658,0.04569,-0.03911,NEGATIVE RESPONSE
C08363,1,0,0.11441,Low,0.00544,0.05594,-0.0505,NEGATIVE RESPONSE
C08364,1,0,0.02376,Low,0.00816,0.04242,-0.03426,NEGATIVE RESPONSE
C08365,0,0,0.09009,Low,0.01357,0.02305,-0.00947,NEGATIVE RESPONSE
C08366,1,0,0.10863,Low,0.0066,0.03636,-0.02976,NEGATIVE RESPONSE
C08367,1,0,0.00306,Low,0.00552,0.00747,-0.00195,NEGATIVE RESPONSE
C08368,1,0,0.09005,Low,0.01196,0.08242,-0.07046,NEGATIVE RESPONSE
C08369,1,0,0.20223,Low,0.01453,0.05225,-0.03772,NEGATIVE RESPONSE
C08370,0,0,0.06164,Low,0.00667,0.04196,-0.03529,NEGATIVE RESPONSE
C08371,1,1,0.94498,Critical,0.01344,0.10676,-0.09331,NEGATIVE RESPONSE
C08372,1,0,0.04019,Low,0.01232,0.02344,-0.01113,NEGATIVE RESPONSE
C08373,1,0,0.00544,Low,0.00596,0.00874,-0.00278,NEGATIVE RESPONSE
C08374,1,0,0.00864,Low,0.00482,0.00608,-0.00127,NEGATIVE RESPONSE
C08375,1,0,0.15638,Low,0.0078,0.02678,-0.01898,NEGATIVE RESPONSE
C08376,1,0,0.03549,Low,0.01796,0.05949,-0.04153,NEGATIVE RESPONSE
C08377,1,0,0.20712,Low,0.01552,0.05194,-0.03642,NEGATIVE RESPONSE
C08378,1,0,0.00988,Low,0.01046,0.02047,-0.01001,NEGATIVE RESPONSE
C08379,1,0,0.09394,Low,0.00678,0.03849,-0.03171,NEGATIVE RESPONSE
C08380,1,0,0.00563,Low,0.00631,0.00686,-0.00055,LOW RESPONSE
C08381,0,0,0.0157,Low,0.00885,0.03538,-0.02653,NEGATIVE RESPONSE
C08382,1,0,0.02981,Low,0.00697,0.00854,-0.00158,NEGATIVE RESPONSE
C08383,1,0,0.02968,Low,0.0078,0.06411,-0.05631,NEGATIVE RESPONSE
C08384,1,0,0.02112,Low,0.011,0.01012,0.00089,LOW RESPONSE
C08385,1,0,0.06856,Low,0.01109,0.02706,-0.01597,NEGATIVE RESPONSE
C08386,1,0,0.15521,Low,0.01542,0.05943,-0.044,NEGATIVE RESPONSE
C08387,1,0,0.11445,Low,0.00833,0.04151,-0.03318,NEGATIVE RESPONSE
C08388,1,0,0.05808,Low,0.00843,0.05382,-0.04539,NEGATIVE RESPONSE
C08389,1,0,0.00744,Low,0.00739,0.02069,-0.0133,NEGATIVE RESPONSE
C08390,0,0,0.13436,Low,0.00521,0.03635,-0.03115,NEGATIVE RESPONSE
C08391,1,0,0.02564,Low,0.01049,0.02967,-0.01919,NEGATIVE RESPONSE
C08392,1,0,0.13982,Low,0.01336,0.08182,-0.06845,NEGATIVE RESPONSE
C08393,1,0,0.03854,Low,0.0168,0.04107,-0.02427,NEGATIVE RESPONSE
C08394,1,0,0.10762,Low,0.01073,0.02916,-0.01844,NEGATIVE RESPONSE
C08395,1,0,0.00921,Low,0.01149,0.011,0.0005,LOW RESPONSE
C08396,1,0,0.08704,Low,0.00616,0.03277,-0.02661,NEGATIVE RESPONSE
C08397,1,0,0.04508,Low,0.00489,0.03083,-0.02594,NEGATIVE RESPONSE
C08398,1,0,0.02638,Low,0.00578,0.01949,-0.01371,NEGATIVE RESPONSE
C08399,0,0,0.06538,Low,0.00947,0.03984,-0.03037,NEGATIVE RESPONSE
C08400,1,0,0.00443,Low,0.00528,0.05194,-0.04666,NEGATIVE RESPONSE
C08401,1,0,0.07611,Low,0.00527,0.03802,-0.03275,NEGATIVE RESPONSE
C08402,0,0,0.01502,Low,0.00945,0.03303,-0.02358,NEGATIVE RESPONSE
C08403,1,0,0.07283,Low,0.00494,0.04713,-0.04219,NEGATIVE RESPONSE
C08404,0,0,0.06555,Low,0.00836,0.09621,-0.08785,NEGATIVE RESPONSE
C08405,1,0,0.01239,Low,0.00869,0.01973,-0.01105,NEGATIVE RESPONSE
C08406,0,0,0.00658,Low,0.00993,0.035,-0.02507,NEGATIVE RESPONSE
C08407,1,0,0.0097,Low,0.00892,0.01074,-0.00182,NEGATIVE RESPONSE
C08408,0,0,0.1098,Low,0.00574,0.03224,-0.0265,NEGATIVE RESPONSE
C08409,1,0,0.20703,Low,0.00485,0.03574,-0.03089,NEGATIVE RESPONSE
C08410,1,1,0.14656,Low,0.00892,0.09264,-0.08372,NEGATIVE RESPONSE
C08411,0,0,0.01333,Low,0.00713,0.011,-0.00387,NEGATIVE RESPONSE
C08412,0,0,0.02093,Low,0.01138,0.00809,0.00328,LOW RESPONSE
C08413,0,0,0.00308,Low,0.01363,0.01082,0.00281,LOW RESPONSE
C08414,1,0,0.00186,Low,0.00729,0.00775,-0.00046,LOW RESPONSE
C08415,1,0,0.36722,Medium,0.01244,0.03361,-0.02118,NEGATIVE RESPONSE
C08416,1,0,0.17422,Low,0.00728,0.06138,-0.05409,NEGATIVE RESPONSE
C08417,1,0,0.25913,Low,0.01931,0.04721,-0.0279,NEGATIVE RESPONSE
C08418,1,0,0.10576,Low,0.00661,0.03749,-0.03088,NEGATIVE RESPONSE
C08419,1,0,0.01328,Low,0.01231,0.01077,0.00154,LOW RESPONSE
C08420,0,0,0.01289,Low,0.01926,0.01379,0.00547,LOW RESPONSE
C08421,0,0,0.03957,Low,0.00605,0.02577,-0.01971,NEGATIVE RESPONSE
C08422,1,0,0.00726,Low,0.01573,0.01074,0.00498,LOW RESPONSE
C08423,1,0,0.08025,Low,0.00455,0.05077,-0.04622,NEGATIVE RESPONSE
C08424,1,0,0.02866,Low,0.01115,0.01477,-0.00362,NEGATIVE RESPONSE
C08425,1,0,0.22119,Low,0.01735,0.06011,-0.04275,NEGATIVE RESPONSE
C08426,1,0,0.14601,Low,0.00539,0.0294,-0.024,NEGATIVE RESPONSE
C08427,1,0,0.07454,Low,0.00664,0.04401,-0.03738,NEGATIVE RESPONSE
C08428,1,0,0.00208,Low,0.00536,0.00563,-0.00027,LOW RESPONSE
C08429,1,0,0.13293,Low,0.00796,0.03534,-0.02738,NEGATIVE RESPONSE
C08430,1,0,0.0419,Low,0.00668,0.06382,-0.05713,NEGATIVE RESPONSE
C08431,1,0,0.0215,Low,0.0093,0.01434,-0.00504,NEGATIVE RESPONSE
C08432,1,0,0.04394,Low,0.00383,0.03936,-0.03552,NEGATIVE RESPONSE
C08433,0,0,0.01296,Low,0.01154,0.02163,-0.01009,NEGATIVE RESPONSE
C08434,1,0,0.02719,Low,0.00973,0.03834,-0.02861,NEGATIVE RESPONSE
C08435,1,0,0.00749,Low,0.00385,0.0066,-0.00276,NEGATIVE RESPONSE
C08436,1,0,0.15688,Low,0.01021,0.05747,-0.04726,NEGATIVE RESPONSE
C08437,1,1,0.89824,Critical,0.00816,0.06687,-0.05871,NEGATIVE RESPONSE
C08438,1,0,0.09749,Low,0.00645,0.0629,-0.05645,NEGATIVE RESPONSE
C08439,1,0,0.02044,Low,0.00607,0.0199,-0.01383,NEGATIVE RESPONSE
C08440,1,0,0.04941,Low,0.00528,0.03984,-0.03457,NEGATIVE RESPONSE
C08441,1,0,0.01049,Low,0.00735,0.02635,-0.01901,NEGATIVE RESPONSE
C08442,1,0,0.17044,Low,0.01116,0.05823,-0.04707,NEGATIVE RESPONSE
C08443,1,0,0.00291,Low,0.01228,0.01419,-0.00191,NEGATIVE RESPONSE
C08444,1,0,0.07292,Low,0.00679,0.04886,-0.04207,NEGATIVE RESPONSE
C08445,1,0,0.01236,Low,0.01217,0.01633,-0.00416,NEGATIVE RESPONSE
C08446,0,0,0.14639,Low,0.00706,0.03395,-0.02688,NEGATIVE RESPONSE
C08447,1,0,0.00648,Low,0.01014,0.01285,-0.00272,NEGATIVE RESPONSE
C08448,1,0,0.17005,Low,0.00727,0.02801,-0.02074,NEGATIVE RESPONSE
C08449,1,0,0.04778,Low,0.00845,0.03124,-0.02279,NEGATIVE RESPONSE
C08450,1,0,0.00707,Low,0.0047,0.00534,-0.00064,LOW RESPONSE
C08451,0,1,0.9535,Critical,0.05495,0.15024,-0.09529,NEGATIVE RESPONSE
C08452,1,0,0.1885,Low,0.01039,0.04163,-0.03124,NEGATIVE RESPONSE
C08453,1,0,0.07072,Low,0.0155,0.05517,-0.03967,NEGATIVE RESPONSE
C08454,1,0,0.00853,Low,0.01198,0.01088,0.00111,LOW RESPONSE
C08455,1,0,0.00734,Low,0.00536,0.00611,-0.00075,LOW RESPONSE
C08456,0,0,0.02716,Low,0.0085,0.03963,-0.03113,NEGATIVE RESPONSE
C08457,0,0,0.00597,Low,0.00644,0.00882,-0.00239,NEGATIVE RESPONSE
C08458,1,0,0.02001,Low,0.01299,0.02442,-0.01143,NEGATIVE RESPONSE
C08459,1,0,0.00156,Low,0.00833,0.00787,0.00045,LOW RESPONSE
C08460,0,0,0.00781,Low,0.01176,0.01522,-0.00346,NEGATIVE RESPONSE
C08461,0,0,0.05394,Low,0.01401,0.01003,0.00397,PERSUADABLE
C08462,1,0,0.01733,Low,0.00944,0.00648,0.00295,LOW RESPONSE
C08463,1,0,0.06653,Low,0.00825,0.05347,-0.04522,NEGATIVE RESPONSE
C08464,1,0,0.01423,Low,0.01108,0.01166,-0.00058,LOW RESPONSE
C08465,1,0,0.00808,Low,0.01038,0.01272,-0.00234,NEGATIVE RESPONSE
C08466,0,0,0.20637,Low,0.00835,0.06205,-0.0537,NEGATIVE RESPONSE
C08467,0,0,0.05077,Low,0.0045,0.02456,-0.02006,NEGATIVE RESPONSE
C08468,0,0,0.00502,Low,0.01675,0.00682,0.00993,LOW RESPONSE
C08469,1,0,0.18432,Low,0.01265,0.04515,-0.0325,NEGATIVE RESPONSE
C08470,0,1,0.16266,Low,0.01478,0.02942,-0.01464,NEGATIVE RESPONSE
C08471,1,0,0.00196,Low,0.01164,0.01938,-0.00775,NEGATIVE RESPONSE
C08472,0,1,0.91521,Critical,0.03329,0.03701,-0.00371,NEGATIVE RESPONSE
C08473,1,0,0.02412,Low,0.0162,0.01541,0.00079,LOW RESPONSE
C08474,1,0,0.12482,Low,0.00966,0.05385,-0.04419,NEGATIVE RESPONSE
C08475,1,0,0.05106,Low,0.00929,0.06673,-0.05744,NEGATIVE RESPONSE
C08476,1,0,0.05424,Low,0.00911,0.0173,-0.00819,NEGATIVE RESPONSE
C08477,0,0,0.05366,Low,0.01219,0.03272,-0.02053,NEGATIVE RESPONSE
C08478,0,0,0.00978,Low,0.01168,0.01299,-0.00131,NEGATIVE RESPONSE
C08479,1,0,0.00756,Low,0.0121,0.02876,-0.01666,NEGATIVE RESPONSE
C08480,1,0,0.00376,Low,0.00626,0.00863,-0.00237,NEGATIVE RESPONSE
C08481,1,0,0.00296,Low,0.00571,0.00697,-0.00125,NEGATIVE RESPONSE
C08482,1,0,0.02528,Low,0.01877,0.01108,0.00769,LOW RESPONSE
C08483,1,0,0.09933,Low,0.00704,0.08343,-0.07639,NEGATIVE RESPONSE
C08484,1,0,0.09957,Low,0.00585,0.06091,-0.05506,NEGATIVE RESPONSE
C08485,1,0,0.08265,Low,0.00768,0.0249,-0.01721,NEGATIVE RESPONSE
C08486,1,0,0.05486,Low,0.00708,0.0467,-0.03962,NEGATIVE RESPONSE
C08487,1,0,0.01481,Low,0.01633,0.02438,-0.00806,NEGATIVE RESPONSE
C08488,1,0,0.06565,Low,0.01656,0.0353,-0.01874,NEGATIVE RESPONSE
C08489,1,0,0.0078,Low,0.02772,0.01817,0.00955,LOW RESPONSE
C08490,1,0,0.0325,Low,0.00588,0.02598,-0.0201,NEGATIVE RESPONSE
C08491,0,0,0.07367,Low,0.01101,0.04563,-0.03462,NEGATIVE RESPONSE
C08492,1,0,0.03975,Low,0.0088,0.05216,-0.04336,NEGATIVE RESPONSE
C08493,1,0,0.13713,Low,0.0064,0.03978,-0.03338,NEGATIVE RESPONSE
C08494,1,0,0.03494,Low,0.01149,0.01011,0.00138,PERSUADABLE
C08495,0,0,0.04201,Low,0.00544,0.03643,-0.03099,NEGATIVE RESPONSE
C08496,1,0,0.06062,Low,0.00586,0.03261,-0.02675,NEGATIVE RESPONSE
C08497,1,0,0.01802,Low,0.01677,0.01892,-0.00215,NEGATIVE RESPONSE
C08498,1,0,0.23368,Low,0.00536,0.03839,-0.03304,NEGATIVE RESPONSE
C08499,1,0,0.11826,Low,0.00899,0.03714,-0.02815,NEGATIVE RESPONSE
C08500,1,0,0.01736,Low,0.00979,0.03162,-0.02183,NEGATIVE RESPONSE
C08501,1,0,0.13967,Low,0.01487,0.07823,-0.06336,NEGATIVE RESPONSE
C08502,0,0,0.39601,Medium,0.01068,0.06163,-0.05095,NEGATIVE RESPONSE
C08503,1,0,0.07666,Low,0.00611,0.03086,-0.02475,NEGATIVE RESPONSE
C08504,0,0,0.03946,Low,0.0056,0.06749,-0.06189,NEGATIVE RESPONSE
C08505,1,0,0.04247,Low,0.01027,0.03371,-0.02343,NEGATIVE RESPONSE
C08506,1,0,0.09947,Low,0.00655,0.02381,-0.01726,NEGATIVE RESPONSE
C08507,1,0,0.03318,Low,0.00625,0.02668,-0.02043,NEGATIVE RESPONSE
C08508,1,0,0.17564,Low,0.00906,0.02953,-0.02046,NEGATIVE RESPONSE
C08509,1,0,0.33263,Medium,0.01114,0.03582,-0.02469,NEGATIVE RESPONSE
C08510,1,0,0.04914,Low,0.00835,0.02922,-0.02086,NEGATIVE RESPONSE
C08511,1,0,0.03323,Low,0.01585,0.02664,-0.01079,NEGATIVE RESPONSE
C08512,1,0,0.15094,Low,0.00456,0.04909,-0.04454,NEGATIVE RESPONSE
C08513,0,0,0.00154,Low,0.00795,0.00596,0.00199,LOW RESPONSE
C08514,1,0,0.00914,Low,0.012,0.00929,0.0027,LOW RESPONSE
C08515,0,0,0.09183,Low,0.01113,0.04965,-0.03853,NEGATIVE RESPONSE
C08516,0,0,0.05277,Low,0.00895,0.04118,-0.03223,NEGATIVE RESPONSE
C08517,0,0,0.02334,Low,0.01368,0.08116,-0.06748,NEGATIVE RESPONSE
C08518,1,0,0.06563,Low,0.01794,0.0162,0.00174,PERSUADABLE
C08519,1,0,0.0752,Low,0.02175,0.05197,-0.03022,NEGATIVE RESPONSE
C08520,1,0,0.00466,Low,0.00673,0.01141,-0.00467,NEGATIVE RESPONSE
C08521,1,0,0.01516,Low,0.01524,0.0284,-0.01316,NEGATIVE RESPONSE
C08522,1,0,0.00616,Low,0.00779,0.00837,-0.00058,LOW RESPONSE
C08523,1,0,0.41827,Medium,0.01404,0.11363,-0.09958,NEGATIVE RESPONSE
C08524,1,0,0.20834,Low,0.00783,0.06653,-0.0587,NEGATIVE RESPONSE
C08525,0,0,0.03748,Low,0.00931,0.02907,-0.01976,NEGATIVE RESPONSE
C08526,0,0,0.12763,Low,0.01139,0.03095,-0.01956,NEGATIVE RESPONSE
C08527,1,0,0.10689,Low,0.00853,0.03943,-0.0309,NEGATIVE RESPONSE
C08528,1,0,0.00675,Low,0.0112,0.01259,-0.00139,NEGATIVE RESPONSE
C08529,1,0,0.05985,Low,0.0051,0.02833,-0.02322,NEGATIVE RESPONSE
C08530,1,0,0.12698,Low,0.00863,0.04999,-0.04135,NEGATIVE RESPONSE
C08531,0,0,0.2441,Low,0.01025,0.11446,-0.10421,NEGATIVE RESPONSE
C08532,1,0,0.06816,Low,0.02493,0.08569,-0.06076,NEGATIVE RESPONSE
C08533,1,0,0.00449,Low,0.00713,0.01702,-0.00989,NEGATIVE RESPONSE
C08534,1,0,0.00282,Low,0.02802,0.01269,0.01533,LOW RESPONSE
C08535,1,0,0.00426,Low,0.00966,0.00729,0.00236,LOW RESPONSE
C08536,1,0,0.02728,Low,0.00661,0.00735,-0.00075,LOW RESPONSE
C08537,1,0,0.05475,Low,0.00856,0.00939,-0.00083,LOW RESPONSE
C08538,1,0,0.00297,Low,0.00493,0.00526,-0.00034,LOW RESPONSE
C08539,1,0,0.1225,Low,0.0075,0.03614,-0.02864,NEGATIVE RESPONSE
C08540,1,1,0.87371,Critical,0.00766,0.08446,-0.07681,NEGATIVE RESPONSE
C08541,1,0,0.01456,Low,0.00483,0.03275,-0.02792,NEGATIVE RESPONSE
C08542,1,0,0.39244,Medium,0.00899,0.04764,-0.03864,NEGATIVE RESPONSE
C08543,1,0,0.0841,Low,0.0158,0.08596,-0.07016,NEGATIVE RESPONSE
C08544,1,0,0.05997,Low,0.00912,0.06094,-0.05182,NEGATIVE RESPONSE
C08545,1,0,0.01859,Low,0.00905,0.00987,-0.00082,LOW RESPONSE
C08546,1,0,0.35691,Medium,0.01354,0.06419,-0.05066,NEGATIVE RESPONSE
C08547,1,0,0.01167,Low,0.02208,0.07051,-0.04843,NEGATIVE RESPONSE
C08548,0,0,0.06635,Low,0.00771,0.03054,-0.02283,NEGATIVE RESPONSE
C08549,1,0,0.00252,Low,0.00793,0.0059,0.00202,LOW RESPONSE
C08550,1,0,0.08655,Low,0.00735,0.03734,-0.02998,NEGATIVE RESPONSE
C08551,1,0,0.17878,Low,0.00962,0.03548,-0.02586,NEGATIVE RESPONSE
C08552,1,0,0.10815,Low,0.00604,0.05214,-0.0461,NEGATIVE RESPONSE
C08553,1,0,0.04225,Low,0.00604,0.02267,-0.01664,NEGATIVE RESPONSE
C08554,1,0,0.32677,Medium,0.01091,0.04559,-0.03469,NEGATIVE RESPONSE
C08555,1,0,0.01359,Low,0.01069,0.00821,0.00248,LOW RESPONSE
C08556,1,0,0.06231,Low,0.01229,0.04195,-0.02966,NEGATIVE RESPONSE
C08557,1,0,0.00404,Low,0.01855,0.01187,0.00668,LOW RESPONSE
C08558,1,0,0.23489,Low,0.00728,0.06375,-0.05647,NEGATIVE RESPONSE
C08559,0,0,0.00216,Low,0.02037,0.01326,0.00711,LOW RESPONSE
C08560,1,0,0.0365,Low,0.00975,0.04186,-0.03211,NEGATIVE RESPONSE
C08561,1,0,0.22558,Low,0.00696,0.04494,-0.03799,NEGATIVE RESPONSE
C08562,1,0,0.13838,Low,0.01207,0.05685,-0.04478,NEGATIVE RESPONSE
C08563,1,0,0.00498,Low,0.01164,0.01427,-0.00264,NEGATIVE RESPONSE
C08564,1,0,0.01873,Low,0.01388,0.00701,0.00687,LOW RESPONSE
C08565,1,0,0.01947,Low,0.00504,0.03187,-0.02683,NEGATIVE RESPONSE
C08566,1,0,0.35758,Medium,0.01165,0.06744,-0.05578,NEGATIVE RESPONSE
C08567,1,0,0.00117,Low,0.00688,0.00787,-0.001,NEGATIVE RESPONSE
C08568,1,0,0.11296,Low,0.01144,0.06013,-0.04869,NEGATIVE RESPONSE
C08569,0,0,0.02577,Low,0.00597,0.02933,-0.02336,NEGATIVE RESPONSE
C08570,1,0,0.035,Low,0.01044,0.05055,-0.04011,NEGATIVE RESPONSE
C08571,0,0,0.01434,Low,0.0163,0.11071,-0.09441,NEGATIVE RESPONSE
C08572,1,0,0.00391,Low,0.00734,0.00813,-0.00079,LOW RESPONSE
C08573,0,0,0.07122,Low,0.00741,0.04283,-0.03542,NEGATIVE RESPONSE
C08574,1,0,0.00851,Low,0.00794,0.03889,-0.03095,NEGATIVE RESPONSE
C08575,0,0,0.20791,Low,0.00702,0.03421,-0.02719,NEGATIVE RESPONSE
C08576,1,0,0.00215,Low,0.0067,0.0066,1e-04,LOW RESPONSE
C08577,1,0,0.21265,Low,0.00956,0.04251,-0.03295,NEGATIVE RESPONSE
C08578,1,0,0.01265,Low,0.00789,0.00873,-0.00084,LOW RESPONSE
C08579,1,0,0.09908,Low,0.01203,0.0574,-0.04538,NEGATIVE RESPONSE
C08580,1,0,0.04279,Low,0.00508,0.06397,-0.05889,NEGATIVE RESPONSE
C08581,1,0,0.02131,Low,0.01019,0.00779,0.0024,LOW RESPONSE
C08582,1,0,0.01797,Low,0.00568,0.0097,-0.00403,NEGATIVE RESPONSE
C08583,1,0,0.18322,Low,0.00918,0.07241,-0.06323,NEGATIVE RESPONSE
C08584,1,0,0.05026,Low,0.00394,0.02857,-0.02463,NEGATIVE RESPONSE
C08585,1,0,0.31297,Medium,0.00721,0.04398,-0.03677,NEGATIVE RESPONSE
C08586,1,0,0.115,Low,0.01207,0.05797,-0.0459,NEGATIVE RESPONSE
C08587,0,0,0.07455,Low,0.01314,0.06766,-0.05452,NEGATIVE RESPONSE
C08588,1,0,0.0025,Low,0.00683,0.00665,0.00019,LOW RESPONSE
C08589,1,0,0.0057,Low,0.00794,0.00637,0.00157,LOW RESPONSE
C08590,1,0,0.08335,Low,0.00622,0.04906,-0.04283,NEGATIVE RESPONSE
C08591,1,0,0.02356,Low,0.00627,0.03808,-0.03181,NEGATIVE RESPONSE
C08592,1,0,0.00263,Low,0.00732,0.00987,-0.00255,NEGATIVE RESPONSE
C08593,1,0,0.00385,Low,0.00698,0.00733,-0.00035,LOW RESPONSE
C08594,1,0,0.0458,Low,0.00657,0.03332,-0.02675,NEGATIVE RESPONSE
C08595,1,0,0.01284,Low,0.03463,0.02644,0.00819,HIGHLY PERSUADABLE
C08596,1,0,0.14405,Low,0.0077,0.09904,-0.09134,NEGATIVE RESPONSE
C08597,1,1,0.98268,Critical,0.03557,0.46883,-0.43326,NEGATIVE RESPONSE
C08598,1,0,0.0266,Low,0.00764,0.00822,-0.00058,LOW RESPONSE
C08599,0,0,0.03211,Low,0.0047,0.03115,-0.02645,NEGATIVE RESPONSE
C08600,1,0,0.01742,Low,0.00947,0.02872,-0.01925,NEGATIVE RESPONSE
C08601,1,0,0.00679,Low,0.00981,0.00618,0.00364,LOW RESPONSE
C08602,1,0,0.09805,Low,0.00551,0.03509,-0.02958,NEGATIVE RESPONSE
C08603,1,0,0.00155,Low,0.01105,0.00792,0.00313,LOW RESPONSE
C08604,1,0,0.07677,Low,0.00564,0.04515,-0.03952,NEGATIVE RESPONSE
C08605,1,0,0.00211,Low,0.00896,0.00818,0.00078,LOW RESPONSE
C08606,0,0,0.03515,Low,0.01057,0.04337,-0.0328,NEGATIVE RESPONSE
C08607,1,0,0.00835,Low,0.008,0.0153,-0.0073,NEGATIVE RESPONSE
C08608,1,0,0.18415,Low,0.00633,0.0475,-0.04117,NEGATIVE RESPONSE
C08609,1,0,0.34558,Medium,0.01101,0.04372,-0.03271,NEGATIVE RESPONSE
C08610,1,0,0.00342,Low,0.03607,0.0262,0.00987,HIGHLY PERSUADABLE
C08611,0,0,0.04643,Low,0.00724,0.03807,-0.03083,NEGATIVE RESPONSE
C08612,1,0,0.09524,Low,0.00842,0.03368,-0.02526,NEGATIVE RESPONSE
C08613,1,0,0.14336,Low,0.00527,0.0311,-0.02583,NEGATIVE RESPONSE
C08614,1,0,0.1371,Low,0.00694,0.04744,-0.0405,NEGATIVE RESPONSE
C08615,1,0,0.21224,Low,0.01594,0.07876,-0.06282,NEGATIVE RESPONSE
C08616,1,0,0.01323,Low,0.00871,0.00721,0.0015,LOW RESPONSE
C08617,1,0,0.0731,Low,0.00825,0.03948,-0.03123,NEGATIVE RESPONSE
C08618,1,0,0.05244,Low,0.01521,0.03878,-0.02357,NEGATIVE RESPONSE
C08619,1,0,0.04745,Low,0.01711,0.03734,-0.02023,NEGATIVE RESPONSE
C08620,0,0,0.02475,Low,0.00694,0.02172,-0.01478,NEGATIVE RESPONSE
C08621,1,0,0.13296,Low,0.00563,0.0364,-0.03077,NEGATIVE RESPONSE
C08622,1,0,0.31079,Medium,0.01222,0.08742,-0.0752,NEGATIVE RESPONSE
C08623,1,0,0.2228,Low,0.00809,0.04859,-0.0405,NEGATIVE RESPONSE
C08624,0,0,0.00555,Low,0.01091,0.01076,0.00015,LOW RESPONSE
C08625,1,0,0.00988,Low,0.0102,0.00876,0.00144,LOW RESPONSE
C08626,1,0,0.07998,Low,0.00598,0.08673,-0.08074,NEGATIVE RESPONSE
C08627,1,0,0.03298,Low,0.01243,0.01133,0.0011,LOW RESPONSE
C08628,0,0,0.05922,Low,0.00672,0.05447,-0.04775,NEGATIVE RESPONSE
C08629,1,0,0.00855,Low,0.00544,0.00921,-0.00377,NEGATIVE RESPONSE
C08630,1,0,0.00306,Low,0.01067,0.0073,0.00337,LOW RESPONSE
C08631,1,0,0.08728,Low,0.00713,0.05179,-0.04466,NEGATIVE RESPONSE
C08632,0,0,0.00271,Low,0.00662,0.00697,-0.00036,LOW RESPONSE
C08633,1,0,0.12739,Low,0.01188,0.0711,-0.05922,NEGATIVE RESPONSE
C08634,1,0,0.00232,Low,0.01991,0.01188,0.00803,LOW RESPONSE
C08635,1,0,0.08965,Low,0.0059,0.03373,-0.02783,NEGATIVE RESPONSE
C08636,0,0,0.09179,Low,0.0075,0.06859,-0.06109,NEGATIVE RESPONSE
C08637,1,0,0.00921,Low,0.00893,0.01083,-0.0019,NEGATIVE RESPONSE
C08638,0,0,0.00109,Low,0.00724,0.01092,-0.00368,NEGATIVE RESPONSE
C08639,0,0,0.07349,Low,0.01028,0.04954,-0.03925,NEGATIVE RESPONSE
C08640,1,0,0.05538,Low,0.00556,0.03641,-0.03085,NEGATIVE RESPONSE
C08641,1,0,0.20894,Low,0.01033,0.05962,-0.04928,NEGATIVE RESPONSE
C08642,1,0,0.00211,Low,0.00683,0.00851,-0.00168,NEGATIVE RESPONSE
C08643,1,0,0.02786,Low,0.01045,0.01014,0.00031,LOW RESPONSE
C08644,0,0,0.01013,Low,0.01132,0.0165,-0.00518,NEGATIVE RESPONSE
C08645,1,0,0.0703,Low,0.01348,0.03352,-0.02004,NEGATIVE RESPONSE
C08646,1,0,0.0103,Low,0.00522,0.00754,-0.00231,NEGATIVE RESPONSE
C08647,1,0,0.28133,Low,0.02247,0.11445,-0.09198,NEGATIVE RESPONSE
C08648,1,0,0.15361,Low,0.00892,0.03735,-0.02843,NEGATIVE RESPONSE
C08649,1,1,0.93388,Critical,0.01198,0.13524,-0.12327,NEGATIVE RESPONSE
C08650,1,0,0.01055,Low,0.0081,0.00626,0.00184,LOW RESPONSE
C08651,1,0,0.03044,Low,0.01412,0.05028,-0.03617,NEGATIVE RESPONSE
C08652,1,0,0.17572,Low,0.00864,0.0929,-0.08426,NEGATIVE RESPONSE
C08653,1,0,0.36854,Medium,0.00649,0.04104,-0.03455,NEGATIVE RESPONSE
C08654,1,0,0.00248,Low,0.0078,0.00621,0.00159,LOW RESPONSE
C08655,1,0,0.00183,Low,0.00827,0.01036,-0.00209,NEGATIVE RESPONSE
C08656,1,0,0.00436,Low,0.00768,0.00993,-0.00225,NEGATIVE RESPONSE
C08657,1,0,0.11041,Low,0.03129,0.05812,-0.02683,NEGATIVE RESPONSE
C08658,1,0,0.01332,Low,0.02735,0.01495,0.0124,LOW RESPONSE
C08659,1,0,0.37771,Medium,0.01273,0.06397,-0.05124,NEGATIVE RESPONSE
C08660,1,0,0.06813,Low,0.01735,0.05065,-0.0333,NEGATIVE RESPONSE
C08661,1,0,0.06005,Low,0.01748,0.05482,-0.03733,NEGATIVE RESPONSE
C08662,1,0,0.00898,Low,0.01955,0.02007,-0.00052,LOW RESPONSE
C08663,0,0,0.04227,Low,0.00868,0.03383,-0.02515,NEGATIVE RESPONSE
C08664,0,0,0.00777,Low,0.0055,0.00676,-0.00126,NEGATIVE RESPONSE
C08665,1,0,0.00896,Low,0.01215,0.012,0.00015,LOW RESPONSE
C08666,1,0,0.00919,Low,0.01591,0.01286,0.00305,LOW RESPONSE
C08667,1,0,0.03223,Low,0.01164,0.01186,-0.00022,LOW RESPONSE
C08668,1,0,0.08768,Low,0.00671,0.02979,-0.02309,NEGATIVE RESPONSE
C08669,1,0,0.03105,Low,0.00717,0.02322,-0.01605,NEGATIVE RESPONSE
C08670,1,0,0.14135,Low,0.01029,0.0321,-0.02182,NEGATIVE RESPONSE
C08671,1,0,0.25387,Low,0.01294,0.06784,-0.0549,NEGATIVE RESPONSE
C08672,1,0,0.25689,Low,0.01135,0.05735,-0.046,NEGATIVE RESPONSE
C08673,0,0,0.02755,Low,0.00848,0.02153,-0.01305,NEGATIVE RESPONSE
C08674,1,0,0.1076,Low,0.00697,0.0714,-0.06443,NEGATIVE RESPONSE
C08675,0,0,0.0724,Low,0.01315,0.03796,-0.02482,NEGATIVE RESPONSE
C08676,1,0,0.00908,Low,0.01175,0.01325,-0.00151,NEGATIVE RESPONSE
C08677,1,0,0.01695,Low,0.00891,0.01208,-0.00317,NEGATIVE RESPONSE
C08678,1,0,0.00684,Low,0.00819,0.00618,0.00201,LOW RESPONSE
C08679,1,0,0.04632,Low,0.01571,0.04945,-0.03374,NEGATIVE RESPONSE
C08680,0,0,0.05118,Low,0.01319,0.05192,-0.03873,NEGATIVE RESPONSE
C08681,1,0,0.05959,Low,0.00861,0.05744,-0.04883,NEGATIVE RESPONSE
C08682,1,0,0.03458,Low,0.00743,0.00772,-0.00029,LOW RESPONSE
C08683,1,0,0.01053,Low,0.01382,0.00697,0.00685,LOW RESPONSE
C08684,1,0,0.06191,Low,0.00537,0.03516,-0.02979,NEGATIVE RESPONSE
C08685,0,0,0.01643,Low,0.01299,0.00854,0.00445,LOW RESPONSE
C08686,1,0,0.23657,Low,0.01038,0.06241,-0.05203,NEGATIVE RESPONSE
C08687,1,0,0.02383,Low,0.01598,0.08224,-0.06626,NEGATIVE RESPONSE
C08688,0,0,0.04823,Low,0.00473,0.03157,-0.02684,NEGATIVE RESPONSE
C08689,1,0,0.01598,Low,0.0106,0.00903,0.00158,LOW RESPONSE
C08690,1,0,0.0186,Low,0.01051,0.04424,-0.03373,NEGATIVE RESPONSE
C08691,1,0,0.01697,Low,0.0113,0.04125,-0.02995,NEGATIVE RESPONSE
C08692,0,0,0.30054,Medium,0.00627,0.07496,-0.06869,NEGATIVE RESPONSE
C08693,1,0,0.08676,Low,0.00679,0.03828,-0.03149,NEGATIVE RESPONSE
C08694,1,0,0.06161,Low,0.01119,0.0292,-0.018,NEGATIVE RESPONSE
C08695,1,0,0.13842,Low,0.01003,0.08161,-0.07158,NEGATIVE RESPONSE
C08696,1,0,0.01937,Low,0.01045,0.01213,-0.00168,NEGATIVE RESPONSE
C08697,1,0,0.00705,Low,0.00477,0.01848,-0.01371,NEGATIVE RESPONSE
C08698,1,0,0.03439,Low,0.00724,0.02946,-0.02222,NEGATIVE RESPONSE
C08699,0,0,0.09239,Low,0.00896,0.05925,-0.05029,NEGATIVE RESPONSE
C08700,1,1,0.97423,Critical,0.03083,0.30105,-0.27022,NEGATIVE RESPONSE
C08701,1,0,0.02613,Low,0.00828,0.06094,-0.05266,NEGATIVE RESPONSE
C08702,1,0,0.0065,Low,0.00893,0.00923,-0.0003,LOW RESPONSE
C08703,1,0,0.0311,Low,0.01683,0.03954,-0.02271,NEGATIVE RESPONSE
C08704,1,0,0.06733,Low,0.00701,0.03299,-0.02597,NEGATIVE RESPONSE
C08705,1,0,0.05282,Low,0.0107,0.03765,-0.02695,NEGATIVE RESPONSE
C08706,1,0,0.03145,Low,0.01377,0.02454,-0.01077,NEGATIVE RESPONSE
C08707,1,0,0.38638,Medium,0.01738,0.0616,-0.04422,NEGATIVE RESPONSE
C08708,1,0,0.0609,Low,0.00617,0.03839,-0.03222,NEGATIVE RESPONSE
C08709,1,0,0.03088,Low,0.0043,0.03051,-0.02621,NEGATIVE RESPONSE
C08710,1,0,0.01558,Low,0.01132,0.00825,0.00307,LOW RESPONSE
C08711,1,0,0.00602,Low,0.00803,0.01097,-0.00295,NEGATIVE RESPONSE
C08712,1,0,0.01138,Low,0.0074,0.01071,-0.00331,NEGATIVE RESPONSE
C08713,0,0,0.0543,Low,0.00814,0.06485,-0.05671,NEGATIVE RESPONSE
C08714,1,0,0.06804,Low,0.00718,0.05133,-0.04415,NEGATIVE RESPONSE
C08715,1,0,0.01134,Low,0.00602,0.0083,-0.00228,NEGATIVE RESPONSE
C08716,0,0,0.03288,Low,0.01073,0.04633,-0.0356,NEGATIVE RESPONSE
C08717,1,0,0.27417,Low,0.01022,0.05575,-0.04553,NEGATIVE RESPONSE
C08718,1,0,0.01683,Low,0.02528,0.01286,0.01243,LOW RESPONSE
C08719,1,0,0.07494,Low,0.00523,0.03434,-0.0291,NEGATIVE RESPONSE
C08720,1,0,0.02149,Low,0.00549,0.00947,-0.00397,NEGATIVE RESPONSE
C08721,1,0,0.01197,Low,0.00769,0.03261,-0.02492,NEGATIVE RESPONSE
C08722,1,0,0.08083,Low,0.0095,0.03907,-0.02956,NEGATIVE RESPONSE
C08723,1,0,0.02379,Low,0.00981,0.01719,-0.00738,NEGATIVE RESPONSE
C08724,1,0,0.13918,Low,0.01409,0.07479,-0.0607,NEGATIVE RESPONSE
C08725,1,0,0.0121,Low,0.0189,0.04544,-0.02653,NEGATIVE RESPONSE
C08726,1,0,0.00162,Low,0.00846,0.00803,0.00043,LOW RESPONSE
C08727,1,0,0.01331,Low,0.01076,0.01063,0.00013,LOW RESPONSE
C08728,1,1,0.95815,Critical,0.01716,0.11588,-0.09872,NEGATIVE RESPONSE
C08729,1,0,0.0801,Low,0.00983,0.04716,-0.03733,NEGATIVE RESPONSE
C08730,1,0,0.01957,Low,0.00767,0.01033,-0.00266,NEGATIVE RESPONSE
C08731,1,0,0.20909,Low,0.01006,0.07427,-0.06421,NEGATIVE RESPONSE
C08732,1,0,0.04201,Low,0.01012,0.04165,-0.03152,NEGATIVE RESPONSE
C08733,0,0,0.00767,Low,0.01409,0.01527,-0.00119,NEGATIVE RESPONSE
C08734,1,0,0.00144,Low,0.00548,0.01003,-0.00455,NEGATIVE RESPONSE
C08735,1,0,0.12743,Low,0.01068,0.05765,-0.04698,NEGATIVE RESPONSE
C08736,1,0,0.06997,Low,0.01176,0.06342,-0.05166,NEGATIVE RESPONSE
C08737,1,0,0.02874,Low,0.00556,0.02513,-0.01956,NEGATIVE RESPONSE
C08738,1,0,0.06781,Low,0.01172,0.0784,-0.06668,NEGATIVE RESPONSE
C08739,1,0,0.01346,Low,0.00878,0.00812,0.00066,LOW RESPONSE
C08740,1,0,0.03153,Low,0.01314,0.00769,0.00544,LOW RESPONSE
C08741,1,1,0.97336,Critical,0.01532,0.10968,-0.09436,NEGATIVE RESPONSE
C08742,1,0,0.11043,Low,0.00752,0.04438,-0.03686,NEGATIVE RESPONSE
C08743,1,0,0.15754,Low,0.00685,0.06086,-0.05401,NEGATIVE RESPONSE
C08744,1,0,0.01683,Low,0.00447,0.02999,-0.02551,NEGATIVE RESPONSE
C08745,1,0,0.04552,Low,0.00784,0.06498,-0.05714,NEGATIVE RESPONSE
C08746,1,0,0.44351,Medium,0.01397,0.07885,-0.06488,NEGATIVE RESPONSE
C08747,1,0,0.00429,Low,0.00823,0.00628,0.00194,LOW RESPONSE
C08748,1,0,0.30029,Medium,0.0078,0.09724,-0.08944,NEGATIVE RESPONSE
C08749,1,0,0.01363,Low,0.00924,0.02783,-0.0186,NEGATIVE RESPONSE
C08750,1,0,0.01816,Low,0.01063,0.0285,-0.01788,NEGATIVE RESPONSE
C08751,1,1,0.96411,Critical,0.01738,0.18406,-0.16668,NEGATIVE RESPONSE
C08752,1,0,0.00795,Low,0.0068,0.00802,-0.00122,NEGATIVE RESPONSE
C08753,1,0,0.25367,Low,0.0154,0.05352,-0.03812,NEGATIVE RESPONSE
C08754,0,0,0.02293,Low,0.00727,0.02438,-0.01711,NEGATIVE RESPONSE
C08755,0,0,0.07488,Low,0.00841,0.07038,-0.06198,NEGATIVE RESPONSE
C08756,1,0,0.02341,Low,0.00949,0.01178,-0.00229,NEGATIVE RESPONSE
C08757,0,0,0.00564,Low,0.00742,0.00667,0.00075,LOW RESPONSE
C08758,1,0,0.41758,Medium,0.00984,0.1024,-0.09256,NEGATIVE RESPONSE
C08759,1,0,0.27048,Low,0.02021,0.06658,-0.04637,NEGATIVE RESPONSE
C08760,1,0,0.01561,Low,0.0097,0.02911,-0.01941,NEGATIVE RESPONSE
C08761,1,0,0.00925,Low,0.01058,0.04255,-0.03197,NEGATIVE RESPONSE
C08762,1,0,0.04137,Low,0.00643,0.0102,-0.00377,NEGATIVE RESPONSE
C08763,0,0,0.1284,Low,0.01034,0.05829,-0.04795,NEGATIVE RESPONSE
C08764,1,1,0.94203,Critical,0.01086,0.0997,-0.08885,NEGATIVE RESPONSE
C08765,0,0,0.00939,Low,0.00876,0.01004,-0.00129,NEGATIVE RESPONSE
C08766,0,0,0.00933,Low,0.00939,0.01905,-0.00966,NEGATIVE RESPONSE
C08767,1,0,0.3548,Medium,0.01662,0.1013,-0.08467,NEGATIVE RESPONSE
C08768,1,0,0.00452,Low,0.00598,0.00688,-0.0009,LOW RESPONSE
C08769,0,0,0.01002,Low,0.00794,0.00872,-0.00078,LOW RESPONSE
C08770,1,0,0.00688,Low,0.01619,0.01315,0.00304,LOW RESPONSE
C08771,1,0,0.03328,Low,0.0086,0.02604,-0.01744,NEGATIVE RESPONSE
C08772,1,0,0.19734,Low,0.01015,0.04289,-0.03274,NEGATIVE RESPONSE
C08773,1,0,0.0631,Low,0.00695,0.02488,-0.01793,NEGATIVE RESPONSE
C08774,1,0,0.00775,Low,0.01246,0.00628,0.00618,LOW RESPONSE
C08775,1,0,0.14802,Low,0.0141,0.04878,-0.03468,NEGATIVE RESPONSE
C08776,1,0,0.0124,Low,0.01033,0.01233,-0.002,NEGATIVE RESPONSE
C08777,1,0,0.02323,Low,0.00592,0.04077,-0.03485,NEGATIVE RESPONSE
C08778,1,0,0.04176,Low,0.01124,0.03282,-0.02158,NEGATIVE RESPONSE
C08779,1,0,0.17064,Low,0.00867,0.09119,-0.08252,NEGATIVE RESPONSE
C08780,1,0,0.00833,Low,0.00755,0.0083,-0.00075,LOW RESPONSE
C08781,1,0,0.00296,Low,0.02448,0.00768,0.0168,LOW RESPONSE
C08782,1,0,0.02382,Low,0.00866,0.00997,-0.0013,NEGATIVE RESPONSE
C08783,1,0,0.0132,Low,0.01519,0.01053,0.00466,LOW RESPONSE
C08784,0,0,0.03294,Low,0.0069,0.03421,-0.02731,NEGATIVE RESPONSE
C08785,1,0,0.00197,Low,0.01292,0.00643,0.00649,LOW RESPONSE
C08786,1,0,0.06154,Low,0.01028,0.04008,-0.0298,NEGATIVE RESPONSE
C08787,1,0,0.00206,Low,0.01556,0.00931,0.00625,LOW RESPONSE
C08788,1,0,0.05777,Low,0.01306,0.03691,-0.02385,NEGATIVE RESPONSE
C08789,1,0,0.02867,Low,0.00774,0.00714,0.0006,LOW RESPONSE
C08790,0,0,0.03474,Low,0.01168,0.01662,-0.00494,NEGATIVE RESPONSE
C08791,1,0,0.44937,Medium,0.00887,0.05261,-0.04374,NEGATIVE RESPONSE
C08792,0,0,0.0107,Low,0.01198,0.00665,0.00534,LOW RESPONSE
C08793,1,0,0.00762,Low,0.02257,0.01081,0.01175,LOW RESPONSE
C08794,1,0,0.11035,Low,0.0181,0.11877,-0.10067,NEGATIVE RESPONSE
C08795,1,0,0.06387,Low,0.0056,0.0431,-0.0375,NEGATIVE RESPONSE
C08796,1,1,0.92678,Critical,0.00724,0.11425,-0.10702,NEGATIVE RESPONSE
C08797,0,1,0.11993,Low,0.0548,0.07026,-0.01546,NEGATIVE RESPONSE
C08798,1,0,0.00393,Low,0.00639,0.00675,-0.00036,LOW RESPONSE
C08799,1,0,0.02505,Low,0.00806,0.03654,-0.02848,NEGATIVE RESPONSE
C08800,1,0,0.00874,Low,0.01122,0.00819,0.00303,LOW RESPONSE
C08801,1,0,0.02381,Low,0.01937,0.02119,-0.00181,NEGATIVE RESPONSE
C08802,1,0,0.00908,Low,0.00835,0.01132,-0.00296,NEGATIVE RESPONSE
C08803,1,0,0.14523,Low,0.01288,0.04457,-0.03169,NEGATIVE RESPONSE
C08804,1,0,0.04058,Low,0.0116,0.0304,-0.0188,NEGATIVE RESPONSE
C08805,1,0,0.0749,Low,0.01179,0.06587,-0.05408,NEGATIVE RESPONSE
C08806,1,0,0.00384,Low,0.00854,0.00912,-0.00058,LOW RESPONSE
C08807,1,0,0.00947,Low,0.00559,0.00799,-0.0024,NEGATIVE RESPONSE
C08808,1,0,0.08685,Low,0.01034,0.04815,-0.03781,NEGATIVE RESPONSE
C08809,1,0,0.00541,Low,0.00867,0.01364,-0.00497,NEGATIVE RESPONSE
C08810,0,0,0.04844,Low,0.00712,0.04522,-0.0381,NEGATIVE RESPONSE
C08811,1,0,0.0048,Low,0.00642,0.0061,0.00031,LOW RESPONSE
C08812,1,0,0.00183,Low,0.0085,0.01119,-0.00269,NEGATIVE RESPONSE
C08813,1,0,0.01919,Low,0.005,0.03083,-0.02583,NEGATIVE RESPONSE
C08814,1,0,0.33335,Medium,0.00996,0.07573,-0.06577,NEGATIVE RESPONSE
C08815,1,0,0.01425,Low,0.00517,0.0229,-0.01773,NEGATIVE RESPONSE
C08816,1,0,0.09545,Low,0.01899,0.0522,-0.0332,NEGATIVE RESPONSE
C08817,1,0,0.02749,Low,0.01435,0.03901,-0.02466,NEGATIVE RESPONSE
C08818,1,0,0.00223,Low,0.00731,0.00691,0.0004,LOW RESPONSE
C08819,1,0,0.01076,Low,0.01228,0.00855,0.00372,LOW RESPONSE
C08820,1,0,0.06721,Low,0.00761,0.0319,-0.02429,NEGATIVE RESPONSE
C08821,1,0,0.00649,Low,0.00894,0.00812,0.00081,LOW RESPONSE
C08822,0,0,0.0765,Low,0.00565,0.03816,-0.03251,NEGATIVE RESPONSE
C08823,0,0,0.13324,Low,0.01177,0.0425,-0.03073,NEGATIVE RESPONSE
C08824,1,0,0.09633,Low,0.01232,0.14356,-0.13125,NEGATIVE RESPONSE
C08825,1,0,0.03195,Low,0.00462,0.02732,-0.02271,NEGATIVE RESPONSE
C08826,1,0,0.05738,Low,0.00905,0.01447,-0.00542,NEGATIVE RESPONSE
C08827,1,0,0.0066,Low,0.00795,0.00892,-0.00097,LOW RESPONSE
C08828,1,0,0.01108,Low,0.00905,0.00787,0.00118,LOW RESPONSE
C08829,1,0,0.00742,Low,0.00655,0.00925,-0.0027,NEGATIVE RESPONSE
C08830,0,0,0.01711,Low,0.00785,0.00716,0.00069,LOW RESPONSE
C08831,1,0,0.09671,Low,0.01084,0.03014,-0.0193,NEGATIVE RESPONSE
C08832,1,0,0.00451,Low,0.00392,0.00702,-0.00311,NEGATIVE RESPONSE
C08833,0,0,0.12883,Low,0.00635,0.02756,-0.0212,NEGATIVE RESPONSE
C08834,1,0,0.06674,Low,0.00668,0.0409,-0.03422,NEGATIVE RESPONSE
C08835,0,0,0.05559,Low,0.01634,0.03825,-0.02191,NEGATIVE RESPONSE
C08836,1,0,0.04004,Low,0.00551,0.02248,-0.01697,NEGATIVE RESPONSE
C08837,1,0,0.2156,Low,0.00768,0.03583,-0.02815,NEGATIVE RESPONSE
C08838,1,0,0.01678,Low,0.01176,0.02094,-0.00919,NEGATIVE RESPONSE
C08839,1,0,0.06346,Low,0.00571,0.06412,-0.05841,NEGATIVE RESPONSE
C08840,0,0,0.24496,Low,0.00831,0.12298,-0.11467,NEGATIVE RESPONSE
C08841,0,0,0.16904,Low,0.01073,0.08929,-0.07857,NEGATIVE RESPONSE
C08842,1,0,0.01602,Low,0.01029,0.01148,-0.00118,NEGATIVE RESPONSE
C08843,0,0,0.20478,Low,0.00937,0.04336,-0.03399,NEGATIVE RESPONSE
C08844,1,0,0.11428,Low,0.00681,0.03213,-0.02531,NEGATIVE RESPONSE
C08845,1,0,0.00491,Low,0.008,0.00852,-0.00052,LOW RESPONSE
C08846,1,0,0.04935,Low,0.01352,0.09926,-0.08574,NEGATIVE RESPONSE
C08847,1,0,0.02113,Low,0.00638,0.03557,-0.02918,NEGATIVE RESPONSE
C08848,1,0,0.06327,Low,0.00909,0.05147,-0.04238,NEGATIVE RESPONSE
C08849,1,0,0.00359,Low,0.01486,0.0238,-0.00894,NEGATIVE RESPONSE
C08850,1,0,0.0188,Low,0.00547,0.03329,-0.02782,NEGATIVE RESPONSE
C08851,1,0,0.12912,Low,0.01029,0.0573,-0.04701,NEGATIVE RESPONSE
C08852,1,0,0.08089,Low,0.00571,0.03024,-0.02453,NEGATIVE RESPONSE
C08853,1,0,0.01622,Low,0.00957,0.04109,-0.03151,NEGATIVE RESPONSE
C08854,1,0,0.02793,Low,0.01966,0.02005,-0.00039,LOW RESPONSE
C08855,1,0,0.00548,Low,0.0121,0.01249,-0.00039,LOW RESPONSE
C08856,1,0,0.00482,Low,0.0097,0.00853,0.00118,LOW RESPONSE
C08857,1,0,0.24445,Low,0.0091,0.06093,-0.05183,NEGATIVE RESPONSE
C08858,1,0,0.29223,Low,0.01298,0.07539,-0.06242,NEGATIVE RESPONSE
C08859,1,0,0.02299,Low,0.00471,0.04026,-0.03555,NEGATIVE RESPONSE
C08860,1,0,0.09925,Low,0.00888,0.04689,-0.03801,NEGATIVE RESPONSE
C08861,1,0,0.01065,Low,0.01269,0.01423,-0.00155,NEGATIVE RESPONSE
C08862,1,0,0.00279,Low,0.00723,0.01261,-0.00539,NEGATIVE RESPONSE
C08863,1,0,0.01202,Low,0.01514,0.02001,-0.00486,NEGATIVE RESPONSE
C08864,1,0,0.10366,Low,0.0099,0.02706,-0.01716,NEGATIVE RESPONSE
C08865,0,0,0.00313,Low,0.01218,0.00861,0.00358,LOW RESPONSE
C08866,1,0,0.0296,Low,0.03545,0.0898,-0.05435,NEGATIVE RESPONSE
C08867,0,0,0.00399,Low,0.01268,0.01384,-0.00115,NEGATIVE RESPONSE
C08868,1,0,0.08066,Low,0.01528,0.066,-0.05072,NEGATIVE RESPONSE
C08869,1,0,0.00967,Low,0.00408,0.00708,-0.003,NEGATIVE RESPONSE
C08870,1,0,0.17371,Low,0.01856,0.06358,-0.04502,NEGATIVE RESPONSE
C08871,1,0,0.0108,Low,0.0065,0.0095,-0.003,NEGATIVE RESPONSE
C08872,0,0,0.02754,Low,0.00895,0.01121,-0.00227,NEGATIVE RESPONSE
C08873,1,0,0.42376,Medium,0.00799,0.06353,-0.05554,NEGATIVE RESPONSE
C08874,1,0,0.02146,Low,0.01036,0.00884,0.00152,LOW RESPONSE
C08875,1,0,0.01872,Low,0.00623,0.04739,-0.04116,NEGATIVE RESPONSE
C08876,1,0,0.02864,Low,0.02601,0.01795,0.00806,LOW RESPONSE
C08877,1,0,0.04665,Low,0.01123,0.05232,-0.0411,NEGATIVE RESPONSE
C08878,1,1,0.96533,Critical,0.01121,0.08251,-0.0713,NEGATIVE RESPONSE
C08879,1,0,0.00497,Low,0.02445,0.0075,0.01695,LOW RESPONSE
C08880,1,0,0.01975,Low,0.00829,0.06386,-0.05558,NEGATIVE RESPONSE
C08881,1,0,0.02856,Low,0.00717,0.05838,-0.05121,NEGATIVE RESPONSE
C08882,1,0,0.1768,Low,0.03687,0.09833,-0.06147,NEGATIVE RESPONSE
C08883,1,0,0.01088,Low,0.00676,0.01399,-0.00723,NEGATIVE RESPONSE
C08884,1,0,0.02778,Low,0.00715,0.04625,-0.0391,NEGATIVE RESPONSE
C08885,1,0,0.00437,Low,0.00578,0.00624,-0.00046,LOW RESPONSE
C08886,1,0,0.01328,Low,0.02519,0.03607,-0.01089,NEGATIVE RESPONSE
C08887,1,0,0.03564,Low,0.01857,0.05366,-0.03509,NEGATIVE RESPONSE
C08888,0,0,0.01556,Low,0.00822,0.01371,-0.00549,NEGATIVE RESPONSE
C08889,1,0,0.14449,Low,0.0102,0.04671,-0.0365,NEGATIVE RESPONSE
C08890,1,0,0.06586,Low,0.00771,0.05074,-0.04302,NEGATIVE RESPONSE
C08891,1,0,0.04832,Low,0.00718,0.05418,-0.047,NEGATIVE RESPONSE
C08892,1,0,0.28546,Low,0.00691,0.04732,-0.04041,NEGATIVE RESPONSE
C08893,1,0,0.04474,Low,0.00733,0.03076,-0.02343,NEGATIVE RESPONSE
C08894,1,0,0.0315,Low,0.01614,0.01446,0.00168,LOW RESPONSE
C08895,1,0,0.01342,Low,0.00747,0.00797,-0.0005,LOW RESPONSE
C08896,1,0,0.06091,Low,0.00598,0.03005,-0.02407,NEGATIVE RESPONSE
C08897,1,0,0.00768,Low,0.0056,0.01734,-0.01174,NEGATIVE RESPONSE
C08898,1,0,0.00877,Low,0.00838,0.01115,-0.00276,NEGATIVE RESPONSE
C08899,1,1,0.94598,Critical,0.00929,0.11481,-0.10553,NEGATIVE RESPONSE
C08900,0,0,0.03896,Low,0.0051,0.02936,-0.02426,NEGATIVE RESPONSE
C08901,0,0,0.08251,Low,0.02727,0.04955,-0.02228,NEGATIVE RESPONSE
C08902,1,0,0.39091,Medium,0.01195,0.06175,-0.0498,NEGATIVE RESPONSE
C08903,1,0,0.20128,Low,0.00712,0.07531,-0.06818,NEGATIVE RESPONSE
C08904,1,0,0.0377,Low,0.0087,0.01163,-0.00293,NEGATIVE RESPONSE
C08905,1,0,0.05237,Low,0.00491,0.05384,-0.04893,NEGATIVE RESPONSE
C08906,1,0,0.0518,Low,0.00847,0.0282,-0.01973,NEGATIVE RESPONSE
C08907,1,0,0.1445,Low,0.01136,0.04655,-0.03519,NEGATIVE RESPONSE
C08908,0,0,0.00643,Low,0.00894,0.01945,-0.01051,NEGATIVE RESPONSE
C08909,1,0,0.01482,Low,0.00866,0.01097,-0.00231,NEGATIVE RESPONSE
C08910,1,0,0.01302,Low,0.00956,0.01058,-0.00102,NEGATIVE RESPONSE
C08911,1,0,0.04383,Low,0.00495,0.0227,-0.01775,NEGATIVE RESPONSE
C08912,0,0,0.39835,Medium,0.00977,0.04522,-0.03545,NEGATIVE RESPONSE
C08913,1,0,0.02671,Low,0.00465,0.0413,-0.03665,NEGATIVE RESPONSE
C08914,1,0,0.11174,Low,0.00569,0.03555,-0.02986,NEGATIVE RESPONSE
C08915,1,0,0.03482,Low,0.00792,0.01011,-0.00219,NEGATIVE RESPONSE
C08916,1,0,0.04742,Low,0.00765,0.04763,-0.03998,NEGATIVE RESPONSE
C08917,0,0,0.06198,Low,0.00729,0.02048,-0.01319,NEGATIVE RESPONSE
C08918,1,0,0.0121,Low,0.00908,0.01016,-0.00109,NEGATIVE RESPONSE
C08919,0,0,0.15336,Low,0.00673,0.05814,-0.05141,NEGATIVE RESPONSE
C08920,1,0,0.04835,Low,0.01048,0.0535,-0.04302,NEGATIVE RESPONSE
C08921,1,0,0.24485,Low,0.00942,0.10843,-0.09901,NEGATIVE RESPONSE
C08922,0,0,0.068,Low,0.0101,0.03791,-0.0278,NEGATIVE RESPONSE
C08923,0,0,0.0126,Low,0.01023,0.02647,-0.01625,NEGATIVE RESPONSE
C08924,1,0,0.04033,Low,0.01767,0.02005,-0.00238,NEGATIVE RESPONSE
C08925,1,0,0.0153,Low,0.00777,0.01024,-0.00246,NEGATIVE RESPONSE
C08926,1,0,0.02291,Low,0.00584,0.01919,-0.01334,NEGATIVE RESPONSE
C08927,1,0,0.00529,Low,0.00821,0.00675,0.00145,LOW RESPONSE
C08928,1,0,0.09389,Low,0.01018,0.05805,-0.04788,NEGATIVE RESPONSE
C08929,1,0,0.00946,Low,0.00719,0.01268,-0.00549,NEGATIVE RESPONSE
C08930,1,0,0.01529,Low,0.01324,0.01452,-0.00128,NEGATIVE RESPONSE
C08931,1,0,0.00241,Low,0.01165,0.01842,-0.00677,NEGATIVE RESPONSE
C08932,1,0,0.00797,Low,0.00542,0.00691,-0.00149,NEGATIVE RESPONSE
C08933,1,0,0.02509,Low,0.02439,0.01193,0.01246,LOW RESPONSE
C08934,1,0,0.16286,Low,0.01459,0.06078,-0.04619,NEGATIVE RESPONSE
C08935,1,0,0.02095,Low,0.01036,0.0072,0.00316,LOW RESPONSE
C08936,0,0,0.09037,Low,0.00617,0.03248,-0.02631,NEGATIVE RESPONSE
C08937,1,0,0.00564,Low,0.02781,0.01664,0.01118,LOW RESPONSE
C08938,0,0,0.50108,Medium,0.02053,0.08475,-0.06422,NEGATIVE RESPONSE
C08939,1,0,0.11522,Low,0.01426,0.04544,-0.03118,NEGATIVE RESPONSE
C08940,1,0,0.01547,Low,0.00668,0.02525,-0.01858,NEGATIVE RESPONSE
C08941,1,1,0.95325,Critical,0.01572,0.18491,-0.16919,NEGATIVE RESPONSE
C08942,1,0,0.1213,Low,0.00649,0.04856,-0.04207,NEGATIVE RESPONSE
C08943,1,1,0.06164,Low,0.00883,0.17647,-0.16764,NEGATIVE RESPONSE
C08944,1,0,0.01224,Low,0.01283,0.02289,-0.01006,NEGATIVE RESPONSE
C08945,1,0,0.06941,Low,0.00454,0.04993,-0.04539,NEGATIVE RESPONSE
C08946,1,0,0.12743,Low,0.01344,0.05986,-0.04643,NEGATIVE RESPONSE
C08947,0,0,0.01724,Low,0.00627,0.01118,-0.00491,NEGATIVE RESPONSE
C08948,1,0,0.11788,Low,0.00779,0.03631,-0.02852,NEGATIVE RESPONSE
C08949,1,0,0.00608,Low,0.01223,0.00915,0.00309,LOW RESPONSE
C08950,1,0,0.02148,Low,0.01546,0.00737,0.00809,LOW RESPONSE
C08951,1,0,0.01621,Low,0.01228,0.02019,-0.00791,NEGATIVE RESPONSE
C08952,1,0,0.07285,Low,0.01271,0.06348,-0.05077,NEGATIVE RESPONSE
C08953,1,0,0.01079,Low,0.01073,0.03204,-0.02131,NEGATIVE RESPONSE
C08954,1,0,0.2439,Low,0.0092,0.05304,-0.04384,NEGATIVE RESPONSE
C08955,1,0,0.04285,Low,0.02592,0.0607,-0.03478,NEGATIVE RESPONSE
C08956,0,0,0.08862,Low,0.00608,0.04448,-0.0384,NEGATIVE RESPONSE
C08957,1,0,0.18802,Low,0.01915,0.04775,-0.02859,NEGATIVE RESPONSE
C08958,1,0,0.03425,Low,0.00736,0.00786,-0.0005,LOW RESPONSE
C08959,0,0,0.01125,Low,0.01187,0.00949,0.00238,LOW RESPONSE
C08960,1,0,0.20615,Low,0.01647,0.08013,-0.06366,NEGATIVE RESPONSE
C08961,1,0,0.00433,Low,0.00527,0.00856,-0.00329,NEGATIVE RESPONSE
C08962,0,0,0.00474,Low,0.01454,0.02173,-0.0072,NEGATIVE RESPONSE
C08963,1,0,0.03015,Low,0.00588,0.03678,-0.0309,NEGATIVE RESPONSE
C08964,0,0,0.079,Low,0.00889,0.0576,-0.04871,NEGATIVE RESPONSE
C08965,1,0,0.01241,Low,0.00825,0.00965,-0.0014,NEGATIVE RESPONSE
C08966,1,0,0.20142,Low,0.0063,0.07541,-0.06911,NEGATIVE RESPONSE
C08967,1,0,0.03867,Low,0.00553,0.02862,-0.02309,NEGATIVE RESPONSE
C08968,1,0,0.2721,Low,0.01058,0.05984,-0.04927,NEGATIVE RESPONSE
C08969,1,0,0.48617,Medium,0.02858,0.12149,-0.09291,NEGATIVE RESPONSE
C08970,1,0,0.0118,Low,0.01338,0.00758,0.0058,LOW RESPONSE
C08971,1,0,0.08385,Low,0.00757,0.0448,-0.03723,NEGATIVE RESPONSE
C08972,1,1,0.2782,Low,0.00914,0.21674,-0.2076,NEGATIVE RESPONSE
C08973,0,0,0.17984,Low,0.00642,0.04456,-0.03814,NEGATIVE RESPONSE
C08974,1,0,0.01571,Low,0.03644,0.02979,0.00666,PERSUADABLE
C08975,0,0,0.01652,Low,0.00786,0.00892,-0.00107,NEGATIVE RESPONSE
C08976,1,0,0.17837,Low,0.01365,0.11344,-0.09979,NEGATIVE RESPONSE
C08977,1,0,0.01042,Low,0.00563,0.01943,-0.0138,NEGATIVE RESPONSE
C08978,1,0,0.00991,Low,0.00648,0.02793,-0.02145,NEGATIVE RESPONSE
C08979,1,0,0.01335,Low,0.00759,0.00799,-0.0004,LOW RESPONSE
C08980,1,0,0.00521,Low,0.00912,0.01222,-0.0031,NEGATIVE RESPONSE
C08981,0,0,0.3555,Medium,0.01272,0.08537,-0.07265,NEGATIVE RESPONSE
C08982,1,0,0.00299,Low,0.00498,0.01053,-0.00555,NEGATIVE RESPONSE
C08983,0,0,0.30392,Medium,0.01427,0.05285,-0.03858,NEGATIVE RESPONSE
C08984,1,1,0.85737,Critical,0.00555,0.03734,-0.03178,NEGATIVE RESPONSE
C08985,1,0,0.01556,Low,0.00551,0.02109,-0.01558,NEGATIVE RESPONSE
C08986,1,0,0.03127,Low,0.00528,0.00761,-0.00232,NEGATIVE RESPONSE
C08987,1,0,0.01366,Low,0.0083,0.00989,-0.00158,NEGATIVE RESPONSE
C08988,1,0,0.01141,Low,0.02811,0.01653,0.01158,LOW RESPONSE
C08989,1,0,0.32888,Medium,0.00546,0.06359,-0.05813,NEGATIVE RESPONSE
C08990,1,0,0.12748,Low,0.01602,0.06664,-0.05062,NEGATIVE RESPONSE
C08991,1,0,0.01136,Low,0.01192,0.00951,0.00241,LOW RESPONSE
C08992,1,0,0.0268,Low,0.02318,0.05165,-0.02847,NEGATIVE RESPONSE
C08993,1,0,0.04691,Low,0.01013,0.06189,-0.05175,NEGATIVE RESPONSE
C08994,0,0,0.34362,Medium,0.01224,0.06351,-0.05126,NEGATIVE RESPONSE
C08995,1,0,0.04391,Low,0.0077,0.04569,-0.03798,NEGATIVE RESPONSE
C08996,1,0,0.03813,Low,0.00719,0.03589,-0.0287,NEGATIVE RESPONSE
C08997,1,0,0.02641,Low,0.02258,0.02737,-0.0048,NEGATIVE RESPONSE
C08998,1,0,0.00457,Low,0.0106,0.00973,0.00086,LOW RESPONSE
C08999,1,0,0.34711,Medium,0.03016,0.12524,-0.09508,NEGATIVE RESPONSE
C09000,1,0,0.04999,Low,0.01777,0.0466,-0.02883,NEGATIVE RESPONSE
C09001,0,0,0.01507,Low,0.01254,0.02379,-0.01125,NEGATIVE RESPONSE
C09002,0,0,0.03916,Low,0.0046,0.04358,-0.03899,NEGATIVE RESPONSE
C09003,1,0,0.01236,Low,0.0058,0.03402,-0.02822,NEGATIVE RESPONSE
C09004,0,1,0.96991,Critical,0.0299,0.11487,-0.08497,NEGATIVE RESPONSE
C09005,0,0,0.0036,Low,0.00674,0.0077,-0.00096,LOW RESPONSE
C09006,1,0,0.05255,Low,0.02004,0.03608,-0.01604,NEGATIVE RESPONSE
C09007,1,0,0.00276,Low,0.01013,0.00855,0.00158,LOW RESPONSE
C09008,1,0,0.04396,Low,0.02301,0.06956,-0.04655,NEGATIVE RESPONSE
C09009,1,0,0.0134,Low,0.0086,0.0129,-0.0043,NEGATIVE RESPONSE
C09010,1,0,0.01557,Low,0.0078,0.05265,-0.04485,NEGATIVE RESPONSE
C09011,1,1,0.92743,Critical,0.01056,0.13087,-0.12031,NEGATIVE RESPONSE
C09012,0,0,0.00257,Low,0.0096,0.0083,0.0013,LOW RESPONSE
C09013,1,0,0.04171,Low,0.01577,0.08899,-0.07322,NEGATIVE RESPONSE
C09014,1,0,0.09117,Low,0.01157,0.04185,-0.03027,NEGATIVE RESPONSE
C09015,0,0,0.08937,Low,0.00828,0.10934,-0.10106,NEGATIVE RESPONSE
C09016,1,0,0.01831,Low,0.00891,0.0097,-0.00079,LOW RESPONSE
C09017,0,0,0.01088,Low,0.00482,0.02352,-0.0187,NEGATIVE RESPONSE
C09018,1,0,0.02977,Low,0.007,0.0099,-0.0029,NEGATIVE RESPONSE
C09019,0,0,0.01627,Low,0.01158,0.00849,0.00309,LOW RESPONSE
C09020,1,0,0.02286,Low,0.01372,0.00793,0.00579,LOW RESPONSE
C09021,1,0,0.09107,Low,0.00951,0.06198,-0.05248,NEGATIVE RESPONSE
C09022,0,0,0.23436,Low,0.01821,0.06479,-0.04658,NEGATIVE RESPONSE
C09023,0,0,0.01396,Low,0.01384,0.0087,0.00514,LOW RESPONSE
C09024,1,0,0.21604,Low,0.0124,0.05041,-0.03801,NEGATIVE RESPONSE
C09025,0,1,0.95622,Critical,0.02924,0.11869,-0.08945,NEGATIVE RESPONSE
C09026,1,0,0.04729,Low,0.00772,0.03812,-0.03041,NEGATIVE RESPONSE
C09027,1,0,0.02908,Low,0.00985,0.00819,0.00166,LOW RESPONSE
C09028,1,0,0.01101,Low,0.01049,0.00622,0.00427,LOW RESPONSE
C09029,1,0,0.10522,Low,0.00997,0.04789,-0.03792,NEGATIVE RESPONSE
C09030,1,0,0.03323,Low,0.00606,0.02698,-0.02092,NEGATIVE RESPONSE
C09031,1,0,0.04647,Low,0.01379,0.054,-0.04021,NEGATIVE RESPONSE
C09032,1,0,0.00816,Low,0.01012,0.00658,0.00354,LOW RESPONSE
C09033,1,0,0.0818,Low,0.0119,0.05846,-0.04656,NEGATIVE RESPONSE
C09034,1,0,0.00604,Low,0.01743,0.01823,-0.0008,LOW RESPONSE
C09035,1,0,0.04019,Low,0.00893,0.04093,-0.03199,NEGATIVE RESPONSE
C09036,1,0,0.21902,Low,0.01176,0.0552,-0.04344,NEGATIVE RESPONSE
C09037,1,0,0.12955,Low,0.02903,0.06046,-0.03143,NEGATIVE RESPONSE
C09038,1,0,0.04897,Low,0.00595,0.02189,-0.01594,NEGATIVE RESPONSE
C09039,1,0,0.00815,Low,0.00873,0.00788,0.00086,LOW RESPONSE
C09040,0,0,0.01134,Low,0.00634,0.01025,-0.00391,NEGATIVE RESPONSE
C09041,0,0,0.01116,Low,0.00722,0.00846,-0.00124,NEGATIVE RESPONSE
C09042,1,0,0.0082,Low,0.01501,0.00862,0.00638,LOW RESPONSE
C09043,1,0,0.00685,Low,0.03146,0.03254,-0.00108,NEGATIVE RESPONSE
C09044,0,0,0.07629,Low,0.00548,0.03901,-0.03353,NEGATIVE RESPONSE
C09045,1,0,0.34039,Medium,0.03668,0.15969,-0.12301,NEGATIVE RESPONSE
C09046,0,1,0.93067,Critical,0.02922,0.05566,-0.02644,NEGATIVE RESPONSE
C09047,1,0,0.00818,Low,0.01182,0.00825,0.00357,LOW RESPONSE
C09048,1,0,0.04809,Low,0.00583,0.02439,-0.01857,NEGATIVE RESPONSE
C09049,0,0,0.02823,Low,0.00617,0.05605,-0.04988,NEGATIVE RESPONSE
C09050,1,0,0.00693,Low,0.01195,0.00647,0.00548,LOW RESPONSE
C09051,1,0,0.18295,Low,0.01176,0.03019,-0.01843,NEGATIVE RESPONSE
C09052,0,0,0.12918,Low,0.00776,0.03068,-0.02292,NEGATIVE RESPONSE
C09053,1,0,0.00443,Low,0.00768,0.00937,-0.00169,NEGATIVE RESPONSE
C09054,1,0,0.22503,Low,0.00547,0.0843,-0.07883,NEGATIVE RESPONSE
C09055,1,0,0.01285,Low,0.00661,0.00645,0.00016,LOW RESPONSE
C09056,1,0,0.10286,Low,0.00506,0.0469,-0.04184,NEGATIVE RESPONSE
C09057,1,0,0.02264,Low,0.01475,0.05202,-0.03727,NEGATIVE RESPONSE
C09058,1,0,0.16256,Low,0.00733,0.06549,-0.05816,NEGATIVE RESPONSE
C09059,1,0,0.04749,Low,0.0063,0.02896,-0.02266,NEGATIVE RESPONSE
C09060,1,0,0.13991,Low,0.01103,0.09751,-0.08648,NEGATIVE RESPONSE
C09061,1,0,0.02474,Low,0.01323,0.01748,-0.00425,NEGATIVE RESPONSE
C09062,0,0,0.03816,Low,0.00744,0.0304,-0.02296,NEGATIVE RESPONSE
C09063,1,0,0.11951,Low,0.01293,0.07998,-0.06705,NEGATIVE RESPONSE
C09064,1,0,0.05981,Low,0.00895,0.03213,-0.02317,NEGATIVE RESPONSE
C09065,1,0,0.00762,Low,0.00607,0.00713,-0.00106,NEGATIVE RESPONSE
C09066,1,0,0.10275,Low,0.00776,0.03004,-0.02228,NEGATIVE RESPONSE
C09067,1,0,0.03325,Low,0.01087,0.01093,-6e-05,LOW RESPONSE
C09068,0,0,0.00858,Low,0.00579,0.00775,-0.00197,NEGATIVE RESPONSE
C09069,1,0,0.04608,Low,0.02449,0.0097,0.0148,HIGHLY PERSUADABLE
C09070,1,0,0.02489,Low,0.00458,0.02391,-0.01933,NEGATIVE RESPONSE
C09071,1,0,0.12512,Low,0.01314,0.05669,-0.04354,NEGATIVE RESPONSE
C09072,1,0,0.01738,Low,0.01132,0.00824,0.00308,LOW RESPONSE
C09073,1,0,0.08995,Low,0.01148,0.07435,-0.06287,NEGATIVE RESPONSE
C09074,1,0,0.02952,Low,0.01143,0.01467,-0.00324,NEGATIVE RESPONSE
C09075,1,1,0.95337,Critical,0.00901,0.15568,-0.14666,NEGATIVE RESPONSE
C09076,0,0,0.03232,Low,0.00857,0.00975,-0.00119,NEGATIVE RESPONSE
C09077,1,1,0.9452,Critical,0.01064,0.05289,-0.04224,NEGATIVE RESPONSE
C09078,1,0,0.0008,Low,0.00871,0.012,-0.00328,NEGATIVE RESPONSE
C09079,1,0,0.26002,Low,0.01147,0.11268,-0.10122,NEGATIVE RESPONSE
C09080,1,0,0.08926,Low,0.00765,0.0571,-0.04945,NEGATIVE RESPONSE
C09081,1,0,0.00184,Low,0.00538,0.00742,-0.00204,NEGATIVE RESPONSE
C09082,1,0,0.00499,Low,0.00623,0.00647,-0.00024,LOW RESPONSE
C09083,1,0,0.00772,Low,0.01344,0.00869,0.00474,LOW RESPONSE
C09084,1,0,0.08346,Low,0.01051,0.04864,-0.03813,NEGATIVE RESPONSE
C09085,0,0,0.25842,Low,0.00911,0.06468,-0.05557,NEGATIVE RESPONSE
C09086,1,1,0.97658,Critical,0.04177,0.52185,-0.48008,NEGATIVE RESPONSE
C09087,0,0,0.00835,Low,0.01325,0.0129,0.00036,LOW RESPONSE
C09088,1,0,0.18486,Low,0.01475,0.05512,-0.04036,NEGATIVE RESPONSE
C09089,1,0,0.26946,Low,0.00884,0.05018,-0.04134,NEGATIVE RESPONSE
C09090,1,0,0.16268,Low,0.00971,0.0317,-0.02199,NEGATIVE RESPONSE
C09091,1,0,0.19868,Low,0.01634,0.06838,-0.05204,NEGATIVE RESPONSE
C09092,0,1,0.96597,Critical,0.07446,0.02446,0.05,HIGHLY PERSUADABLE
C09093,1,0,0.0666,Low,0.01208,0.05719,-0.0451,NEGATIVE RESPONSE
C09094,1,0,0.08677,Low,0.00918,0.03452,-0.02535,NEGATIVE RESPONSE
C09095,1,0,0.00796,Low,0.01525,0.00856,0.00668,LOW RESPONSE
C09096,0,0,0.01606,Low,0.00782,0.01313,-0.00532,NEGATIVE RESPONSE
C09097,1,0,0.10944,Low,0.0176,0.08801,-0.07041,NEGATIVE RESPONSE
C09098,1,0,0.03721,Low,0.01285,0.0106,0.00225,PERSUADABLE
C09099,1,0,0.22899,Low,0.0101,0.06941,-0.05931,NEGATIVE RESPONSE
C09100,1,0,0.02302,Low,0.00683,0.02997,-0.02313,NEGATIVE RESPONSE
C09101,1,0,0.30069,Medium,0.03077,0.10756,-0.07679,NEGATIVE RESPONSE
C09102,1,0,0.27859,Low,0.01142,0.0608,-0.04938,NEGATIVE RESPONSE
C09103,0,0,0.1558,Low,0.00771,0.04794,-0.04023,NEGATIVE RESPONSE
C09104,1,0,0.03428,Low,0.00745,0.0237,-0.01624,NEGATIVE RESPONSE
C09105,1,0,0.01441,Low,0.00913,0.0106,-0.00147,NEGATIVE RESPONSE
C09106,1,0,0.19404,Low,0.01549,0.05129,-0.03581,NEGATIVE RESPONSE
C09107,1,0,0.01143,Low,0.00629,0.00782,-0.00153,NEGATIVE RESPONSE
C09108,1,0,0.02537,Low,0.00772,0.00927,-0.00154,NEGATIVE RESPONSE
C09109,1,0,0.06161,Low,0.00925,0.04828,-0.03902,NEGATIVE RESPONSE
C09110,1,0,0.11688,Low,0.00965,0.03672,-0.02706,NEGATIVE RESPONSE
C09111,1,0,0.34066,Medium,0.01589,0.15093,-0.13505,NEGATIVE RESPONSE
C09112,1,0,0.06238,Low,0.01264,0.05382,-0.04118,NEGATIVE RESPONSE
C09113,1,0,0.03866,Low,0.02218,0.01422,0.00796,PERSUADABLE
C09114,1,0,0.0327,Low,0.01313,0.00911,0.00401,LOW RESPONSE
C09115,1,0,0.02248,Low,0.00552,0.02745,-0.02193,NEGATIVE RESPONSE
C09116,1,0,0.01235,Low,0.00871,0.00804,0.00067,LOW RESPONSE
C09117,1,0,0.13415,Low,0.0081,0.06165,-0.05355,NEGATIVE RESPONSE
C09118,1,0,0.01466,Low,0.00933,0.01989,-0.01056,NEGATIVE RESPONSE
C09119,1,0,0.2913,Low,0.0146,0.05929,-0.04469,NEGATIVE RESPONSE
C09120,1,0,0.26036,Low,0.00541,0.06694,-0.06153,NEGATIVE RESPONSE
C09121,1,0,0.0181,Low,0.01397,0.01102,0.00295,LOW RESPONSE
C09122,0,0,0.01672,Low,0.01222,0.0084,0.00382,LOW RESPONSE
C09123,1,0,0.12098,Low,0.00821,0.05008,-0.04187,NEGATIVE RESPONSE
C09124,1,0,0.28258,Low,0.01953,0.07003,-0.05049,NEGATIVE RESPONSE
C09125,1,0,0.1391,Low,0.01103,0.03096,-0.01993,NEGATIVE RESPONSE
C09126,1,0,0.00655,Low,0.01235,0.00633,0.00601,LOW RESPONSE
C09127,0,0,0.00724,Low,0.00568,0.00741,-0.00173,NEGATIVE RESPONSE
C09128,1,0,0.00749,Low,0.00991,0.00846,0.00145,LOW RESPONSE
C09129,1,0,0.00895,Low,0.01258,0.01933,-0.00676,NEGATIVE RESPONSE
C09130,1,0,0.13544,Low,0.01013,0.0362,-0.02608,NEGATIVE RESPONSE
C09131,1,0,0.0227,Low,0.02175,0.00964,0.01211,LOW RESPONSE
C09132,1,0,0.00636,Low,0.0085,0.00771,0.00079,LOW RESPONSE
C09133,1,0,0.10089,Low,0.01371,0.03764,-0.02394,NEGATIVE RESPONSE
C09134,1,0,0.01797,Low,0.00759,0.00737,0.00022,LOW RESPONSE
C09135,1,0,0.01158,Low,0.00799,0.02049,-0.0125,NEGATIVE RESPONSE
C09136,1,0,0.08895,Low,0.00962,0.07759,-0.06797,NEGATIVE RESPONSE
C09137,1,0,0.0073,Low,0.01212,0.01154,0.00058,LOW RESPONSE
C09138,1,0,0.00184,Low,0.00963,0.00717,0.00246,LOW RESPONSE
C09139,1,0,0.2934,Low,0.0095,0.04972,-0.04023,NEGATIVE RESPONSE
C09140,1,0,0.00499,Low,0.00896,0.0081,0.00085,LOW RESPONSE
C09141,1,0,0.05738,Low,0.01498,0.04917,-0.03419,NEGATIVE RESPONSE
C09142,1,0,0.02641,Low,0.01134,0.00783,0.0035,LOW RESPONSE
C09143,0,0,0.22971,Low,0.00833,0.07554,-0.06721,NEGATIVE RESPONSE
C09144,1,0,0.02933,Low,0.01427,0.05934,-0.04507,NEGATIVE RESPONSE
C09145,1,0,0.26071,Low,0.01103,0.05887,-0.04784,NEGATIVE RESPONSE
C09146,1,0,0.00579,Low,0.00671,0.0242,-0.01749,NEGATIVE RESPONSE
C09147,1,0,0.01016,Low,0.00664,0.00777,-0.00113,NEGATIVE RESPONSE
C09148,0,0,0.0497,Low,0.0115,0.07321,-0.06171,NEGATIVE RESPONSE
C09149,1,0,0.01265,Low,0.00774,0.00769,5e-05,LOW RESPONSE
C09150,1,0,0.01241,Low,0.0054,0.00844,-0.00303,NEGATIVE RESPONSE
C09151,1,0,0.02345,Low,0.00484,0.00904,-0.00419,NEGATIVE RESPONSE
C09152,1,0,0.06827,Low,0.00857,0.05401,-0.04544,NEGATIVE RESPONSE
C09153,0,0,0.00882,Low,0.02632,0.02461,0.00171,LOW RESPONSE
C09154,1,0,0.03375,Low,0.01256,0.01041,0.00215,LOW RESPONSE
C09155,1,0,0.00915,Low,0.01143,0.01387,-0.00244,NEGATIVE RESPONSE
C09156,1,0,0.00494,Low,0.01325,0.00693,0.00633,LOW RESPONSE
C09157,1,0,0.07399,Low,0.00585,0.05813,-0.05228,NEGATIVE RESPONSE
C09158,1,0,0.00881,Low,0.03025,0.05206,-0.02181,NEGATIVE RESPONSE
C09159,1,0,0.30542,Medium,0.00903,0.05026,-0.04123,NEGATIVE RESPONSE
C09160,1,0,0.01769,Low,0.01329,0.00833,0.00497,LOW RESPONSE
C09161,1,0,0.0145,Low,0.03066,0.00952,0.02114,LOW RESPONSE
C09162,1,0,0.05384,Low,0.01489,0.05326,-0.03837,NEGATIVE RESPONSE
C09163,1,0,0.06497,Low,0.01425,0.11698,-0.10274,NEGATIVE RESPONSE
C09164,1,0,0.00627,Low,0.01014,0.01733,-0.00718,NEGATIVE RESPONSE
C09165,1,0,0.00937,Low,0.00628,0.00807,-0.00179,NEGATIVE RESPONSE
C09166,1,0,0.22136,Low,0.02005,0.10813,-0.08809,NEGATIVE RESPONSE
C09167,1,0,0.17119,Low,0.0172,0.03458,-0.01738,NEGATIVE RESPONSE
C09168,1,0,0.20433,Low,0.00607,0.13155,-0.12548,NEGATIVE RESPONSE
C09169,1,1,0.95958,Critical,0.0147,0.19675,-0.18204,NEGATIVE RESPONSE
C09170,0,0,0.09114,Low,0.02722,0.09484,-0.06762,NEGATIVE RESPONSE
C09171,1,0,0.2831,Low,0.01686,0.08965,-0.0728,NEGATIVE RESPONSE
C09172,1,0,0.00478,Low,0.00601,0.00865,-0.00264,NEGATIVE RESPONSE
C09173,0,0,0.06904,Low,0.00624,0.02314,-0.01691,NEGATIVE RESPONSE
C09174,1,1,0.97704,Critical,0.01732,0.33699,-0.31967,NEGATIVE RESPONSE
C09175,1,0,0.10304,Low,0.00722,0.0646,-0.05738,NEGATIVE RESPONSE
C09176,1,0,0.10844,Low,0.01849,0.06075,-0.04226,NEGATIVE RESPONSE
C09177,0,0,0.00163,Low,0.00838,0.00815,0.00023,LOW RESPONSE
C09178,1,0,0.01122,Low,0.00916,0.03542,-0.02626,NEGATIVE RESPONSE
C09179,1,0,0.03207,Low,0.01061,0.05486,-0.04426,NEGATIVE RESPONSE
C09180,1,0,0.00832,Low,0.01753,0.01873,-0.00119,NEGATIVE RESPONSE
C09181,1,0,0.01333,Low,0.00718,0.04485,-0.03767,NEGATIVE RESPONSE
C09182,1,0,0.00316,Low,0.00732,0.00747,-0.00015,LOW RESPONSE
C09183,1,0,0.01103,Low,0.00724,0.0147,-0.00746,NEGATIVE RESPONSE
C09184,1,0,0.0446,Low,0.01066,0.05396,-0.04329,NEGATIVE RESPONSE
C09185,1,0,0.07301,Low,0.00783,0.04631,-0.03849,NEGATIVE RESPONSE
C09186,1,0,0.01319,Low,0.00913,0.00916,-3e-05,LOW RESPONSE
C09187,1,0,0.01426,Low,0.02476,0.01367,0.01109,LOW RESPONSE
C09188,1,0,0.005,Low,0.00576,0.00758,-0.00182,NEGATIVE RESPONSE
C09189,1,0,0.04096,Low,0.00578,0.02772,-0.02194,NEGATIVE RESPONSE
C09190,1,0,0.01775,Low,0.00776,0.03738,-0.02961,NEGATIVE RESPONSE
C09191,1,0,0.30847,Medium,0.00915,0.1514,-0.14225,NEGATIVE RESPONSE
C09192,0,0,0.0105,Low,0.01042,0.01442,-0.004,NEGATIVE RESPONSE
C09193,1,0,0.15185,Low,0.00935,0.04576,-0.03641,NEGATIVE RESPONSE
C09194,0,0,0.00487,Low,0.01401,0.01179,0.00223,LOW RESPONSE
C09195,1,0,0.09005,Low,0.01055,0.03678,-0.02623,NEGATIVE RESPONSE
C09196,1,0,0.01011,Low,0.01164,0.01183,-0.00019,LOW RESPONSE
C09197,0,0,0.01433,Low,0.00561,0.04176,-0.03615,NEGATIVE RESPONSE
C09198,0,0,0.04145,Low,0.032,0.02015,0.01185,HIGHLY PERSUADABLE
C09199,1,0,0.04841,Low,0.01123,0.03562,-0.02439,NEGATIVE RESPONSE
C09200,1,0,0.10711,Low,0.00703,0.06439,-0.05736,NEGATIVE RESPONSE
C09201,1,0,0.07551,Low,0.01174,0.05463,-0.0429,NEGATIVE RESPONSE
C09202,1,0,0.0036,Low,0.00936,0.02513,-0.01577,NEGATIVE RESPONSE
C09203,1,0,0.03718,Low,0.00755,0.00705,0.0005,LOW RESPONSE
C09204,1,0,0.23248,Low,0.01366,0.07463,-0.06097,NEGATIVE RESPONSE
C09205,0,0,0.49302,Medium,0.01199,0.08964,-0.07766,NEGATIVE RESPONSE
C09206,1,0,0.09086,Low,0.01072,0.06455,-0.05383,NEGATIVE RESPONSE
C09207,1,0,0.11925,Low,0.00916,0.04623,-0.03707,NEGATIVE RESPONSE
C09208,1,0,0.02649,Low,0.00693,0.01238,-0.00545,NEGATIVE RESPONSE
C09209,1,0,0.12627,Low,0.01123,0.05642,-0.04518,NEGATIVE RESPONSE
C09210,1,0,0.07131,Low,0.0063,0.03921,-0.0329,NEGATIVE RESPONSE
C09211,1,0,0.01297,Low,0.01681,0.01461,0.0022,LOW RESPONSE
C09212,1,0,0.34783,Medium,0.02726,0.117,-0.08974,NEGATIVE RESPONSE
C09213,1,0,0.20253,Low,0.0115,0.09406,-0.08256,NEGATIVE RESPONSE
C09214,1,0,0.01397,Low,0.00751,0.0059,0.0016,LOW RESPONSE
C09215,1,0,0.02518,Low,0.00534,0.0201,-0.01475,NEGATIVE RESPONSE
C09216,1,0,0.24608,Low,0.01126,0.03693,-0.02567,NEGATIVE RESPONSE
C09217,1,0,0.19552,Low,0.01587,0.0726,-0.05674,NEGATIVE RESPONSE
C09218,1,0,0.04292,Low,0.01895,0.06398,-0.04503,NEGATIVE RESPONSE
C09219,1,0,0.01646,Low,0.01031,0.00855,0.00176,LOW RESPONSE
C09220,0,0,0.46556,Medium,0.01206,0.07085,-0.05878,NEGATIVE RESPONSE
C09221,1,0,0.23178,Low,0.01523,0.10373,-0.0885,NEGATIVE RESPONSE
C09222,1,0,0.02571,Low,0.00626,0.04039,-0.03413,NEGATIVE RESPONSE
C09223,1,0,0.01778,Low,0.00954,0.0124,-0.00286,NEGATIVE RESPONSE
C09224,0,0,0.24816,Low,0.00811,0.04354,-0.03544,NEGATIVE RESPONSE
C09225,1,0,0.10322,Low,0.02018,0.03407,-0.01389,NEGATIVE RESPONSE
C09226,0,0,0.00971,Low,0.01532,0.01776,-0.00244,NEGATIVE RESPONSE
C09227,1,0,0.00573,Low,0.00719,0.00641,0.00078,LOW RESPONSE
C09228,1,0,0.2342,Low,0.0131,0.08891,-0.07581,NEGATIVE RESPONSE
C09229,1,0,0.09502,Low,0.01167,0.08948,-0.07781,NEGATIVE RESPONSE
C09230,1,1,0.96804,Critical,0.01248,0.21919,-0.20671,NEGATIVE RESPONSE
C09231,1,0,0.23799,Low,0.01338,0.08187,-0.0685,NEGATIVE RESPONSE
C09232,1,0,0.15529,Low,0.00869,0.10208,-0.09339,NEGATIVE RESPONSE
C09233,0,0,0.4483,Medium,0.01495,0.06217,-0.04723,NEGATIVE RESPONSE
C09234,1,0,0.02227,Low,0.01181,0.00625,0.00556,LOW RESPONSE
C09235,1,0,0.11798,Low,0.00652,0.03458,-0.02806,NEGATIVE RESPONSE
C09236,1,0,0.04265,Low,0.01067,0.04771,-0.03704,NEGATIVE RESPONSE
C09237,0,0,0.00348,Low,0.00524,0.03381,-0.02857,NEGATIVE RESPONSE
C09238,1,0,0.0183,Low,0.00982,0.00647,0.00335,LOW RESPONSE
C09239,1,0,0.11165,Low,0.0083,0.06009,-0.05179,NEGATIVE RESPONSE
C09240,0,0,0.00491,Low,0.0061,0.00751,-0.00141,NEGATIVE RESPONSE
C09241,1,0,0.01784,Low,0.00528,0.02159,-0.01631,NEGATIVE RESPONSE
C09242,1,0,0.08981,Low,0.01289,0.05268,-0.03979,NEGATIVE RESPONSE
C09243,1,0,0.026,Low,0.01182,0.02533,-0.01351,NEGATIVE RESPONSE
C09244,1,0,0.00828,Low,0.01377,0.01033,0.00344,LOW RESPONSE
C09245,1,0,0.04179,Low,0.01141,0.03413,-0.02272,NEGATIVE RESPONSE
C09246,1,0,0.01901,Low,0.00568,0.0382,-0.03252,NEGATIVE RESPONSE
C09247,0,1,0.96309,Critical,0.03288,0.05503,-0.02215,NEGATIVE RESPONSE
C09248,1,0,0.13118,Low,0.01279,0.1099,-0.09711,NEGATIVE RESPONSE
C09249,1,0,0.10954,Low,0.00973,0.04514,-0.03541,NEGATIVE RESPONSE
C09250,0,0,0.01208,Low,0.01031,0.00732,0.00299,LOW RESPONSE
C09251,1,0,0.00555,Low,0.01708,0.01975,-0.00267,NEGATIVE RESPONSE
C09252,1,0,0.08353,Low,0.00694,0.01278,-0.00584,NEGATIVE RESPONSE
C09253,0,0,0.08607,Low,0.01446,0.08806,-0.0736,NEGATIVE RESPONSE
C09254,1,0,0.00839,Low,0.00571,0.0076,-0.00189,NEGATIVE RESPONSE
C09255,1,0,0.00369,Low,0.02456,0.0104,0.01416,LOW RESPONSE
C09256,1,0,0.05256,Low,0.00661,0.02607,-0.01946,NEGATIVE RESPONSE
C09257,1,0,0.00581,Low,0.00524,0.00711,-0.00187,NEGATIVE RESPONSE
C09258,0,0,0.0175,Low,0.00923,0.01095,-0.00172,NEGATIVE RESPONSE
C09259,1,0,0.11928,Low,0.01029,0.04471,-0.03442,NEGATIVE RESPONSE
C09260,1,0,0.07021,Low,0.00727,0.0757,-0.06843,NEGATIVE RESPONSE
C09261,1,0,0.05935,Low,0.00646,0.03375,-0.02729,NEGATIVE RESPONSE
C09262,1,0,0.02231,Low,0.00673,0.02638,-0.01965,NEGATIVE RESPONSE
C09263,1,0,0.07541,Low,0.00847,0.03278,-0.0243,NEGATIVE RESPONSE
C09264,1,0,0.02175,Low,0.02542,0.05359,-0.02817,NEGATIVE RESPONSE
C09265,0,1,0.95121,Critical,0.03041,0.06116,-0.03075,NEGATIVE RESPONSE
C09266,0,0,0.00357,Low,0.00736,0.00819,-0.00083,LOW RESPONSE
C09267,1,0,0.11286,Low,0.00797,0.04336,-0.03539,NEGATIVE RESPONSE
C09268,1,0,0.11409,Low,0.01167,0.047,-0.03533,NEGATIVE RESPONSE
C09269,0,0,0.11681,Low,0.00545,0.04767,-0.04223,NEGATIVE RESPONSE
C09270,1,0,0.09039,Low,0.00554,0.07527,-0.06973,NEGATIVE RESPONSE
C09271,1,0,0.00948,Low,0.01247,0.01167,0.00079,LOW RESPONSE
C09272,1,0,0.13628,Low,0.00988,0.05998,-0.0501,NEGATIVE RESPONSE
C09273,1,0,0.27115,Low,0.00764,0.10268,-0.09504,NEGATIVE RESPONSE
C09274,1,0,0.05611,Low,0.01505,0.04212,-0.02707,NEGATIVE RESPONSE
C09275,1,0,0.02022,Low,0.00972,0.0111,-0.00137,NEGATIVE RESPONSE
C09276,1,0,0.02162,Low,0.01709,0.01821,-0.00112,NEGATIVE RESPONSE
C09277,1,0,0.01476,Low,0.01209,0.00806,0.00403,LOW RESPONSE
C09278,0,0,0.00326,Low,0.01222,0.00627,0.00596,LOW RESPONSE
C09279,0,0,0.01302,Low,0.01713,0.01753,-0.0004,LOW RESPONSE
C09280,1,0,0.0824,Low,0.01256,0.03664,-0.02408,NEGATIVE RESPONSE
C09281,1,0,0.20605,Low,0.00922,0.08723,-0.07801,NEGATIVE RESPONSE
C09282,1,0,0.00476,Low,0.00577,0.01187,-0.0061,NEGATIVE RESPONSE
C09283,1,0,0.09418,Low,0.01327,0.05682,-0.04355,NEGATIVE RESPONSE
C09284,1,0,0.08241,Low,0.02305,0.06438,-0.04133,NEGATIVE RESPONSE
C09285,1,0,0.09256,Low,0.01015,0.07727,-0.06712,NEGATIVE RESPONSE
C09286,1,0,0.60982,High,0.00729,0.06057,-0.05328,NEGATIVE RESPONSE
C09287,1,0,0.05535,Low,0.01329,0.04413,-0.03084,NEGATIVE RESPONSE
C09288,0,0,0.03019,Low,0.01767,0.02217,-0.00451,NEGATIVE RESPONSE
C09289,1,0,0.00171,Low,0.00832,0.0069,0.00143,LOW RESPONSE
C09290,0,0,0.00775,Low,0.01979,0.05402,-0.03423,NEGATIVE RESPONSE
C09291,1,0,0.00502,Low,0.00797,0.01586,-0.00789,NEGATIVE RESPONSE
C09292,1,0,0.00916,Low,0.00613,0.04194,-0.03581,NEGATIVE RESPONSE
C09293,0,0,0.01316,Low,0.01966,0.01188,0.00778,LOW RESPONSE
C09294,0,0,0.16036,Low,0.00773,0.07588,-0.06815,NEGATIVE RESPONSE
C09295,1,0,0.18297,Low,0.02023,0.04618,-0.02595,NEGATIVE RESPONSE
C09296,1,0,0.21989,Low,0.00969,0.03444,-0.02475,NEGATIVE RESPONSE
C09297,1,0,0.01059,Low,0.01991,0.00771,0.0122,LOW RESPONSE
C09298,1,0,0.00514,Low,0.01821,0.0155,0.00271,LOW RESPONSE
C09299,0,0,0.14359,Low,0.00902,0.04957,-0.04055,NEGATIVE RESPONSE
C09300,0,0,0.30237,Medium,0.00989,0.03366,-0.02376,NEGATIVE RESPONSE
C09301,1,0,0.00396,Low,0.008,0.00773,0.00027,LOW RESPONSE
C09302,1,0,0.05414,Low,0.00646,0.05555,-0.04909,NEGATIVE RESPONSE
C09303,1,0,0.16475,Low,0.00845,0.07356,-0.06512,NEGATIVE RESPONSE
C09304,1,0,0.03973,Low,0.00654,0.05368,-0.04714,NEGATIVE RESPONSE
C09305,1,0,0.22498,Low,0.01682,0.04181,-0.025,NEGATIVE RESPONSE
C09306,1,0,0.01144,Low,0.01913,0.0123,0.00683,LOW RESPONSE
C09307,1,0,0.00101,Low,0.01268,0.0168,-0.00412,NEGATIVE RESPONSE
C09308,1,0,0.15579,Low,0.01507,0.0568,-0.04173,NEGATIVE RESPONSE
C09309,1,0,0.06629,Low,0.04741,0.02077,0.02664,HIGHLY PERSUADABLE
C09310,0,0,0.00376,Low,0.01256,0.0079,0.00466,LOW RESPONSE
C09311,1,0,0.00203,Low,0.005,0.02227,-0.01727,NEGATIVE RESPONSE
C09312,1,0,0.01132,Low,0.01286,0.00983,0.00303,LOW RESPONSE
C09313,0,0,0.00555,Low,0.00421,0.01406,-0.00985,NEGATIVE RESPONSE
C09314,1,0,0.11842,Low,0.01919,0.12298,-0.10379,NEGATIVE RESPONSE
C09315,1,0,0.33719,Medium,0.01179,0.04897,-0.03718,NEGATIVE RESPONSE
C09316,1,0,0.00493,Low,0.01097,0.00822,0.00274,LOW RESPONSE
C09317,1,0,0.00944,Low,0.00609,0.04194,-0.03585,NEGATIVE RESPONSE
C09318,1,0,0.00996,Low,0.01134,0.00578,0.00557,LOW RESPONSE
C09319,0,0,0.04997,Low,0.00744,0.02824,-0.0208,NEGATIVE RESPONSE
C09320,1,0,0.01675,Low,0.01365,0.00775,0.00591,LOW RESPONSE
C09321,1,0,0.16191,Low,0.01139,0.05745,-0.04606,NEGATIVE RESPONSE
C09322,1,0,0.02807,Low,0.00799,0.03217,-0.02418,NEGATIVE RESPONSE
C09323,1,0,0.00529,Low,0.01083,0.03578,-0.02495,NEGATIVE RESPONSE
C09324,1,0,0.15473,Low,0.01026,0.04101,-0.03074,NEGATIVE RESPONSE
C09325,1,0,0.00368,Low,0.00914,0.00736,0.00177,LOW RESPONSE
C09326,1,0,0.0073,Low,0.00714,0.00754,-0.00041,LOW RESPONSE
C09327,1,0,0.13734,Low,0.02071,0.08923,-0.06852,NEGATIVE RESPONSE
C09328,1,0,0.06128,Low,0.00749,0.02338,-0.01589,NEGATIVE RESPONSE
C09329,0,0,0.1268,Low,0.01729,0.06139,-0.0441,NEGATIVE RESPONSE
C09330,1,0,0.00257,Low,0.01195,0.01347,-0.00152,NEGATIVE RESPONSE
C09331,1,0,0.03896,Low,0.01018,0.04198,-0.03179,NEGATIVE RESPONSE
C09332,1,0,0.0234,Low,0.00795,0.03903,-0.03107,NEGATIVE RESPONSE
C09333,1,0,0.07366,Low,0.01638,0.01157,0.0048,PERSUADABLE
C09334,1,0,0.00939,Low,0.01296,0.00781,0.00514,LOW RESPONSE
C09335,0,0,0.0259,Low,0.00678,0.009,-0.00222,NEGATIVE RESPONSE
C09336,1,0,0.01107,Low,0.00422,0.00877,-0.00455,NEGATIVE RESPONSE
C09337,1,0,0.18198,Low,0.00585,0.07438,-0.06853,NEGATIVE RESPONSE
C09338,1,0,0.1758,Low,0.0065,0.0526,-0.0461,NEGATIVE RESPONSE
C09339,1,0,0.15569,Low,0.00686,0.03801,-0.03115,NEGATIVE RESPONSE
C09340,0,0,0.17006,Low,0.00664,0.04114,-0.0345,NEGATIVE RESPONSE
C09341,1,0,0.00307,Low,0.00773,0.00816,-0.00042,LOW RESPONSE
C09342,1,0,0.03227,Low,0.01083,0.06675,-0.05592,NEGATIVE RESPONSE
C09343,1,0,0.00517,Low,0.01149,0.01813,-0.00664,NEGATIVE RESPONSE
C09344,1,0,0.0104,Low,0.01166,0.0115,0.00016,LOW RESPONSE
C09345,1,0,0.0242,Low,0.02023,0.00747,0.01276,LOW RESPONSE
C09346,1,0,0.01319,Low,0.00809,0.00773,0.00036,LOW RESPONSE
C09347,1,0,0.23917,Low,0.00972,0.0571,-0.04739,NEGATIVE RESPONSE
C09348,0,0,0.06997,Low,0.00938,0.04195,-0.03257,NEGATIVE RESPONSE
C09349,1,0,0.00616,Low,0.00476,0.01083,-0.00608,NEGATIVE RESPONSE
C09350,1,0,0.00465,Low,0.00817,0.00829,-0.00013,LOW RESPONSE
C09351,1,0,0.00525,Low,0.01424,0.01725,-0.00301,NEGATIVE RESPONSE
C09352,1,0,0.2059,Low,0.0096,0.07111,-0.06151,NEGATIVE RESPONSE
C09353,0,0,0.00901,Low,0.00373,0.0057,-0.00197,NEGATIVE RESPONSE
C09354,1,0,0.11463,Low,0.00973,0.06939,-0.05965,NEGATIVE RESPONSE
C09355,1,0,0.01934,Low,0.00804,0.01204,-0.004,NEGATIVE RESPONSE
C09356,1,0,0.01851,Low,0.01303,0.03989,-0.02685,NEGATIVE RESPONSE
C09357,1,0,0.01034,Low,0.01626,0.01946,-0.00319,NEGATIVE RESPONSE
C09358,1,0,0.09017,Low,0.0077,0.04653,-0.03883,NEGATIVE RESPONSE
C09359,1,0,0.00334,Low,0.00583,0.03473,-0.0289,NEGATIVE RESPONSE
C09360,1,1,0.4618,Medium,0.01268,0.25848,-0.2458,NEGATIVE RESPONSE
C09361,1,0,0.00128,Low,0.01105,0.01305,-0.002,NEGATIVE RESPONSE
C09362,1,0,0.04116,Low,0.00772,0.0434,-0.03568,NEGATIVE RESPONSE
C09363,1,0,0.17459,Low,0.00571,0.04173,-0.03602,NEGATIVE RESPONSE
C09364,1,0,0.01097,Low,0.01226,0.00816,0.0041,LOW RESPONSE
C09365,1,0,0.00957,Low,0.01499,0.01157,0.00343,LOW RESPONSE
C09366,1,0,0.01966,Low,0.00715,0.01044,-0.0033,NEGATIVE RESPONSE
C09367,1,0,0.04323,Low,0.01101,0.05168,-0.04067,NEGATIVE RESPONSE
C09368,1,1,0.95984,Critical,0.01359,0.18749,-0.17391,NEGATIVE RESPONSE
C09369,1,0,0.14292,Low,0.01254,0.0631,-0.05056,NEGATIVE RESPONSE
C09370,0,0,0.28633,Low,0.01893,0.11117,-0.09224,NEGATIVE RESPONSE
C09371,1,0,0.00876,Low,0.02271,0.02564,-0.00293,NEGATIVE RESPONSE
C09372,1,0,0.00566,Low,0.01009,0.02388,-0.01379,NEGATIVE RESPONSE
C09373,1,0,0.2262,Low,0.03268,0.06588,-0.03321,NEGATIVE RESPONSE
C09374,0,0,0.00566,Low,0.00646,0.01393,-0.00747,NEGATIVE RESPONSE
C09375,1,0,0.00533,Low,0.00518,0.00728,-0.0021,NEGATIVE RESPONSE
C09376,1,0,0.01032,Low,0.00419,0.03083,-0.02664,NEGATIVE RESPONSE
C09377,1,0,0.00382,Low,0.00998,0.00813,0.00185,LOW RESPONSE
C09378,0,0,0.10519,Low,0.00471,0.04403,-0.03933,NEGATIVE RESPONSE
C09379,1,0,0.05641,Low,0.02245,0.01165,0.0108,HIGHLY PERSUADABLE
C09380,1,0,0.0095,Low,0.00761,0.01443,-0.00682,NEGATIVE RESPONSE
C09381,1,0,0.07954,Low,0.01163,0.04742,-0.03579,NEGATIVE RESPONSE
C09382,1,0,0.00295,Low,0.0095,0.0071,0.0024,LOW RESPONSE
C09383,1,0,0.02828,Low,0.05906,0.0147,0.04436,HIGHLY PERSUADABLE
C09384,0,0,0.00682,Low,0.00528,0.00927,-0.00398,NEGATIVE RESPONSE
C09385,1,0,0.07313,Low,0.00653,0.0384,-0.03187,NEGATIVE RESPONSE
C09386,1,0,0.02279,Low,0.0131,0.03234,-0.01923,NEGATIVE RESPONSE
C09387,1,1,0.88587,Critical,0.00794,0.0085,-0.00056,LOW RESPONSE
C09388,1,0,0.00552,Low,0.00761,0.01864,-0.01103,NEGATIVE RESPONSE
C09389,1,0,0.21406,Low,0.00746,0.10213,-0.09467,NEGATIVE RESPONSE
C09390,1,0,0.00618,Low,0.01372,0.02228,-0.00857,NEGATIVE RESPONSE
C09391,0,0,0.00542,Low,0.02065,0.00935,0.01131,LOW RESPONSE
C09392,1,0,0.1543,Low,0.0073,0.04677,-0.03948,NEGATIVE RESPONSE
C09393,1,0,0.00827,Low,0.01046,0.00823,0.00222,LOW RESPONSE
C09394,1,0,0.28116,Low,0.00953,0.09207,-0.08254,NEGATIVE RESPONSE
C09395,1,0,0.04808,Low,0.00988,0.02988,-0.02,NEGATIVE RESPONSE
C09396,0,0,0.00503,Low,0.00936,0.01012,-0.00076,LOW RESPONSE
C09397,1,0,0.00561,Low,0.01576,0.0097,0.00606,LOW RESPONSE
C09398,1,0,0.0853,Low,0.00886,0.03878,-0.02992,NEGATIVE RESPONSE
C09399,1,0,0.06016,Low,0.01225,0.03048,-0.01822,NEGATIVE RESPONSE
C09400,1,0,0.00448,Low,0.0058,0.00627,-0.00047,LOW RESPONSE
C09401,1,0,0.07848,Low,0.01558,0.05404,-0.03846,NEGATIVE RESPONSE
C09402,0,0,0.26471,Low,0.0094,0.0662,-0.0568,NEGATIVE RESPONSE
C09403,1,0,0.06044,Low,0.02292,0.05985,-0.03693,NEGATIVE RESPONSE
C09404,1,0,0.13883,Low,0.03255,0.11074,-0.07818,NEGATIVE RESPONSE
C09405,1,0,0.01766,Low,0.00774,0.0135,-0.00577,NEGATIVE RESPONSE
C09406,1,0,0.04489,Low,0.00981,0.0079,0.00191,PERSUADABLE
C09407,0,0,0.04962,Low,0.00512,0.05814,-0.05302,NEGATIVE RESPONSE
C09408,1,0,0.00905,Low,0.01303,0.01479,-0.00177,NEGATIVE RESPONSE
C09409,1,0,0.02315,Low,0.01925,0.01612,0.00314,LOW RESPONSE
C09410,1,0,0.04499,Low,0.00558,0.01265,-0.00708,NEGATIVE RESPONSE
C09411,1,0,0.08914,Low,0.01584,0.06706,-0.05121,NEGATIVE RESPONSE
C09412,0,0,0.18565,Low,0.011,0.05991,-0.04891,NEGATIVE RESPONSE
C09413,1,0,0.12307,Low,0.01289,0.061,-0.04811,NEGATIVE RESPONSE
C09414,1,0,0.06927,Low,0.03644,0.01335,0.0231,HIGHLY PERSUADABLE
C09415,1,0,0.02039,Low,0.01416,0.01079,0.00336,LOW RESPONSE
C09416,1,0,0.07009,Low,0.00906,0.04266,-0.0336,NEGATIVE RESPONSE
C09417,1,0,0.21864,Low,0.00834,0.04497,-0.03662,NEGATIVE RESPONSE
C09418,1,0,0.01556,Low,0.00628,0.00816,-0.00188,NEGATIVE RESPONSE
C09419,1,0,0.01412,Low,0.02146,0.01045,0.011,LOW RESPONSE
C09420,1,0,0.02951,Low,0.00794,0.05116,-0.04322,NEGATIVE RESPONSE
C09421,1,0,0.00376,Low,0.01273,0.01948,-0.00675,NEGATIVE RESPONSE
C09422,0,0,0.00697,Low,0.00929,0.01879,-0.0095,NEGATIVE RESPONSE
C09423,1,0,0.00324,Low,0.03581,0.02119,0.01463,HIGHLY PERSUADABLE
C09424,1,0,0.00724,Low,0.01254,0.01164,0.00091,LOW RESPONSE
C09425,0,0,0.05902,Low,0.01634,0.05481,-0.03847,NEGATIVE RESPONSE
C09426,1,0,0.00115,Low,0.00795,0.0093,-0.00135,NEGATIVE RESPONSE
C09427,0,0,0.23923,Low,0.01177,0.04032,-0.02855,NEGATIVE RESPONSE
C09428,1,0,0.05626,Low,0.00613,0.04459,-0.03845,NEGATIVE RESPONSE
C09429,1,0,0.00552,Low,0.02114,0.01591,0.00523,LOW RESPONSE
C09430,1,0,0.02634,Low,0.00976,0.00758,0.00219,LOW RESPONSE
C09431,0,0,0.05867,Low,0.00643,0.03709,-0.03066,NEGATIVE RESPONSE
C09432,0,0,0.00772,Low,0.0136,0.00723,0.00637,LOW RESPONSE
C09433,0,1,0.92385,Critical,0.05217,0.0074,0.04476,HIGHLY PERSUADABLE
C09434,1,0,0.00425,Low,0.02876,0.0765,-0.04774,NEGATIVE RESPONSE
C09435,0,0,0.0546,Low,0.00546,0.00777,-0.00231,NEGATIVE RESPONSE
C09436,1,0,0.05367,Low,0.00932,0.04104,-0.03172,NEGATIVE RESPONSE
C09437,1,0,0.00305,Low,0.01349,0.01074,0.00275,LOW RESPONSE
C09438,1,0,0.00666,Low,0.0093,0.00882,0.00048,LOW RESPONSE
C09439,0,0,0.01695,Low,0.0179,0.01001,0.00789,LOW RESPONSE
C09440,1,0,0.04843,Low,0.00851,0.04503,-0.03652,NEGATIVE RESPONSE
C09441,1,0,0.0094,Low,0.01081,0.01431,-0.0035,NEGATIVE RESPONSE
C09442,1,0,0.00965,Low,0.00879,0.02139,-0.0126,NEGATIVE RESPONSE
C09443,0,0,0.31991,Medium,0.00899,0.08057,-0.07158,NEGATIVE RESPONSE
C09444,1,0,0.01066,Low,0.04929,0.04623,0.00306,PERSUADABLE
C09445,1,0,0.00487,Low,0.00766,0.01554,-0.00789,NEGATIVE RESPONSE
C09446,1,0,0.00646,Low,0.01161,0.04225,-0.03064,NEGATIVE RESPONSE
C09447,1,0,0.02662,Low,0.01848,0.0711,-0.05263,NEGATIVE RESPONSE
C09448,1,0,0.00621,Low,0.01395,0.00945,0.0045,LOW RESPONSE
C09449,1,0,0.00507,Low,0.00886,0.00571,0.00314,LOW RESPONSE
C09450,1,0,0.0313,Low,0.0124,0.00699,0.00541,LOW RESPONSE
C09451,0,0,0.08203,Low,0.0201,0.18206,-0.16196,NEGATIVE RESPONSE
C09452,1,0,0.01255,Low,0.01751,0.00983,0.00768,LOW RESPONSE
C09453,1,0,0.00721,Low,0.00518,0.00715,-0.00197,NEGATIVE RESPONSE
C09454,1,0,0.14803,Low,0.02232,0.04701,-0.02469,NEGATIVE RESPONSE
C09455,1,0,0.26965,Low,0.01542,0.12089,-0.10547,NEGATIVE RESPONSE
C09456,1,0,0.01352,Low,0.01369,0.0553,-0.04161,NEGATIVE RESPONSE
C09457,0,0,0.19758,Low,0.00859,0.0944,-0.08581,NEGATIVE RESPONSE
C09458,1,1,0.97859,Critical,0.01043,0.25651,-0.24609,NEGATIVE RESPONSE
C09459,1,0,0.02175,Low,0.00676,0.01113,-0.00437,NEGATIVE RESPONSE
C09460,1,0,0.02355,Low,0.00757,0.00782,-0.00025,LOW RESPONSE
C09461,1,0,0.20091,Low,0.00615,0.07535,-0.06921,NEGATIVE RESPONSE
C09462,0,0,0.02537,Low,0.008,0.06935,-0.06135,NEGATIVE RESPONSE
C09463,0,0,0.17552,Low,0.00685,0.08585,-0.079,NEGATIVE RESPONSE
C09464,1,0,0.01087,Low,0.00994,0.01049,-0.00055,LOW RESPONSE
C09465,1,0,0.03574,Low,0.00707,0.01244,-0.00536,NEGATIVE RESPONSE
C09466,1,0,0.00956,Low,0.00665,0.00821,-0.00156,NEGATIVE RESPONSE
C09467,0,0,0.31375,Medium,0.00769,0.04151,-0.03382,NEGATIVE RESPONSE
C09468,1,0,0.00983,Low,0.01171,0.01023,0.00149,LOW RESPONSE
C09469,1,0,0.00706,Low,0.0123,0.00671,0.00559,LOW RESPONSE
C09470,1,0,0.02073,Low,0.01291,0.0099,0.00301,LOW RESPONSE
C09471,1,0,0.25682,Low,0.01631,0.08309,-0.06678,NEGATIVE RESPONSE
C09472,1,0,0.02023,Low,0.00734,0.02874,-0.0214,NEGATIVE RESPONSE
C09473,1,0,0.01245,Low,0.00891,0.01201,-0.0031,NEGATIVE RESPONSE
C09474,0,0,0.0196,Low,0.01126,0.03288,-0.02162,NEGATIVE RESPONSE
C09475,0,0,0.00621,Low,0.00672,0.01157,-0.00485,NEGATIVE RESPONSE
C09476,0,0,0.41055,Medium,0.01389,0.09548,-0.08159,NEGATIVE RESPONSE
C09477,1,0,0.21056,Low,0.00839,0.04945,-0.04106,NEGATIVE RESPONSE
C09478,1,0,0.01235,Low,0.01046,0.02004,-0.00958,NEGATIVE RESPONSE
C09479,0,0,0.00601,Low,0.00728,0.0094,-0.00212,NEGATIVE RESPONSE
C09480,1,0,0.16252,Low,0.00555,0.05141,-0.04586,NEGATIVE RESPONSE
C09481,0,0,0.01536,Low,0.01188,0.08305,-0.07117,NEGATIVE RESPONSE
C09482,1,0,0.0167,Low,0.02109,0.00779,0.0133,LOW RESPONSE
C09483,1,0,0.00783,Low,0.00795,0.01818,-0.01022,NEGATIVE RESPONSE
C09484,1,0,0.13568,Low,0.01275,0.05283,-0.04008,NEGATIVE RESPONSE
C09485,1,0,0.01827,Low,0.01175,0.00894,0.00281,LOW RESPONSE
C09486,1,0,0.01024,Low,0.01335,0.00682,0.00653,LOW RESPONSE
C09487,1,0,0.02101,Low,0.01081,0.03465,-0.02384,NEGATIVE RESPONSE
C09488,1,0,0.04884,Low,0.00987,0.04824,-0.03837,NEGATIVE RESPONSE
C09489,1,0,0.00497,Low,0.01508,0.01216,0.00292,LOW RESPONSE
C09490,0,0,0.01933,Low,0.00655,0.0344,-0.02785,NEGATIVE RESPONSE
C09491,1,0,0.03341,Low,0.00901,0.05796,-0.04895,NEGATIVE RESPONSE
C09492,1,0,0.02228,Low,0.0255,0.00888,0.01663,LOW RESPONSE
C09493,1,0,0.04056,Low,0.01079,0.01027,0.00052,LOW RESPONSE
C09494,1,0,0.00869,Low,0.01126,0.01444,-0.00318,NEGATIVE RESPONSE
C09495,1,0,0.1555,Low,0.00675,0.04068,-0.03393,NEGATIVE RESPONSE
C09496,1,0,0.00688,Low,0.02232,0.01342,0.00889,LOW RESPONSE
C09497,1,0,0.09826,Low,0.00757,0.05504,-0.04746,NEGATIVE RESPONSE
C09498,1,0,0.10685,Low,0.01914,0.07435,-0.05521,NEGATIVE RESPONSE
C09499,1,0,0.1595,Low,0.00643,0.05269,-0.04627,NEGATIVE RESPONSE
C09500,1,1,0.94237,Critical,0.01336,0.11472,-0.10136,NEGATIVE RESPONSE
C09501,1,0,0.00497,Low,0.01841,0.01354,0.00487,LOW RESPONSE
C09502,1,0,0.26598,Low,0.01261,0.04017,-0.02756,NEGATIVE RESPONSE
C09503,1,0,0.03669,Low,0.0066,0.05102,-0.04443,NEGATIVE RESPONSE
C09504,1,0,0.07532,Low,0.00392,0.07706,-0.07314,NEGATIVE RESPONSE
C09505,1,0,0.02497,Low,0.0136,0.01273,0.00087,LOW RESPONSE
C09506,0,0,0.23203,Low,0.01014,0.053,-0.04286,NEGATIVE RESPONSE
C09507,1,0,0.24219,Low,0.01186,0.05015,-0.03829,NEGATIVE RESPONSE
C09508,1,0,0.02181,Low,0.0188,0.01077,0.00802,LOW RESPONSE
C09509,0,0,0.02153,Low,0.00775,0.00664,0.00111,LOW RESPONSE
C09510,1,0,0.00737,Low,0.02063,0.01238,0.00825,LOW RESPONSE
C09511,1,0,0.02165,Low,0.01284,0.01157,0.00127,LOW RESPONSE
C09512,1,0,0.13107,Low,0.0128,0.05367,-0.04088,NEGATIVE RESPONSE
C09513,1,0,0.02556,Low,0.01468,0.01383,0.00085,LOW RESPONSE
C09514,1,0,0.0193,Low,0.01526,0.04183,-0.02657,NEGATIVE RESPONSE
C09515,1,1,0.94876,Critical,0.00601,0.10586,-0.09985,NEGATIVE RESPONSE
C09516,1,0,0.0243,Low,0.00656,0.01571,-0.00915,NEGATIVE RESPONSE
C09517,1,0,0.00528,Low,0.01246,0.00706,0.00539,LOW RESPONSE
C09518,1,0,0.01687,Low,0.00673,0.00826,-0.00154,NEGATIVE RESPONSE
C09519,1,0,0.48392,Medium,0.03371,0.0689,-0.03519,NEGATIVE RESPONSE
C09520,1,0,0.31711,Medium,0.02593,0.10404,-0.07811,NEGATIVE RESPONSE
C09521,1,0,0.05737,Low,0.0144,0.01449,-9e-05,LOW RESPONSE
C09522,1,0,0.00817,Low,0.01943,0.01499,0.00444,LOW RESPONSE
C09523,1,0,0.1992,Low,0.02117,0.04392,-0.02275,NEGATIVE RESPONSE
C09524,1,0,0.05642,Low,0.01274,0.05745,-0.04471,NEGATIVE RESPONSE
C09525,1,0,0.02741,Low,0.0105,0.01485,-0.00435,NEGATIVE RESPONSE
C09526,1,0,0.03115,Low,0.00925,0.01752,-0.00828,NEGATIVE RESPONSE
C09527,1,0,0.02796,Low,0.00765,0.03155,-0.02389,NEGATIVE RESPONSE
C09528,1,0,0.03743,Low,0.00855,0.04442,-0.03587,NEGATIVE RESPONSE
C09529,1,0,0.01478,Low,0.0079,0.00846,-0.00056,LOW RESPONSE
C09530,0,0,0.02057,Low,0.00494,0.03434,-0.0294,NEGATIVE RESPONSE
C09531,1,1,0.97135,Critical,0.01032,0.25451,-0.24419,NEGATIVE RESPONSE
C09532,1,1,0.37669,Medium,0.01591,0.24285,-0.22694,NEGATIVE RESPONSE
C09533,0,0,0.08285,Low,0.00567,0.05173,-0.04606,NEGATIVE RESPONSE
C09534,1,0,0.01034,Low,0.01772,0.01254,0.00518,LOW RESPONSE
C09535,1,0,0.13777,Low,0.00892,0.04922,-0.0403,NEGATIVE RESPONSE
C09536,1,0,0.01569,Low,0.00854,0.0139,-0.00535,NEGATIVE RESPONSE
C09537,0,0,0.01244,Low,0.01034,0.00872,0.00163,LOW RESPONSE
C09538,1,0,0.05383,Low,0.00666,0.03509,-0.02842,NEGATIVE RESPONSE
C09539,1,0,0.08799,Low,0.00714,0.05828,-0.05114,NEGATIVE RESPONSE
C09540,0,0,0.05721,Low,0.01303,0.05549,-0.04246,NEGATIVE RESPONSE
C09541,1,0,0.01051,Low,0.011,0.01077,0.00022,LOW RESPONSE
C09542,1,0,0.02601,Low,0.01782,0.03697,-0.01915,NEGATIVE RESPONSE
C09543,1,1,0.9404,Critical,0.01004,0.19363,-0.18359,NEGATIVE RESPONSE
C09544,1,0,0.00565,Low,0.01802,0.01169,0.00633,LOW RESPONSE
C09545,0,0,0.008,Low,0.00617,0.0087,-0.00253,NEGATIVE RESPONSE
C09546,0,0,0.08276,Low,0.00865,0.02406,-0.0154,NEGATIVE RESPONSE
C09547,1,0,0.01069,Low,0.01314,0.02008,-0.00694,NEGATIVE RESPONSE
C09548,1,0,0.04016,Low,0.02323,0.05129,-0.02806,NEGATIVE RESPONSE
C09549,1,0,0.12508,Low,0.00921,0.04713,-0.03792,NEGATIVE RESPONSE
C09550,0,0,0.00505,Low,0.01171,0.01522,-0.00351,NEGATIVE RESPONSE
C09551,1,0,0.08308,Low,0.00928,0.0669,-0.05763,NEGATIVE RESPONSE
C09552,1,0,0.08518,Low,0.00551,0.06218,-0.05666,NEGATIVE RESPONSE
C09553,1,0,0.07349,Low,0.00667,0.07956,-0.07288,NEGATIVE RESPONSE
C09554,1,0,0.16933,Low,0.00875,0.06794,-0.05918,NEGATIVE RESPONSE
C09555,0,0,0.11309,Low,0.01913,0.05908,-0.03995,NEGATIVE RESPONSE
C09556,1,0,0.04848,Low,0.00777,0.04162,-0.03385,NEGATIVE RESPONSE
C09557,1,0,0.21573,Low,0.01515,0.07457,-0.05942,NEGATIVE RESPONSE
C09558,0,0,0.00313,Low,0.00522,0.00797,-0.00275,NEGATIVE RESPONSE
C09559,1,0,0.04225,Low,0.00931,0.02871,-0.0194,NEGATIVE RESPONSE
C09560,1,0,0.01162,Low,0.0094,0.00689,0.00251,LOW RESPONSE
C09561,0,1,0.00809,Low,0.12818,0.01053,0.11765,HIGHLY PERSUADABLE
C09562,1,0,0.00694,Low,0.01183,0.01038,0.00144,LOW RESPONSE
C09563,1,0,0.01187,Low,0.01545,0.01325,0.0022,LOW RESPONSE
C09564,1,0,0.06503,Low,0.02449,0.02724,-0.00275,NEGATIVE RESPONSE
C09565,1,0,0.15015,Low,0.00893,0.06575,-0.05681,NEGATIVE RESPONSE
C09566,1,0,0.01807,Low,0.00869,0.04334,-0.03466,NEGATIVE RESPONSE
C09567,0,0,0.00134,Low,0.01873,0.00735,0.01138,LOW RESPONSE
C09568,0,0,0.08147,Low,0.01175,0.05672,-0.04497,NEGATIVE RESPONSE
C09569,1,0,0.1098,Low,0.0079,0.07518,-0.06729,NEGATIVE RESPONSE
C09570,0,1,0.97142,Critical,0.04618,0.09672,-0.05054,NEGATIVE RESPONSE
C09571,1,0,0.21174,Low,0.02973,0.05805,-0.02833,NEGATIVE RESPONSE
C09572,1,0,0.07643,Low,0.00883,0.03969,-0.03087,NEGATIVE RESPONSE
C09573,1,0,0.34907,Medium,0.00801,0.10229,-0.09428,NEGATIVE RESPONSE
C09574,1,0,0.11192,Low,0.01317,0.12604,-0.11287,NEGATIVE RESPONSE
C09575,1,0,0.02922,Low,0.0064,0.04227,-0.03587,NEGATIVE RESPONSE
C09576,1,1,0.96493,Critical,0.01054,0.1363,-0.12576,NEGATIVE RESPONSE
C09577,1,0,0.01603,Low,0.00578,0.00943,-0.00365,NEGATIVE RESPONSE
C09578,1,0,0.01539,Low,0.00717,0.0078,-0.00062,LOW RESPONSE
C09579,1,0,0.09533,Low,0.03496,0.05965,-0.02469,NEGATIVE RESPONSE
C09580,1,0,0.17221,Low,0.01367,0.05706,-0.04338,NEGATIVE RESPONSE
C09581,0,0,0.03962,Low,0.00953,0.01178,-0.00226,NEGATIVE RESPONSE
C09582,1,0,0.00532,Low,0.01476,0.02615,-0.01139,NEGATIVE RESPONSE
C09583,1,0,0.13227,Low,0.0824,0.03171,0.0507,HIGHLY PERSUADABLE
C09584,1,0,0.01461,Low,0.01661,0.00758,0.00903,LOW RESPONSE
C09585,1,0,0.0839,Low,0.0128,0.04666,-0.03385,NEGATIVE RESPONSE
C09586,1,0,0.01815,Low,0.01045,0.00735,0.0031,LOW RESPONSE
C09587,1,0,0.01215,Low,0.01334,0.01044,0.0029,LOW RESPONSE
C09588,1,0,0.03501,Low,0.016,0.03444,-0.01844,NEGATIVE RESPONSE
C09589,1,0,0.08779,Low,0.00689,0.04929,-0.0424,NEGATIVE RESPONSE
C09590,1,0,0.01238,Low,0.00761,0.008,-0.00039,LOW RESPONSE
C09591,1,0,0.00787,Low,0.02414,0.02011,0.00403,LOW RESPONSE
C09592,1,0,0.04328,Low,0.05123,0.09045,-0.03922,NEGATIVE RESPONSE
C09593,1,0,0.0345,Low,0.01234,0.03381,-0.02146,NEGATIVE RESPONSE
C09594,1,0,0.20742,Low,0.01064,0.06971,-0.05908,NEGATIVE RESPONSE
C09595,1,0,0.10545,Low,0.00605,0.05591,-0.04987,NEGATIVE RESPONSE
C09596,1,0,0.01062,Low,0.00984,0.01183,-0.00199,NEGATIVE RESPONSE
C09597,1,0,0.1312,Low,0.00815,0.08801,-0.07986,NEGATIVE RESPONSE
C09598,1,0,0.01908,Low,0.02262,0.01547,0.00715,LOW RESPONSE
C09599,1,0,0.00714,Low,0.0049,0.00565,-0.00075,LOW RESPONSE
C09600,1,0,0.00527,Low,0.01381,0.00831,0.0055,LOW RESPONSE
C09601,1,0,0.01506,Low,0.01189,0.00698,0.00491,LOW RESPONSE
C09602,1,0,0.0917,Low,0.00824,0.05576,-0.04752,NEGATIVE RESPONSE
C09603,1,0,0.03159,Low,0.01624,0.00879,0.00745,LOW RESPONSE
C09604,0,1,0.90828,Critical,0.03157,0.05278,-0.02121,NEGATIVE RESPONSE
C09605,1,0,0.09385,Low,0.00565,0.03548,-0.02983,NEGATIVE RESPONSE
C09606,1,0,0.02504,Low,0.01239,0.01537,-0.00299,NEGATIVE RESPONSE
C09607,0,0,0.1868,Low,0.00749,0.04946,-0.04197,NEGATIVE RESPONSE
C09608,1,0,0.04675,Low,0.01461,0.0411,-0.02649,NEGATIVE RESPONSE
C09609,1,0,0.01802,Low,0.01443,0.00655,0.00788,LOW RESPONSE
C09610,1,0,0.01398,Low,0.00784,0.00794,-1e-04,LOW RESPONSE
C09611,1,0,0.21981,Low,0.00829,0.05952,-0.05122,NEGATIVE RESPONSE
C09612,0,0,0.05779,Low,0.01176,0.03395,-0.0222,NEGATIVE RESPONSE
C09613,1,0,0.13629,Low,0.01571,0.07551,-0.05979,NEGATIVE RESPONSE
C09614,1,0,0.08415,Low,0.01316,0.06341,-0.05025,NEGATIVE RESPONSE
C09615,0,0,0.04,Low,0.00783,0.04807,-0.04024,NEGATIVE RESPONSE
C09616,0,0,0.03926,Low,0.00563,0.02257,-0.01693,NEGATIVE RESPONSE
C09617,1,0,0.05677,Low,0.02598,0.03365,-0.00767,NEGATIVE RESPONSE
C09618,1,0,0.01052,Low,0.00845,0.0078,0.00065,LOW RESPONSE
C09619,1,0,0.00901,Low,0.00696,0.00798,-0.00102,NEGATIVE RESPONSE
C09620,1,0,0.00861,Low,0.00689,0.00864,-0.00175,NEGATIVE RESPONSE
C09621,1,0,0.0382,Low,0.01226,0.05776,-0.0455,NEGATIVE RESPONSE
C09622,1,0,0.06075,Low,0.01408,0.05182,-0.03775,NEGATIVE RESPONSE
C09623,1,0,0.04986,Low,0.01411,0.05583,-0.04172,NEGATIVE RESPONSE
C09624,1,0,0.1161,Low,0.00899,0.09358,-0.08459,NEGATIVE RESPONSE
C09625,1,0,0.15024,Low,0.00613,0.04589,-0.03976,NEGATIVE RESPONSE
C09626,0,0,0.03434,Low,0.00878,0.03967,-0.03088,NEGATIVE RESPONSE
C09627,1,0,0.01455,Low,0.01241,0.01501,-0.0026,NEGATIVE RESPONSE
C09628,0,0,0.00623,Low,0.00798,0.01055,-0.00257,NEGATIVE RESPONSE
C09629,0,0,0.00806,Low,0.01062,0.00671,0.0039,LOW RESPONSE
C09630,1,0,0.12907,Low,0.00845,0.03453,-0.02607,NEGATIVE RESPONSE
C09631,1,0,0.14043,Low,0.01489,0.03104,-0.01616,NEGATIVE RESPONSE
C09632,1,0,0.27853,Low,0.00834,0.03036,-0.02202,NEGATIVE RESPONSE
C09633,1,1,0.27947,Low,0.00699,0.11256,-0.10557,NEGATIVE RESPONSE
C09634,1,0,0.00828,Low,0.00532,0.00653,-0.00121,NEGATIVE RESPONSE
C09635,1,0,0.02447,Low,0.01582,0.02329,-0.00748,NEGATIVE RESPONSE
C09636,1,0,0.15427,Low,0.00745,0.07209,-0.06464,NEGATIVE RESPONSE
C09637,0,0,0.00406,Low,0.01698,0.00942,0.00756,LOW RESPONSE
C09638,1,0,0.03179,Low,0.00925,0.01246,-0.00321,NEGATIVE RESPONSE
C09639,1,0,0.03716,Low,0.0101,0.00888,0.00122,PERSUADABLE
C09640,0,0,0.02054,Low,0.00429,0.00806,-0.00377,NEGATIVE RESPONSE
C09641,1,0,0.21601,Low,0.00582,0.06957,-0.06374,NEGATIVE RESPONSE
C09642,1,0,0.01277,Low,0.01223,0.01382,-0.00159,NEGATIVE RESPONSE
C09643,1,0,0.04156,Low,0.00723,0.03449,-0.02726,NEGATIVE RESPONSE
C09644,1,0,0.07589,Low,0.00585,0.05372,-0.04787,NEGATIVE RESPONSE
C09645,1,0,0.00824,Low,0.01498,0.02633,-0.01136,NEGATIVE RESPONSE
C09646,0,0,0.05359,Low,0.01206,0.08414,-0.07208,NEGATIVE RESPONSE
C09647,1,0,0.15268,Low,0.00754,0.06474,-0.0572,NEGATIVE RESPONSE
C09648,1,0,0.02116,Low,0.01928,0.04161,-0.02233,NEGATIVE RESPONSE
C09649,0,0,0.01029,Low,0.01401,0.01216,0.00185,LOW RESPONSE
C09650,1,0,0.03664,Low,0.01457,0.01135,0.00322,PERSUADABLE
C09651,0,0,0.00907,Low,0.00676,0.01279,-0.00603,NEGATIVE RESPONSE
C09652,1,0,0.24809,Low,0.00777,0.09212,-0.08435,NEGATIVE RESPONSE
C09653,0,0,0.00745,Low,0.00754,0.00881,-0.00126,NEGATIVE RESPONSE
C09654,0,0,0.01177,Low,0.01786,0.01403,0.00383,LOW RESPONSE
C09655,1,0,0.01097,Low,0.01701,0.01319,0.00382,LOW RESPONSE
C09656,0,0,0.11927,Low,0.00864,0.06479,-0.05615,NEGATIVE RESPONSE
C09657,1,0,0.00173,Low,0.05444,0.01999,0.03445,HIGHLY PERSUADABLE
C09658,1,0,0.08232,Low,0.00602,0.03775,-0.03173,NEGATIVE RESPONSE
C09659,1,0,0.00373,Low,0.01397,0.008,0.00597,LOW RESPONSE
C09660,1,0,0.38611,Medium,0.01595,0.04136,-0.02541,NEGATIVE RESPONSE
C09661,1,0,0.0057,Low,0.00809,0.01585,-0.00776,NEGATIVE RESPONSE
C09662,1,0,0.00291,Low,0.009,0.00745,0.00155,LOW RESPONSE
C09663,0,0,0.02567,Low,0.00983,0.00903,0.0008,LOW RESPONSE
C09664,0,0,0.02308,Low,0.01289,0.01355,-0.00067,LOW RESPONSE
C09665,1,0,0.02122,Low,0.01458,0.02017,-0.00559,NEGATIVE RESPONSE
C09666,1,0,0.0035,Low,0.01235,0.00725,0.00509,LOW RESPONSE
C09667,0,0,0.01469,Low,0.02138,0.0832,-0.06181,NEGATIVE RESPONSE
C09668,0,0,0.0112,Low,0.00515,0.00675,-0.0016,NEGATIVE RESPONSE
C09669,1,0,0.00906,Low,0.02094,0.01523,0.00571,LOW RESPONSE
C09670,1,0,0.00972,Low,0.01741,0.00964,0.00777,LOW RESPONSE
C09671,1,0,0.04406,Low,0.05227,0.13089,-0.07862,NEGATIVE RESPONSE
C09672,1,0,0.01285,Low,0.00712,0.00793,-0.0008,LOW RESPONSE
C09673,1,0,0.02725,Low,0.01537,0.01193,0.00344,LOW RESPONSE
C09674,1,0,0.02493,Low,0.00813,0.01241,-0.00427,NEGATIVE RESPONSE
C09675,1,0,0.03424,Low,0.01196,0.00708,0.00488,PERSUADABLE
C09676,1,0,0.01402,Low,0.01497,0.01066,0.00431,LOW RESPONSE
C09677,1,0,0.06651,Low,0.02466,0.05216,-0.02751,NEGATIVE RESPONSE
C09678,1,0,0.04679,Low,0.0158,0.01894,-0.00314,NEGATIVE RESPONSE
C09679,1,0,0.01197,Low,0.00673,0.01598,-0.00925,NEGATIVE RESPONSE
C09680,0,0,0.02488,Low,0.01318,0.03627,-0.02309,NEGATIVE RESPONSE
C09681,1,0,0.00163,Low,0.00705,0.00922,-0.00217,NEGATIVE RESPONSE
C09682,1,0,0.03493,Low,0.0134,0.00986,0.00354,PERSUADABLE
C09683,1,0,0.00493,Low,0.00841,0.01464,-0.00623,NEGATIVE RESPONSE
C09684,1,0,0.06291,Low,0.0074,0.04356,-0.03616,NEGATIVE RESPONSE
C09685,1,0,0.01355,Low,0.01541,0.00629,0.00913,LOW RESPONSE
C09686,1,0,0.01807,Low,0.0144,0.0147,-0.0003,LOW RESPONSE
C09687,1,0,0.01277,Low,0.01098,0.00703,0.00395,LOW RESPONSE
C09688,0,0,0.26329,Low,0.01033,0.09807,-0.08775,NEGATIVE RESPONSE
C09689,1,0,0.01172,Low,0.00915,0.00963,-0.00048,LOW RESPONSE
C09690,1,0,0.00744,Low,0.0102,0.00752,0.00268,LOW RESPONSE
C09691,1,0,0.40035,Medium,0.00823,0.0762,-0.06797,NEGATIVE RESPONSE
C09692,1,0,0.01992,Low,0.01408,0.01897,-0.00489,NEGATIVE RESPONSE
C09693,1,0,0.02116,Low,0.01918,0.02735,-0.00817,NEGATIVE RESPONSE
C09694,1,0,0.15217,Low,0.01756,0.0464,-0.02884,NEGATIVE RESPONSE
C09695,1,0,0.05529,Low,0.02095,0.01069,0.01025,HIGHLY PERSUADABLE
C09696,1,0,0.03715,Low,0.01072,0.01589,-0.00516,NEGATIVE RESPONSE
C09697,0,0,0.01319,Low,0.01188,0.01337,-0.0015,NEGATIVE RESPONSE
C09698,1,0,0.34362,Medium,0.01265,0.07317,-0.06052,NEGATIVE RESPONSE
C09699,0,0,0.19298,Low,0.01716,0.07542,-0.05825,NEGATIVE RESPONSE
C09700,1,0,0.06002,Low,0.00894,0.03135,-0.02241,NEGATIVE RESPONSE
C09701,1,0,0.08154,Low,0.00892,0.07464,-0.06572,NEGATIVE RESPONSE
C09702,1,0,0.04353,Low,0.00607,0.04326,-0.0372,NEGATIVE RESPONSE
C09703,1,0,0.0402,Low,0.00747,0.01191,-0.00444,NEGATIVE RESPONSE
C09704,1,0,0.04679,Low,0.02159,0.0471,-0.02551,NEGATIVE RESPONSE
C09705,1,0,0.14054,Low,0.00568,0.08344,-0.07776,NEGATIVE RESPONSE
C09706,1,0,0.2797,Low,0.0113,0.05817,-0.04687,NEGATIVE RESPONSE
C09707,1,0,0.11245,Low,0.01917,0.07601,-0.05684,NEGATIVE RESPONSE
C09708,1,0,0.08725,Low,0.01639,0.05266,-0.03627,NEGATIVE RESPONSE
C09709,1,0,0.26242,Low,0.00997,0.0695,-0.05953,NEGATIVE RESPONSE
C09710,0,0,0.01489,Low,0.00846,0.0071,0.00136,LOW RESPONSE
C09711,1,0,0.02153,Low,0.01269,0.0103,0.00239,LOW RESPONSE
C09712,1,0,0.00392,Low,0.00548,0.00775,-0.00227,NEGATIVE RESPONSE
C09713,1,0,0.01607,Low,0.0061,0.00838,-0.00227,NEGATIVE RESPONSE
C09714,1,0,0.20837,Low,0.01204,0.05721,-0.04518,NEGATIVE RESPONSE
C09715,1,0,0.00741,Low,0.02066,0.01274,0.00792,LOW RESPONSE
C09716,1,0,0.00868,Low,0.01434,0.00998,0.00435,LOW RESPONSE
C09717,1,0,0.00508,Low,0.01457,0.00712,0.00745,LOW RESPONSE
C09718,1,0,0.00382,Low,0.00947,0.01013,-0.00066,LOW RESPONSE
C09719,1,0,0.00297,Low,0.0217,0.01305,0.00865,LOW RESPONSE
C09720,1,0,0.01905,Low,0.0149,0.00663,0.00826,LOW RESPONSE
C09721,1,0,0.11467,Low,0.00589,0.06595,-0.06006,NEGATIVE RESPONSE
C09722,1,0,0.00448,Low,0.01531,0.01107,0.00423,LOW RESPONSE
C09723,0,0,0.15135,Low,0.01182,0.06236,-0.05054,NEGATIVE RESPONSE
C09724,1,0,0.02018,Low,0.01151,0.02072,-0.0092,NEGATIVE RESPONSE
C09725,1,0,0.0181,Low,0.01627,0.01495,0.00131,LOW RESPONSE
C09726,1,0,0.01088,Low,0.03473,0.03833,-0.0036,NEGATIVE RESPONSE
C09727,1,0,0.09549,Low,0.01479,0.04735,-0.03256,NEGATIVE RESPONSE
C09728,0,0,0.04867,Low,0.01035,0.06933,-0.05898,NEGATIVE RESPONSE
C09729,1,0,0.00652,Low,0.00823,0.01158,-0.00335,NEGATIVE RESPONSE
C09730,1,0,0.2364,Low,0.00775,0.05061,-0.04286,NEGATIVE RESPONSE
C09731,1,0,0.01035,Low,0.0095,0.01459,-0.00509,NEGATIVE RESPONSE
C09732,1,0,0.02672,Low,0.01732,0.01992,-0.0026,NEGATIVE RESPONSE
C09733,1,0,0.00498,Low,0.00768,0.00595,0.00173,LOW RESPONSE
C09734,1,0,0.02129,Low,0.00412,0.03502,-0.0309,NEGATIVE RESPONSE
C09735,1,0,0.05063,Low,0.02121,0.01456,0.00665,PERSUADABLE
C09736,1,0,0.10388,Low,0.02821,0.13388,-0.10567,NEGATIVE RESPONSE
C09737,1,0,0.12466,Low,0.00969,0.05941,-0.04973,NEGATIVE RESPONSE
C09738,1,0,0.01854,Low,0.01127,0.01071,0.00055,LOW RESPONSE
C09739,1,0,0.07539,Low,0.00607,0.04471,-0.03864,NEGATIVE RESPONSE
C09740,1,0,0.10079,Low,0.00739,0.04626,-0.03887,NEGATIVE RESPONSE
C09741,1,0,0.07786,Low,0.0111,0.03967,-0.02856,NEGATIVE RESPONSE
C09742,1,0,0.12794,Low,0.00817,0.04487,-0.0367,NEGATIVE RESPONSE
C09743,1,0,0.01386,Low,0.02105,0.04205,-0.021,NEGATIVE RESPONSE
C09744,1,0,0.01482,Low,0.01034,0.03083,-0.02049,NEGATIVE RESPONSE
C09745,1,0,0.00278,Low,0.0088,0.01155,-0.00275,NEGATIVE RESPONSE
C09746,1,0,0.01124,Low,0.00532,0.009,-0.00367,NEGATIVE RESPONSE
C09747,1,0,0.03386,Low,0.01267,0.0373,-0.02463,NEGATIVE RESPONSE
C09748,1,0,0.00443,Low,0.01696,0.0126,0.00437,LOW RESPONSE
C09749,1,0,0.00847,Low,0.0183,0.0083,0.01,LOW RESPONSE
C09750,1,0,0.01452,Low,0.01623,0.01033,0.0059,LOW RESPONSE
C09751,1,0,0.01527,Low,0.00944,0.0076,0.00184,LOW RESPONSE
C09752,1,0,0.01152,Low,0.00579,0.00867,-0.00288,NEGATIVE RESPONSE
C09753,0,0,0.00964,Low,0.01905,0.01707,0.00198,LOW RESPONSE
C09754,1,0,0.31033,Medium,0.02603,0.11853,-0.0925,NEGATIVE RESPONSE
C09755,1,0,0.00888,Low,0.02452,0.02552,-0.001,NEGATIVE RESPONSE
C09756,1,0,0.04166,Low,0.00854,0.0488,-0.04025,NEGATIVE RESPONSE
C09757,1,0,0.06171,Low,0.01023,0.05542,-0.04519,NEGATIVE RESPONSE
C09758,1,0,0.02549,Low,0.01108,0.02128,-0.0102,NEGATIVE RESPONSE
C09759,0,0,0.00285,Low,0.01463,0.01101,0.00361,LOW RESPONSE
C09760,1,0,0.1834,Low,0.02121,0.13253,-0.11132,NEGATIVE RESPONSE
C09761,0,0,0.0355,Low,0.02146,0.01278,0.00868,HIGHLY PERSUADABLE
C09762,1,0,0.01881,Low,0.01165,0.01197,-0.00033,LOW RESPONSE
C09763,1,0,0.1306,Low,0.01547,0.01068,0.0048,PERSUADABLE
C09764,0,0,0.01285,Low,0.00431,0.00663,-0.00232,NEGATIVE RESPONSE
C09765,1,0,0.10088,Low,0.01469,0.07619,-0.0615,NEGATIVE RESPONSE
C09766,1,0,0.00653,Low,0.01179,0.02107,-0.00928,NEGATIVE RESPONSE
C09767,0,0,0.25762,Low,0.01267,0.10035,-0.08768,NEGATIVE RESPONSE
C09768,1,0,0.00423,Low,0.00612,0.00909,-0.00297,NEGATIVE RESPONSE
C09769,1,0,0.0181,Low,0.00868,0.00777,0.0009,LOW RESPONSE
C09770,1,0,0.07842,Low,0.00547,0.03482,-0.02934,NEGATIVE RESPONSE
C09771,1,0,0.01207,Low,0.00757,0.00993,-0.00236,NEGATIVE RESPONSE
C09772,1,0,0.05422,Low,0.01082,0.05875,-0.04793,NEGATIVE RESPONSE
C09773,1,0,0.01376,Low,0.00859,0.01212,-0.00353,NEGATIVE RESPONSE
C09774,1,0,0.01776,Low,0.01798,0.01112,0.00685,LOW RESPONSE
C09775,1,0,0.66425,High,0.01004,0.14342,-0.13338,NEGATIVE RESPONSE
C09776,1,0,0.08974,Low,0.01195,0.06592,-0.05397,NEGATIVE RESPONSE
C09777,1,0,0.02863,Low,0.01366,0.01127,0.00239,LOW RESPONSE
C09778,1,0,0.26607,Low,0.01262,0.06599,-0.05337,NEGATIVE RESPONSE
C09779,1,0,0.12538,Low,0.01504,0.05207,-0.03703,NEGATIVE RESPONSE
C09780,1,0,0.19712,Low,0.01236,0.0487,-0.03634,NEGATIVE RESPONSE
C09781,1,0,0.00659,Low,0.01326,0.01245,0.00081,LOW RESPONSE
C09782,1,0,0.01003,Low,0.00576,0.02735,-0.02159,NEGATIVE RESPONSE
C09783,1,0,0.16336,Low,0.01996,0.09879,-0.07884,NEGATIVE RESPONSE
C09784,1,0,0.00715,Low,0.01741,0.02628,-0.00887,NEGATIVE RESPONSE
C09785,1,0,0.00729,Low,0.01527,0.00952,0.00576,LOW RESPONSE
C09786,1,0,0.01118,Low,0.00529,0.00584,-0.00055,LOW RESPONSE
C09787,1,0,0.04132,Low,0.01837,0.01764,0.00073,LOW RESPONSE
C09788,1,0,0.00747,Low,0.00595,0.00891,-0.00295,NEGATIVE RESPONSE
C09789,1,0,0.01346,Low,0.01138,0.00926,0.00212,LOW RESPONSE
C09790,1,0,0.01799,Low,0.00917,0.00664,0.00253,LOW RESPONSE
C09791,1,0,0.00612,Low,0.00728,0.01069,-0.00342,NEGATIVE RESPONSE
C09792,1,0,0.01408,Low,0.01667,0.0163,0.00038,LOW RESPONSE
C09793,1,0,0.01956,Low,0.01142,0.01185,-0.00044,LOW RESPONSE
C09794,0,0,0.01742,Low,0.00455,0.00942,-0.00487,NEGATIVE RESPONSE
C09795,1,0,0.0181,Low,0.0089,0.00991,-0.00101,NEGATIVE RESPONSE
C09796,0,0,0.01117,Low,0.00877,0.01106,-0.00228,NEGATIVE RESPONSE
C09797,1,0,0.29072,Low,0.01506,0.06947,-0.05441,NEGATIVE RESPONSE
C09798,0,0,0.00673,Low,0.01093,0.02191,-0.01098,NEGATIVE RESPONSE
C09799,1,0,0.01157,Low,0.02294,0.02982,-0.00687,NEGATIVE RESPONSE
C09800,1,0,0.05052,Low,0.00933,0.06292,-0.0536,NEGATIVE RESPONSE
C09801,1,0,0.06198,Low,0.00848,0.0573,-0.04882,NEGATIVE RESPONSE
C09802,0,0,0.00177,Low,0.0059,0.01068,-0.00478,NEGATIVE RESPONSE
C09803,1,0,0.05234,Low,0.00931,0.03908,-0.02976,NEGATIVE RESPONSE
C09804,1,0,0.02119,Low,0.00831,0.02142,-0.01312,NEGATIVE RESPONSE
C09805,1,0,0.03285,Low,0.00841,0.06307,-0.05466,NEGATIVE RESPONSE
C09806,1,0,0.02814,Low,0.01293,0.01215,0.00078,LOW RESPONSE
C09807,1,0,0.46946,Medium,0.02415,0.11581,-0.09166,NEGATIVE RESPONSE
C09808,1,0,0.10035,Low,0.0248,0.02056,0.00424,PERSUADABLE
C09809,1,0,0.0065,Low,0.01135,0.01208,-0.00073,LOW RESPONSE
C09810,1,0,0.10394,Low,0.00699,0.033,-0.02602,NEGATIVE RESPONSE
C09811,1,0,0.01903,Low,0.01016,0.03395,-0.02379,NEGATIVE RESPONSE
C09812,1,0,0.01064,Low,0.01135,0.00962,0.00173,LOW RESPONSE
C09813,1,0,0.00725,Low,0.01579,0.00627,0.00952,LOW RESPONSE
C09814,1,0,0.00668,Low,0.01334,0.00873,0.00462,LOW RESPONSE
C09815,1,0,0.04468,Low,0.01548,0.03172,-0.01624,NEGATIVE RESPONSE
C09816,1,0,0.13609,Low,0.01084,0.00696,0.00387,PERSUADABLE
C09817,0,0,0.02001,Low,0.00848,0.00732,0.00116,LOW RESPONSE
C09818,1,1,0.9561,Critical,0.01355,0.0724,-0.05884,NEGATIVE RESPONSE
C09819,1,0,0.01259,Low,0.00749,0.00895,-0.00146,NEGATIVE RESPONSE
C09820,1,0,0.00973,Low,0.0187,0.01511,0.00359,LOW RESPONSE
C09821,1,0,0.00509,Low,0.0083,0.0123,-0.004,NEGATIVE RESPONSE
C09822,1,0,0.00671,Low,0.01102,0.02737,-0.01635,NEGATIVE RESPONSE
C09823,1,0,0.10711,Low,0.00989,0.04896,-0.03907,NEGATIVE RESPONSE
C09824,1,0,0.01353,Low,0.01074,0.00699,0.00376,LOW RESPONSE
C09825,1,0,0.1666,Low,0.0118,0.04848,-0.03667,NEGATIVE RESPONSE
C09826,1,0,0.05424,Low,0.02041,0.05314,-0.03273,NEGATIVE RESPONSE
C09827,0,0,0.09365,Low,0.01559,0.05242,-0.03683,NEGATIVE RESPONSE
C09828,1,1,0.90998,Critical,0.00793,0.02647,-0.01854,NEGATIVE RESPONSE
C09829,0,0,0.01574,Low,0.01431,0.01571,-0.0014,NEGATIVE RESPONSE
C09830,1,1,0.94472,Critical,0.0379,0.35149,-0.31359,NEGATIVE RESPONSE
C09831,1,0,0.00313,Low,0.01317,0.01233,0.00085,LOW RESPONSE
C09832,1,0,0.0113,Low,0.02013,0.00974,0.01038,LOW RESPONSE
C09833,1,0,0.0066,Low,0.00787,0.00612,0.00176,LOW RESPONSE
C09834,0,0,0.08284,Low,0.00743,0.04158,-0.03414,NEGATIVE RESPONSE
C09835,1,0,0.48458,Medium,0.01831,0.07794,-0.05963,NEGATIVE RESPONSE
C09836,1,0,0.00448,Low,0.01077,0.01624,-0.00546,NEGATIVE RESPONSE
C09837,1,1,0.97312,Critical,0.02069,0.2794,-0.25871,NEGATIVE RESPONSE
C09838,1,0,0.0122,Low,0.00954,0.01027,-0.00072,LOW RESPONSE
C09839,1,0,0.01233,Low,0.01094,0.01004,0.0009,LOW RESPONSE
C09840,1,0,0.00778,Low,0.01197,0.01428,-0.00231,NEGATIVE RESPONSE
C09841,1,0,0.03911,Low,0.02019,0.055,-0.03481,NEGATIVE RESPONSE
C09842,1,0,0.00174,Low,0.00897,0.00681,0.00216,LOW RESPONSE
C09843,1,0,0.00249,Low,0.01485,0.01501,-0.00017,LOW RESPONSE
C09844,1,0,0.18935,Low,0.00994,0.0449,-0.03496,NEGATIVE RESPONSE
C09845,1,0,0.35114,Medium,0.01889,0.05466,-0.03577,NEGATIVE RESPONSE
C09846,1,0,0.00213,Low,0.00759,0.0078,-0.00022,LOW RESPONSE
C09847,0,0,0.01122,Low,0.00874,0.00609,0.00265,LOW RESPONSE
C09848,1,0,0.01531,Low,0.00691,0.05118,-0.04427,NEGATIVE RESPONSE
C09849,1,0,0.05034,Low,0.01661,0.01426,0.00236,PERSUADABLE
C09850,1,0,0.04844,Low,0.01169,0.01123,0.00047,LOW RESPONSE
C09851,1,0,0.11102,Low,0.00839,0.06558,-0.05719,NEGATIVE RESPONSE
C09852,0,0,0.0049,Low,0.00809,0.01253,-0.00444,NEGATIVE RESPONSE
C09853,1,0,0.01521,Low,0.01416,0.01482,-0.00066,LOW RESPONSE
C09854,1,0,0.06985,Low,0.01199,0.06083,-0.04884,NEGATIVE RESPONSE
C09855,1,0,0.02377,Low,0.01654,0.02774,-0.0112,NEGATIVE RESPONSE
C09856,0,0,0.01549,Low,0.00907,0.06815,-0.05908,NEGATIVE RESPONSE
C09857,1,0,0.01655,Low,0.00922,0.01547,-0.00625,NEGATIVE RESPONSE
C09858,1,0,0.00949,Low,0.00934,0.01514,-0.00579,NEGATIVE RESPONSE
C09859,1,0,0.01857,Low,0.00738,0.01023,-0.00285,NEGATIVE RESPONSE
C09860,1,0,0.02288,Low,0.01437,0.03805,-0.02368,NEGATIVE RESPONSE
C09861,1,0,0.02997,Low,0.02899,0.01048,0.01851,LOW RESPONSE
C09862,1,0,0.38019,Medium,0.06574,0.19931,-0.13357,NEGATIVE RESPONSE
C09863,1,0,0.29096,Low,0.07171,0.17328,-0.10158,NEGATIVE RESPONSE
C09864,1,0,0.12527,Low,0.00642,0.05423,-0.04781,NEGATIVE RESPONSE
C09865,1,0,0.16377,Low,0.01085,0.05381,-0.04297,NEGATIVE RESPONSE
C09866,1,0,0.01069,Low,0.00889,0.01021,-0.00132,NEGATIVE RESPONSE
C09867,1,0,0.07929,Low,0.00875,0.0543,-0.04555,NEGATIVE RESPONSE
C09868,1,0,0.011,Low,0.00796,0.01121,-0.00325,NEGATIVE RESPONSE
C09869,1,0,0.285,Low,0.01293,0.05074,-0.03781,NEGATIVE RESPONSE
C09870,1,0,0.16132,Low,0.01357,0.05401,-0.04044,NEGATIVE RESPONSE
C09871,0,0,0.00361,Low,0.00618,0.00741,-0.00123,NEGATIVE RESPONSE
C09872,0,0,0.04655,Low,0.0119,0.01157,0.00033,LOW RESPONSE
C09873,0,0,0.02701,Low,0.00902,0.01514,-0.00612,NEGATIVE RESPONSE
C09874,1,0,0.01673,Low,0.00791,0.00804,-0.00014,LOW RESPONSE
C09875,1,0,0.05878,Low,0.01154,0.01394,-0.0024,NEGATIVE RESPONSE
C09876,1,0,0.08117,Low,0.01158,0.05035,-0.03877,NEGATIVE RESPONSE
C09877,0,0,0.01477,Low,0.00748,0.01025,-0.00277,NEGATIVE RESPONSE
C09878,1,0,0.02896,Low,0.00776,0.04195,-0.03418,NEGATIVE RESPONSE
C09879,1,0,0.05719,Low,0.01864,0.06017,-0.04154,NEGATIVE RESPONSE
C09880,1,0,0.01813,Low,0.02001,0.02276,-0.00275,NEGATIVE RESPONSE
C09881,0,0,0.00483,Low,0.01003,0.01312,-0.0031,NEGATIVE RESPONSE
C09882,1,1,0.97159,Critical,0.01112,0.27148,-0.26036,NEGATIVE RESPONSE
C09883,1,0,0.05924,Low,0.00884,0.07593,-0.06709,NEGATIVE RESPONSE
C09884,1,0,0.18638,Low,0.03404,0.15828,-0.12424,NEGATIVE RESPONSE
C09885,1,0,0.02607,Low,0.01965,0.08178,-0.06213,NEGATIVE RESPONSE
C09886,1,0,0.02007,Low,0.00513,0.0127,-0.00757,NEGATIVE RESPONSE
C09887,1,0,0.01938,Low,0.00996,0.01126,-0.0013,NEGATIVE RESPONSE
C09888,1,0,0.04762,Low,0.00627,0.05555,-0.04928,NEGATIVE RESPONSE
C09889,1,0,0.28951,Low,0.00611,0.04671,-0.04059,NEGATIVE RESPONSE
C09890,1,0,0.0083,Low,0.00651,0.0288,-0.02229,NEGATIVE RESPONSE
C09891,1,0,0.0192,Low,0.00882,0.00728,0.00154,LOW RESPONSE
C09892,1,0,0.00755,Low,0.01075,0.0116,-0.00085,LOW RESPONSE
C09893,0,0,0.03252,Low,0.00925,0.00955,-0.0003,LOW RESPONSE
C09894,1,0,0.0114,Low,0.01633,0.01405,0.00228,LOW RESPONSE
C09895,0,0,0.02652,Low,0.01174,0.05333,-0.04159,NEGATIVE RESPONSE
C09896,1,0,0.05425,Low,0.00629,0.04168,-0.03539,NEGATIVE RESPONSE
C09897,1,0,0.09294,Low,0.00718,0.054,-0.04682,NEGATIVE RESPONSE
C09898,1,0,0.19314,Low,0.02119,0.1518,-0.13061,NEGATIVE RESPONSE
C09899,1,0,0.36543,Medium,0.00783,0.07999,-0.07217,NEGATIVE RESPONSE
C09900,1,0,0.02115,Low,0.01622,0.00848,0.00775,LOW RESPONSE
C09901,1,0,0.0059,Low,0.01209,0.02332,-0.01123,NEGATIVE RESPONSE
C09902,1,0,0.01125,Low,0.00735,0.01171,-0.00436,NEGATIVE RESPONSE
C09903,1,0,0.00354,Low,0.01255,0.01477,-0.00222,NEGATIVE RESPONSE
C09904,1,0,0.0412,Low,0.00758,0.04737,-0.03979,NEGATIVE RESPONSE
C09905,1,0,0.01037,Low,0.01932,0.01227,0.00705,LOW RESPONSE
C09906,1,0,0.02061,Low,0.00795,0.00916,-0.00121,NEGATIVE RESPONSE
C09907,1,0,0.0118,Low,0.00661,0.01214,-0.00553,NEGATIVE RESPONSE
C09908,1,0,0.10022,Low,0.00555,0.03568,-0.03013,NEGATIVE RESPONSE
C09909,1,0,0.00332,Low,0.007,0.00698,2e-05,LOW RESPONSE
C09910,0,0,0.12856,Low,0.00828,0.06147,-0.05319,NEGATIVE RESPONSE
C09911,1,0,0.01518,Low,0.00967,0.01615,-0.00648,NEGATIVE RESPONSE
C09912,1,0,0.05837,Low,0.0186,0.01473,0.00387,PERSUADABLE
C09913,0,0,0.03799,Low,0.00924,0.0524,-0.04316,NEGATIVE RESPONSE
C09914,1,0,0.27804,Low,0.01169,0.04375,-0.03206,NEGATIVE RESPONSE
C09915,1,0,0.00456,Low,0.01853,0.00716,0.01137,LOW RESPONSE
C09916,1,1,0.96552,Critical,0.01201,0.11704,-0.10503,NEGATIVE RESPONSE
C09917,0,0,0.01549,Low,0.0065,0.01775,-0.01125,NEGATIVE RESPONSE
C09918,1,1,0.97407,Critical,0.01989,0.33405,-0.31416,NEGATIVE RESPONSE
C09919,0,0,0.14736,Low,0.00731,0.08438,-0.07708,NEGATIVE RESPONSE
C09920,0,0,0.00932,Low,0.01562,0.01519,0.00043,LOW RESPONSE
C09921,1,0,0.00697,Low,0.00612,0.00784,-0.00172,NEGATIVE RESPONSE
C09922,1,0,0.00951,Low,0.00925,0.01694,-0.00768,NEGATIVE RESPONSE
C09923,1,0,0.01233,Low,0.00773,0.00966,-0.00193,NEGATIVE RESPONSE
C09924,1,0,0.03194,Low,0.00628,0.03842,-0.03213,NEGATIVE RESPONSE
C09925,1,0,0.00539,Low,0.01514,0.00695,0.00819,LOW RESPONSE
C09926,1,0,0.00729,Low,0.01311,0.00655,0.00656,LOW RESPONSE
C09927,1,0,0.06159,Low,0.00617,0.02833,-0.02216,NEGATIVE RESPONSE
C09928,1,0,0.37643,Medium,0.01167,0.08081,-0.06914,NEGATIVE RESPONSE
C09929,1,0,0.02798,Low,0.02627,0.03376,-0.00749,NEGATIVE RESPONSE
C09930,1,0,0.01093,Low,0.02021,0.01171,0.0085,LOW RESPONSE
C09931,1,0,0.13483,Low,0.00953,0.09232,-0.08279,NEGATIVE RESPONSE
C09932,1,0,0.0118,Low,0.02008,0.03025,-0.01018,NEGATIVE RESPONSE
C09933,1,0,0.11119,Low,0.0114,0.04401,-0.0326,NEGATIVE RESPONSE
C09934,0,0,0.00556,Low,0.01305,0.01039,0.00265,LOW RESPONSE
C09935,0,0,0.00424,Low,0.0113,0.00749,0.00381,LOW RESPONSE
C09936,1,0,0.0022,Low,0.00863,0.00757,0.00106,LOW RESPONSE
C09937,1,0,0.02143,Low,0.02875,0.04825,-0.0195,NEGATIVE RESPONSE
C09938,0,0,0.27905,Low,0.01044,0.07451,-0.06406,NEGATIVE RESPONSE
C09939,1,0,0.02591,Low,0.00883,0.01146,-0.00263,NEGATIVE RESPONSE
C09940,1,0,0.00415,Low,0.01124,0.01158,-0.00035,LOW RESPONSE
C09941,1,0,0.00926,Low,0.01272,0.02141,-0.0087,NEGATIVE RESPONSE
C09942,0,0,0.00649,Low,0.00855,0.0246,-0.01605,NEGATIVE RESPONSE
C09943,1,0,0.0155,Low,0.03154,0.02883,0.00271,LOW RESPONSE
C09944,0,0,0.04502,Low,0.00813,0.03877,-0.03064,NEGATIVE RESPONSE
C09945,1,0,0.00375,Low,0.02222,0.00946,0.01275,LOW RESPONSE
C09946,1,0,0.0138,Low,0.01252,0.00948,0.00304,LOW RESPONSE
C09947,1,0,0.00547,Low,0.01416,0.00707,0.0071,LOW RESPONSE
C09948,0,0,0.01179,Low,0.0132,0.00981,0.00339,LOW RESPONSE
C09949,0,0,0.06035,Low,0.00599,0.07006,-0.06407,NEGATIVE RESPONSE
C09950,1,0,0.03097,Low,0.01082,0.04587,-0.03506,NEGATIVE RESPONSE
C09951,1,0,0.05767,Low,0.0091,0.04736,-0.03826,NEGATIVE RESPONSE
C09952,1,0,0.12185,Low,0.01248,0.11702,-0.10455,NEGATIVE RESPONSE
C09953,1,0,0.00437,Low,0.01,0.00765,0.00235,LOW RESPONSE
C09954,1,0,0.0446,Low,0.01965,0.02922,-0.00957,NEGATIVE RESPONSE
C09955,1,0,0.04403,Low,0.02785,0.05337,-0.02552,NEGATIVE RESPONSE
C09956,1,0,0.04386,Low,0.01226,0.05672,-0.04447,NEGATIVE RESPONSE
C09957,1,0,0.04255,Low,0.00515,0.03819,-0.03304,NEGATIVE RESPONSE
C09958,1,0,0.02111,Low,0.0106,0.00913,0.00147,LOW RESPONSE
C09959,1,0,0.03451,Low,0.01704,0.01126,0.00578,PERSUADABLE
C09960,1,0,0.00178,Low,0.0077,0.00722,0.00048,LOW RESPONSE
C09961,1,0,0.02143,Low,0.03217,0.01294,0.01922,LOW RESPONSE
C09962,1,0,0.00486,Low,0.00962,0.00941,0.00021,LOW RESPONSE
C09963,1,0,0.04214,Low,0.01301,0.03531,-0.0223,NEGATIVE RESPONSE
C09964,1,0,0.00125,Low,0.008,0.00695,0.00104,LOW RESPONSE
C09965,1,0,0.10447,Low,0.00963,0.07419,-0.06456,NEGATIVE RESPONSE
C09966,1,0,0.00521,Low,0.00774,0.03061,-0.02287,NEGATIVE RESPONSE
C09967,0,0,0.02896,Low,0.0285,0.05422,-0.02572,NEGATIVE RESPONSE
C09968,0,0,0.00447,Low,0.01105,0.00748,0.00356,LOW RESPONSE
C09969,1,0,0.05682,Low,0.01943,0.05682,-0.03739,NEGATIVE RESPONSE
C09970,1,0,0.10358,Low,0.00617,0.02996,-0.02379,NEGATIVE RESPONSE
C09971,1,0,0.09671,Low,0.01202,0.04342,-0.0314,NEGATIVE RESPONSE
C09972,1,0,0.00783,Low,0.00781,0.0073,0.00052,LOW RESPONSE
C09973,1,1,0.93482,Critical,0.00993,0.14053,-0.1306,NEGATIVE RESPONSE
C09974,1,0,0.19788,Low,0.01164,0.03699,-0.02535,NEGATIVE RESPONSE
C09975,0,0,0.04942,Low,0.01837,0.01119,0.00718,PERSUADABLE
C09976,1,0,0.00996,Low,0.01845,0.02269,-0.00424,NEGATIVE RESPONSE
C09977,1,0,0.00697,Low,0.01379,0.01516,-0.00137,NEGATIVE RESPONSE
C09978,1,0,0.00652,Low,0.0058,0.00833,-0.00253,NEGATIVE RESPONSE
C09979,1,0,0.00384,Low,0.01122,0.01027,0.00095,LOW RESPONSE
C09980,1,0,0.00588,Low,0.01501,0.02395,-0.00894,NEGATIVE RESPONSE
C09981,1,1,0.95585,Critical,0.01491,0.08122,-0.06631,NEGATIVE RESPONSE
C09982,1,1,0.98758,Critical,0.06938,0.47277,-0.40339,NEGATIVE RESPONSE
C09983,1,0,0.06083,Low,0.02021,0.05016,-0.02995,NEGATIVE RESPONSE
C09984,1,0,0.00695,Low,0.0094,0.00718,0.00222,LOW RESPONSE
C09985,0,0,0.00257,Low,0.00764,0.00735,0.00029,LOW RESPONSE
C09986,1,0,0.00702,Low,0.0172,0.00998,0.00723,LOW RESPONSE
C09987,1,0,0.02502,Low,0.03227,0.08525,-0.05297,NEGATIVE RESPONSE
C09988,1,0,0.01447,Low,0.00809,0.0134,-0.0053,NEGATIVE RESPONSE
C09989,1,0,0.00622,Low,0.00788,0.01085,-0.00297,NEGATIVE RESPONSE
C09990,1,1,0.95164,Critical,0.0052,0.10301,-0.09781,NEGATIVE RESPONSE
C09991,0,0,0.02656,Low,0.01033,0.03479,-0.02446,NEGATIVE RESPONSE
C09992,0,0,0.04434,Low,0.01311,0.00825,0.00486,PERSUADABLE
C09993,1,0,0.05854,Low,0.01098,0.02213,-0.01115,NEGATIVE RESPONSE
C09994,0,0,0.16211,Low,0.01014,0.14549,-0.13535,NEGATIVE RESPONSE
C09995,0,0,0.00463,Low,0.00863,0.00727,0.00137,LOW RESPONSE
C09996,1,0,0.12917,Low,0.03081,0.08868,-0.05787,NEGATIVE RESPONSE
C09997,1,0,0.19661,Low,0.00516,0.04139,-0.03623,NEGATIVE RESPONSE
C09998,1,0,0.00809,Low,0.02279,0.01971,0.00308,LOW RESPONSE
C09999,1,0,0.00397,Low,0.01324,0.01603,-0.00279,NEGATIVE RESPONSE
C10000,0,1,0.96526,Critical,0.03575,0.09659,-0.06085,NEGATIVE RESPONSE
C10001,1,0,0.02142,Low,0.00554,0.0278,-0.02226,NEGATIVE RESPONSE
C10002,0,0,0.19961,Low,0.00772,0.04995,-0.04223,NEGATIVE RESPONSE
C10003,1,0,0.01224,Low,0.01786,0.00948,0.00838,LOW RESPONSE
C10004,1,0,0.0664,Low,0.00537,0.02548,-0.02011,NEGATIVE RESPONSE
C10005,1,1,0.97256,Critical,0.01108,0.21434,-0.20326,NEGATIVE RESPONSE
C10006,1,1,0.95904,Critical,0.0101,0.04878,-0.03868,NEGATIVE RESPONSE
C10007,0,0,0.00455,Low,0.00977,0.00868,0.00109,LOW RESPONSE
C10008,1,0,0.03994,Low,0.00929,0.04266,-0.03337,NEGATIVE RESPONSE
C10009,1,0,0.16067,Low,0.01173,0.06372,-0.05199,NEGATIVE RESPONSE
C10010,0,0,0.00349,Low,0.00995,0.0151,-0.00516,NEGATIVE RESPONSE
C10011,1,0,0.01153,Low,0.00679,0.01374,-0.00696,NEGATIVE RESPONSE
C10012,1,0,0.0028,Low,0.00725,0.01677,-0.00952,NEGATIVE RESPONSE
C10013,1,1,0.94951,Critical,0.00976,0.20288,-0.19313,NEGATIVE RESPONSE
C10014,1,0,0.03328,Low,0.0106,0.0697,-0.0591,NEGATIVE RESPONSE
C10015,1,0,0.00796,Low,0.00721,0.03361,-0.0264,NEGATIVE RESPONSE
C10016,0,0,0.58667,Medium,0.014,0.1272,-0.11321,NEGATIVE RESPONSE
C10017,1,0,0.09341,Low,0.01379,0.07832,-0.06452,NEGATIVE RESPONSE
C10018,1,0,0.00621,Low,0.00517,0.01073,-0.00556,NEGATIVE RESPONSE
C10019,1,0,0.02107,Low,0.00782,0.02722,-0.01941,NEGATIVE RESPONSE
C10020,0,0,0.30934,Medium,0.01089,0.15151,-0.14062,NEGATIVE RESPONSE
C10021,1,0,0.0081,Low,0.00914,0.00693,0.00221,LOW RESPONSE
C10022,0,0,0.02202,Low,0.00849,0.00855,-6e-05,LOW RESPONSE
C10023,1,0,0.04479,Low,0.00925,0.05106,-0.04181,NEGATIVE RESPONSE
C10024,0,0,0.42062,Medium,0.00915,0.12125,-0.1121,NEGATIVE RESPONSE
C10025,1,0,0.0026,Low,0.0115,0.01734,-0.00584,NEGATIVE RESPONSE
C10026,0,0,0.02027,Low,0.01273,0.0132,-0.00047,LOW RESPONSE
C10027,1,0,0.03474,Low,0.01308,0.02336,-0.01028,NEGATIVE RESPONSE
C10028,1,0,0.00521,Low,0.00782,0.01307,-0.00525,NEGATIVE RESPONSE
C10029,1,0,0.01189,Low,0.00893,0.01017,-0.00124,NEGATIVE RESPONSE
C10030,1,0,0.11273,Low,0.01242,0.00902,0.00341,PERSUADABLE
C10031,1,0,0.28084,Low,0.00721,0.04576,-0.03855,NEGATIVE RESPONSE
C10032,1,0,0.00375,Low,0.00825,0.00522,0.00303,LOW RESPONSE
C10033,0,0,0.00371,Low,0.01508,0.00859,0.00649,LOW RESPONSE
C10034,1,0,0.00936,Low,0.0053,0.00674,-0.00145,NEGATIVE RESPONSE
C10035,1,0,0.0034,Low,0.00693,0.01668,-0.00975,NEGATIVE RESPONSE
C10036,1,0,0.01582,Low,0.02453,0.02272,0.00181,LOW RESPONSE
C10037,1,0,0.01867,Low,0.01167,0.01277,-0.0011,NEGATIVE RESPONSE
C10038,0,0,0.03899,Low,0.01012,0.04424,-0.03412,NEGATIVE RESPONSE
C10039,1,0,0.01249,Low,0.00392,0.03689,-0.03297,NEGATIVE RESPONSE
C10040,0,0,0.01314,Low,0.00556,0.01075,-0.00519,NEGATIVE RESPONSE
C10041,1,1,0.9677,Critical,0.04114,0.38835,-0.34722,NEGATIVE RESPONSE
C10042,0,0,0.01083,Low,0.00891,0.01212,-0.00322,NEGATIVE RESPONSE
C10043,1,0,0.01294,Low,0.00608,0.01407,-0.00799,NEGATIVE RESPONSE
C10044,1,0,0.24605,Low,0.00683,0.05793,-0.0511,NEGATIVE RESPONSE
C10045,1,0,0.20359,Low,0.02396,0.04662,-0.02265,NEGATIVE RESPONSE
C10046,1,0,0.05923,Low,0.01066,0.06317,-0.0525,NEGATIVE RESPONSE
C10047,1,0,0.00957,Low,0.01447,0.01656,-0.00209,NEGATIVE RESPONSE
C10048,1,0,0.02749,Low,0.00949,0.01405,-0.00456,NEGATIVE RESPONSE
C10049,1,0,0.01341,Low,0.01848,0.01708,0.00139,LOW RESPONSE
C10050,0,0,0.01505,Low,0.01639,0.01181,0.00459,LOW RESPONSE
C10051,1,0,0.11159,Low,0.02025,0.08645,-0.0662,NEGATIVE RESPONSE
C10052,1,0,0.13307,Low,0.00648,0.05457,-0.04809,NEGATIVE RESPONSE
C10053,0,0,0.00792,Low,0.01428,0.00887,0.00541,LOW RESPONSE
C10054,1,0,0.02312,Low,0.01021,0.01762,-0.00741,NEGATIVE RESPONSE
C10055,1,0,0.01569,Low,0.00601,0.0077,-0.00169,NEGATIVE RESPONSE
C10056,1,0,0.00213,Low,0.01158,0.01037,0.00121,LOW RESPONSE
C10057,1,0,0.04534,Low,0.00611,0.03448,-0.02838,NEGATIVE RESPONSE
C10058,1,0,0.01477,Low,0.00845,0.00998,-0.00153,NEGATIVE RESPONSE
C10059,1,0,0.01352,Low,0.01791,0.00838,0.00953,LOW RESPONSE
C10060,1,0,0.00715,Low,0.00827,0.01744,-0.00917,NEGATIVE RESPONSE
C10061,0,0,0.01382,Low,0.00806,0.01696,-0.0089,NEGATIVE RESPONSE
C10062,0,0,0.00463,Low,0.01082,0.00675,0.00408,LOW RESPONSE
C10063,1,1,0.98095,Critical,0.03181,0.31773,-0.28592,NEGATIVE RESPONSE
C10064,1,0,0.17596,Low,0.01062,0.04311,-0.03249,NEGATIVE RESPONSE
C10065,1,0,0.00569,Low,0.00788,0.01144,-0.00356,NEGATIVE RESPONSE
C10066,1,0,0.0113,Low,0.01092,0.01722,-0.00629,NEGATIVE RESPONSE
C10067,1,0,0.01001,Low,0.01212,0.01012,0.002,LOW RESPONSE
C10068,1,0,0.04246,Low,0.02212,0.01604,0.00608,PERSUADABLE
C10069,1,0,0.0274,Low,0.01444,0.00713,0.0073,LOW RESPONSE
C10070,1,0,0.01758,Low,0.01011,0.00936,0.00074,LOW RESPONSE
C10071,1,0,0.01869,Low,0.01419,0.00828,0.00591,LOW RESPONSE
C10072,1,0,0.00997,Low,0.00749,0.00803,-0.00054,LOW RESPONSE
C10073,1,0,0.00985,Low,0.00965,0.00978,-0.00013,LOW RESPONSE
C10074,0,0,0.21554,Low,0.00993,0.09977,-0.08984,NEGATIVE RESPONSE
C10075,1,0,0.0745,Low,0.0083,0.03605,-0.02775,NEGATIVE RESPONSE
C10076,1,0,0.09707,Low,0.00756,0.035,-0.02744,NEGATIVE RESPONSE
C10077,1,0,0.35581,Medium,0.0111,0.09434,-0.08325,NEGATIVE RESPONSE
C10078,0,0,0.01708,Low,0.0098,0.03511,-0.02531,NEGATIVE RESPONSE
C10079,1,0,0.0119,Low,0.00879,0.01254,-0.00376,NEGATIVE RESPONSE
C10080,1,0,0.00462,Low,0.01799,0.01711,0.00088,LOW RESPONSE
C10081,1,0,0.00601,Low,0.00888,0.01352,-0.00464,NEGATIVE RESPONSE
C10082,0,0,0.04156,Low,0.00642,0.03532,-0.0289,NEGATIVE RESPONSE
C10083,1,0,0.02148,Low,0.01477,0.00806,0.00671,LOW RESPONSE
C10084,1,0,0.00856,Low,0.01144,0.00971,0.00173,LOW RESPONSE
C10085,1,0,0.03764,Low,0.01554,0.00928,0.00626,PERSUADABLE
C10086,1,0,0.03582,Low,0.00652,0.04143,-0.03491,NEGATIVE RESPONSE
C10087,1,0,0.01459,Low,0.02211,0.01059,0.01152,LOW RESPONSE
C10088,0,0,0.01436,Low,0.01107,0.01094,0.00013,LOW RESPONSE
C10089,0,0,0.01135,Low,0.0071,0.01226,-0.00515,NEGATIVE RESPONSE
C10090,1,0,0.28652,Low,0.01593,0.11162,-0.09569,NEGATIVE RESPONSE
C10091,1,0,0.00679,Low,0.00873,0.00858,0.00015,LOW RESPONSE
C10092,1,0,0.03408,Low,0.01983,0.02062,-0.00079,LOW RESPONSE
C10093,1,0,0.01551,Low,0.00591,0.01114,-0.00523,NEGATIVE RESPONSE
C10094,1,0,0.01323,Low,0.00902,0.01585,-0.00683,NEGATIVE RESPONSE
C10095,1,0,0.02138,Low,0.00583,0.01113,-0.0053,NEGATIVE RESPONSE
C10096,1,0,0.01192,Low,0.01721,0.01464,0.00257,LOW RESPONSE
C10097,1,0,0.01935,Low,0.00809,0.00827,-0.00018,LOW RESPONSE
C10098,1,0,0.11756,Low,0.01569,0.06061,-0.04492,NEGATIVE RESPONSE
C10099,1,0,0.01164,Low,0.01346,0.01499,-0.00153,NEGATIVE RESPONSE
C10100,1,0,0.00867,Low,0.01779,0.01419,0.0036,LOW RESPONSE
C10101,1,0,0.01629,Low,0.0072,0.00963,-0.00243,NEGATIVE RESPONSE
C10102,1,0,0.00947,Low,0.00848,0.01067,-0.00219,NEGATIVE RESPONSE
C10103,0,0,0.0057,Low,0.01031,0.00946,0.00085,LOW RESPONSE
C10104,1,0,0.04168,Low,0.00591,0.02918,-0.02327,NEGATIVE RESPONSE
C10105,1,0,0.01154,Low,0.00906,0.00862,0.00044,LOW RESPONSE
C10106,1,0,0.00127,Low,0.00689,0.00779,-0.0009,LOW RESPONSE
C10107,1,0,0.03485,Low,0.05576,0.12166,-0.0659,NEGATIVE RESPONSE
C10108,1,0,0.06253,Low,0.03192,0.10951,-0.07759,NEGATIVE RESPONSE
C10109,1,0,0.0076,Low,0.00915,0.01166,-0.00251,NEGATIVE RESPONSE
C10110,1,0,0.00743,Low,0.01886,0.01669,0.00217,LOW RESPONSE
C10111,0,0,0.0254,Low,0.02245,0.02523,-0.00278,NEGATIVE RESPONSE
C10112,1,0,0.31191,Medium,0.0159,0.07673,-0.06083,NEGATIVE RESPONSE
C10113,1,0,0.03047,Low,0.00712,0.00731,-0.00018,LOW RESPONSE
C10114,1,0,0.00266,Low,0.00713,0.00576,0.00137,LOW RESPONSE
C10115,1,0,0.00788,Low,0.01869,0.00876,0.00993,LOW RESPONSE
C10116,1,0,0.00531,Low,0.00722,0.0084,-0.00118,NEGATIVE RESPONSE
C10117,1,0,0.19794,Low,0.00778,0.09071,-0.08293,NEGATIVE RESPONSE
C10118,0,0,0.02357,Low,0.00764,0.0083,-0.00065,LOW RESPONSE
C10119,1,0,0.01202,Low,0.01648,0.01703,-0.00056,LOW RESPONSE
C10120,1,1,0.02079,Low,0.00723,0.1294,-0.12217,NEGATIVE RESPONSE
C10121,1,0,0.0087,Low,0.00592,0.00666,-0.00074,LOW RESPONSE
C10122,0,0,0.00698,Low,0.01076,0.01463,-0.00387,NEGATIVE RESPONSE
C10123,0,0,0.00594,Low,0.00765,0.00939,-0.00173,NEGATIVE RESPONSE
C10124,0,0,0.00312,Low,0.00947,0.00808,0.0014,LOW RESPONSE
C10125,1,0,0.01321,Low,0.01209,0.01303,-0.00094,LOW RESPONSE
C10126,0,0,0.00765,Low,0.00936,0.01086,-0.0015,NEGATIVE RESPONSE
C10127,1,0,0.01995,Low,0.0044,0.0098,-0.0054,NEGATIVE RESPONSE
C10128,1,0,0.11159,Low,0.01368,0.12774,-0.11406,NEGATIVE RESPONSE
C10129,1,0,0.03119,Low,0.00819,0.01001,-0.00182,NEGATIVE RESPONSE
C10130,1,0,0.00263,Low,0.01562,0.00707,0.00855,LOW RESPONSE
C10131,1,0,0.00685,Low,0.01511,0.01732,-0.0022,NEGATIVE RESPONSE
C10132,1,0,0.01697,Low,0.0131,0.01152,0.00158,LOW RESPONSE
C10133,1,0,0.23971,Low,0.02078,0.10263,-0.08185,NEGATIVE RESPONSE
C10134,1,0,0.00622,Low,0.00628,0.01112,-0.00483,NEGATIVE RESPONSE
C10135,1,0,0.01171,Low,0.00782,0.01452,-0.0067,NEGATIVE RESPONSE
C10136,1,0,0.00499,Low,0.01006,0.00808,0.00198,LOW RESPONSE
C10137,1,0,0.07569,Low,0.01462,0.01677,-0.00215,NEGATIVE RESPONSE
C10138,1,0,0.01251,Low,0.00711,0.0097,-0.00259,NEGATIVE RESPONSE
C10139,1,0,0.11398,Low,0.03755,0.08378,-0.04623,NEGATIVE RESPONSE
C10140,1,0,0.00687,Low,0.00802,0.0091,-0.00107,NEGATIVE RESPONSE
C10141,1,0,0.01233,Low,0.02202,0.01142,0.0106,LOW RESPONSE
C10142,1,0,0.04457,Low,0.01231,0.01102,0.00129,PERSUADABLE
C10143,1,0,0.02632,Low,0.0159,0.01066,0.00524,LOW RESPONSE
C10144,1,0,0.27163,Low,0.01904,0.06605,-0.04701,NEGATIVE RESPONSE
C10145,1,0,0.023,Low,0.01323,0.00627,0.00696,LOW RESPONSE
C10146,1,0,0.05924,Low,0.00874,0.02225,-0.01352,NEGATIVE RESPONSE
C10147,1,0,0.00758,Low,0.02005,0.02509,-0.00504,NEGATIVE RESPONSE
C10148,1,0,0.03946,Low,0.01055,0.01129,-0.00074,LOW RESPONSE
C10149,1,0,0.00934,Low,0.00759,0.00877,-0.00118,NEGATIVE RESPONSE
C10150,1,0,0.04329,Low,0.01254,0.02084,-0.0083,NEGATIVE RESPONSE
C10151,0,0,0.00783,Low,0.01269,0.01251,0.00018,LOW RESPONSE
C10152,1,0,0.00525,Low,0.02627,0.00729,0.01898,LOW RESPONSE
C10153,1,0,0.05631,Low,0.01404,0.01676,-0.00272,NEGATIVE RESPONSE
C10154,1,0,0.00541,Low,0.00662,0.00767,-0.00105,NEGATIVE RESPONSE
C10155,0,1,0.95646,Critical,0.08345,0.01142,0.07204,HIGHLY PERSUADABLE
C10156,0,0,0.04558,Low,0.01669,0.01106,0.00564,PERSUADABLE
C10157,1,1,0.41042,Medium,0.02229,0.28343,-0.26114,NEGATIVE RESPONSE
C10158,1,0,0.00922,Low,0.01557,0.01115,0.00442,LOW RESPONSE
C10159,1,0,0.02166,Low,0.02589,0.02493,0.00096,LOW RESPONSE
C10160,0,0,0.06373,Low,0.02998,0.1179,-0.08792,NEGATIVE RESPONSE
C10161,1,0,0.02545,Low,0.0118,0.01171,8e-05,LOW RESPONSE
C10162,1,0,0.00857,Low,0.01414,0.01264,0.0015,LOW RESPONSE
C10163,0,0,0.00348,Low,0.00647,0.00875,-0.00228,NEGATIVE RESPONSE
C10164,1,0,0.0084,Low,0.02038,0.00733,0.01306,LOW RESPONSE
C10165,1,0,0.00912,Low,0.01335,0.00947,0.00388,LOW RESPONSE
C10166,0,0,0.00382,Low,0.0055,0.00723,-0.00173,NEGATIVE RESPONSE
C10167,1,0,0.0048,Low,0.01416,0.00895,0.00521,LOW RESPONSE
C10168,0,0,0.00237,Low,0.02477,0.07836,-0.05359,NEGATIVE RESPONSE
C10169,0,0,0.06538,Low,0.0081,0.00992,-0.00182,NEGATIVE RESPONSE
C10170,1,0,0.01037,Low,0.00812,0.02401,-0.01589,NEGATIVE RESPONSE
C10171,1,0,0.04363,Low,0.00748,0.05304,-0.04557,NEGATIVE RESPONSE
C10172,1,0,0.00954,Low,0.00944,0.01445,-0.005,NEGATIVE RESPONSE
C10173,0,0,0.06398,Low,0.00604,0.04716,-0.04113,NEGATIVE RESPONSE
C10174,1,0,0.06449,Low,0.0163,0.02226,-0.00596,NEGATIVE RESPONSE
C10175,1,0,0.14832,Low,0.01163,0.08203,-0.0704,NEGATIVE RESPONSE
C10176,1,0,0.01586,Low,0.0167,0.0118,0.0049,LOW RESPONSE
C10177,1,0,0.00534,Low,0.00869,0.00654,0.00215,LOW RESPONSE
C10178,1,0,0.0296,Low,0.00669,0.04673,-0.04003,NEGATIVE RESPONSE
C10179,1,0,0.169,Low,0.00589,0.04733,-0.04145,NEGATIVE RESPONSE
C10180,1,0,0.00723,Low,0.00932,0.00565,0.00367,LOW RESPONSE
C10181,1,1,0.96967,Critical,0.03385,0.1703,-0.13645,NEGATIVE RESPONSE
C10182,0,1,0.96695,Critical,0.01899,0.03966,-0.02066,NEGATIVE RESPONSE
C10183,1,0,0.01046,Low,0.00797,0.00953,-0.00156,NEGATIVE RESPONSE
C10184,1,0,0.00921,Low,0.00701,0.01118,-0.00417,NEGATIVE RESPONSE
C10185,1,0,0.14553,Low,0.01803,0.07159,-0.05356,NEGATIVE RESPONSE
C10186,1,0,0.00871,Low,0.00822,0.00649,0.00173,LOW RESPONSE
C10187,0,0,0.06294,Low,0.01107,0.01929,-0.00823,NEGATIVE RESPONSE
C10188,0,0,0.05268,Low,0.01925,0.10791,-0.08867,NEGATIVE RESPONSE
C10189,1,0,0.0442,Low,0.00942,0.00672,0.0027,PERSUADABLE
C10190,1,0,0.04293,Low,0.02565,0.01932,0.00633,PERSUADABLE
C10191,1,0,0.02894,Low,0.01162,0.01123,0.00039,LOW RESPONSE
C10192,1,0,0.02527,Low,0.01038,0.00956,0.00082,LOW RESPONSE
C10193,1,0,0.00406,Low,0.01981,0.01171,0.0081,LOW RESPONSE
C10194,0,0,0.02835,Low,0.00864,0.01571,-0.00707,NEGATIVE RESPONSE
C10195,0,0,0.00526,Low,0.00891,0.0102,-0.00129,NEGATIVE RESPONSE
C10196,1,0,0.01187,Low,0.00466,0.00676,-0.00211,NEGATIVE RESPONSE
C10197,1,0,0.04174,Low,0.0101,0.00762,0.00248,PERSUADABLE
C10198,1,0,0.12347,Low,0.00787,0.13125,-0.12338,NEGATIVE RESPONSE
C10199,1,0,0.15062,Low,0.00967,0.08754,-0.07787,NEGATIVE RESPONSE
C10200,1,0,0.08081,Low,0.0099,0.00957,0.00032,LOW RESPONSE
C10201,1,0,0.00195,Low,0.01406,0.00985,0.00422,LOW RESPONSE
C10202,1,1,0.96823,Critical,0.02918,0.18155,-0.15238,NEGATIVE RESPONSE
C10203,1,0,0.00806,Low,0.01028,0.01059,-0.00031,LOW RESPONSE
C10204,1,0,0.37551,Medium,0.02265,0.16415,-0.1415,NEGATIVE RESPONSE
C10205,1,0,0.02425,Low,0.00631,0.01241,-0.0061,NEGATIVE RESPONSE
C10206,1,0,0.12181,Low,0.00763,0.07708,-0.06944,NEGATIVE RESPONSE
C10207,0,0,0.01132,Low,0.01158,0.02146,-0.00988,NEGATIVE RESPONSE
C10208,1,0,0.01249,Low,0.01646,0.03376,-0.01729,NEGATIVE RESPONSE
C10209,1,0,0.02264,Low,0.01203,0.00979,0.00225,LOW RESPONSE
C10210,1,0,0.01641,Low,0.01176,0.01795,-0.00619,NEGATIVE RESPONSE
C10211,1,0,0.0053,Low,0.01239,0.01443,-0.00205,NEGATIVE RESPONSE
C10212,1,0,0.06536,Low,0.02489,0.11353,-0.08864,NEGATIVE RESPONSE
C10213,0,0,0.02974,Low,0.01343,0.01925,-0.00582,NEGATIVE RESPONSE
C10214,1,0,0.19794,Low,0.01668,0.05457,-0.03789,NEGATIVE RESPONSE
C10215,1,0,0.00618,Low,0.01704,0.00693,0.01011,LOW RESPONSE
C10216,1,0,0.01261,Low,0.01835,0.01458,0.00377,LOW RESPONSE
C10217,1,0,0.06357,Low,0.01276,0.07114,-0.05838,NEGATIVE RESPONSE
C10218,1,0,0.01833,Low,0.00758,0.00928,-0.00169,NEGATIVE RESPONSE
C10219,1,0,0.32341,Medium,0.0099,0.09098,-0.08108,NEGATIVE RESPONSE
C10220,0,0,0.00592,Low,0.00711,0.00577,0.00134,LOW RESPONSE
C10221,0,0,0.05822,Low,0.01797,0.0245,-0.00654,NEGATIVE RESPONSE
C10222,1,0,0.00442,Low,0.0411,0.07045,-0.02935,NEGATIVE RESPONSE
C10223,0,0,0.01373,Low,0.00924,0.00876,0.00048,LOW RESPONSE
C10224,1,0,0.02612,Low,0.00852,0.01535,-0.00682,NEGATIVE RESPONSE
C10225,1,0,0.00491,Low,0.01906,0.00771,0.01135,LOW RESPONSE
C10226,1,0,0.0036,Low,0.00769,0.00542,0.00228,LOW RESPONSE
C10227,1,0,0.23929,Low,0.0093,0.09523,-0.08593,NEGATIVE RESPONSE
C10228,1,0,0.00518,Low,0.01384,0.01621,-0.00237,NEGATIVE RESPONSE
C10229,1,0,0.02038,Low,0.00702,0.0083,-0.00127,NEGATIVE RESPONSE
C10230,1,0,0.01106,Low,0.00778,0.00873,-0.00095,LOW RESPONSE
C10231,1,0,0.00152,Low,0.00761,0.01338,-0.00577,NEGATIVE RESPONSE
C10232,1,0,0.00506,Low,0.0062,0.0069,-0.0007,LOW RESPONSE
C10233,1,0,0.18091,Low,0.008,0.09762,-0.08962,NEGATIVE RESPONSE
C10234,0,0,0.01703,Low,0.01207,0.00927,0.0028,LOW RESPONSE
C10235,1,0,0.36415,Medium,0.00786,0.08798,-0.08013,NEGATIVE RESPONSE
C10236,1,0,0.00265,Low,0.00693,0.00632,0.00061,LOW RESPONSE
C10237,1,0,0.07778,Low,0.00925,0.00856,0.00069,LOW RESPONSE
C10238,1,0,0.01451,Low,0.02885,0.01207,0.01677,LOW RESPONSE
C10239,1,0,0.00719,Low,0.01046,0.00831,0.00215,LOW RESPONSE
C10240,1,0,0.00501,Low,0.00586,0.00733,-0.00147,NEGATIVE RESPONSE
C10241,1,0,0.00559,Low,0.01591,0.00918,0.00674,LOW RESPONSE
C10242,1,0,0.00467,Low,0.01137,0.00963,0.00174,LOW RESPONSE
C10243,1,0,0.07027,Low,0.0136,0.0525,-0.03889,NEGATIVE RESPONSE
C10244,0,0,0.24641,Low,0.00629,0.05431,-0.04802,NEGATIVE RESPONSE
C10245,0,0,0.04426,Low,0.00934,0.06663,-0.05729,NEGATIVE RESPONSE
C10246,1,0,0.01497,Low,0.01056,0.03558,-0.02502,NEGATIVE RESPONSE
C10247,0,0,0.00872,Low,0.00957,0.00807,0.00149,LOW RESPONSE
C10248,1,0,0.02718,Low,0.00734,0.0118,-0.00446,NEGATIVE RESPONSE
C10249,1,0,0.0079,Low,0.01077,0.0127,-0.00193,NEGATIVE RESPONSE
C10250,1,0,0.01498,Low,0.02447,0.01303,0.01144,LOW RESPONSE
C10251,1,0,0.01434,Low,0.01136,0.00785,0.00351,LOW RESPONSE
C10252,1,0,0.17669,Low,0.00731,0.05065,-0.04333,NEGATIVE RESPONSE
C10253,1,0,0.00904,Low,0.00416,0.00734,-0.00318,NEGATIVE RESPONSE
C10254,1,0,0.01184,Low,0.00614,0.00738,-0.00124,NEGATIVE RESPONSE
C10255,1,0,0.03335,Low,0.01145,0.0115,-5e-05,LOW RESPONSE
C10256,1,0,0.01243,Low,0.01389,0.01065,0.00324,LOW RESPONSE
C10257,1,0,0.01415,Low,0.0102,0.00886,0.00134,LOW RESPONSE
C10258,0,0,0.18249,Low,0.01249,0.0811,-0.06861,NEGATIVE RESPONSE
C10259,1,1,0.9539,Critical,0.00636,0.23242,-0.22606,NEGATIVE RESPONSE
C10260,1,0,0.00919,Low,0.0143,0.00966,0.00463,LOW RESPONSE
C10261,1,0,0.02212,Low,0.01028,0.01141,-0.00113,NEGATIVE RESPONSE
C10262,0,0,0.01027,Low,0.00771,0.01769,-0.00998,NEGATIVE RESPONSE
C10263,1,0,0.04983,Low,0.00676,0.04301,-0.03625,NEGATIVE RESPONSE
C10264,1,0,0.01302,Low,0.01063,0.01793,-0.0073,NEGATIVE RESPONSE
C10265,0,0,0.00963,Low,0.00749,0.01737,-0.00988,NEGATIVE RESPONSE
C10266,1,0,0.04499,Low,0.00844,0.01186,-0.00342,NEGATIVE RESPONSE
C10267,1,0,0.00736,Low,0.0169,0.01059,0.00632,LOW RESPONSE
C10268,1,0,0.00838,Low,0.01424,0.01027,0.00398,LOW RESPONSE
C10269,0,0,0.18361,Low,0.0205,0.10374,-0.08324,NEGATIVE RESPONSE
C10270,1,0,0.01118,Low,0.00828,0.00951,-0.00123,NEGATIVE RESPONSE
C10271,1,0,0.10059,Low,0.01815,0.02861,-0.01046,NEGATIVE RESPONSE
C10272,1,0,0.00116,Low,0.01216,0.01321,-0.00104,NEGATIVE RESPONSE
C10273,1,0,0.20048,Low,0.01579,0.05704,-0.04125,NEGATIVE RESPONSE
C10274,1,0,0.00222,Low,0.00941,0.00711,0.0023,LOW RESPONSE
C10275,1,0,0.00518,Low,0.00917,0.00886,0.00031,LOW RESPONSE
C10276,1,0,0.01329,Low,0.00642,0.01039,-0.00396,NEGATIVE RESPONSE
C10277,1,1,0.0011,Low,0.01239,0.13543,-0.12304,NEGATIVE RESPONSE
C10278,1,0,0.00482,Low,0.01416,0.0171,-0.00294,NEGATIVE RESPONSE
C10279,1,0,0.00577,Low,0.00699,0.00712,-0.00012,LOW RESPONSE
C10280,1,0,0.02214,Low,0.0232,0.01212,0.01108,LOW RESPONSE
C10281,1,0,0.00617,Low,0.00815,0.01058,-0.00243,NEGATIVE RESPONSE
C10282,1,0,0.02235,Low,0.0099,0.04607,-0.03616,NEGATIVE RESPONSE
C10283,1,0,0.00216,Low,0.00896,0.01136,-0.00239,NEGATIVE RESPONSE
C10284,1,0,0.0087,Low,0.0135,0.00951,0.00399,LOW RESPONSE
C10285,1,0,0.01482,Low,0.01094,0.00857,0.00237,LOW RESPONSE
C10286,0,0,0.00855,Low,0.01189,0.00978,0.00211,LOW RESPONSE
C10287,1,0,0.00745,Low,0.01056,0.00997,0.00059,LOW RESPONSE
C10288,1,0,0.0286,Low,0.04278,0.01164,0.03115,HIGHLY PERSUADABLE
C10289,0,0,0.00689,Low,0.00721,0.00738,-0.00017,LOW RESPONSE
C10290,1,0,0.0846,Low,0.03141,0.11237,-0.08095,NEGATIVE RESPONSE
C10291,1,0,0.01296,Low,0.01203,0.03858,-0.02654,NEGATIVE RESPONSE
C10292,1,0,0.00553,Low,0.01268,0.00894,0.00374,LOW RESPONSE
C10293,1,0,0.04014,Low,0.01802,0.01666,0.00136,PERSUADABLE
C10294,1,0,0.02145,Low,0.02399,0.01789,0.0061,LOW RESPONSE
C10295,1,0,0.04527,Low,0.02914,0.01403,0.01511,HIGHLY PERSUADABLE
C10296,1,0,0.04081,Low,0.02968,0.08576,-0.05608,NEGATIVE RESPONSE
C10297,0,0,0.05822,Low,0.02237,0.02543,-0.00306,NEGATIVE RESPONSE
C10298,1,0,0.0047,Low,0.00808,0.0087,-0.00062,LOW RESPONSE
C10299,1,0,0.00764,Low,0.0097,0.01015,-0.00045,LOW RESPONSE
C10300,1,0,0.00274,Low,0.00965,0.01075,-0.0011,NEGATIVE RESPONSE
C10301,1,0,0.00408,Low,0.00788,0.00945,-0.00156,NEGATIVE RESPONSE
C10302,1,1,0.94249,Critical,0.00911,0.13655,-0.12743,NEGATIVE RESPONSE
C10303,1,0,0.00995,Low,0.01025,0.01355,-0.00331,NEGATIVE RESPONSE
C10304,1,0,0.22651,Low,0.02107,0.11396,-0.09288,NEGATIVE RESPONSE
C10305,0,0,0.02975,Low,0.0112,0.00914,0.00206,LOW RESPONSE
C10306,1,0,0.00491,Low,0.01045,0.01565,-0.0052,NEGATIVE RESPONSE
C10307,1,0,0.04458,Low,0.01649,0.06207,-0.04558,NEGATIVE RESPONSE
C10308,1,0,0.04405,Low,0.01501,0.01513,-0.00012,LOW RESPONSE
C10309,1,0,0.01705,Low,0.0258,0.01229,0.01352,LOW RESPONSE
C10310,1,0,0.00605,Low,0.00827,0.00693,0.00135,LOW RESPONSE
C10311,1,0,0.00345,Low,0.00871,0.00761,0.0011,LOW RESPONSE
C10312,1,0,0.10114,Low,0.00819,0.03628,-0.02809,NEGATIVE RESPONSE
C10313,1,0,0.32719,Medium,0.01193,0.06348,-0.05155,NEGATIVE RESPONSE
C10314,1,0,0.15269,Low,0.01354,0.05285,-0.03931,NEGATIVE RESPONSE
C10315,1,0,0.10533,Low,0.00744,0.06256,-0.05512,NEGATIVE RESPONSE
C10316,0,0,0.10993,Low,0.01047,0.08333,-0.07286,NEGATIVE RESPONSE
C10317,1,0,0.11946,Low,0.00923,0.11201,-0.10278,NEGATIVE RESPONSE
C10318,1,0,0.02547,Low,0.01484,0.01767,-0.00282,NEGATIVE RESPONSE
C10319,1,0,0.02321,Low,0.02534,0.01926,0.00608,LOW RESPONSE
C10320,0,0,0.00463,Low,0.01401,0.0146,-0.0006,LOW RESPONSE
C10321,1,0,0.02344,Low,0.02506,0.03699,-0.01194,NEGATIVE RESPONSE
C10322,1,0,0.02861,Low,0.00539,0.01019,-0.0048,NEGATIVE RESPONSE
C10323,1,0,0.05032,Low,0.01494,0.00842,0.00651,PERSUADABLE
C10324,1,0,0.19799,Low,0.01133,0.04515,-0.03382,NEGATIVE RESPONSE
C10325,1,0,0.00798,Low,0.00688,0.01004,-0.00317,NEGATIVE RESPONSE
C10326,1,0,0.13421,Low,0.01278,0.12561,-0.11283,NEGATIVE RESPONSE
C10327,1,0,0.03451,Low,0.01008,0.01026,-0.00018,LOW RESPONSE
C10328,1,0,0.00192,Low,0.00985,0.01276,-0.0029,NEGATIVE RESPONSE
C10329,1,0,0.04698,Low,0.01698,0.05191,-0.03493,NEGATIVE RESPONSE
C10330,0,0,0.02012,Low,0.01808,0.0153,0.00278,LOW RESPONSE
C10331,1,0,0.12065,Low,0.01583,0.12364,-0.10781,NEGATIVE RESPONSE
C10332,1,0,0.01722,Low,0.00759,0.00766,-8e-05,LOW RESPONSE
C10333,1,0,0.03395,Low,0.00945,0.00842,0.00103,LOW RESPONSE
C10334,1,1,0.9693,Critical,0.01361,0.14231,-0.1287,NEGATIVE RESPONSE
C10335,1,0,0.00445,Low,0.0128,0.01527,-0.00247,NEGATIVE RESPONSE
C10336,1,0,0.01057,Low,0.01108,0.00816,0.00292,LOW RESPONSE
C10337,0,0,0.00693,Low,0.00767,0.01019,-0.00252,NEGATIVE RESPONSE
C10338,1,0,0.01483,Low,0.02195,0.01488,0.00707,LOW RESPONSE
C10339,1,0,0.0031,Low,0.0179,0.01492,0.00297,LOW RESPONSE
C10340,1,0,0.15627,Low,0.0153,0.06823,-0.05292,NEGATIVE RESPONSE
C10341,1,0,0.02423,Low,0.01161,0.00907,0.00254,LOW RESPONSE
C10342,1,0,0.01411,Low,0.01258,0.01314,-0.00056,LOW RESPONSE
C10343,1,0,0.00897,Low,0.00579,0.01166,-0.00586,NEGATIVE RESPONSE
C10344,1,0,0.0094,Low,0.0152,0.02713,-0.01193,NEGATIVE RESPONSE
C10345,1,0,0.01826,Low,0.02101,0.01387,0.00714,LOW RESPONSE
C10346,1,0,0.16321,Low,0.0086,0.09222,-0.08362,NEGATIVE RESPONSE
C10347,1,0,0.01637,Low,0.00469,0.0378,-0.0331,NEGATIVE RESPONSE
C10348,1,0,0.00291,Low,0.00688,0.00632,0.00056,LOW RESPONSE
C10349,1,0,0.04084,Low,0.02517,0.02622,-0.00105,NEGATIVE RESPONSE
C10350,1,0,0.02139,Low,0.01063,0.01734,-0.0067,NEGATIVE RESPONSE
C10351,1,0,0.08497,Low,0.02016,0.02047,-0.00031,LOW RESPONSE
C10352,1,0,0.08129,Low,0.02464,0.026,-0.00136,NEGATIVE RESPONSE
C10353,1,0,0.0236,Low,0.00852,0.02174,-0.01322,NEGATIVE RESPONSE
C10354,1,0,0.0032,Low,0.00931,0.00753,0.00178,LOW RESPONSE
C10355,1,0,0.04786,Low,0.01855,0.04997,-0.03143,NEGATIVE RESPONSE
C10356,1,0,0.02978,Low,0.02437,0.01626,0.0081,LOW RESPONSE
C10357,1,0,0.01012,Low,0.01144,0.01239,-0.00095,LOW RESPONSE
C10358,1,0,0.00575,Low,0.00802,0.00885,-0.00082,LOW RESPONSE
C10359,1,0,0.00983,Low,0.00795,0.00729,0.00067,LOW RESPONSE
C10360,0,0,0.00483,Low,0.0178,0.04223,-0.02443,NEGATIVE RESPONSE
C10361,1,0,0.56071,Medium,0.00832,0.12522,-0.1169,NEGATIVE RESPONSE
C10362,1,0,0.02338,Low,0.01978,0.03133,-0.01155,NEGATIVE RESPONSE
C10363,1,0,0.00567,Low,0.00694,0.00837,-0.00143,NEGATIVE RESPONSE
C10364,1,0,0.01537,Low,0.00668,0.01049,-0.00381,NEGATIVE RESPONSE
C10365,1,0,0.02051,Low,0.0111,0.00943,0.00167,LOW RESPONSE
C10366,1,0,0.02892,Low,0.01129,0.01077,0.00051,LOW RESPONSE
C10367,1,0,0.04257,Low,0.01037,0.01641,-0.00604,NEGATIVE RESPONSE
C10368,1,0,0.02059,Low,0.02844,0.01467,0.01377,LOW RESPONSE
C10369,1,0,0.01787,Low,0.0077,0.01475,-0.00706,NEGATIVE RESPONSE
C10370,1,0,0.02238,Low,0.00945,0.00819,0.00125,LOW RESPONSE
C10371,1,0,0.03007,Low,0.006,0.00681,-0.00081,LOW RESPONSE
C10372,1,0,0.15422,Low,0.02218,0.03901,-0.01683,NEGATIVE RESPONSE
C10373,1,0,0.00864,Low,0.01343,0.00796,0.00547,LOW RESPONSE
C10374,1,0,0.01177,Low,0.00904,0.01009,-0.00105,NEGATIVE RESPONSE
C10375,1,0,0.005,Low,0.00624,0.0132,-0.00695,NEGATIVE RESPONSE
C10376,0,0,0.00635,Low,0.01409,0.02491,-0.01082,NEGATIVE RESPONSE
C10377,1,0,0.00413,Low,0.00595,0.0069,-0.00095,LOW RESPONSE
C10378,0,0,0.02238,Low,0.01077,0.0158,-0.00503,NEGATIVE RESPONSE
C10379,1,0,0.00425,Low,0.00942,0.01586,-0.00644,NEGATIVE RESPONSE
C10380,1,0,0.0115,Low,0.00956,0.01174,-0.00217,NEGATIVE RESPONSE
C10381,0,0,0.01217,Low,0.01159,0.01461,-0.00301,NEGATIVE RESPONSE
C10382,1,0,0.24148,Low,0.02137,0.0833,-0.06193,NEGATIVE RESPONSE
C10383,1,0,0.01763,Low,0.00785,0.00991,-0.00206,NEGATIVE RESPONSE
C10384,1,0,0.00807,Low,0.00511,0.01308,-0.00797,NEGATIVE RESPONSE
C10385,1,0,0.00497,Low,0.01018,0.00875,0.00143,LOW RESPONSE
C10386,1,0,0.00659,Low,0.01203,0.00773,0.0043,LOW RESPONSE
C10387,1,0,0.01269,Low,0.01207,0.01132,0.00075,LOW RESPONSE
C10388,0,0,0.0213,Low,0.01433,0.02659,-0.01225,NEGATIVE RESPONSE
C10389,1,0,0.03987,Low,0.01601,0.0187,-0.00269,NEGATIVE RESPONSE
C10390,1,0,0.56366,Medium,0.00732,0.1084,-0.10108,NEGATIVE RESPONSE
C10391,1,0,0.02256,Low,0.01737,0.02666,-0.00929,NEGATIVE RESPONSE
C10392,1,0,0.13382,Low,0.00847,0.07295,-0.06448,NEGATIVE RESPONSE
C10393,1,0,0.01918,Low,0.01069,0.00951,0.00118,LOW RESPONSE
C10394,1,0,0.00936,Low,0.01116,0.01133,-0.00016,LOW RESPONSE
C10395,1,0,0.02401,Low,0.01208,0.02912,-0.01704,NEGATIVE RESPONSE
C10396,0,0,0.00331,Low,0.00797,0.00898,-0.001,NEGATIVE RESPONSE
C10397,1,0,0.01403,Low,0.02441,0.02183,0.00258,LOW RESPONSE
C10398,1,0,0.02547,Low,0.00665,0.0134,-0.00675,NEGATIVE RESPONSE
C10399,1,0,0.02223,Low,0.01073,0.01436,-0.00363,NEGATIVE RESPONSE
C10400,1,0,0.00917,Low,0.0112,0.00949,0.00171,LOW RESPONSE
C10401,0,0,0.28442,Low,0.00598,0.06733,-0.06135,NEGATIVE RESPONSE
C10402,1,0,0.03357,Low,0.01805,0.08397,-0.06592,NEGATIVE RESPONSE
C10403,1,0,0.0239,Low,0.00998,0.00861,0.00137,LOW RESPONSE
C10404,1,0,0.01994,Low,0.01027,0.06563,-0.05536,NEGATIVE RESPONSE
C10405,1,0,0.02489,Low,0.0091,0.06172,-0.05262,NEGATIVE RESPONSE
C10406,1,0,0.00642,Low,0.05655,0.01645,0.0401,HIGHLY PERSUADABLE
C10407,0,0,0.01929,Low,0.01359,0.02441,-0.01083,NEGATIVE RESPONSE
C10408,1,0,0.01565,Low,0.00564,0.00695,-0.00131,NEGATIVE RESPONSE
C10409,1,1,0.3029,Medium,0.00638,0.22005,-0.21366,NEGATIVE RESPONSE
C10410,1,0,0.006,Low,0.00938,0.00633,0.00305,LOW RESPONSE
C10411,1,0,0.00898,Low,0.00707,0.01162,-0.00455,NEGATIVE RESPONSE
C10412,1,0,0.01624,Low,0.00903,0.00749,0.00155,LOW RESPONSE
C10413,1,0,0.03664,Low,0.0132,0.01146,0.00174,PERSUADABLE
C10414,1,0,0.0092,Low,0.00827,0.00805,0.00022,LOW RESPONSE
C10415,1,0,0.01779,Low,0.01559,0.01501,0.00058,LOW RESPONSE
C10416,1,0,0.01445,Low,0.03441,0.04146,-0.00705,NEGATIVE RESPONSE
C10417,0,0,0.03179,Low,0.01431,0.01153,0.00278,LOW RESPONSE
C10418,1,0,0.00541,Low,0.01364,0.00944,0.0042,LOW RESPONSE
C10419,1,0,0.01502,Low,0.00899,0.01216,-0.00317,NEGATIVE RESPONSE
C10420,0,0,0.03126,Low,0.00828,0.0089,-0.00062,LOW RESPONSE
C10421,1,0,0.02221,Low,0.01164,0.01815,-0.00651,NEGATIVE RESPONSE
C10422,1,0,0.09698,Low,0.01064,0.11612,-0.10549,NEGATIVE RESPONSE
C10423,1,0,0.03789,Low,0.00985,0.04275,-0.0329,NEGATIVE RESPONSE
C10424,1,0,0.01882,Low,0.00854,0.02362,-0.01509,NEGATIVE RESPONSE
C10425,1,0,0.00992,Low,0.00851,0.00872,-0.00022,LOW RESPONSE
C10426,1,0,0.00361,Low,0.01794,0.02966,-0.01172,NEGATIVE RESPONSE
C10427,0,0,0.00619,Low,0.00694,0.00578,0.00116,LOW RESPONSE
C10428,1,0,0.00708,Low,0.00758,0.00919,-0.00161,NEGATIVE RESPONSE
C10429,1,0,0.01769,Low,0.00729,0.01071,-0.00341,NEGATIVE RESPONSE
C10430,1,0,0.1342,Low,0.01035,0.07097,-0.06062,NEGATIVE RESPONSE
C10431,1,0,0.00923,Low,0.01193,0.01295,-0.00102,NEGATIVE RESPONSE
C10432,1,0,0.02765,Low,0.00939,0.06089,-0.05149,NEGATIVE RESPONSE
C10433,1,0,0.00506,Low,0.01245,0.0091,0.00335,LOW RESPONSE
C10434,1,0,0.01744,Low,0.01478,0.01556,-0.00078,LOW RESPONSE
C10435,1,0,0.07999,Low,0.01535,0.02206,-0.00672,NEGATIVE RESPONSE
C10436,1,0,0.00299,Low,0.01496,0.0104,0.00456,LOW RESPONSE
C10437,0,0,0.02595,Low,0.01222,0.0097,0.00251,LOW RESPONSE
C10438,1,0,0.02086,Low,0.01314,0.01591,-0.00277,NEGATIVE RESPONSE
C10439,1,0,0.02252,Low,0.00788,0.00741,0.00047,LOW RESPONSE
C10440,1,0,0.03276,Low,0.00972,0.00973,-2e-05,LOW RESPONSE
C10441,1,0,0.02568,Low,0.01107,0.00864,0.00242,LOW RESPONSE
C10442,1,0,0.02079,Low,0.01952,0.03826,-0.01874,NEGATIVE RESPONSE
C10443,1,0,0.06117,Low,0.00785,0.1291,-0.12125,NEGATIVE RESPONSE
C10444,1,0,0.00513,Low,0.00633,0.01285,-0.00651,NEGATIVE RESPONSE
C10445,1,1,0.95868,Critical,0.01084,0.20052,-0.18968,NEGATIVE RESPONSE
C10446,1,0,0.01274,Low,0.01209,0.01282,-0.00073,LOW RESPONSE
C10447,1,0,0.03641,Low,0.01475,0.01279,0.00196,PERSUADABLE
C10448,1,0,0.00833,Low,0.00804,0.00818,-0.00014,LOW RESPONSE
C10449,1,0,0.02588,Low,0.00652,0.01056,-0.00404,NEGATIVE RESPONSE
C10450,1,0,0.09827,Low,0.01499,0.09885,-0.08386,NEGATIVE RESPONSE
C10451,1,0,0.09427,Low,0.00572,0.07436,-0.06865,NEGATIVE RESPONSE
C10452,1,0,0.01706,Low,0.01112,0.00782,0.0033,LOW RESPONSE
C10453,1,0,0.01669,Low,0.01435,0.0098,0.00455,LOW RESPONSE
C10454,1,0,0.02952,Low,0.01428,0.01571,-0.00142,NEGATIVE RESPONSE
C10455,1,0,0.03818,Low,0.01431,0.03671,-0.0224,NEGATIVE RESPONSE
C10456,1,0,0.0213,Low,0.00923,0.02078,-0.01155,NEGATIVE RESPONSE
C10457,1,0,0.02763,Low,0.00946,0.01422,-0.00475,NEGATIVE RESPONSE
C10458,1,0,0.1553,Low,0.0082,0.04811,-0.03991,NEGATIVE RESPONSE
C10459,0,0,0.0046,Low,0.00589,0.00906,-0.00317,NEGATIVE RESPONSE
C10460,1,0,0.02455,Low,0.00592,0.0301,-0.02418,NEGATIVE RESPONSE
C10461,1,0,0.01538,Low,0.00685,0.00724,-0.00039,LOW RESPONSE
C10462,0,0,0.02135,Low,0.00856,0.01156,-0.00299,NEGATIVE RESPONSE
C10463,0,0,0.15743,Low,0.01601,0.07258,-0.05658,NEGATIVE RESPONSE
C10464,1,0,0.02018,Low,0.00999,0.0067,0.00329,LOW RESPONSE
C10465,0,0,0.02673,Low,0.01346,0.01133,0.00213,LOW RESPONSE
C10466,1,0,0.00684,Low,0.01399,0.00929,0.0047,LOW RESPONSE
C10467,1,0,0.03054,Low,0.01457,0.01983,-0.00526,NEGATIVE RESPONSE
C10468,1,0,0.01909,Low,0.00987,0.04046,-0.03059,NEGATIVE RESPONSE
C10469,0,0,0.00903,Low,0.0078,0.01104,-0.00324,NEGATIVE RESPONSE
C10470,1,0,0.06044,Low,0.01208,0.01008,0.002,PERSUADABLE
C10471,1,0,0.01553,Low,0.00988,0.01511,-0.00523,NEGATIVE RESPONSE
C10472,1,0,0.00323,Low,0.01036,0.01151,-0.00116,NEGATIVE RESPONSE
C10473,1,0,0.00446,Low,0.0133,0.00876,0.00454,LOW RESPONSE
C10474,1,0,0.00653,Low,0.01774,0.01228,0.00546,LOW RESPONSE
C10475,1,0,0.01087,Low,0.01574,0.01696,-0.00121,NEGATIVE RESPONSE
C10476,1,0,0.0927,Low,0.01758,0.01134,0.00623,PERSUADABLE
C10477,1,0,0.01371,Low,0.008,0.01109,-0.00309,NEGATIVE RESPONSE
C10478,1,0,0.03778,Low,0.02491,0.01809,0.00682,PERSUADABLE
C10479,0,0,0.01417,Low,0.00879,0.02909,-0.02029,NEGATIVE RESPONSE
C10480,1,0,0.00642,Low,0.01684,0.00853,0.0083,LOW RESPONSE
C10481,1,0,0.04969,Low,0.00924,0.04507,-0.03583,NEGATIVE RESPONSE
C10482,0,0,0.02287,Low,0.00799,0.00811,-0.00012,LOW RESPONSE
C10483,1,0,0.00918,Low,0.01262,0.01482,-0.0022,NEGATIVE RESPONSE
C10484,1,0,0.2421,Low,0.01234,0.12882,-0.11648,NEGATIVE RESPONSE
C10485,1,0,0.01989,Low,0.0077,0.01354,-0.00584,NEGATIVE RESPONSE
C10486,0,0,0.01288,Low,0.00898,0.0166,-0.00763,NEGATIVE RESPONSE
C10487,1,0,0.00961,Low,0.00858,0.01197,-0.00339,NEGATIVE RESPONSE
C10488,1,0,0.2113,Low,0.01525,0.06546,-0.05022,NEGATIVE RESPONSE
C10489,1,0,0.01445,Low,0.00661,0.00943,-0.00282,NEGATIVE RESPONSE
C10490,0,0,0.0033,Low,0.01267,0.0149,-0.00222,NEGATIVE RESPONSE
C10491,0,0,0.00925,Low,0.01861,0.01195,0.00666,LOW RESPONSE
C10492,1,0,0.36919,Medium,0.00625,0.0853,-0.07905,NEGATIVE RESPONSE
C10493,1,0,0.02321,Low,0.01022,0.06624,-0.05603,NEGATIVE RESPONSE
C10494,0,0,0.00614,Low,0.00811,0.00863,-0.00053,LOW RESPONSE
C10495,1,0,0.18585,Low,0.04256,0.20275,-0.1602,NEGATIVE RESPONSE
C10496,1,0,0.04892,Low,0.01126,0.01294,-0.00168,NEGATIVE RESPONSE
C10497,1,0,0.03519,Low,0.01815,0.00883,0.00932,HIGHLY PERSUADABLE
C10498,1,0,0.08222,Low,0.01002,0.06245,-0.05243,NEGATIVE RESPONSE
C10499,1,0,0.00989,Low,0.01178,0.00838,0.0034,LOW RESPONSE
C10500,1,0,0.04155,Low,0.01158,0.00988,0.0017,PERSUADABLE
C10501,1,0,0.01411,Low,0.00891,0.01003,-0.00112,NEGATIVE RESPONSE
C10502,0,0,0.00986,Low,0.0126,0.01492,-0.00232,NEGATIVE RESPONSE
C10503,1,0,0.01433,Low,0.02615,0.04464,-0.01849,NEGATIVE RESPONSE
C10504,1,0,0.02359,Low,0.00867,0.03525,-0.02658,NEGATIVE RESPONSE
C10505,1,0,0.01708,Low,0.00624,0.01009,-0.00385,NEGATIVE RESPONSE
C10506,0,0,0.01826,Low,0.01133,0.01479,-0.00346,NEGATIVE RESPONSE
C10507,1,0,0.20993,Low,0.01197,0.05411,-0.04214,NEGATIVE RESPONSE
C10508,0,0,0.00305,Low,0.04347,0.03338,0.01009,HIGHLY PERSUADABLE
C10509,1,0,0.01558,Low,0.01248,0.072,-0.05952,NEGATIVE RESPONSE
C10510,1,0,0.0113,Low,0.01843,0.01673,0.00169,LOW RESPONSE
C10511,1,0,0.03533,Low,0.02042,0.07816,-0.05774,NEGATIVE RESPONSE
C10512,1,0,0.02292,Low,0.0134,0.02041,-0.00701,NEGATIVE RESPONSE
C10513,1,0,0.00576,Low,0.01697,0.00984,0.00712,LOW RESPONSE
C10514,1,0,0.01234,Low,0.01591,0.01011,0.0058,LOW RESPONSE
C10515,1,1,0.27633,Low,0.00789,0.32319,-0.3153,NEGATIVE RESPONSE
C10516,1,0,0.0283,Low,0.01153,0.01497,-0.00344,NEGATIVE RESPONSE
C10517,1,0,0.02803,Low,0.02515,0.01306,0.01208,LOW RESPONSE
C10518,1,0,0.03676,Low,0.00981,0.01224,-0.00243,NEGATIVE RESPONSE
C10519,1,1,0.11391,Low,0.02745,0.25437,-0.22693,NEGATIVE RESPONSE
C10520,1,0,0.05664,Low,0.01146,0.01682,-0.00537,NEGATIVE RESPONSE
C10521,1,1,0.9774,Critical,0.02884,0.37558,-0.34674,NEGATIVE RESPONSE
C10522,1,0,0.00423,Low,0.00442,0.0283,-0.02387,NEGATIVE RESPONSE
C10523,1,0,0.30779,Medium,0.00783,0.11276,-0.10492,NEGATIVE RESPONSE
C10524,0,0,0.00656,Low,0.02103,0.02179,-0.00076,LOW RESPONSE
C10525,1,0,0.05455,Low,0.00741,0.04535,-0.03795,NEGATIVE RESPONSE
C10526,0,0,0.0287,Low,0.01356,0.03446,-0.0209,NEGATIVE RESPONSE
C10527,0,0,0.04197,Low,0.01978,0.01665,0.00313,PERSUADABLE
C10528,1,0,0.01049,Low,0.00942,0.0327,-0.02329,NEGATIVE RESPONSE
C10529,0,0,0.00626,Low,0.01309,0.01022,0.00287,LOW RESPONSE
C10530,1,0,0.00307,Low,0.00966,0.01169,-0.00204,NEGATIVE RESPONSE
C10531,1,0,0.02377,Low,0.01258,0.03403,-0.02145,NEGATIVE RESPONSE
C10532,1,0,0.00647,Low,0.00896,0.01602,-0.00706,NEGATIVE RESPONSE
C10533,1,0,0.01388,Low,0.00964,0.01903,-0.0094,NEGATIVE RESPONSE
C10534,0,0,0.0272,Low,0.00884,0.00785,0.00099,LOW RESPONSE
C10535,0,0,0.01241,Low,0.015,0.01849,-0.00349,NEGATIVE RESPONSE
C10536,1,0,0.0138,Low,0.00566,0.00956,-0.0039,NEGATIVE RESPONSE
C10537,1,0,0.02755,Low,0.01414,0.01278,0.00136,LOW RESPONSE
C10538,1,0,0.05303,Low,0.01526,0.01178,0.00348,PERSUADABLE
C10539,0,0,0.02202,Low,0.00664,0.01583,-0.0092,NEGATIVE RESPONSE
C10540,1,0,0.00495,Low,0.00688,0.01176,-0.00488,NEGATIVE RESPONSE
C10541,0,0,0.02069,Low,0.01611,0.02618,-0.01006,NEGATIVE RESPONSE
C10542,1,0,0.10411,Low,0.01249,0.10539,-0.0929,NEGATIVE RESPONSE
C10543,1,0,0.02974,Low,0.01359,0.01977,-0.00617,NEGATIVE RESPONSE
C10544,1,0,0.01118,Low,0.01281,0.01032,0.00249,LOW RESPONSE
C10545,0,0,0.06294,Low,0.04151,0.0179,0.02361,HIGHLY PERSUADABLE
C10546,1,0,0.01836,Low,0.00955,0.01527,-0.00572,NEGATIVE RESPONSE
C10547,1,0,0.1117,Low,0.00884,0.02911,-0.02028,NEGATIVE RESPONSE
C10548,1,0,0.0166,Low,0.02313,0.01485,0.00828,LOW RESPONSE
C10549,1,0,0.00612,Low,0.01178,0.01291,-0.00113,NEGATIVE RESPONSE
C10550,1,0,0.03507,Low,0.01057,0.01633,-0.00575,NEGATIVE RESPONSE
C10551,1,0,0.01592,Low,0.00917,0.00864,0.00053,LOW RESPONSE
C10552,1,1,0.94412,Critical,0.00727,0.17218,-0.16491,NEGATIVE RESPONSE
C10553,1,0,0.00401,Low,0.01061,0.00821,0.0024,LOW RESPONSE
C10554,1,0,0.03299,Low,0.01532,0.02766,-0.01234,NEGATIVE RESPONSE
C10555,1,1,0.09405,Low,0.00488,0.18398,-0.1791,NEGATIVE RESPONSE
C10556,1,0,0.02809,Low,0.01479,0.01653,-0.00174,NEGATIVE RESPONSE
C10557,1,0,0.01484,Low,0.00913,0.01615,-0.00702,NEGATIVE RESPONSE
C10558,1,0,0.02263,Low,0.03028,0.0414,-0.01112,NEGATIVE RESPONSE
C10559,0,0,0.22907,Low,0.00737,0.12473,-0.11736,NEGATIVE RESPONSE
C10560,1,0,0.10937,Low,0.02085,0.00865,0.0122,HIGHLY PERSUADABLE
C10561,1,0,0.02349,Low,0.00765,0.01362,-0.00598,NEGATIVE RESPONSE
C10562,1,0,0.00671,Low,0.0117,0.00953,0.00216,LOW RESPONSE
C10563,1,0,0.00868,Low,0.00939,0.00787,0.00153,LOW RESPONSE
C10564,1,0,0.01107,Low,0.01666,0.01496,0.0017,LOW RESPONSE
C10565,1,0,0.22458,Low,0.0069,0.06053,-0.05363,NEGATIVE RESPONSE
C10566,1,0,0.17223,Low,0.00839,0.10613,-0.09774,NEGATIVE RESPONSE
C10567,1,0,0.04559,Low,0.00679,0.01263,-0.00584,NEGATIVE RESPONSE
C10568,0,0,0.11713,Low,0.01777,0.05911,-0.04134,NEGATIVE RESPONSE
C10569,0,0,0.0377,Low,0.03861,0.02321,0.0154,HIGHLY PERSUADABLE
C10570,1,0,0.02642,Low,0.05015,0.03774,0.01241,HIGHLY PERSUADABLE
C10571,1,0,0.0412,Low,0.02273,0.02121,0.00152,PERSUADABLE
C10572,0,0,0.01629,Low,0.00982,0.01381,-0.00399,NEGATIVE RESPONSE
C10573,1,0,0.06042,Low,0.00872,0.02766,-0.01894,NEGATIVE RESPONSE
C10574,1,0,0.06256,Low,0.00903,0.01158,-0.00255,NEGATIVE RESPONSE
C10575,1,0,0.00307,Low,0.03419,0.02918,0.00501,PERSUADABLE
C10576,1,0,0.02415,Low,0.00598,0.01224,-0.00625,NEGATIVE RESPONSE
C10577,1,0,0.0445,Low,0.01039,0.02321,-0.01282,NEGATIVE RESPONSE
C10578,1,1,0.95977,Critical,0.01093,0.32759,-0.31665,NEGATIVE RESPONSE
C10579,0,0,0.00683,Low,0.00699,0.01202,-0.00504,NEGATIVE RESPONSE
C10580,1,0,0.00409,Low,0.0188,0.00932,0.00947,LOW RESPONSE
C10581,1,0,0.02807,Low,0.0115,0.01166,-0.00016,LOW RESPONSE
C10582,1,0,0.11312,Low,0.02337,0.10131,-0.07795,NEGATIVE RESPONSE
C10583,1,0,0.0124,Low,0.01375,0.01023,0.00352,LOW RESPONSE
C10584,1,0,0.0065,Low,0.00731,0.0106,-0.00329,NEGATIVE RESPONSE
C10585,1,0,0.00605,Low,0.0048,0.01578,-0.01098,NEGATIVE RESPONSE
C10586,1,0,0.01286,Low,0.00887,0.00839,0.00048,LOW RESPONSE
C10587,1,0,0.0387,Low,0.00645,0.00756,-0.00111,NEGATIVE RESPONSE
C10588,1,0,0.0444,Low,0.01157,0.12253,-0.11096,NEGATIVE RESPONSE
C10589,0,0,0.00718,Low,0.00545,0.00849,-0.00303,NEGATIVE RESPONSE
C10590,1,0,0.17912,Low,0.01318,0.05636,-0.04318,NEGATIVE RESPONSE
C10591,1,0,0.01803,Low,0.01204,0.01438,-0.00235,NEGATIVE RESPONSE
C10592,1,0,0.01199,Low,0.02527,0.06525,-0.03999,NEGATIVE RESPONSE
C10593,1,0,0.03279,Low,0.02165,0.01875,0.0029,LOW RESPONSE
C10594,1,0,0.00973,Low,0.01789,0.02388,-0.00599,NEGATIVE RESPONSE
C10595,1,0,0.00596,Low,0.00613,0.00593,0.00019,LOW RESPONSE
C10596,1,0,0.01375,Low,0.01047,0.01164,-0.00117,NEGATIVE RESPONSE
C10597,1,0,0.01773,Low,0.04001,0.01617,0.02383,HIGHLY PERSUADABLE
C10598,1,0,0.00363,Low,0.00567,0.01191,-0.00623,NEGATIVE RESPONSE
C10599,1,0,0.05427,Low,0.01093,0.00668,0.00425,PERSUADABLE
C10600,0,0,0.16038,Low,0.01185,0.03994,-0.02809,NEGATIVE RESPONSE
C10601,0,0,0.03272,Low,0.01305,0.02567,-0.01262,NEGATIVE RESPONSE
C10602,1,0,0.02622,Low,0.00987,0.02336,-0.01349,NEGATIVE RESPONSE
C10603,0,0,0.01371,Low,0.01315,0.01974,-0.00659,NEGATIVE RESPONSE
C10604,0,1,0.97168,Critical,0.12283,0.01555,0.10728,HIGHLY PERSUADABLE
C10605,0,0,0.00705,Low,0.01216,0.01066,0.0015,LOW RESPONSE
C10606,1,0,0.02114,Low,0.00748,0.00904,-0.00156,NEGATIVE RESPONSE
C10607,1,0,0.00358,Low,0.00846,0.00775,0.00071,LOW RESPONSE
C10608,1,0,0.03846,Low,0.01007,0.01191,-0.00184,NEGATIVE RESPONSE
C10609,1,0,0.02974,Low,0.01535,0.03764,-0.0223,NEGATIVE RESPONSE
C10610,1,0,0.02815,Low,0.00829,0.03279,-0.0245,NEGATIVE RESPONSE
C10611,1,0,0.01055,Low,0.021,0.01252,0.00849,LOW RESPONSE
C10612,0,0,0.0513,Low,0.01454,0.019,-0.00446,NEGATIVE RESPONSE
C10613,1,1,0.0169,Low,0.00973,0.03292,-0.0232,NEGATIVE RESPONSE
C10614,0,0,0.01283,Low,0.02169,0.01937,0.00233,LOW RESPONSE
C10615,0,0,0.06146,Low,0.00813,0.09426,-0.08614,NEGATIVE RESPONSE
C10616,1,0,0.01538,Low,0.0088,0.01211,-0.00331,NEGATIVE RESPONSE
C10617,1,0,0.01168,Low,0.01009,0.0101,-2e-05,LOW RESPONSE
C10618,1,0,0.01293,Low,0.01266,0.00897,0.00369,LOW RESPONSE
C10619,1,0,0.09757,Low,0.00937,0.05055,-0.04118,NEGATIVE RESPONSE
C10620,1,1,0.95507,Critical,0.01607,0.29954,-0.28347,NEGATIVE RESPONSE
C10621,1,0,0.00504,Low,0.00537,0.01081,-0.00543,NEGATIVE RESPONSE
C10622,1,0,0.02281,Low,0.00983,0.01282,-0.00298,NEGATIVE RESPONSE
C10623,1,0,0.03588,Low,0.0116,0.0203,-0.00871,NEGATIVE RESPONSE
C10624,1,0,0.01115,Low,0.00828,0.01624,-0.00797,NEGATIVE RESPONSE
C10625,0,0,0.01296,Low,0.01425,0.01437,-0.00012,LOW RESPONSE
C10626,1,0,0.12781,Low,0.01384,0.07382,-0.05998,NEGATIVE RESPONSE
C10627,1,0,0.26541,Low,0.01965,0.07704,-0.05739,NEGATIVE RESPONSE
C10628,1,0,0.03035,Low,0.01483,0.02186,-0.00704,NEGATIVE RESPONSE
C10629,1,0,0.02785,Low,0.00716,0.01125,-0.00409,NEGATIVE RESPONSE
C10630,1,0,0.06745,Low,0.01365,0.00958,0.00408,PERSUADABLE
C10631,1,0,0.50174,Medium,0.00801,0.12217,-0.11416,NEGATIVE RESPONSE
C10632,1,0,0.13658,Low,0.01159,0.12222,-0.11062,NEGATIVE RESPONSE
C10633,1,0,0.08021,Low,0.01146,0.06105,-0.04959,NEGATIVE RESPONSE
C10634,1,0,0.32851,Medium,0.0091,0.21063,-0.20153,NEGATIVE RESPONSE
C10635,1,0,0.12682,Low,0.00761,0.07585,-0.06825,NEGATIVE RESPONSE
C10636,1,1,0.96941,Critical,0.02084,0.2997,-0.27886,NEGATIVE RESPONSE
C10637,1,0,0.0475,Low,0.00979,0.01053,-0.00075,LOW RESPONSE
C10638,1,0,0.00771,Low,0.01267,0.01166,0.00101,LOW RESPONSE
C10639,1,0,0.05001,Low,0.02529,0.0218,0.00349,PERSUADABLE
C10640,1,0,0.02351,Low,0.02972,0.01959,0.01013,LOW RESPONSE
C10641,1,0,0.00957,Low,0.00785,0.00961,-0.00177,NEGATIVE RESPONSE
C10642,1,0,0.01529,Low,0.01299,0.01009,0.0029,LOW RESPONSE
C10643,1,0,0.01178,Low,0.02082,0.02016,0.00067,LOW RESPONSE
C10644,1,0,0.01038,Low,0.00938,0.00841,0.00097,LOW RESPONSE
C10645,1,0,0.0174,Low,0.00864,0.01266,-0.00403,NEGATIVE RESPONSE
C10646,0,0,0.03841,Low,0.0211,0.02403,-0.00293,NEGATIVE RESPONSE
C10647,1,0,0.01449,Low,0.00848,0.00707,0.00141,LOW RESPONSE
C10648,1,0,0.00807,Low,0.00538,0.01243,-0.00705,NEGATIVE RESPONSE
C10649,1,0,0.01499,Low,0.01274,0.06376,-0.05102,NEGATIVE RESPONSE
C10650,1,0,0.02195,Low,0.01193,0.01032,0.0016,LOW RESPONSE
C10651,1,0,0.01512,Low,0.0101,0.00768,0.00242,LOW RESPONSE
C10652,0,0,0.00737,Low,0.00969,0.0172,-0.00751,NEGATIVE RESPONSE
C10653,0,0,0.01696,Low,0.01773,0.01373,0.004,LOW RESPONSE
C10654,1,0,0.00252,Low,0.00613,0.02132,-0.01519,NEGATIVE RESPONSE
C10655,1,0,0.00415,Low,0.00922,0.01172,-0.0025,NEGATIVE RESPONSE
C10656,0,0,0.00678,Low,0.01492,0.0087,0.00621,LOW RESPONSE
C10657,1,0,0.02595,Low,0.0079,0.01351,-0.00562,NEGATIVE RESPONSE
C10658,1,0,0.01612,Low,0.018,0.01977,-0.00177,NEGATIVE RESPONSE
C10659,1,1,0.10281,Low,0.0059,0.191,-0.1851,NEGATIVE RESPONSE
C10660,1,1,0.96456,Critical,0.01349,0.37982,-0.36632,NEGATIVE RESPONSE
C10661,0,0,0.21418,Low,0.01023,0.11044,-0.1002,NEGATIVE RESPONSE
C10662,1,0,0.01905,Low,0.00864,0.01465,-0.00602,NEGATIVE RESPONSE
C10663,1,0,0.00833,Low,0.00639,0.00928,-0.00289,NEGATIVE RESPONSE
C10664,1,0,0.01695,Low,0.01999,0.01985,0.00014,LOW RESPONSE
C10665,1,0,0.01188,Low,0.01075,0.01723,-0.00648,NEGATIVE RESPONSE
C10666,1,0,0.07459,Low,0.0167,0.00955,0.00715,PERSUADABLE
C10667,1,0,0.3746,Medium,0.0116,0.15166,-0.14007,NEGATIVE RESPONSE
C10668,1,0,0.03261,Low,0.00729,0.01287,-0.00558,NEGATIVE RESPONSE
C10669,1,0,0.13349,Low,0.01417,0.01467,-0.0005,LOW RESPONSE
C10670,0,0,0.00305,Low,0.0061,0.01178,-0.00567,NEGATIVE RESPONSE
C10671,1,0,0.02638,Low,0.03778,0.04349,-0.00571,NEGATIVE RESPONSE
C10672,1,0,0.39381,Medium,0.01114,0.04678,-0.03564,NEGATIVE RESPONSE
C10673,0,0,0.03965,Low,0.01745,0.01157,0.00588,PERSUADABLE
C10674,1,0,0.00386,Low,0.01847,0.0249,-0.00643,NEGATIVE RESPONSE
C10675,1,0,0.00725,Low,0.00894,0.0099,-0.00096,LOW RESPONSE
C10676,0,0,0.00656,Low,0.00892,0.01857,-0.00966,NEGATIVE RESPONSE
C10677,1,0,0.01393,Low,0.01198,0.02416,-0.01218,NEGATIVE RESPONSE
C10678,1,0,0.00577,Low,0.01151,0.013,-0.00149,NEGATIVE RESPONSE
C10679,1,0,0.00671,Low,0.02265,0.00982,0.01283,LOW RESPONSE
C10680,1,0,0.09913,Low,0.03027,0.11414,-0.08387,NEGATIVE RESPONSE
C10681,1,0,0.01153,Low,0.01159,0.02482,-0.01323,NEGATIVE RESPONSE
C10682,0,0,0.12152,Low,0.00985,0.13744,-0.1276,NEGATIVE RESPONSE
C10683,1,0,0.11284,Low,0.00834,0.04968,-0.04134,NEGATIVE RESPONSE
C10684,1,0,0.01251,Low,0.0086,0.00854,6e-05,LOW RESPONSE
C10685,1,0,0.01002,Low,0.02361,0.01205,0.01156,LOW RESPONSE
C10686,1,0,0.00874,Low,0.01464,0.01581,-0.00117,NEGATIVE RESPONSE
C10687,1,0,0.02119,Low,0.01408,0.02212,-0.00804,NEGATIVE RESPONSE
C10688,1,1,0.96743,Critical,0.01777,0.37032,-0.35255,NEGATIVE RESPONSE
C10689,1,0,0.01252,Low,0.01688,0.00981,0.00707,LOW RESPONSE
C10690,1,0,0.04902,Low,0.01266,0.01371,-0.00104,NEGATIVE RESPONSE
C10691,1,0,0.03543,Low,0.01565,0.03883,-0.02318,NEGATIVE RESPONSE
C10692,0,0,0.0188,Low,0.01412,0.02413,-0.01001,NEGATIVE RESPONSE
C10693,1,0,0.06782,Low,0.0135,0.05385,-0.04035,NEGATIVE RESPONSE
C10694,1,0,0.00752,Low,0.01772,0.01863,-0.0009,LOW RESPONSE
C10695,1,0,0.20322,Low,0.01736,0.08042,-0.06305,NEGATIVE RESPONSE
C10696,1,0,0.08216,Low,0.02879,0.12603,-0.09723,NEGATIVE RESPONSE
C10697,0,0,0.01361,Low,0.00439,0.0078,-0.00341,NEGATIVE RESPONSE
C10698,1,0,0.00829,Low,0.00908,0.01563,-0.00655,NEGATIVE RESPONSE
C10699,1,0,0.01229,Low,0.01113,0.00725,0.00388,LOW RESPONSE
C10700,1,0,0.01451,Low,0.01655,0.00945,0.00709,LOW RESPONSE
C10701,1,0,0.04637,Low,0.00817,0.02678,-0.01861,NEGATIVE RESPONSE
C10702,1,0,0.02963,Low,0.01155,0.03996,-0.0284,NEGATIVE RESPONSE
C10703,1,0,0.00632,Low,0.04668,0.02624,0.02044,HIGHLY PERSUADABLE
C10704,1,0,0.03184,Low,0.01227,0.00851,0.00376,LOW RESPONSE
C10705,1,0,0.00771,Low,0.01931,0.01008,0.00923,LOW RESPONSE
C10706,0,0,0.00705,Low,0.01167,0.01532,-0.00365,NEGATIVE RESPONSE
C10707,1,0,0.01383,Low,0.0099,0.01392,-0.00402,NEGATIVE RESPONSE
C10708,1,0,0.00439,Low,0.02072,0.01346,0.00727,LOW RESPONSE
C10709,1,0,0.02819,Low,0.01227,0.01458,-0.00231,NEGATIVE RESPONSE
C10710,1,0,0.00805,Low,0.01006,0.01358,-0.00352,NEGATIVE RESPONSE
C10711,1,0,0.08872,Low,0.01119,0.01033,0.00087,LOW RESPONSE
C10712,1,0,0.04245,Low,0.03434,0.02837,0.00597,PERSUADABLE
C10713,1,0,0.11389,Low,0.01583,0.17934,-0.16351,NEGATIVE RESPONSE
C10714,1,0,0.06189,Low,0.01292,0.00933,0.00359,PERSUADABLE
C10715,1,0,0.02786,Low,0.02178,0.01361,0.00817,LOW RESPONSE
C10716,1,0,0.004,Low,0.00794,0.01055,-0.00262,NEGATIVE RESPONSE
C10717,1,0,0.48712,Medium,0.01417,0.06721,-0.05305,NEGATIVE RESPONSE
C10718,1,0,0.01723,Low,0.00775,0.00654,0.00121,LOW RESPONSE
C10719,0,0,0.08252,Low,0.02936,0.03419,-0.00484,NEGATIVE RESPONSE
C10720,1,0,0.01493,Low,0.00763,0.01231,-0.00469,NEGATIVE RESPONSE
C10721,1,0,0.01174,Low,0.01868,0.00929,0.00939,LOW RESPONSE
C10722,1,0,0.13112,Low,0.01782,0.12699,-0.10917,NEGATIVE RESPONSE
C10723,1,0,0.01073,Low,0.01952,0.01377,0.00575,LOW RESPONSE
C10724,1,0,0.00525,Low,0.02746,0.03478,-0.00732,NEGATIVE RESPONSE
C10725,1,0,0.01394,Low,0.01606,0.01495,0.00111,LOW RESPONSE
C10726,1,0,0.07502,Low,0.04109,0.03278,0.00831,HIGHLY PERSUADABLE
C10727,1,0,0.00579,Low,0.0082,0.01863,-0.01043,NEGATIVE RESPONSE
C10728,1,0,0.01746,Low,0.0159,0.01737,-0.00147,NEGATIVE RESPONSE
C10729,1,0,0.01204,Low,0.00989,0.01834,-0.00846,NEGATIVE RESPONSE
C10730,1,0,0.01636,Low,0.01144,0.0136,-0.00216,NEGATIVE RESPONSE
C10731,1,0,0.00892,Low,0.01193,0.00855,0.00338,LOW RESPONSE
C10732,1,0,0.02601,Low,0.01499,0.01008,0.00491,LOW RESPONSE
C10733,1,0,0.09904,Low,0.00781,0.06246,-0.05465,NEGATIVE RESPONSE
C10734,1,0,0.26549,Low,0.00827,0.10718,-0.09891,NEGATIVE RESPONSE
C10735,1,0,0.01498,Low,0.01156,0.00763,0.00393,LOW RESPONSE
C10736,1,0,0.0095,Low,0.01087,0.01086,1e-05,LOW RESPONSE
C10737,0,0,0.02438,Low,0.01589,0.03207,-0.01618,NEGATIVE RESPONSE
C10738,1,0,0.02764,Low,0.02456,0.0192,0.00536,LOW RESPONSE
C10739,1,0,0.31014,Medium,0.01456,0.1802,-0.16564,NEGATIVE RESPONSE
C10740,1,0,0.0155,Low,0.01097,0.01089,8e-05,LOW RESPONSE
C10741,1,0,0.00836,Low,0.01771,0.0112,0.0065,LOW RESPONSE
C10742,1,0,0.00894,Low,0.00916,0.01048,-0.00131,NEGATIVE RESPONSE
C10743,1,0,0.04674,Low,0.00991,0.01217,-0.00226,NEGATIVE RESPONSE
C10744,1,0,0.01565,Low,0.01868,0.00923,0.00945,LOW RESPONSE
C10745,0,0,0.03111,Low,0.00952,0.01708,-0.00755,NEGATIVE RESPONSE
C10746,1,0,0.02184,Low,0.02647,0.04602,-0.01955,NEGATIVE RESPONSE
C10747,1,0,0.01256,Low,0.0055,0.00916,-0.00366,NEGATIVE RESPONSE
C10748,0,0,0.06278,Low,0.03361,0.02334,0.01027,HIGHLY PERSUADABLE
C10749,1,0,0.03809,Low,0.02198,0.02387,-0.0019,NEGATIVE RESPONSE
C10750,0,0,0.06738,Low,0.01028,0.03032,-0.02004,NEGATIVE RESPONSE
C10751,0,0,0.03524,Low,0.01961,0.05061,-0.03101,NEGATIVE RESPONSE
C10752,0,0,0.04852,Low,0.01008,0.01286,-0.00278,NEGATIVE RESPONSE
C10753,1,0,0.02605,Low,0.02787,0.01316,0.01471,LOW RESPONSE
C10754,1,0,0.04839,Low,0.01246,0.0117,0.00077,LOW RESPONSE
C10755,0,0,0.04498,Low,0.01285,0.01111,0.00174,PERSUADABLE
C10756,0,0,0.04096,Low,0.02696,0.01437,0.01259,HIGHLY PERSUADABLE
C10757,1,0,0.1236,Low,0.019,0.05849,-0.03949,NEGATIVE RESPONSE
C10758,1,0,0.00475,Low,0.01776,0.01515,0.00261,LOW RESPONSE
C10759,1,0,0.05797,Low,0.01266,0.03342,-0.02076,NEGATIVE RESPONSE
C10760,1,0,0.03108,Low,0.02116,0.011,0.01016,LOW RESPONSE
C10761,1,0,0.01897,Low,0.01371,0.01321,0.00049,LOW RESPONSE
C10762,1,0,0.00693,Low,0.008,0.01245,-0.00445,NEGATIVE RESPONSE
C10763,1,0,0.05609,Low,0.01572,0.05084,-0.03512,NEGATIVE RESPONSE
C10764,1,0,0.04459,Low,0.01954,0.06306,-0.04352,NEGATIVE RESPONSE
C10765,1,0,0.11497,Low,0.00834,0.08639,-0.07805,NEGATIVE RESPONSE
C10766,1,0,0.04143,Low,0.01105,0.01691,-0.00586,NEGATIVE RESPONSE
C10767,1,1,0.9611,Critical,0.01101,0.31568,-0.30467,NEGATIVE RESPONSE
C10768,1,0,0.03764,Low,0.01151,0.07782,-0.06632,NEGATIVE RESPONSE
C10769,1,0,0.00488,Low,0.00586,0.00872,-0.00285,NEGATIVE RESPONSE
C10770,1,0,0.00787,Low,0.00911,0.01159,-0.00247,NEGATIVE RESPONSE
C10771,1,0,0.05589,Low,0.01671,0.00879,0.00793,PERSUADABLE
C10772,1,0,0.0162,Low,0.01209,0.01245,-0.00036,LOW RESPONSE
C10773,1,0,0.02729,Low,0.01429,0.01682,-0.00253,NEGATIVE RESPONSE
C10774,1,0,0.0189,Low,0.01345,0.01957,-0.00611,NEGATIVE RESPONSE
C10775,1,0,0.01469,Low,0.01268,0.01167,0.00101,LOW RESPONSE
C10776,1,0,0.00546,Low,0.02269,0.01758,0.00511,LOW RESPONSE
C10777,1,0,0.02503,Low,0.00957,0.01061,-0.00104,NEGATIVE RESPONSE
C10778,1,0,0.02184,Low,0.0137,0.01184,0.00186,LOW RESPONSE
C10779,0,0,0.00821,Low,0.0088,0.00811,0.00069,LOW RESPONSE
C10780,1,0,0.00549,Low,0.01241,0.00926,0.00315,LOW RESPONSE
C10781,0,0,0.02453,Low,0.00608,0.01083,-0.00475,NEGATIVE RESPONSE
C10782,1,0,0.09132,Low,0.02046,0.01178,0.00868,HIGHLY PERSUADABLE
C10783,1,0,0.00739,Low,0.01172,0.00846,0.00325,LOW RESPONSE
C10784,1,0,0.01705,Low,0.0081,0.01438,-0.00628,NEGATIVE RESPONSE
C10785,1,1,0.95713,Critical,0.01492,0.36338,-0.34846,NEGATIVE RESPONSE
C10786,1,0,0.08807,Low,0.01257,0.10093,-0.08835,NEGATIVE RESPONSE
C10787,1,0,0.04949,Low,0.01031,0.00803,0.00228,PERSUADABLE
C10788,1,0,0.00958,Low,0.00554,0.0157,-0.01015,NEGATIVE RESPONSE
C10789,1,0,0.0088,Low,0.01372,0.01771,-0.00399,NEGATIVE RESPONSE
C10790,0,0,0.02231,Low,0.00936,0.01837,-0.00901,NEGATIVE RESPONSE
C10791,0,0,0.05425,Low,0.00924,0.13067,-0.12143,NEGATIVE RESPONSE
C10792,1,0,0.02909,Low,0.01757,0.02043,-0.00286,NEGATIVE RESPONSE
C10793,1,0,0.01881,Low,0.00793,0.02176,-0.01382,NEGATIVE RESPONSE
C10794,1,0,0.012,Low,0.01907,0.01548,0.00359,LOW RESPONSE
C10795,1,0,0.03661,Low,0.0105,0.0122,-0.00171,NEGATIVE RESPONSE
C10796,0,0,0.00903,Low,0.01316,0.01424,-0.00108,NEGATIVE RESPONSE
C10797,0,0,0.02963,Low,0.00964,0.01602,-0.00637,NEGATIVE RESPONSE
C10798,1,0,0.0453,Low,0.02058,0.02497,-0.0044,NEGATIVE RESPONSE
C10799,1,0,0.02304,Low,0.0131,0.0111,0.002,LOW RESPONSE
C10800,1,0,0.00977,Low,0.02499,0.01264,0.01236,LOW RESPONSE
C10801,0,0,0.00979,Low,0.00939,0.0081,0.00128,LOW RESPONSE
C10802,1,1,0.97002,Critical,0.02139,0.28661,-0.26522,NEGATIVE RESPONSE
C10803,0,0,0.00643,Low,0.01481,0.01815,-0.00335,NEGATIVE RESPONSE
C10804,1,0,0.00347,Low,0.00799,0.01193,-0.00394,NEGATIVE RESPONSE
C10805,0,0,0.01578,Low,0.008,0.00887,-0.00088,LOW RESPONSE
C10806,1,0,0.02659,Low,0.00642,0.01845,-0.01203,NEGATIVE RESPONSE
C10807,1,0,0.32291,Medium,0.01696,0.11625,-0.09928,NEGATIVE RESPONSE
C10808,1,0,0.34924,Medium,0.01815,0.14568,-0.12754,NEGATIVE RESPONSE
C10809,1,0,0.03551,Low,0.01247,0.01223,0.00024,LOW RESPONSE
C10810,1,0,0.03588,Low,0.01845,0.01743,0.00103,PERSUADABLE
C10811,1,0,0.00775,Low,0.04667,0.02641,0.02025,HIGHLY PERSUADABLE
C10812,1,0,0.04062,Low,0.02167,0.03309,-0.01142,NEGATIVE RESPONSE
C10813,1,0,0.03078,Low,0.01194,0.01876,-0.00681,NEGATIVE RESPONSE
C10814,0,0,0.01294,Low,0.00968,0.01285,-0.00317,NEGATIVE RESPONSE
C10815,1,0,0.07101,Low,0.01085,0.02424,-0.01339,NEGATIVE RESPONSE
C10816,1,0,0.00462,Low,0.01202,0.01725,-0.00523,NEGATIVE RESPONSE
C10817,1,0,0.01578,Low,0.01292,0.02745,-0.01452,NEGATIVE RESPONSE
C10818,1,0,0.07114,Low,0.0122,0.00927,0.00292,PERSUADABLE
C10819,1,0,0.03277,Low,0.02399,0.01695,0.00704,LOW RESPONSE
C10820,0,0,0.09405,Low,0.02134,0.02413,-0.00279,NEGATIVE RESPONSE
C10821,1,0,0.01256,Low,0.00972,0.0104,-0.00068,LOW RESPONSE
C10822,1,0,0.00359,Low,0.01193,0.01307,-0.00114,NEGATIVE RESPONSE
C10823,1,0,0.00893,Low,0.01225,0.00943,0.00283,LOW RESPONSE
C10824,1,0,0.01093,Low,0.00726,0.00759,-0.00033,LOW RESPONSE
C10825,1,0,0.03284,Low,0.02673,0.01349,0.01325,LOW RESPONSE
C10826,1,0,0.02147,Low,0.02609,0.01777,0.00832,LOW RESPONSE
C10827,1,0,0.18891,Low,0.01881,0.14524,-0.12643,NEGATIVE RESPONSE
C10828,0,1,0.08237,Low,0.11266,0.01517,0.09748,HIGHLY PERSUADABLE
C10829,1,0,0.02157,Low,0.01343,0.01088,0.00254,LOW RESPONSE
C10830,1,0,0.01803,Low,0.00813,0.0137,-0.00557,NEGATIVE RESPONSE
C10831,1,0,0.00624,Low,0.01464,0.0108,0.00385,LOW RESPONSE
C10832,1,0,0.04174,Low,0.00924,0.02077,-0.01153,NEGATIVE RESPONSE
C10833,1,0,0.00668,Low,0.01074,0.00825,0.0025,LOW RESPONSE
C10834,1,0,0.03541,Low,0.02121,0.01206,0.00915,HIGHLY PERSUADABLE
C10835,1,0,0.03473,Low,0.00725,0.0137,-0.00645,NEGATIVE RESPONSE
C10836,1,0,0.04357,Low,0.02799,0.0222,0.00578,PERSUADABLE
C10837,1,0,0.04547,Low,0.01464,0.01993,-0.00528,NEGATIVE RESPONSE
C10838,1,0,0.01659,Low,0.00975,0.00816,0.0016,LOW RESPONSE
C10839,1,0,0.02579,Low,0.0175,0.01045,0.00705,LOW RESPONSE
C10840,1,0,0.02328,Low,0.02151,0.02007,0.00145,LOW RESPONSE
C10841,1,0,0.0623,Low,0.01634,0.02561,-0.00926,NEGATIVE RESPONSE
C10842,1,0,0.09694,Low,0.01522,0.01234,0.00288,PERSUADABLE
C10843,1,0,0.01857,Low,0.01577,0.00965,0.00612,LOW RESPONSE
C10844,1,0,0.00716,Low,0.01343,0.01769,-0.00426,NEGATIVE RESPONSE
C10845,1,0,0.00359,Low,0.01476,0.00851,0.00625,LOW RESPONSE
C10846,1,0,0.01242,Low,0.00769,0.01275,-0.00507,NEGATIVE RESPONSE
C10847,1,0,0.01823,Low,0.01472,0.00799,0.00673,LOW RESPONSE
C10848,1,0,0.04559,Low,0.01348,0.01904,-0.00555,NEGATIVE RESPONSE
C10849,1,0,0.00184,Low,0.00621,0.00826,-0.00205,NEGATIVE RESPONSE
C10850,1,0,0.03099,Low,0.00922,0.01048,-0.00126,NEGATIVE RESPONSE
C10851,1,0,0.01492,Low,0.00814,0.00883,-0.00069,LOW RESPONSE
C10852,1,0,0.00403,Low,0.0153,0.00799,0.00731,LOW RESPONSE
C10853,0,1,0.96569,Critical,0.07499,0.01454,0.06044,HIGHLY PERSUADABLE
C10854,1,0,0.02223,Low,0.01102,0.01178,-0.00076,LOW RESPONSE
C10855,1,0,0.01391,Low,0.01041,0.01012,0.00029,LOW RESPONSE
C10856,1,0,0.02638,Low,0.04316,0.04828,-0.00512,NEGATIVE RESPONSE
C10857,0,0,0.00526,Low,0.01615,0.01412,0.00203,LOW RESPONSE
C10858,0,0,0.10423,Low,0.00969,0.02304,-0.01335,NEGATIVE RESPONSE
C10859,1,0,0.00839,Low,0.00876,0.0131,-0.00434,NEGATIVE RESPONSE
C10860,1,1,0.9624,Critical,0.00952,0.08968,-0.08016,NEGATIVE RESPONSE
C10861,1,0,0.16114,Low,0.00702,0.14538,-0.13836,NEGATIVE RESPONSE
C10862,1,0,0.02153,Low,0.01061,0.00883,0.00179,LOW RESPONSE
C10863,1,0,0.01421,Low,0.01978,0.0339,-0.01412,NEGATIVE RESPONSE
C10864,1,0,0.02372,Low,0.01073,0.01293,-0.0022,NEGATIVE RESPONSE
C10865,1,0,0.00562,Low,0.00856,0.00703,0.00153,LOW RESPONSE
C10866,1,0,0.02976,Low,0.01885,0.01121,0.00764,LOW RESPONSE
C10867,1,0,0.01195,Low,0.01464,0.01466,-1e-05,LOW RESPONSE
C10868,1,0,0.00588,Low,0.00782,0.00853,-0.00071,LOW RESPONSE
C10869,1,0,0.03102,Low,0.00863,0.01178,-0.00315,NEGATIVE RESPONSE
C10870,0,0,0.06552,Low,0.00941,0.08559,-0.07617,NEGATIVE RESPONSE
C10871,1,0,0.01617,Low,0.02206,0.06664,-0.04458,NEGATIVE RESPONSE
C10872,1,0,0.34081,Medium,0.00693,0.03316,-0.02623,NEGATIVE RESPONSE
C10873,1,0,0.03392,Low,0.01664,0.01625,0.00039,LOW RESPONSE
C10874,0,1,0.9594,Critical,0.02039,0.12256,-0.10217,NEGATIVE RESPONSE
C10875,1,0,0.01339,Low,0.0097,0.00844,0.00126,LOW RESPONSE
C10876,1,0,0.02858,Low,0.00489,0.01004,-0.00515,NEGATIVE RESPONSE
C10877,1,0,0.02342,Low,0.00929,0.01717,-0.00788,NEGATIVE RESPONSE
C10878,1,0,0.02111,Low,0.01135,0.02288,-0.01153,NEGATIVE RESPONSE
C10879,1,0,0.00858,Low,0.02154,0.01651,0.00503,LOW RESPONSE
C10880,0,0,0.02916,Low,0.01907,0.02117,-0.0021,NEGATIVE RESPONSE
C10881,1,0,0.0357,Low,0.02134,0.09674,-0.0754,NEGATIVE RESPONSE
C10882,1,0,0.00991,Low,0.0177,0.00928,0.00842,LOW RESPONSE
C10883,1,0,0.00852,Low,0.00511,0.00923,-0.00412,NEGATIVE RESPONSE
C10884,1,0,0.01091,Low,0.017,0.00872,0.00828,LOW RESPONSE
C10885,1,0,0.00772,Low,0.0082,0.01037,-0.00217,NEGATIVE RESPONSE
C10886,0,0,0.01562,Low,0.0161,0.01358,0.00251,LOW RESPONSE
C10887,1,0,0.02386,Low,0.03705,0.06151,-0.02445,NEGATIVE RESPONSE
C10888,1,0,0.01068,Low,0.006,0.00889,-0.00289,NEGATIVE RESPONSE
C10889,1,0,0.01536,Low,0.02593,0.01535,0.01059,LOW RESPONSE
C10890,1,0,0.01284,Low,0.02121,0.00848,0.01273,LOW RESPONSE
C10891,1,0,0.00827,Low,0.00792,0.013,-0.00508,NEGATIVE RESPONSE
C10892,1,0,0.4841,Medium,0.01343,0.16682,-0.15339,NEGATIVE RESPONSE
C10893,1,0,0.00447,Low,0.01817,0.01541,0.00276,LOW RESPONSE
C10894,1,0,0.00427,Low,0.00945,0.01351,-0.00406,NEGATIVE RESPONSE
C10895,1,0,0.00247,Low,0.01001,0.01109,-0.00108,NEGATIVE RESPONSE
C10896,1,0,0.02417,Low,0.02456,0.02325,0.00131,LOW RESPONSE
C10897,1,0,0.00713,Low,0.00752,0.00744,8e-05,LOW RESPONSE
C10898,1,0,0.03358,Low,0.01187,0.01033,0.00153,LOW RESPONSE
C10899,1,0,0.00981,Low,0.01058,0.02551,-0.01492,NEGATIVE RESPONSE
C10900,1,0,0.00371,Low,0.01395,0.00854,0.00541,LOW RESPONSE
C10901,1,0,0.01287,Low,0.01068,0.01182,-0.00114,NEGATIVE RESPONSE
C10902,1,0,0.00824,Low,0.01955,0.00977,0.00978,LOW RESPONSE
C10903,1,0,0.01811,Low,0.01579,0.0135,0.00229,LOW RESPONSE
C10904,0,0,0.00779,Low,0.01588,0.01205,0.00383,LOW RESPONSE
C10905,1,0,0.00359,Low,0.01536,0.00941,0.00595,LOW RESPONSE
C10906,1,0,0.01702,Low,0.00541,0.01313,-0.00772,NEGATIVE RESPONSE
C10907,0,0,0.06007,Low,0.00582,0.12638,-0.12056,NEGATIVE RESPONSE
C10908,0,0,0.01081,Low,0.0085,0.01062,-0.00212,NEGATIVE RESPONSE
C10909,1,0,0.03356,Low,0.01463,0.01018,0.00445,LOW RESPONSE
C10910,1,0,0.08091,Low,0.02117,0.1182,-0.09703,NEGATIVE RESPONSE
C10911,1,0,0.02007,Low,0.01658,0.01675,-0.00017,LOW RESPONSE
C10912,1,0,0.37506,Medium,0.00735,0.0548,-0.04746,NEGATIVE RESPONSE
C10913,1,0,0.01511,Low,0.01809,0.02711,-0.00902,NEGATIVE RESPONSE
C10914,1,0,0.07644,Low,0.01709,0.01407,0.00302,PERSUADABLE
C10915,1,0,0.00438,Low,0.00572,0.00706,-0.00134,NEGATIVE RESPONSE
C10916,1,0,0.01087,Low,0.01215,0.00744,0.00471,LOW RESPONSE
C10917,1,0,0.03594,Low,0.00682,0.00898,-0.00216,NEGATIVE RESPONSE
C10918,1,0,0.02609,Low,0.01211,0.01104,0.00107,LOW RESPONSE
C10919,0,0,0.01183,Low,0.01515,0.0108,0.00435,LOW RESPONSE
C10920,1,0,0.01082,Low,0.01771,0.01597,0.00174,LOW RESPONSE
C10921,1,0,0.00983,Low,0.00866,0.02044,-0.01178,NEGATIVE RESPONSE
C10922,1,0,0.00416,Low,0.01604,0.02474,-0.0087,NEGATIVE RESPONSE
C10923,0,0,0.00167,Low,0.01146,0.01193,-0.00047,LOW RESPONSE
C10924,1,0,0.00555,Low,0.00602,0.00799,-0.00197,NEGATIVE RESPONSE
C10925,1,0,0.0224,Low,0.01024,0.01048,-0.00025,LOW RESPONSE
C10926,0,0,0.03628,Low,0.02432,0.02529,-0.00097,LOW RESPONSE
C10927,1,0,0.02326,Low,0.02107,0.03694,-0.01587,NEGATIVE RESPONSE
C10928,1,0,0.04265,Low,0.02331,0.01946,0.00384,PERSUADABLE
C10929,1,0,0.06524,Low,0.01127,0.01797,-0.0067,NEGATIVE RESPONSE
C10930,1,0,0.01457,Low,0.02675,0.01315,0.0136,LOW RESPONSE
C10931,1,0,0.0037,Low,0.00677,0.0106,-0.00384,NEGATIVE RESPONSE
C10932,1,1,0.37375,Medium,0.02476,0.30595,-0.28119,NEGATIVE RESPONSE
C10933,1,0,0.00564,Low,0.00779,0.00903,-0.00124,NEGATIVE RESPONSE
C10934,1,0,0.04241,Low,0.02088,0.02089,-1e-05,LOW RESPONSE
C10935,1,1,0.97169,Critical,0.02036,0.37972,-0.35936,NEGATIVE RESPONSE
C10936,1,0,0.01168,Low,0.01633,0.02599,-0.00966,NEGATIVE RESPONSE
C10937,1,0,0.01733,Low,0.00692,0.00992,-0.00299,NEGATIVE RESPONSE
C10938,1,0,0.01526,Low,0.0072,0.01076,-0.00356,NEGATIVE RESPONSE
C10939,1,0,0.00972,Low,0.01367,0.01271,0.00096,LOW RESPONSE
C10940,0,0,0.09219,Low,0.01648,0.09548,-0.07901,NEGATIVE RESPONSE
C10941,1,0,0.03156,Low,0.0191,0.02154,-0.00243,NEGATIVE RESPONSE
C10942,1,0,0.01866,Low,0.01298,0.01205,0.00093,LOW RESPONSE
C10943,1,0,0.03741,Low,0.00813,0.01009,-0.00196,NEGATIVE RESPONSE
C10944,1,0,0.022,Low,0.00961,0.01259,-0.00298,NEGATIVE RESPONSE
C10945,1,0,0.01285,Low,0.02251,0.02213,0.00038,LOW RESPONSE
C10946,1,1,0.91462,Critical,0.00725,0.04467,-0.03743,NEGATIVE RESPONSE
C10947,1,0,0.30163,Medium,0.02649,0.14759,-0.1211,NEGATIVE RESPONSE
C10948,1,0,0.00996,Low,0.0066,0.00702,-0.00042,LOW RESPONSE
C10949,1,0,0.00662,Low,0.01296,0.00961,0.00336,LOW RESPONSE
C10950,1,0,0.00476,Low,0.00889,0.01403,-0.00514,NEGATIVE RESPONSE
C10951,1,0,0.01499,Low,0.02323,0.01511,0.00812,LOW RESPONSE
C10952,1,1,0.98652,Critical,0.01756,0.332,-0.31444,NEGATIVE RESPONSE
C10953,1,0,0.0182,Low,0.02245,0.02637,-0.00392,NEGATIVE RESPONSE
C10954,1,0,0.02643,Low,0.0138,0.01816,-0.00436,NEGATIVE RESPONSE
C10955,0,0,0.01092,Low,0.00857,0.01124,-0.00268,NEGATIVE RESPONSE
C10956,1,0,0.02728,Low,0.01273,0.0147,-0.00197,NEGATIVE RESPONSE
C10957,0,0,0.03121,Low,0.01189,0.0095,0.00239,LOW RESPONSE
C10958,1,0,0.07022,Low,0.01013,0.06377,-0.05364,NEGATIVE RESPONSE
C10959,0,0,0.43703,Medium,0.01237,0.19674,-0.18437,NEGATIVE RESPONSE
C10960,1,0,0.00721,Low,0.01077,0.01212,-0.00136,NEGATIVE RESPONSE
C10961,1,1,0.96132,Critical,0.0086,0.07077,-0.06216,NEGATIVE RESPONSE
C10962,1,0,0.12147,Low,0.01024,0.16187,-0.15164,NEGATIVE RESPONSE
C10963,1,0,0.02156,Low,0.00924,0.01219,-0.00295,NEGATIVE RESPONSE
C10964,1,0,0.01322,Low,0.0074,0.01389,-0.00649,NEGATIVE RESPONSE
C10965,1,0,0.00795,Low,0.01541,0.01085,0.00456,LOW RESPONSE
C10966,1,0,0.02621,Low,0.01301,0.00821,0.00481,LOW RESPONSE
C10967,1,0,0.17937,Low,0.01242,0.07697,-0.06455,NEGATIVE RESPONSE
C10968,1,0,0.0167,Low,0.00824,0.01068,-0.00245,NEGATIVE RESPONSE
C10969,1,0,0.02537,Low,0.02791,0.0214,0.00652,LOW RESPONSE
C10970,1,0,0.00982,Low,0.03151,0.02306,0.00846,LOW RESPONSE
C10971,0,0,0.01271,Low,0.00852,0.00898,-0.00046,LOW RESPONSE
C10972,1,0,0.01591,Low,0.01421,0.01361,0.00059,LOW RESPONSE
C10973,1,0,0.00785,Low,0.01818,0.01611,0.00207,LOW RESPONSE
C10974,1,0,0.02014,Low,0.00942,0.02393,-0.0145,NEGATIVE RESPONSE
C10975,1,0,0.00878,Low,0.02296,0.04076,-0.01779,NEGATIVE RESPONSE
C10976,1,0,0.01821,Low,0.00592,0.00818,-0.00226,NEGATIVE RESPONSE
C10977,1,0,0.00711,Low,0.01448,0.01314,0.00134,LOW RESPONSE
C10978,1,0,0.00347,Low,0.00792,0.00752,0.00039,LOW RESPONSE
C10979,1,0,0.00529,Low,0.01318,0.00782,0.00535,LOW RESPONSE
C10980,1,0,0.03657,Low,0.01566,0.01211,0.00355,PERSUADABLE
C10981,0,0,0.04405,Low,0.0083,0.01795,-0.00965,NEGATIVE RESPONSE
C10982,1,0,0.0116,Low,0.01107,0.0076,0.00348,LOW RESPONSE
C10983,1,0,0.00922,Low,0.00489,0.01238,-0.00749,NEGATIVE RESPONSE
C10984,0,0,0.00812,Low,0.00616,0.02395,-0.01779,NEGATIVE RESPONSE
C10985,1,0,0.16194,Low,0.00872,0.08381,-0.07509,NEGATIVE RESPONSE
C10986,0,0,0.01848,Low,0.01826,0.02286,-0.00459,NEGATIVE RESPONSE
C10987,0,0,0.00834,Low,0.01371,0.01523,-0.00152,NEGATIVE RESPONSE
C10988,1,0,0.03303,Low,0.0174,0.01593,0.00147,LOW RESPONSE
C10989,1,0,0.02544,Low,0.0114,0.0147,-0.0033,NEGATIVE RESPONSE
C10990,1,0,0.00701,Low,0.0171,0.00787,0.00923,LOW RESPONSE
C10991,1,0,0.00823,Low,0.00901,0.00793,0.00108,LOW RESPONSE
C10992,1,0,0.00807,Low,0.01489,0.00954,0.00535,LOW RESPONSE
C10993,1,0,0.01047,Low,0.01109,0.01211,-0.00103,NEGATIVE RESPONSE
C10994,1,0,0.16021,Low,0.01591,0.02153,-0.00562,NEGATIVE RESPONSE
C10995,1,0,0.0153,Low,0.03167,0.02051,0.01116,LOW RESPONSE
C10996,0,0,0.00965,Low,0.008,0.01627,-0.00828,NEGATIVE RESPONSE
C10997,1,0,0.01207,Low,0.01009,0.01169,-0.00159,NEGATIVE RESPONSE
C10998,0,0,0.04636,Low,0.00976,0.10975,-0.09998,NEGATIVE RESPONSE
C10999,1,0,0.03531,Low,0.02617,0.01252,0.01365,HIGHLY PERSUADABLE
C11000,1,0,0.00907,Low,0.01211,0.01331,-0.00119,NEGATIVE RESPONSE
C11001,1,0,0.02186,Low,0.01419,0.0144,-0.00021,LOW RESPONSE
C11002,1,0,0.0412,Low,0.01038,0.01614,-0.00576,NEGATIVE RESPONSE
C11003,1,0,0.04808,Low,0.01752,0.01369,0.00383,PERSUADABLE
C11004,1,0,0.02524,Low,0.00629,0.01709,-0.0108,NEGATIVE RESPONSE
C11005,1,0,0.01066,Low,0.00619,0.00917,-0.00298,NEGATIVE RESPONSE
C11006,1,0,0.02046,Low,0.00934,0.00829,0.00105,LOW RESPONSE
C11007,1,0,0.0145,Low,0.01696,0.00983,0.00713,LOW RESPONSE
C11008,0,0,0.01203,Low,0.00933,0.01992,-0.0106,NEGATIVE RESPONSE
C11009,0,0,0.00979,Low,0.0133,0.01435,-0.00105,NEGATIVE RESPONSE
C11010,1,0,0.01069,Low,0.01691,0.00861,0.0083,LOW RESPONSE
C11011,1,0,0.36862,Medium,0.01093,0.17494,-0.16401,NEGATIVE RESPONSE
C11012,0,0,0.09053,Low,0.01015,0.01483,-0.00467,NEGATIVE RESPONSE
C11013,1,0,0.0105,Low,0.00933,0.01601,-0.00668,NEGATIVE RESPONSE
C11014,1,0,0.0204,Low,0.01469,0.00959,0.0051,LOW RESPONSE
C11015,1,0,0.01428,Low,0.0079,0.00935,-0.00145,NEGATIVE RESPONSE
C11016,1,0,0.01196,Low,0.01797,0.01265,0.00531,LOW RESPONSE
C11017,1,0,0.03496,Low,0.01642,0.01592,0.0005,LOW RESPONSE
C11018,0,0,0.00255,Low,0.00513,0.00976,-0.00464,NEGATIVE RESPONSE
C11019,1,0,0.03088,Low,0.00675,0.01013,-0.00338,NEGATIVE RESPONSE
C11020,1,0,0.02318,Low,0.00848,0.00789,0.0006,LOW RESPONSE
C11021,1,0,0.01528,Low,0.00739,0.00885,-0.00146,NEGATIVE RESPONSE
C11022,0,0,0.01162,Low,0.0118,0.0085,0.00329,LOW RESPONSE
C11023,0,0,0.01612,Low,0.0151,0.01336,0.00174,LOW RESPONSE
C11024,1,0,0.09177,Low,0.03645,0.03021,0.00624,PERSUADABLE
C11025,1,0,0.01554,Low,0.00814,0.01623,-0.0081,NEGATIVE RESPONSE
C11026,1,0,0.02379,Low,0.01503,0.01984,-0.0048,NEGATIVE RESPONSE
C11027,1,0,0.01731,Low,0.01418,0.00885,0.00533,LOW RESPONSE
C11028,1,0,0.4568,Medium,0.01103,0.096,-0.08498,NEGATIVE RESPONSE
C11029,0,0,0.04214,Low,0.01543,0.00935,0.00608,PERSUADABLE
C11030,1,0,0.01991,Low,0.00788,0.01125,-0.00337,NEGATIVE RESPONSE
C11031,1,0,0.01407,Low,0.01546,0.02334,-0.00789,NEGATIVE RESPONSE
C11032,1,1,0.97422,Critical,0.01464,0.46656,-0.45192,NEGATIVE RESPONSE
C11033,1,0,0.03569,Low,0.01301,0.01369,-0.00068,LOW RESPONSE
C11034,1,0,0.02519,Low,0.0092,0.01808,-0.00888,NEGATIVE RESPONSE
C11035,1,0,0.11432,Low,0.01765,0.02643,-0.00878,NEGATIVE RESPONSE
C11036,1,0,0.66967,High,0.02389,0.17948,-0.15559,NEGATIVE RESPONSE
C11037,1,0,0.02225,Low,0.01387,0.00958,0.00429,LOW RESPONSE
C11038,1,0,0.01317,Low,0.00845,0.01099,-0.00254,NEGATIVE RESPONSE
C11039,1,0,0.06356,Low,0.03604,0.01376,0.02229,HIGHLY PERSUADABLE
C11040,1,0,0.06003,Low,0.01952,0.01465,0.00487,PERSUADABLE
C11041,1,0,0.01726,Low,0.01534,0.02262,-0.00729,NEGATIVE RESPONSE
C11042,1,0,0.03295,Low,0.01848,0.02349,-0.00501,NEGATIVE RESPONSE
C11043,0,0,0.00646,Low,0.00886,0.01438,-0.00552,NEGATIVE RESPONSE
C11044,1,0,0.0021,Low,0.01512,0.0089,0.00622,LOW RESPONSE
C11045,1,0,0.01642,Low,0.02034,0.01015,0.01019,LOW RESPONSE
C11046,1,0,0.1584,Low,0.00828,0.07588,-0.0676,NEGATIVE RESPONSE
C11047,0,0,0.12217,Low,0.01616,0.09564,-0.07947,NEGATIVE RESPONSE
C11048,1,0,0.01631,Low,0.01804,0.00944,0.0086,LOW RESPONSE
C11049,1,0,0.06271,Low,0.0089,0.10717,-0.09827,NEGATIVE RESPONSE
C11050,1,0,0.29931,Low,0.00979,0.14913,-0.13934,NEGATIVE RESPONSE
C11051,1,0,0.23267,Low,0.01416,0.11732,-0.10316,NEGATIVE RESPONSE
C11052,1,0,0.02501,Low,0.00881,0.01869,-0.00988,NEGATIVE RESPONSE
C11053,1,0,0.03078,Low,0.01192,0.01245,-0.00053,LOW RESPONSE
C11054,0,0,0.01358,Low,0.01062,0.01195,-0.00133,NEGATIVE RESPONSE
C11055,1,0,0.22264,Low,0.00884,0.14395,-0.1351,NEGATIVE RESPONSE
C11056,1,0,0.00694,Low,0.01761,0.03247,-0.01485,NEGATIVE RESPONSE
C11057,1,0,0.27604,Low,0.01363,0.11983,-0.1062,NEGATIVE RESPONSE
C11058,1,0,0.00883,Low,0.0143,0.01231,0.00199,LOW RESPONSE
C11059,1,0,0.07397,Low,0.00777,0.05046,-0.0427,NEGATIVE RESPONSE
C11060,1,1,0.95903,Critical,0.01176,0.14516,-0.1334,NEGATIVE RESPONSE
C11061,1,0,0.01215,Low,0.02105,0.02165,-0.0006,LOW RESPONSE
C11062,1,0,0.04041,Low,0.01262,0.01864,-0.00602,NEGATIVE RESPONSE
C11063,1,0,0.03554,Low,0.01774,0.02085,-0.00312,NEGATIVE RESPONSE
C11064,1,0,0.38751,Medium,0.01166,0.17118,-0.15953,NEGATIVE RESPONSE
C11065,1,0,0.01542,Low,0.0131,0.02574,-0.01264,NEGATIVE RESPONSE
C11066,1,0,0.24316,Low,0.00843,0.12178,-0.11334,NEGATIVE RESPONSE
C11067,1,0,0.03087,Low,0.01165,0.0126,-0.00095,LOW RESPONSE
C11068,1,0,0.00929,Low,0.01333,0.01305,0.00028,LOW RESPONSE
C11069,0,0,0.01471,Low,0.00619,0.00709,-0.0009,LOW RESPONSE
C11070,0,0,0.01662,Low,0.0088,0.01393,-0.00514,NEGATIVE RESPONSE
C11071,1,0,0.00483,Low,0.0122,0.0063,0.00591,LOW RESPONSE
C11072,1,0,0.00508,Low,0.00801,0.01906,-0.01105,NEGATIVE RESPONSE
C11073,1,0,0.00918,Low,0.00964,0.00664,0.00299,LOW RESPONSE
C11074,1,0,0.0242,Low,0.02001,0.01238,0.00763,LOW RESPONSE
C11075,1,0,0.05873,Low,0.01436,0.02243,-0.00808,NEGATIVE RESPONSE
C11076,1,0,0.00747,Low,0.00909,0.00941,-0.00032,LOW RESPONSE
C11077,1,0,0.03535,Low,0.01416,0.0086,0.00556,PERSUADABLE
C11078,1,0,0.07056,Low,0.00838,0.01009,-0.00171,NEGATIVE RESPONSE
C11079,1,0,0.01787,Low,0.00793,0.01346,-0.00552,NEGATIVE RESPONSE
C11080,1,0,0.01761,Low,0.00651,0.01445,-0.00794,NEGATIVE RESPONSE
C11081,1,0,0.03185,Low,0.00702,0.02134,-0.01432,NEGATIVE RESPONSE
C11082,1,0,0.03802,Low,0.01541,0.03136,-0.01595,NEGATIVE RESPONSE
C11083,1,0,0.03396,Low,0.03305,0.02174,0.01131,LOW RESPONSE
C11084,1,0,0.00738,Low,0.0077,0.00633,0.00137,LOW RESPONSE
C11085,1,0,0.03136,Low,0.01153,0.01632,-0.00479,NEGATIVE RESPONSE
C11086,1,0,0.00747,Low,0.01643,0.00846,0.00798,LOW RESPONSE
C11087,1,0,0.01109,Low,0.00808,0.0097,-0.00162,NEGATIVE RESPONSE
C11088,1,0,0.00538,Low,0.01883,0.03055,-0.01172,NEGATIVE RESPONSE
C11089,0,0,0.00701,Low,0.00494,0.01007,-0.00513,NEGATIVE RESPONSE
C11090,1,0,0.02387,Low,0.01032,0.0205,-0.01018,NEGATIVE RESPONSE
C11091,1,1,0.93918,Critical,0.01131,0.05439,-0.04308,NEGATIVE RESPONSE
C11092,0,0,0.15416,Low,0.02292,0.02092,0.002,PERSUADABLE
C11093,1,0,0.0796,Low,0.01326,0.01824,-0.00497,NEGATIVE RESPONSE
C11094,1,0,0.03242,Low,0.00995,0.02137,-0.01143,NEGATIVE RESPONSE
C11095,1,0,0.01534,Low,0.02513,0.02039,0.00473,LOW RESPONSE
C11096,1,0,0.09938,Low,0.01177,0.01229,-0.00052,LOW RESPONSE
C11097,1,0,0.01463,Low,0.01675,0.0117,0.00505,LOW RESPONSE
C11098,1,0,0.00275,Low,0.00833,0.0096,-0.00127,NEGATIVE RESPONSE
C11099,1,0,0.02962,Low,0.01271,0.01555,-0.00284,NEGATIVE RESPONSE
C11100,1,0,0.02489,Low,0.01087,0.03222,-0.02134,NEGATIVE RESPONSE
C11101,1,0,0.00328,Low,0.00772,0.01605,-0.00833,NEGATIVE RESPONSE
C11102,1,0,0.05009,Low,0.01231,0.04253,-0.03022,NEGATIVE RESPONSE
C11103,1,0,0.00674,Low,0.01392,0.01413,-0.00021,LOW RESPONSE
C11104,1,0,0.04972,Low,0.01214,0.01337,-0.00123,NEGATIVE RESPONSE
C11105,1,0,0.05723,Low,0.01495,0.03041,-0.01546,NEGATIVE RESPONSE
C11106,1,0,0.04407,Low,0.01318,0.01325,-7e-05,LOW RESPONSE
C11107,1,1,0.97581,Critical,0.0098,0.3391,-0.3293,NEGATIVE RESPONSE
C11108,1,1,0.9659,Critical,0.02137,0.36464,-0.34327,NEGATIVE RESPONSE
C11109,1,0,0.02677,Low,0.03148,0.00995,0.02153,LOW RESPONSE
C11110,1,0,0.02834,Low,0.03484,0.01012,0.02472,HIGHLY PERSUADABLE
C11111,1,0,0.02486,Low,0.00761,0.03222,-0.02462,NEGATIVE RESPONSE
C11112,1,0,0.0553,Low,0.03149,0.02908,0.00241,PERSUADABLE
C11113,1,0,0.03872,Low,0.01066,0.01474,-0.00407,NEGATIVE RESPONSE
C11114,1,0,0.04509,Low,0.01478,0.01068,0.0041,PERSUADABLE
C11115,1,0,0.77552,High,0.01183,0.15591,-0.14408,NEGATIVE RESPONSE
C11116,1,0,0.02275,Low,0.01097,0.01892,-0.00795,NEGATIVE RESPONSE
C11117,1,0,0.00861,Low,0.01232,0.01782,-0.00549,NEGATIVE RESPONSE
C11118,1,0,0.01874,Low,0.0113,0.00901,0.0023,LOW RESPONSE
C11119,1,0,0.04104,Low,0.0051,0.06628,-0.06118,NEGATIVE RESPONSE
C11120,1,0,0.01838,Low,0.01084,0.0124,-0.00156,NEGATIVE RESPONSE
C11121,1,0,0.00494,Low,0.04747,0.01979,0.02768,HIGHLY PERSUADABLE
C11122,1,0,0.02776,Low,0.01086,0.01861,-0.00775,NEGATIVE RESPONSE
C11123,1,0,0.01295,Low,0.00869,0.16812,-0.15943,NEGATIVE RESPONSE
C11124,1,0,0.03098,Low,0.01224,0.02284,-0.0106,NEGATIVE RESPONSE
C11125,1,0,0.09507,Low,0.01542,0.14792,-0.1325,NEGATIVE RESPONSE
C11126,1,0,0.01814,Low,0.0173,0.0145,0.0028,LOW RESPONSE
C11127,0,0,0.00991,Low,0.00752,0.00838,-0.00086,LOW RESPONSE
C11128,0,0,0.01954,Low,0.01208,0.01101,0.00107,LOW RESPONSE
C11129,1,0,0.07471,Low,0.03606,0.01509,0.02097,HIGHLY PERSUADABLE
C11130,1,0,0.24172,Low,0.00921,0.11197,-0.10276,NEGATIVE RESPONSE
C11131,1,0,0.00636,Low,0.01547,0.01434,0.00114,LOW RESPONSE
C11132,1,0,0.00846,Low,0.0081,0.00643,0.00167,LOW RESPONSE
C11133,1,0,0.02794,Low,0.00782,0.0187,-0.01088,NEGATIVE RESPONSE
C11134,1,0,0.0318,Low,0.01669,0.0206,-0.00392,NEGATIVE RESPONSE
C11135,0,0,0.07302,Low,0.01846,0.01997,-0.00151,NEGATIVE RESPONSE
C11136,1,1,0.98834,Critical,0.03431,0.50545,-0.47114,NEGATIVE RESPONSE
C11137,1,0,0.0278,Low,0.01857,0.02599,-0.00742,NEGATIVE RESPONSE
C11138,1,0,0.00463,Low,0.01232,0.01495,-0.00263,NEGATIVE RESPONSE
C11139,0,0,0.01949,Low,0.01073,0.02861,-0.01788,NEGATIVE RESPONSE
C11140,1,1,0.96753,Critical,0.0118,0.05817,-0.04638,NEGATIVE RESPONSE
C11141,1,0,0.02112,Low,0.00904,0.04446,-0.03541,NEGATIVE RESPONSE
C11142,1,0,0.01119,Low,0.0108,0.02298,-0.01218,NEGATIVE RESPONSE
C11143,1,0,0.02392,Low,0.02344,0.01343,0.01001,LOW RESPONSE
C11144,1,0,0.009,Low,0.00873,0.01425,-0.00552,NEGATIVE RESPONSE
C11145,1,0,0.0469,Low,0.02026,0.0174,0.00287,PERSUADABLE
C11146,1,0,0.0846,Low,0.01251,0.03354,-0.02103,NEGATIVE RESPONSE
C11147,0,0,0.0054,Low,0.00907,0.01303,-0.00396,NEGATIVE RESPONSE
C11148,1,0,0.06419,Low,0.01957,0.01469,0.00488,PERSUADABLE
C11149,1,0,0.01335,Low,0.0237,0.01754,0.00616,LOW RESPONSE
C11150,1,0,0.02514,Low,0.01646,0.01665,-0.00019,LOW RESPONSE
C11151,1,0,0.02195,Low,0.01093,0.013,-0.00207,NEGATIVE RESPONSE
C11152,1,0,0.04772,Low,0.02243,0.03102,-0.0086,NEGATIVE RESPONSE
C11153,0,0,0.02327,Low,0.01104,0.02451,-0.01347,NEGATIVE RESPONSE
C11154,1,0,0.01978,Low,0.01383,0.01423,-0.00041,LOW RESPONSE
C11155,1,0,0.02233,Low,0.00725,0.01549,-0.00824,NEGATIVE RESPONSE
C11156,1,0,0.03331,Low,0.01588,0.01047,0.00541,LOW RESPONSE
C11157,1,0,0.01924,Low,0.01095,0.01015,0.0008,LOW RESPONSE
C11158,0,0,0.26953,Low,0.0119,0.18565,-0.17374,NEGATIVE RESPONSE
C11159,0,0,0.16073,Low,0.01327,0.06548,-0.0522,NEGATIVE RESPONSE
C11160,1,0,0.07491,Low,0.00511,0.00964,-0.00454,NEGATIVE RESPONSE
C11161,1,1,0.94849,Critical,0.00924,0.13342,-0.12418,NEGATIVE RESPONSE
C11162,1,0,0.01073,Low,0.00817,0.00945,-0.00128,NEGATIVE RESPONSE
C11163,1,0,0.05455,Low,0.01548,0.05341,-0.03793,NEGATIVE RESPONSE
C11164,1,0,0.01173,Low,0.01997,0.01141,0.00856,LOW RESPONSE
C11165,1,0,0.04217,Low,0.01947,0.01632,0.00315,PERSUADABLE
C11166,1,0,0.01526,Low,0.0137,0.00941,0.00429,LOW RESPONSE
C11167,1,0,0.01477,Low,0.00587,0.0123,-0.00643,NEGATIVE RESPONSE
C11168,1,0,0.02998,Low,0.01032,0.02394,-0.01363,NEGATIVE RESPONSE
C11169,1,1,0.97694,Critical,0.03611,0.40834,-0.37223,NEGATIVE RESPONSE
C11170,1,0,0.01028,Low,0.0105,0.01125,-0.00076,LOW RESPONSE
C11171,1,1,0.95922,Critical,0.01256,0.32829,-0.31574,NEGATIVE RESPONSE
C11172,1,0,0.01529,Low,0.01458,0.01125,0.00333,LOW RESPONSE
C11173,0,0,0.00255,Low,0.00878,0.00956,-0.00078,LOW RESPONSE
C11174,1,0,0.01989,Low,0.01922,0.01698,0.00225,LOW RESPONSE
C11175,1,0,0.04308,Low,0.02361,0.01127,0.01234,HIGHLY PERSUADABLE
C11176,1,0,0.0062,Low,0.02083,0.0093,0.01153,LOW RESPONSE
C11177,1,1,0.47656,Medium,0.01182,0.20412,-0.1923,NEGATIVE RESPONSE
C11178,1,0,0.08448,Low,0.01514,0.02097,-0.00584,NEGATIVE RESPONSE
C11179,1,0,0.0025,Low,0.01152,0.01085,0.00067,LOW RESPONSE
C11180,1,0,0.03554,Low,0.01966,0.02711,-0.00745,NEGATIVE RESPONSE
C11181,1,0,0.17786,Low,0.01197,0.06046,-0.04849,NEGATIVE RESPONSE
C11182,0,0,0.01138,Low,0.0124,0.01635,-0.00395,NEGATIVE RESPONSE
C11183,1,0,0.0063,Low,0.00695,0.01334,-0.00639,NEGATIVE RESPONSE
C11184,1,0,0.01578,Low,0.02325,0.01653,0.00672,LOW RESPONSE
C11185,1,0,0.0219,Low,0.01767,0.01732,0.00036,LOW RESPONSE
C11186,1,0,0.00244,Low,0.01345,0.01349,-5e-05,LOW RESPONSE
C11187,1,0,0.01672,Low,0.01384,0.01813,-0.00429,NEGATIVE RESPONSE
C11188,1,0,0.01032,Low,0.00859,0.01203,-0.00344,NEGATIVE RESPONSE
C11189,1,0,0.03285,Low,0.00632,0.01323,-0.00691,NEGATIVE RESPONSE
C11190,1,0,0.03794,Low,0.00774,0.00942,-0.00168,NEGATIVE RESPONSE
C11191,1,0,0.01767,Low,0.01263,0.0125,0.00013,LOW RESPONSE
C11192,1,0,0.0163,Low,0.00936,0.00995,-0.00059,LOW RESPONSE
C11193,1,0,0.03589,Low,0.01534,0.00886,0.00648,PERSUADABLE
C11194,1,0,0.01232,Low,0.0203,0.01086,0.00944,LOW RESPONSE
C11195,1,0,0.00873,Low,0.0115,0.01259,-0.00109,NEGATIVE RESPONSE
C11196,1,0,0.06665,Low,0.01674,0.01575,0.00099,LOW RESPONSE
C11197,1,1,0.97403,Critical,0.01267,0.29871,-0.28604,NEGATIVE RESPONSE
C11198,1,0,0.0171,Low,0.0465,0.01661,0.02989,HIGHLY PERSUADABLE
C11199,0,0,0.03124,Low,0.01142,0.03838,-0.02696,NEGATIVE RESPONSE
C11200,1,0,0.03433,Low,0.00958,0.11858,-0.109,NEGATIVE RESPONSE
C11201,1,0,0.00991,Low,0.00987,0.02835,-0.01847,NEGATIVE RESPONSE
C11202,0,1,0.97715,Critical,0.10313,0.21035,-0.10723,NEGATIVE RESPONSE
C11203,1,0,0.01308,Low,0.01263,0.03246,-0.01984,NEGATIVE RESPONSE
C11204,1,0,0.03255,Low,0.01017,0.04187,-0.0317,NEGATIVE RESPONSE
C11205,1,0,0.00356,Low,0.01149,0.01613,-0.00463,NEGATIVE RESPONSE
C11206,1,0,0.0192,Low,0.01179,0.01728,-0.00549,NEGATIVE RESPONSE
C11207,1,0,0.02163,Low,0.00956,0.01185,-0.00229,NEGATIVE RESPONSE
C11208,1,0,0.03443,Low,0.02037,0.02992,-0.00955,NEGATIVE RESPONSE
C11209,1,0,0.06691,Low,0.00449,0.04937,-0.04489,NEGATIVE RESPONSE
C11210,0,0,0.01873,Low,0.02279,0.01542,0.00737,LOW RESPONSE
C11211,1,0,0.00517,Low,0.01691,0.0121,0.00481,LOW RESPONSE
C11212,1,0,0.00753,Low,0.01522,0.0132,0.00202,LOW RESPONSE
C11213,0,0,0.00954,Low,0.00991,0.02603,-0.01612,NEGATIVE RESPONSE
C11214,0,0,0.01602,Low,0.01998,0.02929,-0.00931,NEGATIVE RESPONSE
C11215,1,0,0.01025,Low,0.01088,0.01259,-0.00172,NEGATIVE RESPONSE
C11216,1,0,0.01439,Low,0.00807,0.00897,-0.0009,LOW RESPONSE
C11217,1,0,0.02397,Low,0.00837,0.01177,-0.0034,NEGATIVE RESPONSE
C11218,1,0,0.05871,Low,0.02581,0.01481,0.011,HIGHLY PERSUADABLE
C11219,1,0,0.1045,Low,0.01183,0.08378,-0.07196,NEGATIVE RESPONSE
C11220,1,0,0.02056,Low,0.01193,0.01546,-0.00353,NEGATIVE RESPONSE
C11221,1,0,0.01168,Low,0.00544,0.0124,-0.00697,NEGATIVE RESPONSE
C11222,1,0,0.04114,Low,0.00885,0.05764,-0.04879,NEGATIVE RESPONSE
C11223,1,0,0.04131,Low,0.01869,0.02491,-0.00622,NEGATIVE RESPONSE
C11224,1,1,0.95992,Critical,0.01581,0.17853,-0.16272,NEGATIVE RESPONSE
C11225,1,0,0.05614,Low,0.00598,0.01407,-0.00809,NEGATIVE RESPONSE
C11226,1,0,0.11617,Low,0.01734,0.02378,-0.00644,NEGATIVE RESPONSE
C11227,1,0,0.01175,Low,0.04704,0.01027,0.03678,HIGHLY PERSUADABLE
C11228,1,0,0.07448,Low,0.0156,0.13038,-0.11478,NEGATIVE RESPONSE
C11229,1,0,0.01256,Low,0.01572,0.01756,-0.00183,NEGATIVE RESPONSE
C11230,1,0,0.01416,Low,0.01258,0.01131,0.00127,LOW RESPONSE
C11231,1,0,0.00497,Low,0.00475,0.00723,-0.00248,NEGATIVE RESPONSE
C11232,1,0,0.00937,Low,0.0078,0.00929,-0.00148,NEGATIVE RESPONSE
C11233,1,0,0.00997,Low,0.01603,0.01889,-0.00286,NEGATIVE RESPONSE
C11234,1,0,0.00443,Low,0.01022,0.00778,0.00243,LOW RESPONSE
C11235,1,0,0.03808,Low,0.01704,0.00915,0.0079,PERSUADABLE
C11236,1,0,0.01481,Low,0.01568,0.01208,0.0036,LOW RESPONSE
C11237,1,0,0.01119,Low,0.00782,0.02234,-0.01452,NEGATIVE RESPONSE
C11238,1,0,0.03379,Low,0.01729,0.01042,0.00688,LOW RESPONSE
C11239,1,0,0.46438,Medium,0.01348,0.07015,-0.05666,NEGATIVE RESPONSE
C11240,1,0,0.01112,Low,0.02189,0.02667,-0.00478,NEGATIVE RESPONSE
C11241,1,0,0.02043,Low,0.00662,0.00842,-0.0018,NEGATIVE RESPONSE
C11242,1,0,0.04298,Low,0.02734,0.01858,0.00876,HIGHLY PERSUADABLE
C11243,1,0,0.04994,Low,0.01239,0.05502,-0.04263,NEGATIVE RESPONSE
C11244,1,0,0.00171,Low,0.01285,0.01348,-0.00063,LOW RESPONSE
C11245,1,0,0.01013,Low,0.02234,0.01342,0.00893,LOW RESPONSE
C11246,1,0,0.01919,Low,0.01529,0.01995,-0.00466,NEGATIVE RESPONSE
C11247,1,0,0.01887,Low,0.01142,0.01264,-0.00122,NEGATIVE RESPONSE
C11248,1,0,0.00447,Low,0.01744,0.00943,0.00801,LOW RESPONSE
C11249,1,1,0.26989,Low,0.03058,0.15193,-0.12135,NEGATIVE RESPONSE
C11250,1,0,0.01264,Low,0.01122,0.01315,-0.00192,NEGATIVE RESPONSE
C11251,1,0,0.04659,Low,0.00973,0.01686,-0.00713,NEGATIVE RESPONSE
C11252,1,0,0.4279,Medium,0.00856,0.04034,-0.03178,NEGATIVE RESPONSE
C11253,1,0,0.03412,Low,0.0178,0.00961,0.0082,HIGHLY PERSUADABLE
C11254,1,0,0.00141,Low,0.00605,0.00687,-0.00083,LOW RESPONSE
C11255,1,0,0.04327,Low,0.01455,0.0097,0.00485,PERSUADABLE
C11256,1,0,0.0263,Low,0.01553,0.0195,-0.00397,NEGATIVE RESPONSE
C11257,1,0,0.00659,Low,0.05958,0.02988,0.0297,HIGHLY PERSUADABLE
C11258,0,0,0.02415,Low,0.00597,0.01096,-0.00499,NEGATIVE RESPONSE
C11259,1,0,0.04715,Low,0.0173,0.01198,0.00532,PERSUADABLE
C11260,1,0,0.00696,Low,0.01373,0.02983,-0.0161,NEGATIVE RESPONSE
C11261,1,0,0.00524,Low,0.01159,0.00948,0.00211,LOW RESPONSE
C11262,1,0,0.01374,Low,0.01984,0.0096,0.01024,LOW RESPONSE
C11263,1,0,0.00782,Low,0.01776,0.01114,0.00662,LOW RESPONSE
C11264,1,0,0.01575,Low,0.01104,0.02392,-0.01288,NEGATIVE RESPONSE
C11265,1,0,0.03573,Low,0.008,0.02209,-0.01408,NEGATIVE RESPONSE
C11266,0,0,0.00815,Low,0.00663,0.01208,-0.00546,NEGATIVE RESPONSE
C11267,1,0,0.02046,Low,0.00702,0.01343,-0.0064,NEGATIVE RESPONSE
C11268,1,0,0.00529,Low,0.00801,0.01489,-0.00688,NEGATIVE RESPONSE
C11269,1,0,0.00271,Low,0.00686,0.01399,-0.00713,NEGATIVE RESPONSE
C11270,0,0,0.01334,Low,0.008,0.00789,0.00011,LOW RESPONSE
C11271,1,1,0.98554,Critical,0.01895,0.40326,-0.38431,NEGATIVE RESPONSE
C11272,1,0,0.02374,Low,0.01588,0.01284,0.00304,LOW RESPONSE
C11273,1,0,0.01848,Low,0.01455,0.01062,0.00393,LOW RESPONSE
C11274,1,0,0.00497,Low,0.00928,0.01304,-0.00377,NEGATIVE RESPONSE
C11275,1,0,0.22109,Low,0.00835,0.17477,-0.16642,NEGATIVE RESPONSE
C11276,0,0,0.04001,Low,0.02393,0.0141,0.00982,HIGHLY PERSUADABLE
C11277,1,0,0.01101,Low,0.01117,0.0183,-0.00713,NEGATIVE RESPONSE
C11278,1,0,0.12678,Low,0.00685,0.064,-0.05715,NEGATIVE RESPONSE
C11279,1,0,0.01132,Low,0.0108,0.01596,-0.00516,NEGATIVE RESPONSE
C11280,1,0,0.00337,Low,0.00841,0.00942,-0.00101,NEGATIVE RESPONSE
C11281,1,0,0.01294,Low,0.00866,0.00918,-0.00053,LOW RESPONSE
C11282,1,0,0.05698,Low,0.01266,0.06147,-0.04881,NEGATIVE RESPONSE
C11283,1,0,0.10728,Low,0.00852,0.11969,-0.11117,NEGATIVE RESPONSE
C11284,1,0,0.0134,Low,0.01015,0.02663,-0.01648,NEGATIVE RESPONSE
C11285,1,0,0.02581,Low,0.00973,0.01383,-0.0041,NEGATIVE RESPONSE
C11286,1,0,0.00275,Low,0.0089,0.0175,-0.0086,NEGATIVE RESPONSE
C11287,1,0,0.07211,Low,0.00965,0.01718,-0.00753,NEGATIVE RESPONSE
C11288,1,0,0.03349,Low,0.04701,0.01645,0.03056,HIGHLY PERSUADABLE
C11289,1,0,0.0202,Low,0.01235,0.00908,0.00327,LOW RESPONSE
C11290,1,0,0.00611,Low,0.01342,0.01259,0.00083,LOW RESPONSE
C11291,1,0,0.02073,Low,0.00963,0.0259,-0.01628,NEGATIVE RESPONSE
C11292,1,0,0.00294,Low,0.01363,0.01318,0.00045,LOW RESPONSE
C11293,1,0,0.00754,Low,0.01124,0.00766,0.00358,LOW RESPONSE
C11294,1,0,0.01738,Low,0.00916,0.01027,-0.00111,NEGATIVE RESPONSE
C11295,1,0,0.02483,Low,0.01326,0.01909,-0.00583,NEGATIVE RESPONSE
C11296,1,0,0.01904,Low,0.017,0.0202,-0.0032,NEGATIVE RESPONSE
C11297,1,0,0.00848,Low,0.01063,0.01385,-0.00322,NEGATIVE RESPONSE
C11298,1,0,0.01031,Low,0.01317,0.02648,-0.01331,NEGATIVE RESPONSE
C11299,0,1,0.00588,Low,0.0878,0.01544,0.07236,HIGHLY PERSUADABLE
C11300,1,0,0.14718,Low,0.01162,0.05331,-0.04169,NEGATIVE RESPONSE
C11301,1,0,0.03597,Low,0.00631,0.01059,-0.00428,NEGATIVE RESPONSE
C11302,1,0,0.00737,Low,0.02793,0.03812,-0.01019,NEGATIVE RESPONSE
C11303,0,0,0.07532,Low,0.01035,0.01962,-0.00927,NEGATIVE RESPONSE
C11304,1,0,0.02425,Low,0.01091,0.00898,0.00194,LOW RESPONSE
C11305,1,0,0.13743,Low,0.00906,0.07606,-0.067,NEGATIVE RESPONSE
C11306,1,0,0.09805,Low,0.00899,0.06971,-0.06072,NEGATIVE RESPONSE
C11307,0,0,0.05163,Low,0.01943,0.0206,-0.00117,NEGATIVE RESPONSE
C11308,1,0,0.00449,Low,0.01185,0.01006,0.00179,LOW RESPONSE
C11309,1,0,0.04045,Low,0.02244,0.01441,0.00802,HIGHLY PERSUADABLE
C11310,1,0,0.03753,Low,0.01322,0.03389,-0.02067,NEGATIVE RESPONSE
C11311,1,0,0.00398,Low,0.00748,0.01736,-0.00988,NEGATIVE RESPONSE
C11312,1,0,0.03994,Low,0.01186,0.00967,0.00219,PERSUADABLE
C11313,0,0,0.03908,Low,0.01515,0.01239,0.00276,PERSUADABLE
C11314,1,0,0.01053,Low,0.03233,0.01435,0.01798,LOW RESPONSE
C11315,1,0,0.11378,Low,0.03317,0.0248,0.00837,HIGHLY PERSUADABLE
C11316,1,0,0.01812,Low,0.01099,0.01078,0.00021,LOW RESPONSE
C11317,1,0,0.0263,Low,0.01446,0.02051,-0.00605,NEGATIVE RESPONSE
C11318,1,0,0.0122,Low,0.00673,0.00987,-0.00314,NEGATIVE RESPONSE
C11319,1,0,0.02094,Low,0.03662,0.01291,0.02371,HIGHLY PERSUADABLE
C11320,1,0,0.02782,Low,0.0113,0.07038,-0.05908,NEGATIVE RESPONSE
C11321,1,1,0.96675,Critical,0.01087,0.23783,-0.22696,NEGATIVE RESPONSE
C11322,1,0,0.00576,Low,0.00992,0.01034,-0.00042,LOW RESPONSE
C11323,1,0,0.02634,Low,0.01072,0.01258,-0.00185,NEGATIVE RESPONSE
C11324,1,0,0.01434,Low,0.01492,0.01178,0.00314,LOW RESPONSE
C11325,1,0,0.0125,Low,0.01839,0.01123,0.00716,LOW RESPONSE
C11326,1,0,0.01214,Low,0.01162,0.01483,-0.00321,NEGATIVE RESPONSE
C11327,1,0,0.14939,Low,0.0063,0.14458,-0.13827,NEGATIVE RESPONSE
C11328,1,0,0.025,Low,0.02148,0.01661,0.00487,LOW RESPONSE
C11329,1,0,0.013,Low,0.00818,0.00916,-0.00097,LOW RESPONSE
C11330,1,0,0.07907,Low,0.01463,0.11739,-0.10276,NEGATIVE RESPONSE
C11331,0,0,0.00948,Low,0.00805,0.01743,-0.00937,NEGATIVE RESPONSE
C11332,0,0,0.18072,Low,0.01199,0.10354,-0.09155,NEGATIVE RESPONSE
C11333,1,0,0.02795,Low,0.00837,0.01106,-0.00269,NEGATIVE RESPONSE
C11334,1,0,0.01719,Low,0.01174,0.02281,-0.01108,NEGATIVE RESPONSE
C11335,1,0,0.0429,Low,0.01069,0.07253,-0.06184,NEGATIVE RESPONSE
C11336,1,0,0.0266,Low,0.02617,0.01865,0.00752,LOW RESPONSE
C11337,0,0,0.07206,Low,0.02723,0.01567,0.01156,HIGHLY PERSUADABLE
C11338,1,0,0.01054,Low,0.02063,0.01477,0.00586,LOW RESPONSE
C11339,1,0,0.07219,Low,0.0151,0.01807,-0.00296,NEGATIVE RESPONSE
C11340,1,0,0.00523,Low,0.00834,0.01285,-0.00452,NEGATIVE RESPONSE
C11341,1,0,0.03259,Low,0.01071,0.01119,-0.00048,LOW RESPONSE
C11342,1,0,0.03349,Low,0.0089,0.00905,-0.00015,LOW RESPONSE
C11343,1,0,0.02177,Low,0.02312,0.01265,0.01048,LOW RESPONSE
C11344,1,0,0.02197,Low,0.00805,0.01105,-0.003,NEGATIVE RESPONSE
C11345,0,0,0.01836,Low,0.01235,0.00973,0.00262,LOW RESPONSE
C11346,1,0,0.02428,Low,0.01043,0.00958,0.00085,LOW RESPONSE
C11347,1,0,0.06565,Low,0.01514,0.01236,0.00278,PERSUADABLE
C11348,1,0,0.04272,Low,0.04871,0.04698,0.00173,PERSUADABLE
C11349,1,0,0.02619,Low,0.02223,0.01702,0.00522,LOW RESPONSE
C11350,1,0,0.02661,Low,0.02732,0.14456,-0.11724,NEGATIVE RESPONSE
C11351,1,0,0.01286,Low,0.01237,0.01215,0.00022,LOW RESPONSE
C11352,0,0,0.02459,Low,0.02544,0.01935,0.0061,LOW RESPONSE
C11353,0,0,0.01107,Low,0.01467,0.01073,0.00394,LOW RESPONSE
C11354,1,0,0.01446,Low,0.00928,0.01026,-0.00098,LOW RESPONSE
C11355,1,0,0.00133,Low,0.01209,0.01751,-0.00542,NEGATIVE RESPONSE
C11356,1,0,0.02364,Low,0.0112,0.01117,3e-05,LOW RESPONSE
C11357,1,0,0.01086,Low,0.02321,0.01192,0.01129,LOW RESPONSE
C11358,1,0,0.02569,Low,0.00891,0.02374,-0.01483,NEGATIVE RESPONSE
C11359,0,0,0.01351,Low,0.01402,0.01428,-0.00026,LOW RESPONSE
C11360,1,0,0.02275,Low,0.00967,0.00776,0.00191,LOW RESPONSE
C11361,1,0,0.12352,Low,0.01484,0.05923,-0.04439,NEGATIVE RESPONSE
C11362,1,0,0.01068,Low,0.00669,0.01008,-0.00338,NEGATIVE RESPONSE
C11363,1,0,0.12154,Low,0.0066,0.06939,-0.06279,NEGATIVE RESPONSE
C11364,1,0,0.01257,Low,0.01653,0.01466,0.00187,LOW RESPONSE
C11365,1,0,0.03532,Low,0.01039,0.00961,0.00077,LOW RESPONSE
C11366,1,0,0.03401,Low,0.01974,0.00839,0.01135,HIGHLY PERSUADABLE
C11367,0,0,0.00348,Low,0.00704,0.0091,-0.00206,NEGATIVE RESPONSE
C11368,0,0,0.00912,Low,0.00946,0.01206,-0.0026,NEGATIVE RESPONSE
C11369,1,0,0.0531,Low,0.01116,0.01144,-0.00028,LOW RESPONSE
C11370,1,0,0.03407,Low,0.0174,0.0147,0.0027,PERSUADABLE
C11371,0,0,0.06201,Low,0.01188,0.07644,-0.06456,NEGATIVE RESPONSE
C11372,1,0,0.02127,Low,0.01033,0.06256,-0.05223,NEGATIVE RESPONSE
C11373,0,0,0.01676,Low,0.01551,0.02225,-0.00674,NEGATIVE RESPONSE
C11374,1,0,0.0114,Low,0.00941,0.01383,-0.00441,NEGATIVE RESPONSE
C11375,1,0,0.16113,Low,0.02483,0.12799,-0.10315,NEGATIVE RESPONSE
C11376,1,0,0.00409,Low,0.00536,0.00667,-0.00131,NEGATIVE RESPONSE
C11377,1,0,0.02083,Low,0.00779,0.02481,-0.01702,NEGATIVE RESPONSE
C11378,1,0,0.00929,Low,0.01727,0.01476,0.00252,LOW RESPONSE
C11379,1,0,0.22868,Low,0.02485,0.10221,-0.07736,NEGATIVE RESPONSE
C11380,1,1,0.98701,Critical,0.03509,0.32274,-0.28765,NEGATIVE RESPONSE
C11381,1,0,0.01524,Low,0.01363,0.00894,0.00469,LOW RESPONSE
C11382,1,0,0.00557,Low,0.01414,0.01059,0.00355,LOW RESPONSE
C11383,0,0,0.0055,Low,0.01996,0.02185,-0.00189,NEGATIVE RESPONSE
C11384,1,0,0.00795,Low,0.00866,0.01712,-0.00847,NEGATIVE RESPONSE
C11385,1,0,0.0591,Low,0.01795,0.00886,0.00909,HIGHLY PERSUADABLE
C11386,0,0,0.07907,Low,0.01033,0.01896,-0.00863,NEGATIVE RESPONSE
C11387,0,0,0.01045,Low,0.00536,0.0824,-0.07704,NEGATIVE RESPONSE
C11388,1,0,0.04249,Low,0.01073,0.02158,-0.01085,NEGATIVE RESPONSE
C11389,1,0,0.076,Low,0.00635,0.0537,-0.04735,NEGATIVE RESPONSE
C11390,1,0,0.02064,Low,0.03422,0.01385,0.02037,HIGHLY PERSUADABLE
C11391,1,0,0.03989,Low,0.02077,0.03474,-0.01396,NEGATIVE RESPONSE
C11392,1,0,0.00972,Low,0.01325,0.0317,-0.01845,NEGATIVE RESPONSE
C11393,1,0,0.01288,Low,0.01654,0.02469,-0.00815,NEGATIVE RESPONSE
C11394,1,0,0.0785,Low,0.02079,0.02446,-0.00368,NEGATIVE RESPONSE
C11395,1,0,0.07772,Low,0.03106,0.01319,0.01787,HIGHLY PERSUADABLE
C11396,1,0,0.53179,Medium,0.00851,0.0986,-0.09009,NEGATIVE RESPONSE
C11397,1,0,0.02757,Low,0.01623,0.0202,-0.00397,NEGATIVE RESPONSE
C11398,1,0,0.01181,Low,0.01184,0.01162,0.00022,LOW RESPONSE
C11399,1,0,0.03311,Low,0.01913,0.02112,-0.00199,NEGATIVE RESPONSE
C11400,1,0,0.02703,Low,0.01338,0.0089,0.00448,LOW RESPONSE
C11401,1,0,0.01065,Low,0.00768,0.01711,-0.00943,NEGATIVE RESPONSE
C11402,0,0,0.03742,Low,0.00885,0.00982,-0.00097,LOW RESPONSE
C11403,1,0,0.05039,Low,0.02535,0.01488,0.01047,HIGHLY PERSUADABLE
C11404,1,0,0.33529,Medium,0.01441,0.15549,-0.14109,NEGATIVE RESPONSE
C11405,1,0,0.0074,Low,0.0127,0.02622,-0.01352,NEGATIVE RESPONSE
C11406,1,0,0.01233,Low,0.01665,0.00818,0.00847,LOW RESPONSE
C11407,1,0,0.11177,Low,0.01581,0.09765,-0.08184,NEGATIVE RESPONSE
C11408,0,0,0.01246,Low,0.01551,0.01238,0.00313,LOW RESPONSE
C11409,0,0,0.02391,Low,0.01143,0.02741,-0.01598,NEGATIVE RESPONSE
C11410,1,0,0.01967,Low,0.00752,0.01381,-0.00629,NEGATIVE RESPONSE
C11411,0,0,0.15093,Low,0.01434,0.11015,-0.09581,NEGATIVE RESPONSE
C11412,1,0,0.00869,Low,0.00998,0.01151,-0.00154,NEGATIVE RESPONSE
C11413,1,0,0.02164,Low,0.02337,0.01101,0.01236,LOW RESPONSE
C11414,1,0,0.01821,Low,0.01502,0.00908,0.00594,LOW RESPONSE
C11415,1,0,0.32096,Medium,0.02323,0.11274,-0.0895,NEGATIVE RESPONSE
C11416,1,0,0.00569,Low,0.01357,0.01527,-0.0017,NEGATIVE RESPONSE
C11417,0,0,0.03055,Low,0.0146,0.02418,-0.00958,NEGATIVE RESPONSE
C11418,1,0,0.01834,Low,0.00835,0.01253,-0.00418,NEGATIVE RESPONSE
C11419,1,0,0.19729,Low,0.01306,0.17019,-0.15713,NEGATIVE RESPONSE
C11420,1,0,0.02418,Low,0.01072,0.01386,-0.00315,NEGATIVE RESPONSE
C11421,1,1,0.95228,Critical,0.00876,0.20227,-0.1935,NEGATIVE RESPONSE
C11422,1,0,0.161,Low,0.01565,0.01321,0.00244,PERSUADABLE
C11423,1,0,0.08215,Low,0.01974,0.00958,0.01016,HIGHLY PERSUADABLE
C11424,1,0,0.21584,Low,0.00844,0.08921,-0.08077,NEGATIVE RESPONSE
C11425,1,0,0.01601,Low,0.0093,0.01091,-0.0016,NEGATIVE RESPONSE
C11426,1,0,0.05799,Low,0.00615,0.012,-0.00585,NEGATIVE RESPONSE
C11427,1,0,0.06574,Low,0.01315,0.01648,-0.00333,NEGATIVE RESPONSE
C11428,1,0,0.03698,Low,0.01576,0.01146,0.0043,PERSUADABLE
C11429,0,0,0.0034,Low,0.00865,0.01126,-0.00261,NEGATIVE RESPONSE
C11430,1,0,0.01467,Low,0.01318,0.02081,-0.00763,NEGATIVE RESPONSE
C11431,1,0,0.01497,Low,0.01459,0.00925,0.00535,LOW RESPONSE
C11432,1,0,0.00671,Low,0.01672,0.01238,0.00434,LOW RESPONSE
C11433,1,0,0.00446,Low,0.0091,0.00962,-0.00052,LOW RESPONSE
C11434,1,0,0.03096,Low,0.00904,0.09037,-0.08133,NEGATIVE RESPONSE
C11435,1,0,0.01032,Low,0.01351,0.01253,0.00098,LOW RESPONSE
C11436,1,0,0.01569,Low,0.01212,0.01725,-0.00512,NEGATIVE RESPONSE
C11437,1,1,0.12813,Low,0.01021,0.15488,-0.14467,NEGATIVE RESPONSE
C11438,1,0,0.0396,Low,0.05138,0.13136,-0.07999,NEGATIVE RESPONSE
C11439,1,0,0.00871,Low,0.01131,0.0101,0.00121,LOW RESPONSE
C11440,1,0,0.00801,Low,0.01187,0.02927,-0.0174,NEGATIVE RESPONSE
C11441,1,0,0.03034,Low,0.01862,0.02786,-0.00924,NEGATIVE RESPONSE
C11442,1,0,0.01119,Low,0.01348,0.01371,-0.00023,LOW RESPONSE
C11443,0,0,0.00928,Low,0.00781,0.01061,-0.00279,NEGATIVE RESPONSE
C11444,1,0,0.00781,Low,0.02318,0.03215,-0.00898,NEGATIVE RESPONSE
C11445,1,0,0.0332,Low,0.01655,0.01701,-0.00047,LOW RESPONSE
C11446,1,0,0.00235,Low,0.01042,0.01507,-0.00466,NEGATIVE RESPONSE
C11447,1,0,0.00388,Low,0.00881,0.00723,0.00158,LOW RESPONSE
C11448,1,0,0.01983,Low,0.02325,0.02707,-0.00382,NEGATIVE RESPONSE
C11449,1,0,0.00461,Low,0.00821,0.01283,-0.00463,NEGATIVE RESPONSE
C11450,1,0,0.01452,Low,0.02216,0.01045,0.01171,LOW RESPONSE
C11451,1,0,0.04258,Low,0.01204,0.01261,-0.00057,LOW RESPONSE
C11452,1,0,0.01258,Low,0.01018,0.01286,-0.00269,NEGATIVE RESPONSE
C11453,1,0,0.03961,Low,0.02356,0.01684,0.00673,PERSUADABLE
C11454,1,0,0.01252,Low,0.01148,0.01049,0.00099,LOW RESPONSE
C11455,1,0,0.02527,Low,0.01288,0.01537,-0.00249,NEGATIVE RESPONSE
C11456,1,0,0.16616,Low,0.01316,0.16606,-0.15291,NEGATIVE RESPONSE
C11457,1,0,0.00687,Low,0.01767,0.01231,0.00537,LOW RESPONSE
C11458,0,0,0.0502,Low,0.01409,0.01711,-0.00302,NEGATIVE RESPONSE
C11459,1,0,0.01195,Low,0.01831,0.01094,0.00737,LOW RESPONSE
C11460,1,0,0.02742,Low,0.01394,0.01617,-0.00223,NEGATIVE RESPONSE
C11461,1,1,0.94984,Critical,0.01352,0.13831,-0.1248,NEGATIVE RESPONSE
C11462,0,0,0.01463,Low,0.01369,0.03735,-0.02366,NEGATIVE RESPONSE
C11463,1,0,0.02584,Low,0.01704,0.00953,0.00751,LOW RESPONSE
C11464,1,0,0.0527,Low,0.01002,0.01783,-0.00781,NEGATIVE RESPONSE
C11465,1,0,0.01266,Low,0.00968,0.01208,-0.00241,NEGATIVE RESPONSE
C11466,1,0,0.01274,Low,0.00752,0.01529,-0.00777,NEGATIVE RESPONSE
C11467,1,0,0.20247,Low,0.01663,0.18979,-0.17316,NEGATIVE RESPONSE
C11468,1,0,0.03082,Low,0.019,0.01093,0.00806,LOW RESPONSE
C11469,1,0,0.01841,Low,0.00939,0.00944,-5e-05,LOW RESPONSE
C11470,1,0,0.01005,Low,0.01189,0.01105,0.00084,LOW RESPONSE
C11471,1,0,0.05259,Low,0.01105,0.04382,-0.03277,NEGATIVE RESPONSE
C11472,0,0,0.0063,Low,0.0181,0.01446,0.00365,LOW RESPONSE
C11473,1,0,0.01952,Low,0.01236,0.01342,-0.00106,NEGATIVE RESPONSE
C11474,1,0,0.01136,Low,0.01508,0.01732,-0.00224,NEGATIVE RESPONSE
C11475,1,0,0.01803,Low,0.02027,0.02598,-0.00572,NEGATIVE RESPONSE
C11476,1,0,0.13369,Low,0.03581,0.01408,0.02173,HIGHLY PERSUADABLE
C11477,1,1,0.22028,Low,0.01725,0.25645,-0.2392,NEGATIVE RESPONSE
C11478,1,0,0.15464,Low,0.01136,0.01124,0.00013,LOW RESPONSE
C11479,1,0,0.02374,Low,0.01252,0.00753,0.00499,LOW RESPONSE
C11480,1,0,0.03765,Low,0.00822,0.02176,-0.01354,NEGATIVE RESPONSE
C11481,1,0,0.02272,Low,0.01284,0.02071,-0.00787,NEGATIVE RESPONSE
C11482,1,1,0.97608,Critical,0.02594,0.15092,-0.12498,NEGATIVE RESPONSE
C11483,1,0,0.05217,Low,0.02593,0.09635,-0.07042,NEGATIVE RESPONSE
C11484,1,0,0.00586,Low,0.01685,0.01601,0.00083,LOW RESPONSE
C11485,1,0,0.01045,Low,0.01055,0.01195,-0.00139,NEGATIVE RESPONSE
C11486,1,0,0.03823,Low,0.00888,0.01045,-0.00157,NEGATIVE RESPONSE
C11487,1,0,0.00729,Low,0.02211,0.01005,0.01207,LOW RESPONSE
C11488,1,0,0.02339,Low,0.01511,0.01142,0.00369,LOW RESPONSE
C11489,1,0,0.06099,Low,0.01735,0.03825,-0.02091,NEGATIVE RESPONSE
C11490,1,0,0.04391,Low,0.01241,0.00854,0.00387,PERSUADABLE
C11491,1,0,0.04577,Low,0.01442,0.0141,0.00032,LOW RESPONSE
C11492,1,0,0.0156,Low,0.021,0.01109,0.00991,LOW RESPONSE
C11493,0,0,0.01442,Low,0.01509,0.05349,-0.0384,NEGATIVE RESPONSE
C11494,0,0,0.00858,Low,0.01055,0.04361,-0.03305,NEGATIVE RESPONSE
C11495,1,0,0.00262,Low,0.01432,0.00997,0.00436,LOW RESPONSE
C11496,0,0,0.0627,Low,0.00868,0.14343,-0.13475,NEGATIVE RESPONSE
C11497,1,1,0.97006,Critical,0.02875,0.27978,-0.25104,NEGATIVE RESPONSE
C11498,1,1,0.9756,Critical,0.01156,0.40006,-0.3885,NEGATIVE RESPONSE
C11499,1,0,0.01714,Low,0.02734,0.01624,0.0111,LOW RESPONSE
C11500,1,0,0.0478,Low,0.02508,0.10508,-0.08001,NEGATIVE RESPONSE
C11501,1,0,0.05467,Low,0.02002,0.01314,0.00688,PERSUADABLE
C11502,1,0,0.19154,Low,0.01164,0.07181,-0.06017,NEGATIVE RESPONSE
C11503,1,0,0.01449,Low,0.01345,0.01218,0.00128,LOW RESPONSE
C11504,1,0,0.07502,Low,0.00823,0.07614,-0.06792,NEGATIVE RESPONSE
C11505,0,0,0.01217,Low,0.00973,0.01137,-0.00164,NEGATIVE RESPONSE
C11506,0,0,0.01399,Low,0.0078,0.00963,-0.00183,NEGATIVE RESPONSE
C11507,0,0,0.05123,Low,0.01647,0.01077,0.0057,PERSUADABLE
C11508,0,0,0.01742,Low,0.00662,0.00976,-0.00315,NEGATIVE RESPONSE
C11509,0,0,0.01433,Low,0.01337,0.01176,0.0016,LOW RESPONSE
C11510,1,0,0.02908,Low,0.02318,0.10415,-0.08097,NEGATIVE RESPONSE
C11511,0,0,0.07557,Low,0.01796,0.00688,0.01108,HIGHLY PERSUADABLE
C11512,1,0,0.01717,Low,0.01612,0.03867,-0.02254,NEGATIVE RESPONSE
C11513,0,0,0.27289,Low,0.01281,0.11436,-0.10155,NEGATIVE RESPONSE
C11514,1,0,0.07859,Low,0.01279,0.12919,-0.1164,NEGATIVE RESPONSE
C11515,1,0,0.01259,Low,0.02867,0.01382,0.01485,LOW RESPONSE
C11516,1,0,0.01561,Low,0.02502,0.0195,0.00553,LOW RESPONSE
C11517,1,0,0.00931,Low,0.00957,0.0117,-0.00213,NEGATIVE RESPONSE
C11518,1,0,0.04507,Low,0.00877,0.00982,-0.00105,NEGATIVE RESPONSE
C11519,1,1,0.97649,Critical,0.01044,0.11785,-0.10741,NEGATIVE RESPONSE
C11520,1,0,0.20318,Low,0.01454,0.12857,-0.11402,NEGATIVE RESPONSE
C11521,0,0,0.00989,Low,0.03318,0.04806,-0.01488,NEGATIVE RESPONSE
C11522,1,0,0.03791,Low,0.01503,0.01233,0.0027,PERSUADABLE
C11523,0,0,0.01337,Low,0.01494,0.01178,0.00316,LOW RESPONSE
C11524,1,0,0.0072,Low,0.01296,0.02608,-0.01312,NEGATIVE RESPONSE
C11525,1,0,0.06021,Low,0.01333,0.01519,-0.00186,NEGATIVE RESPONSE
C11526,1,0,0.01034,Low,0.00762,0.00956,-0.00193,NEGATIVE RESPONSE
C11527,1,0,0.02258,Low,0.0177,0.0074,0.01031,LOW RESPONSE
C11528,1,0,0.00786,Low,0.01082,0.01978,-0.00895,NEGATIVE RESPONSE
C11529,1,0,0.06388,Low,0.01084,0.01133,-0.00049,LOW RESPONSE
C11530,1,0,0.11853,Low,0.0315,0.01531,0.01619,HIGHLY PERSUADABLE
C11531,1,0,0.02872,Low,0.02294,0.02515,-0.00221,NEGATIVE RESPONSE
C11532,0,0,0.04708,Low,0.01128,0.0098,0.00148,PERSUADABLE
C11533,0,0,0.03325,Low,0.04186,0.09804,-0.05618,NEGATIVE RESPONSE
C11534,1,0,0.06469,Low,0.01836,0.03114,-0.01278,NEGATIVE RESPONSE
C11535,1,0,0.01209,Low,0.0112,0.00899,0.00221,LOW RESPONSE
C11536,1,0,0.01583,Low,0.0092,0.01379,-0.00459,NEGATIVE RESPONSE
C11537,1,0,0.01548,Low,0.00861,0.00974,-0.00113,NEGATIVE RESPONSE
C11538,1,0,0.02509,Low,0.01,0.01838,-0.00837,NEGATIVE RESPONSE
C11539,1,0,0.01833,Low,0.00992,0.01093,-0.00101,NEGATIVE RESPONSE
C11540,1,0,0.23393,Low,0.02394,0.0229,0.00104,PERSUADABLE
C11541,1,0,0.02045,Low,0.00861,0.01163,-0.00303,NEGATIVE RESPONSE
C11542,1,0,0.18554,Low,0.02182,0.10664,-0.08482,NEGATIVE RESPONSE
C11543,1,0,0.00844,Low,0.01382,0.01013,0.0037,LOW RESPONSE
C11544,1,0,0.01118,Low,0.00538,0.01158,-0.0062,NEGATIVE RESPONSE
C11545,1,0,0.0196,Low,0.01026,0.01646,-0.0062,NEGATIVE RESPONSE
C11546,1,0,0.00525,Low,0.00709,0.00911,-0.00202,NEGATIVE RESPONSE
C11547,0,0,0.00473,Low,0.00909,0.00931,-0.00022,LOW RESPONSE
C11548,1,0,0.06987,Low,0.00955,0.03648,-0.02693,NEGATIVE RESPONSE
C11549,1,0,0.03099,Low,0.00678,0.05027,-0.04349,NEGATIVE RESPONSE
C11550,0,0,0.00747,Low,0.01092,0.01079,0.00013,LOW RESPONSE
C11551,1,0,0.12097,Low,0.0165,0.01703,-0.00054,LOW RESPONSE
C11552,0,0,0.02553,Low,0.00951,0.01172,-0.00221,NEGATIVE RESPONSE
C11553,0,0,0.16525,Low,0.01258,0.07558,-0.063,NEGATIVE RESPONSE
C11554,1,0,0.01831,Low,0.01241,0.03282,-0.02041,NEGATIVE RESPONSE
C11555,1,0,0.14052,Low,0.01362,0.05937,-0.04575,NEGATIVE RESPONSE
C11556,1,0,0.01125,Low,0.01338,0.00926,0.00412,LOW RESPONSE
C11557,1,0,0.01069,Low,0.00545,0.01172,-0.00627,NEGATIVE RESPONSE
C11558,1,0,0.01502,Low,0.00707,0.01341,-0.00634,NEGATIVE RESPONSE
C11559,1,0,0.00459,Low,0.0082,0.011,-0.00279,NEGATIVE RESPONSE
C11560,1,0,0.02753,Low,0.01394,0.01254,0.00139,LOW RESPONSE
C11561,1,0,0.01143,Low,0.02527,0.01743,0.00784,LOW RESPONSE
C11562,1,0,0.01186,Low,0.00722,0.01041,-0.00319,NEGATIVE RESPONSE
C11563,1,0,0.00423,Low,0.01463,0.01099,0.00364,LOW RESPONSE
C11564,1,0,0.00557,Low,0.03526,0.02604,0.00922,HIGHLY PERSUADABLE
C11565,1,0,0.05577,Low,0.00768,0.01144,-0.00377,NEGATIVE RESPONSE
C11566,0,0,0.01906,Low,0.01198,0.01455,-0.00257,NEGATIVE RESPONSE
C11567,1,0,0.01264,Low,0.00934,0.01434,-0.00501,NEGATIVE RESPONSE
C11568,1,0,0.03165,Low,0.01362,0.0212,-0.00758,NEGATIVE RESPONSE
C11569,1,0,0.0636,Low,0.01579,0.14056,-0.12477,NEGATIVE RESPONSE
C11570,1,0,0.02111,Low,0.01729,0.01099,0.00629,LOW RESPONSE
C11571,1,0,0.0112,Low,0.01055,0.01162,-0.00107,NEGATIVE RESPONSE
C11572,1,0,0.01087,Low,0.01169,0.01055,0.00115,LOW RESPONSE
C11573,1,0,0.01876,Low,0.00785,0.00892,-0.00107,NEGATIVE RESPONSE
C11574,1,0,0.00546,Low,0.01408,0.00783,0.00625,LOW RESPONSE
C11575,1,0,0.09222,Low,0.01409,0.01704,-0.00296,NEGATIVE RESPONSE
C11576,1,1,0.97281,Critical,0.02532,0.46635,-0.44103,NEGATIVE RESPONSE
C11577,1,0,0.00858,Low,0.00806,0.01036,-0.0023,NEGATIVE RESPONSE
C11578,1,0,0.01469,Low,0.01304,0.02249,-0.00945,NEGATIVE RESPONSE
C11579,0,0,0.00658,Low,0.0092,0.00862,0.00058,LOW RESPONSE
C11580,1,0,0.00487,Low,0.00506,0.00933,-0.00427,NEGATIVE RESPONSE
C11581,1,0,0.00772,Low,0.00781,0.0939,-0.08609,NEGATIVE RESPONSE
C11582,1,0,0.01585,Low,0.0144,0.01247,0.00192,LOW RESPONSE
C11583,0,0,0.02876,Low,0.00793,0.02872,-0.02079,NEGATIVE RESPONSE
C11584,1,0,0.01699,Low,0.01033,0.02243,-0.0121,NEGATIVE RESPONSE
C11585,0,0,0.01474,Low,0.00979,0.01586,-0.00607,NEGATIVE RESPONSE
C11586,1,0,0.04815,Low,0.00836,0.02138,-0.01302,NEGATIVE RESPONSE
C11587,1,0,0.03652,Low,0.01097,0.01164,-0.00067,LOW RESPONSE
C11588,0,0,0.01473,Low,0.01118,0.02101,-0.00982,NEGATIVE RESPONSE
C11589,1,0,0.00273,Low,0.00649,0.01096,-0.00447,NEGATIVE RESPONSE
C11590,1,1,0.96448,Critical,0.01216,0.07119,-0.05903,NEGATIVE RESPONSE
C11591,1,0,0.05881,Low,0.01347,0.1236,-0.11013,NEGATIVE RESPONSE
C11592,1,0,0.16519,Low,0.01379,0.09919,-0.08539,NEGATIVE RESPONSE
C11593,0,0,0.01064,Low,0.01797,0.01319,0.00477,LOW RESPONSE
C11594,1,0,0.03268,Low,0.01069,0.0151,-0.00441,NEGATIVE RESPONSE
C11595,0,0,0.07751,Low,0.01265,0.08763,-0.07498,NEGATIVE RESPONSE
C11596,1,0,0.51021,Medium,0.02089,0.16071,-0.13982,NEGATIVE RESPONSE
C11597,0,0,0.02627,Low,0.01964,0.01427,0.00537,LOW RESPONSE
C11598,1,0,0.01611,Low,0.01092,0.01527,-0.00435,NEGATIVE RESPONSE
C11599,1,1,0.60066,High,0.02729,0.30609,-0.27881,NEGATIVE RESPONSE
C11600,1,0,0.00436,Low,0.01272,0.00928,0.00344,LOW RESPONSE
C11601,1,0,0.18309,Low,0.01497,0.10255,-0.08758,NEGATIVE RESPONSE
C11602,0,0,0.03642,Low,0.01673,0.01348,0.00325,PERSUADABLE
C11603,1,0,0.02094,Low,0.00925,0.00622,0.00303,LOW RESPONSE
C11604,1,0,0.01113,Low,0.02437,0.02055,0.00383,LOW RESPONSE
C11605,1,0,0.01386,Low,0.00959,0.02209,-0.0125,NEGATIVE RESPONSE
C11606,0,0,0.00678,Low,0.00733,0.00905,-0.00173,NEGATIVE RESPONSE
C11607,1,0,0.31334,Medium,0.01306,0.13775,-0.12469,NEGATIVE RESPONSE
C11608,1,0,0.0088,Low,0.04181,0.06029,-0.01847,NEGATIVE RESPONSE
C11609,1,0,0.00957,Low,0.00926,0.02811,-0.01885,NEGATIVE RESPONSE
C11610,1,0,0.01421,Low,0.01064,0.01029,0.00034,LOW RESPONSE
C11611,1,0,0.05983,Low,0.00709,0.05921,-0.05212,NEGATIVE RESPONSE
C11612,1,0,0.01824,Low,0.01983,0.01431,0.00552,LOW RESPONSE
C11613,1,0,0.02059,Low,0.01133,0.01215,-0.00082,LOW RESPONSE
C11614,0,0,0.01775,Low,0.0142,0.01089,0.00331,LOW RESPONSE
C11615,0,0,0.01114,Low,0.0104,0.01449,-0.00409,NEGATIVE RESPONSE
C11616,1,0,0.05669,Low,0.03541,0.0208,0.01462,HIGHLY PERSUADABLE
C11617,1,0,0.05241,Low,0.01121,0.11687,-0.10566,NEGATIVE RESPONSE
C11618,1,0,0.01028,Low,0.01268,0.01624,-0.00356,NEGATIVE RESPONSE
C11619,1,0,0.66524,High,0.03666,0.15437,-0.1177,NEGATIVE RESPONSE
C11620,1,0,0.02176,Low,0.01177,0.01363,-0.00187,NEGATIVE RESPONSE
C11621,1,0,0.00589,Low,0.00803,0.00977,-0.00174,NEGATIVE RESPONSE
C11622,1,0,0.0093,Low,0.01635,0.02704,-0.01069,NEGATIVE RESPONSE
C11623,1,0,0.00802,Low,0.01081,0.02874,-0.01793,NEGATIVE RESPONSE
C11624,0,0,0.02686,Low,0.014,0.01992,-0.00592,NEGATIVE RESPONSE
C11625,1,0,0.0077,Low,0.0201,0.01018,0.00993,LOW RESPONSE
C11626,1,0,0.09078,Low,0.0107,0.11623,-0.10553,NEGATIVE RESPONSE
C11627,1,0,0.00418,Low,0.00459,0.00844,-0.00384,NEGATIVE RESPONSE
C11628,1,0,0.0542,Low,0.0142,0.04172,-0.02752,NEGATIVE RESPONSE
C11629,1,0,0.02652,Low,0.01424,0.00837,0.00587,LOW RESPONSE
C11630,1,0,0.01725,Low,0.00966,0.03484,-0.02518,NEGATIVE RESPONSE
C11631,0,0,0.01998,Low,0.00779,0.01765,-0.00987,NEGATIVE RESPONSE
C11632,1,0,0.00902,Low,0.0161,0.01822,-0.00211,NEGATIVE RESPONSE
C11633,1,0,0.04591,Low,0.01497,0.02534,-0.01037,NEGATIVE RESPONSE
C11634,1,1,0.96315,Critical,0.01402,0.11595,-0.10193,NEGATIVE RESPONSE
C11635,1,0,0.00995,Low,0.01447,0.01895,-0.00448,NEGATIVE RESPONSE
C11636,1,0,0.00758,Low,0.01047,0.00928,0.0012,LOW RESPONSE
C11637,1,0,0.01753,Low,0.02309,0.02008,0.00301,LOW RESPONSE
C11638,1,0,0.01757,Low,0.01778,0.01387,0.00391,LOW RESPONSE
C11639,0,0,0.02952,Low,0.01994,0.01202,0.00792,LOW RESPONSE
C11640,1,0,0.01058,Low,0.01154,0.01028,0.00126,LOW RESPONSE
C11641,1,0,0.00464,Low,0.0137,0.01129,0.00241,LOW RESPONSE
C11642,1,0,0.01061,Low,0.01287,0.00794,0.00493,LOW RESPONSE
C11643,1,0,0.02181,Low,0.00652,0.01436,-0.00784,NEGATIVE RESPONSE
C11644,1,0,0.02184,Low,0.00934,0.01047,-0.00113,NEGATIVE RESPONSE
C11645,1,0,0.01365,Low,0.01234,0.01337,-0.00103,NEGATIVE RESPONSE
C11646,1,0,0.03338,Low,0.03492,0.01855,0.01637,HIGHLY PERSUADABLE
C11647,1,0,0.03611,Low,0.01119,0.01546,-0.00427,NEGATIVE RESPONSE
C11648,1,0,0.03,Low,0.00768,0.03489,-0.02721,NEGATIVE RESPONSE
C11649,1,0,0.01695,Low,0.01093,0.03291,-0.02199,NEGATIVE RESPONSE
C11650,1,0,0.02993,Low,0.01671,0.01165,0.00506,LOW RESPONSE
C11651,0,0,0.03057,Low,0.01367,0.0328,-0.01912,NEGATIVE RESPONSE
C11652,1,0,0.04827,Low,0.01842,0.03149,-0.01307,NEGATIVE RESPONSE
C11653,1,0,0.05939,Low,0.02395,0.02027,0.00369,PERSUADABLE
C11654,1,0,0.08805,Low,0.01764,0.06878,-0.05114,NEGATIVE RESPONSE
C11655,1,0,0.00801,Low,0.03503,0.03529,-0.00027,LOW RESPONSE
C11656,1,1,0.96337,Critical,0.01557,0.35321,-0.33764,NEGATIVE RESPONSE
C11657,1,0,0.00963,Low,0.00847,0.01621,-0.00773,NEGATIVE RESPONSE
C11658,1,0,0.00265,Low,0.00769,0.01229,-0.0046,NEGATIVE RESPONSE
C11659,0,0,0.01541,Low,0.01826,0.01463,0.00363,LOW RESPONSE
C11660,1,0,0.00662,Low,0.05132,0.02456,0.02676,HIGHLY PERSUADABLE
C11661,0,0,0.01235,Low,0.02042,0.01434,0.00608,LOW RESPONSE
C11662,1,0,0.06332,Low,0.01329,0.01617,-0.00288,NEGATIVE RESPONSE
C11663,0,1,0.97318,Critical,0.03576,0.25886,-0.2231,NEGATIVE RESPONSE
C11664,1,0,0.08546,Low,0.02715,0.01353,0.01362,HIGHLY PERSUADABLE
C11665,1,1,0.97677,Critical,0.02134,0.47202,-0.45068,NEGATIVE RESPONSE
C11666,1,0,0.0142,Low,0.01394,0.02067,-0.00672,NEGATIVE RESPONSE
C11667,1,0,0.01181,Low,0.00827,0.00847,-0.0002,LOW RESPONSE
C11668,1,0,0.02322,Low,0.00863,0.00841,0.00022,LOW RESPONSE
C11669,1,0,0.10269,Low,0.02351,0.01431,0.0092,HIGHLY PERSUADABLE
C11670,1,0,0.01496,Low,0.01051,0.01408,-0.00357,NEGATIVE RESPONSE
C11671,0,0,0.04074,Low,0.02116,0.02995,-0.00879,NEGATIVE RESPONSE
C11672,1,0,0.04803,Low,0.01219,0.02034,-0.00815,NEGATIVE RESPONSE
C11673,1,1,0.5294,Medium,0.02804,0.31845,-0.29041,NEGATIVE RESPONSE
C11674,1,1,0.21154,Low,0.00662,0.22493,-0.21831,NEGATIVE RESPONSE
C11675,1,0,0.00854,Low,0.00846,0.01291,-0.00445,NEGATIVE RESPONSE
C11676,0,0,0.01924,Low,0.01697,0.01593,0.00103,LOW RESPONSE
C11677,1,0,0.0258,Low,0.02301,0.0097,0.01332,LOW RESPONSE
C11678,1,0,0.03788,Low,0.01861,0.0221,-0.0035,NEGATIVE RESPONSE
C11679,1,0,0.0449,Low,0.01339,0.01457,-0.00118,NEGATIVE RESPONSE
C11680,1,0,0.07258,Low,0.01399,0.02093,-0.00693,NEGATIVE RESPONSE
C11681,1,0,0.03481,Low,0.01114,0.00942,0.00171,PERSUADABLE
C11682,1,0,0.01906,Low,0.0126,0.01949,-0.00689,NEGATIVE RESPONSE
C11683,1,0,0.01182,Low,0.01495,0.00927,0.00568,LOW RESPONSE
C11684,1,0,0.00271,Low,0.02787,0.03105,-0.00318,NEGATIVE RESPONSE
C11685,1,0,0.00683,Low,0.01116,0.0099,0.00126,LOW RESPONSE
C11686,1,0,0.00902,Low,0.01342,0.01612,-0.0027,NEGATIVE RESPONSE
C11687,1,0,0.05663,Low,0.02715,0.01206,0.01509,HIGHLY PERSUADABLE
C11688,1,1,0.96217,Critical,0.00933,0.25292,-0.24359,NEGATIVE RESPONSE
C11689,1,0,0.03498,Low,0.01148,0.00952,0.00197,PERSUADABLE
C11690,1,0,0.00507,Low,0.01597,0.01885,-0.00287,NEGATIVE RESPONSE
C11691,1,1,0.97174,Critical,0.0293,0.40698,-0.37768,NEGATIVE RESPONSE
C11692,0,0,0.01928,Low,0.01845,0.01511,0.00334,LOW RESPONSE
C11693,1,0,0.0301,Low,0.00895,0.00774,0.00121,LOW RESPONSE
C11694,1,1,0.9645,Critical,0.01323,0.11071,-0.09747,NEGATIVE RESPONSE
C11695,1,1,0.98611,Critical,0.01881,0.38267,-0.36386,NEGATIVE RESPONSE
C11696,1,0,0.0191,Low,0.01,0.02497,-0.01497,NEGATIVE RESPONSE
C11697,0,0,0.0196,Low,0.0084,0.01813,-0.00973,NEGATIVE RESPONSE
C11698,1,0,0.01792,Low,0.02225,0.01183,0.01043,LOW RESPONSE
C11699,1,0,0.15603,Low,0.01021,0.09183,-0.08162,NEGATIVE RESPONSE
C11700,1,0,0.01762,Low,0.01343,0.02017,-0.00674,NEGATIVE RESPONSE
C11701,1,0,0.01453,Low,0.02112,0.035,-0.01389,NEGATIVE RESPONSE
C11702,1,0,0.03335,Low,0.01491,0.01001,0.0049,LOW RESPONSE
C11703,1,0,0.07087,Low,0.01731,0.02682,-0.00951,NEGATIVE RESPONSE
C11704,0,0,0.22608,Low,0.00923,0.02147,-0.01224,NEGATIVE RESPONSE
C11705,1,0,0.0139,Low,0.01739,0.0149,0.00249,LOW RESPONSE
C11706,1,0,0.01456,Low,0.01107,0.01949,-0.00842,NEGATIVE RESPONSE
C11707,1,0,0.01458,Low,0.01061,0.00755,0.00307,LOW RESPONSE
C11708,1,0,0.02551,Low,0.01652,0.00904,0.00747,LOW RESPONSE
C11709,1,0,0.02616,Low,0.03422,0.01209,0.02213,HIGHLY PERSUADABLE
C11710,1,0,0.04407,Low,0.01042,0.07349,-0.06307,NEGATIVE RESPONSE
C11711,1,0,0.00502,Low,0.01466,0.01078,0.00388,LOW RESPONSE
C11712,1,0,0.14139,Low,0.01716,0.01279,0.00437,PERSUADABLE
C11713,1,0,0.05429,Low,0.02695,0.02058,0.00637,PERSUADABLE
C11714,1,0,0.00918,Low,0.01128,0.01868,-0.0074,NEGATIVE RESPONSE
C11715,1,1,0.957,Critical,0.02294,0.36854,-0.3456,NEGATIVE RESPONSE
C11716,1,0,0.04964,Low,0.00616,0.03066,-0.0245,NEGATIVE RESPONSE
C11717,1,0,0.13965,Low,0.00751,0.10657,-0.09907,NEGATIVE RESPONSE
C11718,1,0,0.0133,Low,0.00736,0.01294,-0.00558,NEGATIVE RESPONSE
C11719,1,0,0.00169,Low,0.04345,0.01798,0.02547,HIGHLY PERSUADABLE
C11720,1,0,0.00908,Low,0.00975,0.00746,0.0023,LOW RESPONSE
C11721,0,0,0.02163,Low,0.01329,0.01787,-0.00457,NEGATIVE RESPONSE
C11722,1,0,0.01907,Low,0.02389,0.01291,0.01098,LOW RESPONSE
C11723,1,0,0.00854,Low,0.02892,0.01288,0.01605,LOW RESPONSE
C11724,1,1,0.97365,Critical,0.01011,0.23596,-0.22585,NEGATIVE RESPONSE
C11725,1,0,0.01536,Low,0.00832,0.01748,-0.00916,NEGATIVE RESPONSE
C11726,0,0,0.02645,Low,0.01394,0.02484,-0.0109,NEGATIVE RESPONSE
C11727,1,0,0.01344,Low,0.01553,0.01016,0.00536,LOW RESPONSE
C11728,1,0,0.47018,Medium,0.02204,0.23469,-0.21265,NEGATIVE RESPONSE
C11729,1,0,0.01753,Low,0.01066,0.01906,-0.0084,NEGATIVE RESPONSE
C11730,1,0,0.03524,Low,0.01237,0.01464,-0.00227,NEGATIVE RESPONSE
C11731,1,0,0.06802,Low,0.00951,0.03967,-0.03016,NEGATIVE RESPONSE
C11732,1,0,0.07488,Low,0.02227,0.02531,-0.00304,NEGATIVE RESPONSE
C11733,1,0,0.03367,Low,0.01739,0.01322,0.00417,LOW RESPONSE
C11734,0,0,0.07997,Low,0.0103,0.13972,-0.12942,NEGATIVE RESPONSE
C11735,1,0,0.031,Low,0.01613,0.01061,0.00552,LOW RESPONSE
C11736,1,0,0.00797,Low,0.01268,0.01002,0.00265,LOW RESPONSE
C11737,0,1,0.96091,Critical,0.0204,0.13694,-0.11654,NEGATIVE RESPONSE
C11738,1,0,0.09553,Low,0.01964,0.02145,-0.00182,NEGATIVE RESPONSE
C11739,0,0,0.25601,Low,0.01195,0.01425,-0.0023,NEGATIVE RESPONSE
C11740,1,0,0.0277,Low,0.01115,0.01398,-0.00283,NEGATIVE RESPONSE
C11741,1,0,0.02303,Low,0.01513,0.01342,0.00171,LOW RESPONSE
C11742,1,0,0.00708,Low,0.01113,0.03528,-0.02415,NEGATIVE RESPONSE
C11743,1,0,0.01113,Low,0.02432,0.01597,0.00835,LOW RESPONSE
C11744,1,0,0.05452,Low,0.00957,0.0141,-0.00452,NEGATIVE RESPONSE
C11745,1,0,0.02772,Low,0.00992,0.01057,-0.00064,LOW RESPONSE
C11746,0,0,0.01695,Low,0.01222,0.02349,-0.01127,NEGATIVE RESPONSE
C11747,1,0,0.0071,Low,0.01631,0.01753,-0.00122,NEGATIVE RESPONSE
C11748,1,0,0.01254,Low,0.01407,0.01831,-0.00424,NEGATIVE RESPONSE
C11749,1,0,0.03182,Low,0.02531,0.12543,-0.10012,NEGATIVE RESPONSE
C11750,1,1,0.98564,Critical,0.01273,0.15984,-0.14711,NEGATIVE RESPONSE
C11751,1,0,0.01353,Low,0.01506,0.01308,0.00198,LOW RESPONSE
C11752,0,0,0.42246,Medium,0.01124,0.10248,-0.09124,NEGATIVE RESPONSE
C11753,0,0,0.09276,Low,0.01515,0.01223,0.00293,PERSUADABLE
C11754,1,1,0.96209,Critical,0.00878,0.12845,-0.11967,NEGATIVE RESPONSE
C11755,1,0,0.2408,Low,0.01565,0.12608,-0.11044,NEGATIVE RESPONSE
C11756,1,0,0.03753,Low,0.02377,0.02476,-0.001,NEGATIVE RESPONSE
C11757,1,0,0.06757,Low,0.00971,0.00809,0.00162,PERSUADABLE
C11758,1,0,0.00344,Low,0.02044,0.01136,0.00908,LOW RESPONSE
C11759,1,0,0.01374,Low,0.01367,0.01542,-0.00175,NEGATIVE RESPONSE
C11760,1,0,0.0305,Low,0.01388,0.01702,-0.00314,NEGATIVE RESPONSE
C11761,1,0,0.0185,Low,0.01214,0.01106,0.00109,LOW RESPONSE
C11762,1,0,0.07209,Low,0.0153,0.02237,-0.00707,NEGATIVE RESPONSE
C11763,1,0,0.01416,Low,0.00757,0.01204,-0.00447,NEGATIVE RESPONSE
C11764,1,0,0.17021,Low,0.01052,0.04379,-0.03327,NEGATIVE RESPONSE
C11765,1,0,0.02264,Low,0.0102,0.0118,-0.0016,NEGATIVE RESPONSE
C11766,1,0,0.00341,Low,0.0205,0.01084,0.00966,LOW RESPONSE
C11767,1,0,0.03134,Low,0.01681,0.01394,0.00287,LOW RESPONSE
C11768,1,0,0.06408,Low,0.01034,0.03456,-0.02422,NEGATIVE RESPONSE
C11769,1,0,0.02067,Low,0.01464,0.0153,-0.00066,LOW RESPONSE
C11770,0,0,0.00752,Low,0.0096,0.00774,0.00187,LOW RESPONSE
C11771,1,0,0.01251,Low,0.00802,0.00968,-0.00166,NEGATIVE RESPONSE
C11772,1,0,0.00493,Low,0.00633,0.01103,-0.0047,NEGATIVE RESPONSE
C11773,1,0,0.01244,Low,0.01263,0.01419,-0.00157,NEGATIVE RESPONSE
C11774,1,0,0.01438,Low,0.0262,0.05572,-0.02952,NEGATIVE RESPONSE
C11775,1,0,0.01983,Low,0.0269,0.01381,0.01309,LOW RESPONSE
C11776,0,0,0.01819,Low,0.02606,0.01019,0.01587,LOW RESPONSE
C11777,1,0,0.00897,Low,0.0104,0.01117,-0.00077,LOW RESPONSE
C11778,1,0,0.02485,Low,0.01518,0.01142,0.00375,LOW RESPONSE
C11779,1,0,0.00842,Low,0.01612,0.0077,0.00842,LOW RESPONSE
C11780,1,0,0.03609,Low,0.02931,0.01084,0.01848,HIGHLY PERSUADABLE
C11781,1,0,0.08287,Low,0.00839,0.01168,-0.00329,NEGATIVE RESPONSE
C11782,1,0,0.01708,Low,0.01345,0.01487,-0.00142,NEGATIVE RESPONSE
C11783,1,0,0.01198,Low,0.01375,0.01399,-0.00024,LOW RESPONSE
C11784,1,0,0.01056,Low,0.00819,0.01283,-0.00464,NEGATIVE RESPONSE
C11785,1,0,0.01063,Low,0.01513,0.01807,-0.00293,NEGATIVE RESPONSE
C11786,1,0,0.0268,Low,0.05193,0.01228,0.03965,HIGHLY PERSUADABLE
C11787,1,0,0.0402,Low,0.01375,0.01372,2e-05,LOW RESPONSE
C11788,1,0,0.11116,Low,0.01885,0.02261,-0.00375,NEGATIVE RESPONSE
C11789,1,0,0.01944,Low,0.02115,0.09753,-0.07638,NEGATIVE RESPONSE
C11790,1,0,0.03179,Low,0.0165,0.01416,0.00234,LOW RESPONSE
C11791,0,0,0.00621,Low,0.01128,0.00933,0.00196,LOW RESPONSE
C11792,1,0,0.03951,Low,0.0177,0.01792,-0.00022,LOW RESPONSE
C11793,1,0,0.01536,Low,0.02146,0.00901,0.01245,LOW RESPONSE
C11794,1,0,0.00846,Low,0.01791,0.00948,0.00843,LOW RESPONSE
C11795,1,0,0.34057,Medium,0.01447,0.22715,-0.21268,NEGATIVE RESPONSE
C11796,0,0,0.00602,Low,0.0102,0.01328,-0.00308,NEGATIVE RESPONSE
C11797,1,0,0.01143,Low,0.01863,0.03819,-0.01956,NEGATIVE RESPONSE
C11798,0,0,0.00524,Low,0.00669,0.01254,-0.00585,NEGATIVE RESPONSE
C11799,1,0,0.00562,Low,0.00908,0.01634,-0.00726,NEGATIVE RESPONSE
C11800,1,0,0.01362,Low,0.0227,0.0098,0.01289,LOW RESPONSE
C11801,1,0,0.00803,Low,0.01075,0.01097,-0.00022,LOW RESPONSE
C11802,1,0,0.00326,Low,0.0129,0.01571,-0.0028,NEGATIVE RESPONSE
C11803,0,0,0.02279,Low,0.01234,0.018,-0.00565,NEGATIVE RESPONSE
C11804,1,0,0.02403,Low,0.00936,0.0185,-0.00915,NEGATIVE RESPONSE
C11805,1,0,0.027,Low,0.01553,0.01381,0.00172,LOW RESPONSE
C11806,1,0,0.00819,Low,0.01245,0.01284,-0.00039,LOW RESPONSE
C11807,1,0,0.03308,Low,0.0117,0.01569,-0.00398,NEGATIVE RESPONSE
C11808,0,0,0.00993,Low,0.01311,0.00989,0.00321,LOW RESPONSE
C11809,1,0,0.01181,Low,0.02312,0.0162,0.00692,LOW RESPONSE
C11810,0,0,0.55262,Medium,0.01407,0.21582,-0.20175,NEGATIVE RESPONSE
C11811,1,0,0.01288,Low,0.00821,0.02805,-0.01983,NEGATIVE RESPONSE
C11812,1,0,0.09048,Low,0.0371,0.03314,0.00396,PERSUADABLE
C11813,0,0,0.08862,Low,0.02082,0.01861,0.00221,PERSUADABLE
C11814,1,0,0.07532,Low,0.01376,0.02697,-0.01321,NEGATIVE RESPONSE
C11815,1,0,0.01038,Low,0.00949,0.00809,0.0014,LOW RESPONSE
C11816,1,0,0.15422,Low,0.01708,0.07703,-0.05995,NEGATIVE RESPONSE
C11817,0,1,0.96701,Critical,0.05749,0.02019,0.0373,HIGHLY PERSUADABLE
C11818,1,0,0.03214,Low,0.02097,0.02769,-0.00672,NEGATIVE RESPONSE
C11819,1,0,0.05428,Low,0.01567,0.00954,0.00613,PERSUADABLE
C11820,1,0,0.35869,Medium,0.01455,0.14426,-0.12971,NEGATIVE RESPONSE
C11821,1,0,0.01902,Low,0.01676,0.01566,0.0011,LOW RESPONSE
C11822,1,0,0.05731,Low,0.00992,0.01839,-0.00846,NEGATIVE RESPONSE
C11823,1,0,0.29826,Low,0.03089,0.23167,-0.20078,NEGATIVE RESPONSE
C11824,0,0,0.04272,Low,0.02819,0.0192,0.00898,HIGHLY PERSUADABLE
C11825,0,0,0.00961,Low,0.01604,0.04423,-0.02819,NEGATIVE RESPONSE
C11826,1,0,0.06692,Low,0.02363,0.03428,-0.01066,NEGATIVE RESPONSE
C11827,1,0,0.01541,Low,0.01103,0.01896,-0.00793,NEGATIVE RESPONSE
C11828,1,0,0.03139,Low,0.01416,0.01086,0.0033,LOW RESPONSE
C11829,0,0,0.0985,Low,0.01662,0.02313,-0.00651,NEGATIVE RESPONSE
C11830,1,0,0.03632,Low,0.02028,0.02293,-0.00265,NEGATIVE RESPONSE
C11831,1,0,0.37606,Medium,0.00715,0.13264,-0.12549,NEGATIVE RESPONSE
C11832,1,0,0.01938,Low,0.00917,0.05626,-0.04709,NEGATIVE RESPONSE
C11833,1,0,0.05428,Low,0.02341,0.02262,0.00079,LOW RESPONSE
C11834,0,0,0.1087,Low,0.01643,0.05894,-0.04251,NEGATIVE RESPONSE
C11835,1,0,0.01776,Low,0.01718,0.01224,0.00494,LOW RESPONSE
C11836,1,0,0.00874,Low,0.01298,0.00895,0.00403,LOW RESPONSE
C11837,1,0,0.45049,Medium,0.01004,0.08122,-0.07118,NEGATIVE RESPONSE
C11838,1,0,0.018,Low,0.01967,0.01082,0.00885,LOW RESPONSE
C11839,1,0,0.01766,Low,0.01075,0.00669,0.00406,LOW RESPONSE
C11840,1,0,0.03108,Low,0.00991,0.07595,-0.06603,NEGATIVE RESPONSE
C11841,1,0,0.01357,Low,0.00945,0.01512,-0.00567,NEGATIVE RESPONSE
C11842,1,0,0.004,Low,0.00964,0.00784,0.00179,LOW RESPONSE
C11843,1,0,0.00724,Low,0.01079,0.00917,0.00162,LOW RESPONSE
C11844,1,0,0.00396,Low,0.01048,0.00623,0.00424,LOW RESPONSE
C11845,1,0,0.08676,Low,0.01011,0.02941,-0.0193,NEGATIVE RESPONSE
C11846,0,0,0.05655,Low,0.0114,0.01235,-0.00095,LOW RESPONSE
C11847,1,0,0.14073,Low,0.04212,0.10097,-0.05885,NEGATIVE RESPONSE
C11848,1,0,0.0059,Low,0.02013,0.01102,0.00911,LOW RESPONSE
C11849,1,0,0.0155,Low,0.00776,0.00817,-0.00041,LOW RESPONSE
C11850,0,0,0.00484,Low,0.01286,0.02557,-0.01271,NEGATIVE RESPONSE
C11851,1,0,0.01236,Low,0.01419,0.01463,-0.00044,LOW RESPONSE
C11852,1,0,0.15592,Low,0.01354,0.16464,-0.1511,NEGATIVE RESPONSE
C11853,1,1,0.94219,Critical,0.00963,0.22764,-0.21801,NEGATIVE RESPONSE
C11854,1,0,0.01742,Low,0.00897,0.01401,-0.00503,NEGATIVE RESPONSE
C11855,1,0,0.01948,Low,0.01608,0.01879,-0.00272,NEGATIVE RESPONSE
C11856,1,0,0.00284,Low,0.00868,0.00883,-0.00015,LOW RESPONSE
C11857,1,0,0.00348,Low,0.01277,0.01611,-0.00334,NEGATIVE RESPONSE
C11858,1,0,0.00955,Low,0.01364,0.02915,-0.0155,NEGATIVE RESPONSE
C11859,1,0,0.00849,Low,0.04867,0.05225,-0.00358,NEGATIVE RESPONSE
C11860,0,0,0.18171,Low,0.01356,0.12715,-0.11358,NEGATIVE RESPONSE
C11861,1,0,0.01735,Low,0.01017,0.02299,-0.01281,NEGATIVE RESPONSE
C11862,1,0,0.54407,Medium,0.01224,0.19409,-0.18185,NEGATIVE RESPONSE
C11863,1,0,0.06273,Low,0.0131,0.01287,0.00023,LOW RESPONSE
C11864,1,0,0.00663,Low,0.01395,0.00973,0.00423,LOW RESPONSE
C11865,1,0,0.00702,Low,0.01035,0.008,0.00235,LOW RESPONSE
C11866,1,0,0.00611,Low,0.01255,0.00841,0.00414,LOW RESPONSE
C11867,1,0,0.00189,Low,0.03024,0.01751,0.01274,LOW RESPONSE
C11868,1,0,0.00307,Low,0.00967,0.00958,9e-05,LOW RESPONSE
C11869,1,0,0.03215,Low,0.01333,0.00909,0.00424,LOW RESPONSE
C11870,0,0,0.00651,Low,0.01428,0.01052,0.00376,LOW RESPONSE
C11871,1,0,0.02382,Low,0.01039,0.0105,-0.00011,LOW RESPONSE
C11872,1,0,0.04017,Low,0.02142,0.02852,-0.00709,NEGATIVE RESPONSE
C11873,1,0,0.0143,Low,0.01246,0.0075,0.00497,LOW RESPONSE
C11874,1,0,0.11311,Low,0.01967,0.02333,-0.00366,NEGATIVE RESPONSE
C11875,1,0,0.0102,Low,0.00878,0.01266,-0.00388,NEGATIVE RESPONSE
C11876,1,0,0.00676,Low,0.01048,0.01304,-0.00256,NEGATIVE RESPONSE
C11877,0,0,0.01373,Low,0.01242,0.02439,-0.01197,NEGATIVE RESPONSE
C11878,1,0,0.01155,Low,0.01317,0.01522,-0.00205,NEGATIVE RESPONSE
C11879,1,0,0.02786,Low,0.01739,0.03309,-0.0157,NEGATIVE RESPONSE
C11880,1,0,0.01774,Low,0.02708,0.01311,0.01397,LOW RESPONSE
C11881,1,0,0.00405,Low,0.01597,0.01162,0.00435,LOW RESPONSE
C11882,1,0,0.00735,Low,0.00961,0.01708,-0.00747,NEGATIVE RESPONSE
C11883,1,0,0.00358,Low,0.01021,0.01054,-0.00032,LOW RESPONSE
C11884,1,0,0.05327,Low,0.01077,0.01348,-0.00271,NEGATIVE RESPONSE
C11885,1,0,0.02179,Low,0.01414,0.06651,-0.05237,NEGATIVE RESPONSE
C11886,1,0,0.00529,Low,0.01073,0.01173,-0.001,NEGATIVE RESPONSE
C11887,1,0,0.28712,Low,0.02173,0.11132,-0.08959,NEGATIVE RESPONSE
C11888,0,0,0.06588,Low,0.01259,0.08729,-0.07471,NEGATIVE RESPONSE
C11889,1,0,0.01601,Low,0.02727,0.00915,0.01813,LOW RESPONSE
C11890,1,0,0.01956,Low,0.01487,0.01478,9e-05,LOW RESPONSE
C11891,1,0,0.01374,Low,0.01095,0.01031,0.00064,LOW RESPONSE
C11892,1,0,0.00999,Low,0.00966,0.01198,-0.00232,NEGATIVE RESPONSE
C11893,1,0,0.00994,Low,0.01931,0.02097,-0.00166,NEGATIVE RESPONSE
C11894,1,0,0.07589,Low,0.03193,0.015,0.01693,HIGHLY PERSUADABLE
C11895,1,0,0.05993,Low,0.01557,0.02389,-0.00832,NEGATIVE RESPONSE
C11896,0,0,0.04966,Low,0.02045,0.02964,-0.0092,NEGATIVE RESPONSE
